tracer,q_bin_left,q_bin_right,q_bin_center,retained_data_count,retained_random_count,existing_selection_corrected_weight,empirical_q_mass,empirical_q_density,fixed_rho_q_support_density,fixed_rho_q_support_bin_mass,empirical_minus_fixed_q_density,empirical_minus_fixed_q_bin_mass,cumulative_empirical_q_mass,cumulative_fixed_q_mass,cumulative_q_residual,opening_branch,outer_exp_readout
BGS,0.0010850585494512899,0.4375993286473278,0.21934219359838955,4.0,42.0,0.09523809523809523,0.007465418112745822,0.01710234607237904,0.014992157563145309,0.0065442907158687336,0.0021101885092337323,0.0009211273968770884,0.007465418112745822,0.0065442907158687336,0.0009211273968770884,1.0846735794583118,0.9819781383802175
BGS,0.4375993286473278,0.8741135987452043,0.655856463696266,10.0,58.0,0.1724137931034483,0.013514981066177783,0.03096114375172068,0.018632716487897636,0.008133446637655306,0.012328427263823043,0.0053815344285224765,0.020980399178923605,0.01467773735352404,0.006302661825399566,1.2531829990435586,0.9470733159898623
BGS,0.8741135987452043,1.3106278688430808,1.0923707337941426,40.0,267.0,0.149812734082397,0.01174335433465635,0.02690256685542771,0.02038778258675014,0.008899558034769434,0.006514784268677569,0.0028437962998869165,0.03272375351357996,0.023577295388293472,0.009146458125286486,1.4216924186288056,0.9134092000658567
BGS,1.3106278688430808,1.7471421389409574,1.528885003892019,280.0,1739.0,0.16101207590569291,0.012621235912290233,0.028913684561698887,0.02199453757044853,0.009600929513704663,0.006919146991250357,0.0030203063985855694,0.04534498942587019,0.033178224901998135,0.012166764523872053,1.5902018382140524,0.880941689179509
BGS,1.7471421389409574,2.183656409038834,1.9653992739898958,281.0,2016.0,0.13938492063492064,0.010925950467091543,0.02502999607467974,0.02346130751478677,0.010241195525358973,0.001568688559892971,0.0006847549417325696,0.05627093989296173,0.04341942042735711,0.012851519465604623,1.7587112577992992,0.8496282495057996
BGS,2.183656409038834,2.6201706791367103,2.401913544087772,261.0,2258.0,0.11558901682905226,0.009060663568635928,0.020756855363753223,0.024796013975521648,0.010823813941861573,-0.004039158611768425,-0.0017631503732256446,0.06533160346159766,0.054243234369218685,0.01108836909237898,1.9272206773845462,0.8194278591022552
BGS,2.6201706791367103,3.056684949234587,2.838427814185649,203.0,1993.0,0.10185649774209735,0.007984214103019428,0.01829084327811134,0.026006192226234008,0.011352074017659615,-0.0077153489481226675,-0.0033678599146401873,0.0733158175646171,0.0655953083868783,0.007720509177738796,2.095730096969793,0.7903009541684524
BGS,3.056684949234587,3.4931992193324635,3.2749420842835253,204.0,1957.0,0.10424118548799183,0.008171142359479588,0.018719072706712275,0.027099008710754095,0.011829104007750817,-0.00837993600404182,-0.0036579616482712296,0.08148695992409669,0.07742441239462912,0.004062547529467567,2.26423951655504,0.7622093772157513
BGS,3.4931992193324635,3.92971348943034,3.7114563543814016,208.0,1644.0,0.12652068126520682,0.009917562748319269,0.02271990500126268,0.028081277742931728,0.012257878457371585,-0.005361372741669049,-0.002340315709052316,0.09140452267241596,0.0896822908520007,0.0017222318204152542,2.4327489361402868,0.7351163270793563
BGS,3.92971348943034,4.366227759528217,4.147970624479278,256.0,2099.0,0.12196283944735588,0.009560287702268112,0.021901432226086148,0.028959477485212024,0.012641225176873223,-0.007058045259125876,-0.003080937474605111,0.10096481037468408,0.10232351602887393,-0.0013587056541898568,2.6012583557255335,0.7089863107072197
BGS,4.366227759528217,4.802742029626093,4.584484894577155,486.0,3790.0,0.12823218997361477,0.010051722593493913,0.023027248550752052,0.02973976523620071,0.01298183191496235,-0.006712516685448658,-0.002930109321468437,0.11101653296817798,0.11530534794383629,-0.004288814975658306,2.7697677753107808,0.6837850966626289
BGS,4.802742029626093,5.239256299723969,5.020999164675031,2086.0,15494.0,0.13463276106880082,0.010553443457046065,0.0241766287610248,0.030427992056128245,0.013282252742924801,-0.0062513632951034445,-0.002728809285878736,0.12156997642522405,0.1285876006867611,-0.007017624261537042,2.938277194896027,0.6594796702795626
BGS,5.239256299723969,5.675770569821846,5.457513434772908,14074.0,111538.0,0.12618121178432462,0.009890952791400592,0.022658944893560563,0.031029716757989545,0.013544914161957649,-0.008370771864428982,-0.0036539613705570562,0.13146092921662464,0.14213251484871875,-0.01067158563209411,3.1067866144812744,0.6360381904120694
BGS,5.675770569821846,6.112284839919723,5.894027704870784,65758.0,545803.0,0.12047936709765245,0.009444002918101161,0.02163503822219508,0.03155021929096882,0.013772120945225222,-0.009915181068773742,-0.0043281180271240605,0.1409049321347258,0.15590463579394398,-0.014999703659218183,3.275296034066521,0.6134299477210085
BGS,6.112284839919723,6.548799110017599,6.330541974968661,178262.0,1483519.0,0.12016158876293462,0.009419093262674833,0.02157797329412131,0.03199451354166508,0.013966061725776555,-0.010416540247543772,-0.004546968463101722,0.15032402539740064,0.16987069751972053,-0.01954667212231989,3.443805453651768,0.5916253244435031
BGS,6.548799110017599,6.985313380115476,6.767056245066538,320960.0,2679249.0,0.11979476338332122,0.009390338961926436,0.021512100760923372,0.03236735957761295,0.014128814341017225,-0.010855258816689577,-0.004738475379090789,0.15971436435932707,0.18399951186073776,-0.024285147501410698,3.612314873237015,0.5705957555924082
BGS,6.985313380115476,7.421827650213352,7.203570515164413,374599.0,3169184.0,0.11820045790967013,0.009265366313843866,0.021225803939390945,0.032673275356565945,0.014262350943978314,-0.011447471417175,-0.0049969846301344475,0.16897973067317093,0.19826186280471608,-0.029282132131545152,3.7808242928222615,0.5503136915349578
BGS,7.421827650213352,7.858341920311228,7.640084785262291,685944.0,6110496.0,0.11225668096337842,0.00879945212307771,0.020158452371109598,0.03291654792404145,0.014368542891204723,-0.012758095552931854,-0.005569090768127012,0.17777918279624863,0.21263040569592082,-0.034851222899672185,3.9493337124075087,0.5307525619015697
BGS,7.858341920311228,8.294856190409105,8.076599055360166,1142535.0,9878347.0,0.11566054523089743,0.00906627045761639,0.020769700050318005,0.0331012441207364,0.014449165416694871,-0.012331544070418397,-0.005382894959078481,0.18684545325386503,0.22707957111261567,-0.04023411785875064,4.117843131992755,0.5118867407775284
BGS,8.294856190409105,8.731370460506982,8.513113325458043,865406.0,7489953.0,0.11554224706082936,0.009056997431950316,0.020748456699753514,0.033231220820486844,0.014505902100916195,-0.01248276412073333,-0.005448904668965878,0.19590245068581535,0.24158547321353188,-0.04568302252771653,4.286352551578002,0.49369151313194176
BGS,8.731370460506982,9.167884730604857,8.94962759555592,494569.0,4344177.0,0.11384642016197774,0.008924066835059249,0.020443929205472,0.03331013471862908,0.014540349143564273,-0.012866205513157078,-0.005616282308505024,0.2048265175208746,0.25612582235709613,-0.051299304836221526,4.45486197116325,0.4761430424399965
BGS,9.167884730604857,9.604399000702735,9.386141865653796,239359.0,2168169.0,0.11039683714691982,0.008653664750077894,0.01982447159891824,0.033341451689784814,0.014554019448370053,-0.013516980090866573,-0.0059003546982921585,0.2134801822709525,0.27067984180546617,-0.05719965953451367,4.623371390748496,0.4592183394560933
BGS,9.604399000702735,10.040913270800612,9.822656135751673,104941.0,954297.0,0.10996681326672933,0.008619956515404977,0.01974725021812499,0.033328455733318475,0.014548346527918928,-0.013581205515193484,-0.00592839001251395,0.22210013878635748,0.2852281883333851,-0.06312804954702761,4.791880810333743,0.4428952320969532
BGS,10.040913270800612,10.477427540898487,10.259170405849549,40002.0,348575.0,0.11475866025962848,0.008995574499415085,0.0206077443869088,0.03327425752394803,0.014524688236114915,-0.012666513137039231,-0.00552911373669983,0.23109571328577255,0.2997528765695,-0.06865716328372745,4.96039022991899,0.427152336395243
BGS,10.477427540898487,10.913941810996365,10.695684675947426,11330.0,97862.0,0.11577527538779098,0.009075263797825578,0.020790302676223348,0.03318180258428,0.014484330335608841,-0.012391499908056654,-0.005409066537783263,0.24017097708359814,0.31423720690510887,-0.07406622982151073,5.128899649504237,0.4119690284856648
BGS,10.913941810996365,11.35045608109424,11.132198946045303,2616.0,25322.0,0.10330937524682095,0.008098100652432756,0.018551743223920253,0.033053879095348425,0.014428489907209442,-0.014502135871428172,-0.006330389254776686,0.24826907773603088,0.32866569681231833,-0.08039661907628745,5.297409069089484,0.3973254175868124
BGS,11.35045608109424,11.786970351192117,11.568713216143179,857.0,8450.0,0.10142011834319527,0.007950007678999204,0.018212480607373082,0.03289312536055938,0.014358318608002555,-0.014680644753186301,-0.00640831092900335,0.2562190854150301,0.3430240154203209,-0.08680493000529083,5.46591848867473,0.3832023199433987
BGS,11.786970351192117,12.223484621289995,12.005227486241056,473.0,4623.0,0.10231451438459875,0.008020116603277554,0.01837309144894449,0.032702036937813074,0.014274905784623296,-0.014328945488868584,-0.006254789181345742,0.26423920201830764,0.3572989212049442,-0.09305971918663658,5.634427908259978,0.36958123369471746
BGS,12.223484621289995,12.65999889138787,12.441741756338931,354.0,3594.0,0.09849749582637729,0.007720912388724602,0.017687651739296897,0.032482973453966654,0.014179281447866919,-0.014795321714669758,-0.006458369059142317,0.2719601144070322,0.3714782026528111,-0.0995180882457789,5.802937327845224,0.356444314636416
BGS,12.65999889138787,13.096513161485747,12.878256026436809,312.0,2932.0,0.10641200545702592,0.008341306186001131,0.019108896907610386,0.03223816511520891,0.014072419114560265,-0.013129268207598525,-0.005731112928559134,0.28030142059303337,0.38555062176737137,-0.105249201174338,5.9714467474304715,0.34377435284382596
BGS,13.096513161485747,13.533027431583623,13.314770296534686,282.0,2495.0,0.11302605210420842,0.008859760734204561,0.020296611911949685,0.03196971892634354,0.013955238522367084,-0.011673107014393853,-0.005095477788162522,0.28916118132723795,0.39950586028973845,-0.1103446789625005,6.139956167015718,0.33155475012622765
BGS,13.533027431583623,13.9695417016815,13.751284566632561,232.0,2490.0,0.09317269076305221,0.007303517478975431,0.01673145182020694,0.03167962463147396,0.013828608222982588,-0.014948172811267021,-0.006525090744007157,0.2964646988062134,0.41333446851272104,-0.11686976970650764,6.308465586600965,0.31976949828251133
BGS,13.9695417016815,14.406055971779377,14.187798836730439,221.0,2551.0,0.08663269306154449,0.0067908673973448375,0.01555703412816758,0.03136976038800451,0.01369334805891509,-0.01581272625983693,-0.006902480661570253,0.30325556620355826,0.42702781657163613,-0.12377225036807787,6.476975006186212,0.30840315812975083
BGS,14.406055971779377,14.842570241877253,14.624313106828314,232.0,2364.0,0.09813874788494077,0.007692791253235542,0.017623229709101285,0.03104189818544271,0.01355023152887109,-0.013418668476341426,-0.0058574402756355485,0.3109483574567938,0.4405780481005072,-0.12962969064371344,6.645484425771459,0.29744083927721493
BGS,14.842570241877253,15.27908451197513,15.060827376926191,207.0,1966.0,0.10528992878942015,0.008253350085479677,0.018907400400974456,0.030697709019950004,0.013399988046520499,-0.011790308618975547,-0.005146637961040822,0.31920170754227345,0.4539780361470277,-0.13477632860475425,6.8139938453567055,0.28686818061931973
BGS,15.27908451197513,15.715598782073005,15.497341647024069,169.0,1739.0,0.09718228867165038,0.007617817389918035,0.017451473896168305,0.030338767835182037,0.013243305097243389,-0.012887293939013732,-0.005625487707325354,0.32681952493219146,0.46722134124427106,-0.1404018163120796,6.982503264941953,0.27667133152196777
BGS,15.715598782073005,16.152113052170883,15.933855917121944,158.0,1591.0,0.09930861093651791,0.0077844931797896415,0.017833307438137512,0.029966558239470125,0.01308083029724783,-0.012133250801332613,-0.005296337117458189,0.3346040181119811,0.4803021715415189,-0.1456981534295378,7.1510126845272,0.2668369336776258
BGS,16.152113052170883,16.588627322268756,16.37037018721982,142.0,1603.0,0.08858390517779165,0.006943816847226464,0.015907422329330827,0.029582477009026678,0.01291317335928241,-0.01367505467969585,-0.005969356512055946,0.34154783495920754,0.4932153449008013,-0.15166750994159378,7.319522104112446,0.257352103605372
BGS,16.588627322268756,17.025141592366637,16.806884457317697,99.0,1693.0,0.05847607796810396,0.004583757902066912,0.010500820284842198,0.029187838386404392,0.01274090796897622,-0.018687018101562196,-0.008157150066909306,0.34613159286127443,0.5059562528697775,-0.1598246600085031,7.4880315236976935,0.2482044157729859
BGS,17.025141592366637,17.46165586246451,17.243398727415574,101.0,1472.0,0.06861413043478261,0.00537844830745037,0.01232135734358566,0.02878387818309129,0.012564573575678206,-0.016462520839505633,-0.007186125268227836,0.3515100411687248,0.5185208264454557,-0.1670107852767309,7.65654094328294,0.23938188631897125
BGS,17.46165586246451,17.89817013256239,17.67991299751345,91.0,1364.0,0.06671554252199413,0.005229623905226271,0.011980419114485347,0.028371757694724362,0.012384677101506538,-0.016391338580239015,-0.007155053196280267,0.35673966507395105,0.5309055035469623,-0.17416583847301126,7.825050362868187,0.23087295735318536
BGS,17.89817013256239,18.334684402660265,18.11642726761133,85.0,1285.0,0.06614785992217899,0.005185125031615289,0.011878477719531823,0.027952567437064174,0.01220169457215166,-0.016074089717532353,-0.007016569540536371,0.36192479010556633,0.543107198119114,-0.18118240801354768,7.993559782453435,0.22266648181551024
BGS,18.334684402660265,18.77119867275814,18.552941537709202,62.0,1325.0,0.04679245283018868,0.0036679148614320984,0.008402737579712324,0.02752733071052865,0.012016072672849196,-0.019124593130816325,-0.008348157811417097,0.3655927049669984,0.5551232707919632,-0.1895305658249648,8.16206920203868,0.21475170887272782
BGS,18.77119867275814,19.20771294285602,18.98945580780708,97.0,1260.0,0.07698412698412699,0.0060345463078028735,0.013824396408506258,0.027097007000741885,0.01182823023276601,-0.013272610592235628,-0.0057936839249631365,0.3716272512748013,0.5669515010247292,-0.19532424974992796,8.330578621623928,0.20711826983446943
BGS,19.20771294285602,19.644227212953894,19.425970077904957,107.0,1498.0,0.07142857142857142,0.005599063584559367,0.012826759554284363,0.026662495222267435,0.011638559640936115,-0.013835735667983072,-0.006039496056376748,0.37722631485936065,0.5785900606656653,-0.20136374580630467,8.499088041209175,0.19975616456978929
BGS,19.644227212953894,20.080741483051774,19.862484348002834,108.0,1438.0,0.07510431154381085,0.005887193421316942,0.013486829239275133,0.026224636812367728,0.011447428196732714,-0.012737807573092595,-0.005560234775415772,0.3831135082806776,0.590037488862398,-0.20692398058172046,8.667597460794422,0.1926557484065657
BGS,20.080741483051774,20.517255753149648,20.29899861810071,13.0,229.0,0.056768558951965066,0.00444991079646203,0.010194193182881024,0.025784218681357808,0.011255179397736863,-0.015590025498476785,-0.0068052686012748335,0.3875634190771396,0.6012926682601349,-0.21372924918299535,8.836106880379669,0.18580771949656932
BGS,20.517255753149648,20.95377002324752,20.735512888198585,5.0,60.0,0.08333333333333333,0.006532240848652594,0.014964552813331757,0.025341976025828307,0.011062134167752258,-0.01037742321249655,-0.0045298933190996635,0.3940956599257922,0.6123548024278872,-0.218259142502095,9.004616299964916,0.17920310662964473
BGS,20.95377002324752,21.390284293345402,21.172027158296462,5.0,55.0,0.09090909090909091,0.007126080925802831,0.01632496670545256,0.024898595010783574,0.010868592027594928,-0.008573628305331014,-0.003742511101792097,0.40122174085159507,0.6232233944554821,-0.22200165360388707,9.173125719550162,0.17283325748104206
BGS,21.390284293345402,21.826798563443276,21.60854142839434,8.0,42.0,0.19047619047619047,0.014930836225491644,0.034204692144758304,0.024454715326426815,0.010674832211166486,0.00974997681833149,0.004256004014325158,0.4161525770770867,0.6338982266666486,-0.21774564958956194,9.341635139135409,0.16668982727650275
BGS,21.826798563443276,22.263312833541157,22.045055698492217,4.0,53.0,0.07547169811320754,0.005915991711987255,0.01355280254792288,0.024010932625142558,0.010481114729233496,-0.010458130077219678,-0.004565123017246241,0.42206856878907395,0.6443793413958822,-0.2223107726068082,9.510144558720656,0.16076476786024868
BGS,22.263312833541157,22.69982710363903,22.481569968590094,5.0,34.0,0.14705882352941177,0.011527483850563403,0.02640803437646781,0.023567800843948727,0.01028768138320833,0.002840233532519082,0.001239802467355073,0.43359605263963735,0.6546670227790905,-0.22107097013945315,9.678653978305904,0.15505031715155487
BGS,22.69982710363903,23.136341373736904,22.918084238687968,8.0,42.0,0.19047619047619047,0.014930836225491644,0.034204692144758304,0.023125834417481367,0.010094756731151166,0.011078857727276938,0.004836079494340478,0.448526888865129,0.6647617795102416,-0.21623489064511264,9.84716339789115,0.14953898897609222
BGS,23.136341373736904,23.572855643834785,23.354598508785845,6.0,37.0,0.16216216216216217,0.012711387597378023,0.02912021087999646,0.022685510386368332,0.009902549008103466,0.0064347004936281295,0.0028088385892745572,0.461238276462507,0.6746643285183451,-0.21342605205583814,10.015672817476396,0.14422356325871974
BGS,23.572855643834785,24.00936991393266,23.791112778883722,4.0,38.0,0.10526315789473684,0.008251251598298013,0.018902593027366427,0.022247270405620842,0.009711251002779609,-0.0033446773782544147,-0.0014599994044815958,0.469489528060805,0.6843755795211247,-0.2148860514603197,10.184182237061643,0.13909707656487785
BGS,24.00936991393266,24.44588418403054,24.2276270489816,2.0,26.0,0.07692307692307693,0.006029760783371626,0.013813433366152168,0.021811522657501022,0.009521040892562447,-0.007998089291348855,-0.0034912801091908216,0.47551928884417666,0.6938966204136872,-0.2183773315695105,10.352691656646892,0.13415281297819215
BGS,24.44588418403054,24.882398454128413,24.664141319079476,3.0,30.0,0.1,0.007838689018383114,0.01795746337599811,0.02137864367310339,0.009332083038647252,-0.0034211802971052807,-0.001493394020264138,0.4833579778625598,0.7032287034523345,-0.21987072558977466,10.521201076232138,0.12938429530233606
BGS,24.882398454128413,25.318912724226287,25.10065558917735,4.0,38.0,0.10526315789473684,0.008251251598298013,0.018902593027366427,0.020948980066735595,0.009144528743125994,-0.002046387039369168,-0.0008932771448279808,0.49160922946085783,0.7123732321954604,-0.22076400273460262,10.689710495817383,0.12478527657562723
BGS,25.318912724226287,25.755426994324168,25.537169859275227,0.0,27.0,0.0,0.0,0.0,0.020522850186988302,0.008958516969701355,-0.020522850186988302,-0.008958516969701355,0.49160922946085783,0.7213317491651619,-0.22972251970430402,10.85821991540263,0.12034973188724116
BGS,25.755426994324168,26.19194126442204,25.973684129373105,3.0,23.0,0.13043478260869565,0.010224376980499713,0.02342277831651927,0.020100545688231476,0.008774175029667325,0.0033222326282877947,0.0014502019508323884,0.5018336064413575,0.7301059241948292,-0.22827231775347168,11.026729334987879,0.11607185048432088
BGS,26.19194126442204,26.628455534519922,26.410198399470982,1.0,26.0,0.038461538461538464,0.003014880391685813,0.006906716683076084,0.01968233302610085,0.008591619234711826,-0.012775616343024767,-0.005576738843026013,0.5048484868330434,0.7386975434295411,-0.23384905659649768,11.195238754573126,0.11194602815964258
BGS,26.628455534519922,27.064969804617796,26.84671266956886,1.0,20.0,0.05,0.003919344509191557,0.008978731687999056,0.019268454880398595,0.008410955518031005,-0.01028972319239954,-0.004491611008839448,0.5087678313422349,0.747108498947572,-0.23834066760533712,11.363748174158372,0.10796685990986524
BGS,27.064969804617796,27.50148407471567,27.283226939666733,1.0,20.0,0.05,0.003919344509191557,0.008978731687999056,0.018859131508678774,0.008232280025190726,-0.009880399820679718,-0.004312935515999169,0.5126871758514264,0.7553407789727627,-0.24265360312133633,11.53225759374362,0.10412913285474518
BGS,27.50148407471567,27.93799834481355,27.71974120976461,3.0,25.0,0.12,0.009406426822059735,0.021548956051197377,0.01845456203364046,0.008055679676090628,0.003094394017556918,0.0013507471459691077,0.5220936026734861,0.7633964586488534,-0.24130285597536727,11.700767013328866,0.10042781940804064
BGS,27.93799834481355,28.374512614911424,28.156255479862487,0.0,12.0,0.0,0.0,0.0,0.01805492566733434,0.007881232699347814,-0.01805492566733434,-0.007881232699347814,0.5220936026734861,0.7712776913482012,-0.2491840886747151,11.869276432914113,0.09685807069115929
BGS,28.374512614911424,28.811026885009305,28.592769749960365,2.0,18.0,0.1111111111111111,0.008709654464870126,0.019952737084442018,0.01766038287503833,0.00770900914034647,0.0022923542094036888,0.0010006453245236559,0.5308032571383563,0.7789867004885477,-0.24818344335019138,12.03778585249936,0.09341521018092012
BGS,28.811026885009305,29.24754115510718,29.029284020058242,0.0,26.0,0.0,0.0,0.0,0.017271076481553543,0.0075390713441498974,-0.017271076481553543,-0.0075390713441498974,0.5308032571383563,0.7865257718326976,-0.25572251469434126,12.206295272084606,0.09009472758310876
BGS,29.24754115510718,29.684055425205052,29.465798290156116,3.0,28.0,0.10714285714285714,0.00839859537683905,0.019240139331426546,0.016887132722533452,0.0073714744144226085,0.0023530066088930934,0.001027120962416441,0.5392018525151954,0.7938972462471202,-0.25469539373192485,12.374804691669853,0.08689227292379921
BGS,29.684055425205052,30.120569695302933,29.902312560253993,1.0,20.0,0.05,0.003919344509191557,0.00897873168799891,0.016508662243366428,0.00720626664945554,-0.007529930555367518,-0.003286922140263983,0.5431211970243869,0.8011035128965758,-0.2579823158721889,12.5433141112551,0.08380365085070259
BGS,30.120569695302933,30.557083965400807,30.33882683035187,1.0,18.0,0.05555555555555555,0.004354827232435063,0.009976368542221172,0.0161357610480062,0.007043489956344128,-0.00615939250578503,-0.002688662723909065,0.547476024256822,0.8081470028529198,-0.2606709785960979,12.711823530840347,0.08082481513707644
BGS,30.557083965400807,30.993598235498688,30.775341100449747,2.0,26.0,0.07692307692307693,0.006029760783371626,0.013813433366152168,0.015768511400041093,0.006883180244319049,-0.0019550780338889254,-0.0008534194609474237,0.5535057850401935,0.8150301830972388,-0.2615243980570453,12.880332950425593,0.07795186338099505
BGS,30.993598235498688,31.43011250559656,31.211855370547624,6.0,27.0,0.2222222222222222,0.01741930892974025,0.03990547416888469,0.015406982678213346,0.006725367798190882,0.02449849149067134,0.01069394113154937,0.5709250939699337,0.8217555508954297,-0.250830456925496,13.048842370010842,0.07518103189303646
BGS,31.43011250559656,31.866626775694435,31.648369640645498,3.0,8.0,0.375,0.029395083818936674,0.06734048765999291,0.015051232188474845,0.006570077632825719,0.05228925547151807,0.022825006186110955,0.6003201777888704,0.8283256285282554,-0.22800545073938505,13.217351789596087,0.07250869076568849
BGS,31.866626775694435,32.30314104579231,32.08488391074337,3.0,8.0,0.375,0.029395083818936674,0.06734048765999291,0.01470130593459265,0.006417329829524249,0.05263918172540026,0.022977753989412424,0.629715261607807,0.8347429583577797,-0.20502769674997268,13.385861209181334,0.06993133911801508
BGS,32.30314104579231,32.73965531589019,32.521398180841246,1.0,8.0,0.125,0.009798361272978891,0.022446829219997272,0.014357239349225724,0.00626713985514784,0.008089589870771548,0.003531221417831051,0.6395136228807858,0.8410100982129275,-0.20149647533214166,13.554370628766579,0.0674456005093528
BGS,32.73965531589019,33.17616958598806,32.957912450939126,0.0,4.0,0.0,0.0,0.0,0.014019057987310006,0.006119518864790394,-0.014019057987310006,-0.006119518864790394,0.6395136228807858,0.8471296170777178,-0.207615994196932,13.722880048351827,0.06504821851602954
BGS,33.17616958598806,33.612683856085944,33.39442672103701,0.0,8.0,0.0,0.0,0.0,0.013686778183504847,0.005974473988764217,-0.013686778183504847,-0.005974473988764217,0.6395136228807858,0.853104091066482,-0.21359046818569616,13.891389467937076,0.06273605246531047
BGS,33.612683856085944,34.04919812618382,33.83094099113488,3.0,7.0,0.42857142857142855,0.0335943815073562,0.07696055732570618,0.013360407675383231,0.00583200860462994,0.06360014965032296,0.02776237290272626,0.673108004388142,0.858936099671112,-0.18582809528296995,14.059898887522321,0.060506073320982734
BGS,34.04919812618382,34.48571239628169,34.267455261232755,0.0,7.0,0.0,0.0,0.0,0.013039946193967093,0.005692122594975092,-0.013039946193967093,-0.005692122594975092,0.673108004388142,0.864628222266087,-0.19152021787794504,14.228408307107568,0.05835535971518865
BGS,34.48571239628169,34.92222666637957,34.70396953133063,2.0,6.0,0.3333333333333333,0.026128963394610377,0.059858211253326056,0.012725386023140581,0.005554812591604985,0.04713282523018547,0.02057415080300539,0.6992369677827523,0.870183034857692,-0.17094606707493964,14.396917726692813,0.056281094121309126
BGS,34.92222666637957,35.358740936477446,35.14048380142851,2.0,7.0,0.2857142857142857,0.022396254338237467,0.05130703821713745,0.012416712529418308,0.005420072206794155,0.03889032568771915,0.01697618213144331,0.7216332221209898,0.8756031070644862,-0.1539698849434964,14.565427146278061,0.054280559162883664
BGS,35.358740936477446,35.79525520657533,35.57699807152639,1.0,12.0,0.08333333333333333,0.006532240848652594,0.014964552813331514,0.012113904663452555,0.0052878922522023065,0.002850648149878959,0.0012443485964502878,0.7281654629696424,0.8808909993166885,-0.1527255363470461,14.73393656586331,0.052351134053731145
BGS,35.79525520657533,36.2317694766732,36.01351234162426,0.0,5.0,0.0,0.0,0.0,0.011816935434630355,0.005158260946041369,-0.011816935434630355,-0.005158260946041369,0.7281654629696424,0.8860492602627298,-0.15788379729308744,14.902445985448557,0.05049029116460805
BGS,36.2317694766732,36.668283746771074,36.45002661172214,1.0,7.0,0.14285714285714285,0.011198127169118733,0.025653519108568727,0.011525772360043231,0.005031164109058519,0.014127746748525495,0.006166963060060215,0.7393635901387611,0.8910804243717884,-0.1517168342330273,15.070955405033802,0.04869559271190628
BGS,36.668283746771074,37.104798016868955,36.88654088182001,0.0,5.0,0.0,0.0,0.0,0.011240377889034984,0.004906585349856464,-0.011240377889034984,-0.004906585349856464,0.7393635901387611,0.8959870097216448,-0.15662341958288373,15.239464824619048,0.04696468756405253
BGS,37.104798016868955,37.54131228696683,37.32305515191789,0.0,5.0,0.0,0.0,0.0,0.010960709804519225,0.004784506240074317,-0.010960709804519225,-0.004784506240074317,0.7393635901387611,0.9007715159617191,-0.16140792582295804,15.407974244204297,0.04529530816142568
BGS,37.54131228696683,37.97782655706471,37.75956942201577,1.0,5.0,0.2,0.015677378036766228,0.03591492675199564,0.010686721602158122,0.004664906479905308,0.025228205149837517,0.01101247155686092,0.7550409681755273,0.9054364224416245,-0.15039545426609713,15.576483663789546,0.04368526754575688
BGS,37.97782655706471,38.41434082716258,38.196083692113646,0.0,5.0,0.0,0.0,0.0,0.010418362848493987,0.004547764054425157,-0.010418362848493987,-0.004547764054425157,0.7550409681755273,0.9099841864960496,-0.15494321832052227,15.74499308337479,0.042132456495120874
BGS,38.41434082716258,38.85085509726046,38.63259796221152,0.0,7.0,0.0,0.0,0.0,0.01015557951902365,0.004433055381167524,-0.01015557951902365,-0.004433055381167524,0.7550409681755273,0.9144172418772172,-0.15937627370168983,15.913502502960036,0.04063484076076515
BGS,38.85085509726046,39.28736936735834,39.069112232309394,0.0,4.0,0.0,0.0,0.0,0.009898314317216354,0.0043207554493791,-0.009898314317216354,-0.0043207554493791,0.7550409681755273,0.9187379973265963,-0.16369702915106898,16.082011922545284,0.039190458402157395
BGS,39.28736936735834,39.72388363745621,39.505626502407274,0.0,2.0,0.0,0.0,0.0,0.00964650697538031,0.004210837951352183,-0.00964650697538031,-0.004210837951352183,0.7550409681755273,0.9229488352779485,-0.16790786710242112,16.250521342130533,0.037797417216759575
BGS,39.72388363745621,40.16039790755409,39.942140772505155,1.0,1.0,1.0,0.07838689018383113,0.17957463375997818,0.009400094538278,0.004103275406227497,0.17017453922170017,0.07428361477760363,0.8334278583593585,0.9270521106841759,-0.09362425232481741,16.41903076171578,0.036453892261161906
BGS,40.16039790755409,40.596912177651966,40.37865504260303,0.0,9.0,0.0,0.0,0.0,0.009159011630334316,0.00399803927663332,-0.009159011630334316,-0.00399803927663332,0.8334278583593585,0.9310501499608093,-0.09762229160145075,16.587540181301023,0.03515812346032908
BGS,40.596912177651966,41.03342644774984,40.8151693127009,1.0,1.0,1.0,0.07838689018383113,0.1795746337599811,0.008923190707241969,0.0038951000785158573,0.17065144305273913,0.07449179010531527,0.9118147485431897,0.9349452500393252,-0.02313050149613549,16.75604960088627,0.03390841330182675
BGS,41.03342644774984,41.46994071784772,41.251683582798776,0.0,7.0,0.0,0.0,0.0,0.008692562292738397,0.0037944274844950625,-0.008692562292738397,-0.0037944274844950625,0.9118147485431897,0.9387396775238203,-0.02692492898063059,16.924559020471516,0.03270312461200793
BGS,41.46994071784772,41.906454987945594,41.68819785289666,0.0,7.0,0.0,0.0,0.0,0.008467055201292263,0.003695990421070497,-0.008467055201292263,-0.003695990421070497,0.9118147485431897,0.9424356679448908,-0.030620919401701086,17.093068440056765,0.03154067841124555
BGS,41.906454987945594,42.342969258043475,42.12471212299454,1.0,8.0,0.125,0.009798361272978891,0.022446829219997272,0.008246596747397349,0.0035997571599817113,0.014200232472599923,0.00619860411299718,0.9216131098161685,0.9460354251048725,-0.024422315288703977,17.261577859642014,0.030419551845401797
BGS,42.342969258043475,42.77948352814135,42.56122639309241,0.0,5.0,0.0,0.0,0.0,0.008031112942147575,0.0035056954040151357,-0.008031112942147575,-0.0035056954040151357,0.9216131098161685,0.9495411205088876,-0.027928010692719107,17.43008727922726,0.029338276190824224
BGS,42.77948352814135,43.21599779823922,42.997740663190285,0.0,4.0,0.0,0.0,0.0,0.007820528677735954,0.003413772367541399,-0.007820528677735954,-0.003413772367541399,0.9216131098161685,0.952954892876429,-0.031341783060260475,17.598596698812504,0.02829543493025494
BGS,43.21599779823922,43.6525120683371,43.43425493328816,0.0,8.0,0.0,0.0,0.0,0.007614767900477606,0.0033239548520417545,-0.007614767900477606,-0.0033239548520417545,0.9216131098161685,0.9562788477284707,-0.03466573791230221,17.767106118397752,0.0272896618971327
BGS,43.6525120683371,44.08902633843498,43.87076920338604,0.0,0.0,nan,0.0,0.0,0.007413753772953147,0.0032362093168860004,-0.007413753772953147,-0.0032362093168860004,0.9216131098161685,0.9595150570453567,-0.03790194722918816,17.935615537983,0.02631963948585632
BGS,44.08902633843498,44.52554060853286,44.30728347348392,0.0,5.0,0.0,0.0,0.0,0.007217408825816772,0.0031505019455994113,-0.007217408825816772,-0.0031505019455994113,0.9216131098161685,0.9626655589909561,-0.041052449174787564,18.10412495756825,0.025384096925665133
BGS,44.52554060853286,44.96205487863073,44.743797743581794,0.0,0.0,nan,0.0,0.0,0.007025655099799428,0.003066798707848351,-0.007025655099799428,-0.003066798707848351,0.9216131098161685,0.9657323576988044,-0.04411924788263588,18.272634377153494,0.024481808615875057
BGS,44.96205487863073,45.398569148728605,45.18031201367967,0.0,3.0,0.0,0.0,0.0,0.006838414278423825,0.0029850654173730535,-0.006838414278423825,-0.0029850654173730535,0.9216131098161685,0.9687174231161775,-0.04710431330000897,18.44114379673874,0.02361159252028932
BGS,45.398569148728605,45.835083418826486,45.61682628377754,0.0,0.0,nan,0.0,0.0,0.006655607811892921,0.0029052677860661917,-0.006655607811892921,-0.0029052677860661917,0.9216131098161685,0.9716226909022436,-0.05000958108607512,18.609653216323984,0.02277230861868068
BGS,45.835083418826486,46.27159768892436,46.05334055387542,0.0,1.0,0.0,0.0,0.0,0.006477157032633191,0.002827371474409187,-0.006477157032633191,-0.002827371474409187,0.9216131098161685,0.9744500623766528,-0.05283695256048426,18.778162635909233,0.021962857413316224
BGS,46.27159768892436,46.70811195902224,46.4898548239733,0.0,0.0,nan,0.0,0.0,0.006302983262908453,0.002751342138447642,-0.006302983262908453,-0.002751342138447642,0.9216131098161685,0.9772014045151004,-0.055588294698931895,18.94667205549448,0.02118217848856843
BGS,46.70811195902224,47.144626229120114,46.92636909407118,0.0,0.0,nan,0.0,0.0,0.0061330079149405844,0.0026771454734947713,-0.0061330079149405844,-0.0026771454734947713,0.9216131098161685,0.9798785499885951,-0.05826544017242663,19.11518147507973,0.020429249121725442
BGS,47.144626229120114,47.58114049921799,47.36288336416905,0.0,0.0,nan,0.0,0.0,0.0059671525839187925,0.0026047472547319527,-0.0059671525839187925,-0.0026047472547319527,0.9216131098161685,0.9824832972433271,-0.06087018742715855,19.283690894664975,0.019703082943180596
BGS,47.58114049921799,48.01765476931587,47.799397634266924,0.0,1.0,0.0,0.0,0.0,0.005805339134290379,0.0025341133748754277,-0.005805339134290379,-0.0025341133748754277,0.9216131098161685,0.9850174106182025,-0.06340430080203396,19.45220031425022,0.019002728644246233
BGS,48.01765476931587,48.45416903941374,48.235911904364805,0.0,0.0,nan,0.0,0.0,0.005647489779675888,0.002465209879060422,-0.005647489779675888,-0.002465209879060422,0.9216131098161685,0.9874826204972629,-0.06586951068109437,19.62070973383547,0.018327268730898634
BGS,48.45416903941374,48.89068330951162,48.672426174462686,0.0,0.0,nan,0.0,0.0,0.005493527156774252,0.002398002997102199,-0.005493527156774252,-0.002398002997102199,0.9216131098161685,0.9898806234943651,-0.06826751367819661,19.789219153420717,0.01767581832182176
BGS,48.89068330951162,49.327197579609496,49.10894044456056,0.0,0.0,nan,0.0,0.0,0.005343374393562174,0.002332459173265461,-0.005343374393562174,-0.002332459173265461,0.9216131098161685,0.9922130826676305,-0.07059997285146202,19.957728573005962,0.01704752398917493
BGS,49.327197579609496,49.76371184970737,49.54545471465843,0.0,1.0,0.0,0.0,0.0,0.005196955172119505,0.0022685450936891153,-0.005196955172119505,-0.0022685450936891153,0.9216131098161685,0.9944816277613197,-0.07286851794515115,20.126237992591207,0.016441562640565906
BGS,49.76371184970737,50.20022611980525,49.98196898475631,0.0,0.0,nan,0.0,0.0,0.005054193786361623,0.002206227711586888,-0.005054193786361623,-0.002206227711586888,0.9216131098161685,0.9966878554729065,-0.075074745656738,20.294747412176456,0.015857140440764708
BGS,50.20022611980525,50.636740389903125,50.41848325485419,1.0,1.0,1.0,0.07838689018383113,0.1795746337599811,0.0049150151949682395,0.0021454742703515195,0.17465961856501286,0.07624141591347962,0.9999999999999997,0.998833329743258,0.0011666702567416642,20.463256831761704,0.01529349177174565
BGS,50.636740389903125,51.073254660001005,50.85499752495207,1.0,0.0,nan,0.0,0.0,0.002672696717292273,0.0011666702567418386,-0.002672696717292273,-0.0011666702567418386,0.9999999999999997,0.9999999999999999,-2.220446049250313e-16,20.631766251346953,0.014749878229695033
BGS,51.073254660001005,51.50976893009888,51.29151179504994,0.0,0.0,nan,0.0,0.0,0.0,0.0,0.0,0.0,0.9999999999999997,0.9999999999999999,-2.220446049250313e-16,20.800275670932198,0.01422558765767058
BGS,51.50976893009888,51.94628320019675,51.728026065147816,0.0,1.0,0.0,0.0,0.0,0.0,0.0,0.0,0.0,0.9999999999999997,0.9999999999999999,-2.220446049250313e-16,20.968785090517443,0.01371993321264549
BGS,51.94628320019675,52.38279747029463,52.16454033524569,0.0,0.0,nan,0.0,0.0,0.0,0.0,0.0,0.0,0.9999999999999997,0.9999999999999999,-2.220446049250313e-16,21.137294510102688,0.013232252465714746
BGS,52.38279747029463,52.81931174039251,52.60105460534357,0.0,1.0,0.0,0.0,0.0,0.0,0.0,0.0,0.0,0.9999999999999997,0.9999999999999999,-2.220446049250313e-16,21.305803929687936,0.012761906534284979
BGS,52.81931174039251,53.25582601049039,53.03756887544145,0.0,0.0,nan,0.0,0.0,0.0,0.0,0.0,0.0,0.9999999999999997,0.9999999999999999,-2.220446049250313e-16,21.474313349273185,0.012308279245110987
BGS,53.25582601049039,53.69234028058826,53.474083145539325,0.0,0.0,nan,0.0,0.0,0.0,0.0,0.0,0.0,0.9999999999999997,0.9999999999999999,-2.220446049250313e-16,21.642822768858434,0.011870776327082545
BGS,53.69234028058826,54.128854550686135,53.9105974156372,0.0,1.0,0.0,0.0,0.0,0.0,0.0,0.0,0.0,0.9999999999999997,0.9999999999999999,-2.220446049250313e-16,21.81133218844368,0.01144882463270377
BGS,54.128854550686135,54.565368820784016,54.34711168573507,0.0,0.0,nan,0.0,0.0,0.0,0.0,0.0,0.0,0.9999999999999997,0.9999999999999999,-2.220446049250313e-16,21.979841608028924,0.011041871387245552
BGS,54.565368820784016,55.00188309088189,54.78362595583295,0.0,0.0,nan,0.0,0.0,0.0,0.0,0.0,0.0,0.9999999999999997,0.9999999999999999,-2.220446049250313e-16,22.148351027614172,0.010649383464587004
BGS,55.00188309088189,55.43839736097977,55.220140225930834,0.0,0.0,nan,0.0,0.0,0.0,0.0,0.0,0.0,0.9999999999999997,0.9999999999999999,-2.220446049250313e-16,22.31686044719942,0.010270846688797533
BGS,55.43839736097977,55.874911631077644,55.65665449602871,0.0,0.0,nan,0.0,0.0,0.0,0.0,0.0,0.0,0.9999999999999997,0.9999999999999999,-2.220446049250313e-16,22.485369866784666,0.00990576516054437
BGS,55.874911631077644,56.31142590117552,56.09316876612658,0.0,0.0,nan,0.0,0.0,0.0,0.0,0.0,0.0,0.9999999999999997,0.9999999999999999,-2.220446049250313e-16,22.65387928636991,0.009553660607443318
BGS,56.31142590117552,56.7479401712734,56.529683036224455,0.0,0.0,nan,0.0,0.0,0.0,0.0,0.0,0.0,0.9999999999999997,0.9999999999999999,-2.220446049250313e-16,22.82238870595516,0.009214071757501505
BGS,56.7479401712734,57.18445444137127,56.966197306322336,0.0,0.0,nan,0.0,0.0,0.0,0.0,0.0,0.0,0.9999999999999997,0.9999999999999999,-2.220446049250313e-16,22.990898125540408,0.008886553734831382
BGS,57.18445444137127,57.62096871146915,57.40271157642022,0.0,0.0,nan,0.0,0.0,0.0,0.0,0.0,0.0,0.9999999999999997,0.9999999999999999,-2.220446049250313e-16,23.159407545125656,0.00857067747684432
BGS,57.62096871146915,58.05748298156703,57.83922584651809,0.0,0.0,nan,0.0,0.0,0.0,0.0,0.0,0.0,0.9999999999999997,0.9999999999999999,-2.220446049250313e-16,23.3279169647109,0.008266029172160343
BGS,58.05748298156703,58.4939972516649,58.275740116615964,0.0,0.0,nan,0.0,0.0,0.0,0.0,0.0,0.0,0.9999999999999997,0.9999999999999999,-2.220446049250313e-16,23.496426384296146,0.00797220971849748
BGS,58.4939972516649,58.93051152176278,58.71225438671384,0.0,0.0,nan,0.0,0.0,0.0,0.0,0.0,0.0,0.9999999999999997,0.9999999999999999,-2.220446049250313e-16,23.66493580388139,0.007688834199830817
BGS,58.93051152176278,59.367025791860655,59.14876865681172,0.0,0.0,nan,0.0,0.0,0.0,0.0,0.0,0.0,0.9999999999999997,0.9999999999999999,-2.220446049250313e-16,23.83344522346664,0.007415531382136035
BGS,59.367025791860655,59.803540061958536,59.5852829269096,0.0,0.0,nan,0.0,0.0,0.0,0.0,0.0,0.0,0.9999999999999997,0.9999999999999999,-2.220446049250313e-16,24.00195464305189,0.007151943227057024
BGS,59.803540061958536,60.24005433205641,60.02179719700747,0.0,0.0,nan,0.0,0.0,0.0,0.0,0.0,0.0,0.9999999999999997,0.9999999999999999,-2.220446049250313e-16,24.170464062637134,0.006897724422860315
BGS,60.24005433205641,60.67656860215428,60.45831146710535,0.0,0.0,nan,0.0,0.0,0.0,0.0,0.0,0.0,0.9999999999999997,0.9999999999999999,-2.220446049250313e-16,24.338973482222382,0.006652541932062
BGS,60.67656860215428,61.113082872252164,60.89482573720322,0.0,0.0,nan,0.0,0.0,0.0,0.0,0.0,0.0,0.9999999999999997,0.9999999999999999,-2.220446049250313e-16,24.507482901807627,0.006416074555134404
BGS,61.113082872252164,61.54959714235004,61.3313400073011,0.0,0.0,nan,0.0,0.0,0.0,0.0,0.0,0.0,0.9999999999999997,0.9999999999999999,-2.220446049250313e-16,24.675992321392876,0.006188012509720996
BGS,61.54959714235004,61.98611141244792,61.76785427739898,0.0,0.0,nan,0.0,0.0,0.0,0.0,0.0,0.0,0.9999999999999997,0.9999999999999999,-2.220446049250313e-16,24.844501740978124,0.005968057024808274
BGS,61.98611141244792,62.42262568254579,62.204368547496856,0.0,0.0,nan,0.0,0.0,0.0,0.0,0.0,0.0,0.9999999999999997,0.9999999999999999,-2.220446049250313e-16,25.01301116056337,0.005755919949323014
BGS,62.42262568254579,62.859139952643666,62.64088281759473,0.0,0.0,nan,0.0,0.0,0.0,0.0,0.0,0.0,0.9999999999999997,0.9999999999999999,-2.220446049250313e-16,25.181520580148614,0.00555132337464201
BGS,62.859139952643666,63.29565422274155,63.0773970876926,0.0,0.0,nan,0.0,0.0,0.0,0.0,0.0,0.0,0.9999999999999997,0.9999999999999999,-2.220446049250313e-16,25.350029999733863,0.005353999270519968
BGS,63.29565422274155,63.73216849283942,63.513911357790484,0.0,1.0,0.0,0.0,0.0,0.0,0.0,0.0,0.0,0.9999999999999997,0.9999999999999999,-2.220446049250313e-16,25.51853941931911,0.005163689133958419
BGS,63.73216849283942,64.1686827629373,63.95042562788836,0.0,0.0,nan,0.0,0.0,0.0,0.0,0.0,0.0,0.9999999999999997,0.9999999999999999,-2.220446049250313e-16,25.687048838904357,0.00498014365055578
BGS,64.1686827629373,64.60519703303517,64.38693989798622,0.0,0.0,nan,0.0,0.0,0.0,0.0,0.0,0.0,0.9999999999999997,0.9999999999999999,-2.220446049250313e-16,25.855558258489598,0.004803122367894802
BGS,64.60519703303517,65.04171130313306,64.82345416808411,0.0,0.0,nan,0.0,0.0,0.0,0.0,0.0,0.0,0.9999999999999997,0.9999999999999999,-2.220446049250313e-16,26.02406767807485,0.004632393380539689
BGS,65.04171130313306,65.47822557323093,65.259968438182,0.0,0.0,nan,0.0,0.0,0.0,0.0,0.0,0.0,0.9999999999999997,0.9999999999999999,-2.220446049250313e-16,26.192577097660102,0.004467733026230058
BGS,65.47822557323093,65.9147398433288,65.69648270827986,0.0,0.0,nan,0.0,0.0,0.0,0.0,0.0,0.0,0.9999999999999997,0.9999999999999999,-2.220446049250313e-16,26.36108651724534,0.004308925592873843
BGS,65.9147398433288,66.35125411342668,66.13299697837775,0.0,0.0,nan,0.0,0.0,0.0,0.0,0.0,0.0,0.9999999999999997,0.9999999999999999,-2.220446049250313e-16,26.529595936830592,0.004155763035955202
BGS,66.35125411342668,66.78776838352455,66.5695112484756,0.0,0.0,nan,0.0,0.0,0.0,0.0,0.0,0.0,0.9999999999999997,0.9999999999999999,-2.220446049250313e-16,26.698105356415834,0.004008044705987401
BGS,66.78776838352455,67.22428265362244,67.0060255185735,0.0,0.0,nan,0.0,0.0,0.0,0.0,0.0,0.0,0.9999999999999997,0.9999999999999999,-2.220446049250313e-16,26.866614776001086,0.003865577085653344
BGS,67.22428265362244,67.66079692372031,67.44253978867138,0.0,0.0,nan,0.0,0.0,0.0,0.0,0.0,0.0,0.9999999999999997,0.9999999999999999,-2.220446049250313e-16,27.035124195586334,0.0037281735362896854
BGS,67.66079692372031,68.09731119381819,67.87905405876924,0.0,0.0,nan,0.0,0.0,0.0,0.0,0.0,0.0,0.9999999999999997,0.9999999999999999,-2.220446049250313e-16,27.203633615171576,0.003595654053382191
BGS,68.09731119381819,68.53382546391606,68.31556832886713,0.0,0.0,nan,0.0,0.0,0.0,0.0,0.0,0.0,0.9999999999999997,0.9999999999999999,-2.220446049250313e-16,27.372143034756828,0.003467845030752123
BGS,68.53382546391606,68.97033973401393,68.75208259896499,0.0,0.0,nan,0.0,0.0,0.0,0.0,0.0,0.0,0.9999999999999997,0.9999999999999999,-2.220446049250313e-16,27.540652454342066,0.0033445790331247858
BGS,68.97033973401393,69.40685400411182,69.18859686906288,0.0,0.0,nan,0.0,0.0,0.0,0.0,0.0,0.0,0.9999999999999997,0.9999999999999999,-2.220446049250313e-16,27.709161873927318,0.003225694576782103
BGS,69.40685400411182,69.8433682742097,69.62511113916077,0.0,0.0,nan,0.0,0.0,0.0,0.0,0.0,0.0,0.9999999999999997,0.9999999999999999,-2.220446049250313e-16,27.87767129351257,0.0031110359180121267
BGS,69.8433682742097,70.27988254430757,70.06162540925862,0.0,0.0,nan,0.0,0.0,0.0,0.0,0.0,0.0,0.9999999999999997,0.9999999999999999,-2.220446049250313e-16,28.04618071309781,0.003000452849078083
BGS,70.27988254430757,70.71639681440544,70.49813967935651,0.0,0.0,nan,0.0,0.0,0.0,0.0,0.0,0.0,0.9999999999999997,0.9999999999999999,-2.220446049250313e-16,28.21469013268306,0.002893800501439813
BGS,70.71639681440544,71.15291108450332,70.93465394945437,0.0,0.0,nan,0.0,0.0,0.0,0.0,0.0,0.0,0.9999999999999997,0.9999999999999999,-2.220446049250313e-16,28.3831995522683,0.002790939155969854
BGS,71.15291108450332,71.5894253546012,71.37116821955226,0.0,0.0,nan,0.0,0.0,0.0,0.0,0.0,0.0,0.9999999999999997,0.9999999999999999,-2.220446049250313e-16,28.551708971853554,0.0026917340599153647
BGS,71.5894253546012,72.02593962469908,71.80768248965015,0.0,0.0,nan,0.0,0.0,0.0,0.0,0.0,0.0,0.9999999999999997,0.9999999999999999,-2.220446049250313e-16,28.720218391438806,0.0025960552503663083
BGS,72.02593962469908,72.46245389479695,72.24419675974801,0.0,0.0,nan,0.0,0.0,0.0,0.0,0.0,0.0,0.9999999999999997,0.9999999999999999,-2.220446049250313e-16,28.888727811024044,0.002503777383998476
BGS,72.46245389479695,72.89896816489482,72.6807110298459,0.0,0.0,nan,0.0,0.0,0.0,0.0,0.0,0.0,0.9999999999999997,0.9999999999999999,-2.220446049250313e-16,29.057237230609296,0.0024147795728683683
BGS,72.89896816489482,73.3354824349927,73.11722529994375,0.0,0.0,nan,0.0,0.0,0.0,0.0,0.0,0.0,0.9999999999999997,0.9999999999999999,-2.220446049250313e-16,29.225746650194537,0.002328945226044867
BGS,73.3354824349927,73.77199670509059,73.55373957004164,0.0,0.0,nan,0.0,0.0,0.0,0.0,0.0,0.0,0.9999999999999997,0.9999999999999999,-2.220446049250313e-16,29.39425606977979,0.0022461618968700886
BGS,73.77199670509059,74.20851097518846,73.99025384013953,0.0,0.0,nan,0.0,0.0,0.0,0.0,0.0,0.0,0.9999999999999997,0.9999999999999999,-2.220446049250313e-16,29.562765489365038,0.002166321135649518
BGS,74.20851097518846,74.64502524528633,74.42676811023739,0.0,0.0,nan,0.0,0.0,0.0,0.0,0.0,0.0,0.9999999999999997,0.9999999999999999,-2.220446049250313e-16,29.73127490895028,0.0020893183475782446
BGS,74.64502524528633,75.08153951538421,74.86328238033528,0.0,0.0,nan,0.0,0.0,0.0,0.0,0.0,0.0,0.9999999999999997,0.9999999999999999,-2.220446049250313e-16,29.89978432853553,0.0020150526557172984
BGS,75.08153951538421,75.51805378548208,75.29979665043314,0.0,0.0,nan,0.0,0.0,0.0,0.0,0.0,0.0,0.9999999999999997,0.9999999999999999,-2.220446049250313e-16,30.06829374812077,0.0019434267688405883
BGS,75.51805378548208,75.95456805557997,75.73631092053103,0.0,0.0,nan,0.0,0.0,0.0,0.0,0.0,0.0,0.9999999999999997,0.9999999999999999,-2.220446049250313e-16,30.23680316770602,0.0018743468539792058
BGS,75.95456805557997,76.39108232567784,76.17282519062891,0.0,0.0,nan,0.0,0.0,0.0,0.0,0.0,0.0,0.9999999999999997,0.9999999999999999,-2.220446049250313e-16,30.405312587291274,0.0018077224134962601
BGS,76.39108232567784,76.82759659577572,76.60933946072677,0.0,0.0,nan,0.0,0.0,0.0,0.0,0.0,0.0,0.9999999999999997,0.9999999999999999,-2.220446049250313e-16,30.573822006876515,0.0017434661665310977
BGS,76.82759659577572,77.26411086587359,77.04585373082466,0.0,0.0,nan,0.0,0.0,0.0,0.0,0.0,0.0,0.9999999999999997,0.9999999999999999,-2.220446049250313e-16,30.742331426461764,0.0016814939346576423
BGS,77.26411086587359,77.70062513597146,77.48236800092252,0.0,0.0,nan,0.0,0.0,0.0,0.0,0.0,0.0,0.9999999999999997,0.9999999999999999,-2.220446049250313e-16,30.910840846047005,0.0016217245316070866
BGS,77.70062513597146,78.13713940606935,77.91888227102041,0.0,0.0,nan,0.0,0.0,0.0,0.0,0.0,0.0,0.9999999999999997,0.9999999999999999,-2.220446049250313e-16,31.079350265632257,0.0015640796569103843
BGS,78.13713940606935,78.57365367616723,78.3553965411183,0.0,0.0,nan,0.0,0.0,0.0,0.0,0.0,0.0,0.9999999999999997,0.9999999999999999,-2.220446049250313e-16,31.24785968521751,0.0015084837933213228
BGS,78.57365367616723,79.0101679462651,78.79191081121616,0.0,0.0,nan,0.0,0.0,0.0,0.0,0.0,0.0,0.9999999999999997,0.9999999999999999,-2.220446049250313e-16,31.416369104802747,0.0014548641078856981
BGS,79.0101679462651,79.44668221636297,79.22842508131404,0.0,0.0,nan,0.0,0.0,0.0,0.0,0.0,0.0,0.9999999999999997,0.9999999999999999,-2.220446049250313e-16,31.584878524388,0.0014031503565270183
BGS,79.44668221636297,79.88319648646085,79.6649393514119,0.0,0.0,nan,0.0,0.0,0.0,0.0,0.0,0.0,0.9999999999999997,0.9999999999999999,-2.220446049250313e-16,31.75338794397324,0.0013532747920237947
BGS,79.88319648646085,80.31971075655873,80.10145362150979,0.0,0.0,nan,0.0,0.0,0.0,0.0,0.0,0.0,0.9999999999999997,0.9999999999999999,-2.220446049250313e-16,31.92189736355849,0.0013051720752577651
BGS,80.31971075655873,80.75622502665661,80.53796789160768,0.0,0.0,nan,0.0,0.0,0.0,0.0,0.0,0.0,0.9999999999999997,0.9999999999999999,-2.220446049250313e-16,32.09040678314374,0.0012587791896168782
BGS,80.75622502665661,81.19273929675448,80.97448216170554,0.0,0.0,nan,0.0,0.0,0.0,0.0,0.0,0.0,0.9999999999999997,0.9999999999999999,-2.220446049250313e-16,32.25891620272898,0.0012140353584408332
BGS,81.19273929675448,81.62925356685236,81.41099643180343,0.0,0.0,nan,0.0,0.0,0.0,0.0,0.0,0.0,0.9999999999999997,0.9999999999999999,-2.220446049250313e-16,32.42742562231423,0.0011708819654010568
BGS,81.62925356685236,82.06576783695023,81.84751070190129,0.0,0.0,nan,0.0,0.0,0.0,0.0,0.0,0.0,0.9999999999999997,0.9999999999999999,-2.220446049250313e-16,32.59593504189947,0.0011292624777108253
BGS,82.06576783695023,82.50228210704812,82.28402497199917,0.0,0.0,nan,0.0,0.0,0.0,0.0,0.0,0.0,0.9999999999999997,0.9999999999999999,-2.220446049250313e-16,32.76444446148473,0.001089122372064881
BGS,82.50228210704812,82.93879637714599,82.72053924209706,0.0,0.0,nan,0.0,0.0,0.0,0.0,0.0,0.0,0.9999999999999997,0.9999999999999999,-2.220446049250313e-16,32.93295388106998,0.0010504090632115944
BGS,82.93879637714599,83.37531064724386,83.15705351219492,0.0,0.0,nan,0.0,0.0,0.0,0.0,0.0,0.0,0.9999999999999997,0.9999999999999999,-2.220446049250313e-16,33.10146330065522,0.0010130718350640346
BGS,83.37531064724386,83.81182491734174,83.59356778229281,0.0,0.0,nan,0.0,0.0,0.0,0.0,0.0,0.0,0.9999999999999997,0.9999999999999999,-2.220446049250313e-16,33.26997272024047,0.000977061774259717
LRG,0.0010850585494512899,0.4375993286473278,0.21934219359838955,23.0,412.0,0.055825242718446605,0.005282109867561375,0.01210065793811736,0.015528735819844963,0.006778514781942374,-0.0034280778817276022,-0.0014964049143809987,0.005282109867561375,0.006778514781942374,-0.0014964049143809987,1.0846735794583118,0.9819781383802175
LRG,0.4375993286473278,0.8741135987452043,0.655856463696266,53.0,714.0,0.0742296918767507,0.007023514253322993,0.016089999192347503,0.017509264245500537,0.007643043702075513,-0.0014192650531530335,-0.0006195294487525201,0.012305624120884368,0.014421558484017886,-0.002115934363133518,1.2531829990435586,0.9470733159898623
LRG,0.8741135987452043,1.3106278688430808,1.0923707337941426,95.0,1496.0,0.06350267379679145,0.006008538136955133,0.013764814917981677,0.019158509330783082,0.008362962716690132,-0.005393694412801405,-0.0023544245797349995,0.0183141622578395,0.022784521200708018,-0.0044703589428685166,1.4216924186288056,0.9134092000658567
LRG,1.3106278688430808,1.7471421389409574,1.528885003892019,514.0,6558.0,0.07837755413235743,0.007415979437220635,0.016989088204511164,0.020668385660711844,0.00902204528078705,-0.0036792974562006794,-0.001606065843566414,0.025730141695060136,0.03180656648149507,-0.0060764247864349315,1.5902018382140524,0.880941689179509
LRG,1.7471421389409574,2.183656409038834,1.9653992739898958,497.0,6834.0,0.07272461223295289,0.006881105628642831,0.015763758713088414,0.02204671729364671,0.009623706707490427,-0.0062829585805582976,-0.002742601078847596,0.03261124732370296,0.0414302731889855,-0.008819025865282534,1.7587112577992992,0.8496282495057996
LRG,2.183656409038834,2.6201706791367103,2.401913544087772,1290.0,18784.0,0.06867546848381602,0.006497981057911265,0.014886067886060795,0.023300948158285414,0.010171196377902415,-0.00841488027222462,-0.0036732153199911495,0.03910922838161423,0.05160146956688791,-0.01249224118527368,1.9272206773845462,0.8194278591022552
LRG,2.6201706791367103,3.056684949234587,2.838427814185649,5896.0,89493.0,0.06588224777356888,0.0062336902468477975,0.014280610449344661,0.02443815919188018,0.010667605222179296,-0.010157548742535518,-0.0044339149753314985,0.04534291862846203,0.06226907478906721,-0.01692615616060518,2.095730096969793,0.7903009541684524
LRG,3.056684949234587,3.4931992193324635,3.2749420842835253,23121.0,343679.0,0.0672749862517058,0.006365469300552987,0.014582499901150323,0.02546508474037599,0.011115872878425795,-0.010882584839225665,-0.004750403577872807,0.05170838792901501,0.073384947667493,-0.021676559738477985,2.26423951655504,0.7622093772157513
LRG,3.4931992193324635,3.92971348943034,3.7114563543814016,59759.0,894968.0,0.06677221978886395,0.006317898209678387,0.014473520437858245,0.02638812825127475,0.011518794542854349,-0.011914607813416507,-0.005200896333175962,0.0580262861386934,0.08490374221034734,-0.02687745607165394,2.4327489361402868,0.7351163270793563
LRG,3.92971348943034,4.366227759528217,4.147970624479278,94788.0,1483238.0,0.06390612969732437,0.00604671259513132,0.013852267862343892,0.02721337728878915,0.011879027524113933,-0.013361109426445257,-0.005832314928982613,0.06407299873382472,0.09678276973446127,-0.03270977100063656,2.6012583557255335,0.7089863107072197
LRG,4.366227759528217,4.802742029626093,4.584484894577155,113984.0,1756459.0,0.06489419906755581,0.006140202398599923,0.014066441395428265,0.02794661789965027,0.012199097514170084,-0.013880176504222005,-0.006058895115570161,0.07021320113242464,0.10898186724863136,-0.03876866611620672,2.7697677753107808,0.6837850966626289
LRG,4.802742029626093,5.239256299723969,5.020999164675031,121354.0,1883064.0,0.06444496841318192,0.006097696794383441,0.013969066333195017,0.028593348356735188,0.012481404587594573,-0.01462428202354017,-0.006383707793211133,0.07631089792680809,0.12146327183622593,-0.04515237390941784,2.938277194896027,0.6594796702795626
LRG,5.239256299723969,5.675770569821846,5.457513434772908,122736.0,1847892.0,0.06641946607269256,0.006284521124433898,0.014397057679293659,0.029158792306616454,0.012728228940658254,-0.014761734627322795,-0.006443707816224356,0.08259541905124199,0.1341915007768842,-0.0515960817256422,3.1067866144812744,0.6360381904120694
LRG,5.675770569821846,6.112284839919723,5.894027704870784,103316.0,1561943.0,0.06614581966179303,0.006258629066704295,0.014337742189507244,0.029647911346038645,0.012941736381142632,-0.015310169156531401,-0.006683107314438337,0.08885404811794628,0.14713323715802681,-0.05827918904008053,3.275296034066521,0.6134299477210085
LRG,6.112284839919723,6.548799110017599,6.330541974968661,72960.0,1092930.0,0.06675633389146605,0.006316395107294691,0.0144700770169058,0.03006541705129908,0.013123983579336064,-0.01559534003439328,-0.006807588472041373,0.09517044322524097,0.16025722073736287,-0.0650867775121219,3.443805453651768,0.5916253244435031
LRG,6.548799110017599,6.985313380115476,6.767056245066538,46651.0,691854.0,0.06742896622697853,0.0063800386800520964,0.014615876540809416,0.030415782483550403,0.013276923090262778,-0.015799905942740985,-0.006896884410210681,0.10155048190529307,0.17353414382762564,-0.07198366192233256,3.612314873237015,0.5705957555924082
LRG,6.985313380115476,7.421827650213352,7.203570515164413,57300.0,919014.0,0.062349431020637336,0.005899419846536942,0.01351483846155627,0.030703253192077267,0.0134024081567699,-0.017188414730520997,-0.007502988310232959,0.10744990175183002,0.18693655198439554,-0.07948665023256553,3.7808242928222615,0.5503136915349578
LRG,7.421827650213352,7.858341920311228,7.640084785262291,122435.0,2005888.0,0.0610378047029545,0.005775315517064919,0.01323053085015975,0.030931857736689786,0.013502197302702492,-0.017701326886530033,-0.007726881785637573,0.11322521726889494,0.20043874928709804,-0.0872135320182031,3.9493337124075087,0.5307525619015697
LRG,7.858341920311228,8.294856190409105,8.076599055360166,109437.0,1814739.0,0.06030453966107523,0.005705934958653689,0.013071588604364043,0.031105417749539836,0.013577958725029909,-0.018033829145175793,-0.00787202376637622,0.11893115222754863,0.21401670801212794,-0.0950855557845793,4.117843131992755,0.5118867407775284
LRG,8.294856190409105,8.731370460506982,8.513113325458043,117114.0,1965098.0,0.059597027730932506,0.005638991125261463,0.012918228593069963,0.031227557555786913,0.013631274493403775,-0.018309328962716948,-0.007992283368142311,0.1245701433528101,0.2276479825055317,-0.1030778391527216,4.286352551578002,0.49369151313194176
LRG,8.731370460506982,9.167884730604857,8.94962759555592,133155.0,2270733.0,0.058639655124578714,0.005548405808571325,0.012710708878606095,0.03130171337177393,0.013663644565292808,-0.018591004493167838,-0.008115238756721484,0.1301185491613814,0.2413116270708245,-0.1111930779094431,4.45486197116325,0.4761430424399965
LRG,9.167884730604857,9.604399000702735,9.386141865653796,152023.0,2616987.0,0.05809085027934797,0.0054964786274755055,0.012591750153421238,0.031331142098588435,0.013676490624498206,-0.018739391945167196,-0.008180011997022701,0.13561502778885692,0.2549881176953227,-0.11937308990646578,4.623371390748496,0.4592183394560933
LRG,9.604399000702735,10.040913270800612,9.822656135751673,172273.0,2949569.0,0.05840616035766581,0.005526312845741679,0.012660096643581763,0.03131892972815711,0.013671159750533212,-0.01865883308457535,-0.008144846904791534,0.1411413406345986,0.26865927744585594,-0.12751793681125734,4.791880810333743,0.4428952320969532
LRG,10.040913270800612,10.477427540898487,10.259170405849549,174886.0,3041298.0,0.05750373689128786,0.00544092674324832,0.01246448768336566,0.0312679993783009,0.013648927926039844,-0.018803511694935243,-0.008208001182791524,0.1465822673778469,0.28230820537189577,-0.13572593799404886,4.96039022991899,0.427152336395243
LRG,10.477427540898487,10.913941810996365,10.695684675947426,171527.0,2992951.0,0.057310326831277895,0.005422626541821221,0.012422564193847168,0.03118111897251033,0.013611003389120418,-0.018758554778663162,-0.008188376847299197,0.15200489391966812,0.2959192087610162,-0.14391431484134806,5.128899649504237,0.4119690284856648
LRG,10.913941810996365,11.35045608109424,11.132198946045303,160503.0,2888263.0,0.055570770390369575,0.005258032035926389,0.012045498615079479,0.031060908579551034,0.013558529837179558,-0.019015409964471555,-0.008300497801253168,0.15726292595559452,0.3094777385981957,-0.1522148126426012,5.297409069089484,0.3973254175868124
LRG,11.35045608109424,11.786970351192117,11.568713216143179,151407.0,2684973.0,0.056390511189498,0.0053355948149322405,0.012223185312443208,0.030909847427372787,0.013492589488596381,-0.01868666211492958,-0.00815699467366414,0.16259852077052675,0.3229703280867921,-0.16037180731626535,5.46591848867473,0.3832023199433987
LRG,11.786970351192117,12.223484621289995,12.005227486241056,134643.0,2410588.0,0.055854837077094883,0.005284910046230165,0.012107072799808258,0.030730280605203074,0.013414206008283172,-0.018623207805394816,-0.008129295962053008,0.1678834308167569,0.3363845340950753,-0.16850110327831838,5.634427908259978,0.36958123369471746
LRG,12.223484621289995,12.65999889138787,12.441741756338931,118172.0,2131615.0,0.05543777839806907,0.005245448511330176,0.012016671322461092,0.0305244254671346,0.013324347302943261,-0.018507754144673507,-0.008078898791613085,0.1731288793280871,0.34970888139801853,-0.17658000206993144,5.802937327845224,0.356444314636416
LRG,12.65999889138787,13.096513161485747,12.878256026436809,99150.0,1801209.0,0.055046360527845464,0.005208413075495613,0.011931827736875036,0.030294377749959512,0.01322392819159295,-0.018362550013084476,-0.008015515116097337,0.1783372924035827,0.3629328095896115,-0.1845955171860288,5.9714467474304715,0.34377435284382596
LRG,13.096513161485747,13.533027431583623,13.314770296534686,74431.0,1341873.0,0.05546799138219489,0.00524830722351499,0.012023220277170347,0.030042117417463484,0.013113812956678744,-0.018018897140293137,-0.007865505733163754,0.1835855996270977,0.37604662254629023,-0.19246102291919254,6.139956167015718,0.33155475012622765
LRG,13.533027431583623,13.9695417016815,13.751284566632561,49685.0,904326.0,0.054941470222021706,0.005198488494921955,0.011909091754907179,0.029769514242919248,0.012994817780916256,-0.01786042248801207,-0.007796329285994301,0.18878408812201966,0.3890414403272065,-0.20025735220518684,6.308465586600965,0.31976949828251133
LRG,13.9695417016815,14.406055971779377,14.187798836730439,29370.0,541328.0,0.05425546064493246,0.005133579185442368,0.011760392585312945,0.029478333140976188,0.012867713074735285,-0.017717940555663243,-0.007734133889292917,0.19391766730746202,0.4019091534019418,-0.20799148609447976,6.476975006186212,0.30840315812975083
LRG,14.406055971779377,14.842570241877253,14.624313106828314,16787.0,303011.0,0.05540062902006858,0.005241933486825941,0.01200861883770854,0.029170239259738044,0.012733225699044944,-0.017161620422029504,-0.007491292212219003,0.19915960079428796,0.4146423791009867,-0.21548277830669876,6.645484425771459,0.29744083927721493
LRG,14.842570241877253,15.27908451197513,15.060827376926191,8647.0,162147.0,0.053328152848958046,0.005045838560935159,0.01155938970747453,0.028846802843316182,0.012592041087807534,-0.017287413135841652,-0.007546202526872375,0.20420543935522312,0.42723442018879426,-0.22302898083357114,6.8139938453567055,0.28686818061931973
LRG,15.27908451197513,15.715598782073005,15.497341647024069,4417.0,83999.0,0.0525839593328492,0.004975423964895887,0.011398078609847725,0.02850950387476388,0.012444805274745108,-0.017111425264916158,-0.0074693813098492216,0.209180863320119,0.4396792254635394,-0.23049836214342037,6.982503264941953,0.27667133152196777
LRG,15.715598782073005,16.152113052170883,15.933855917121944,2307.0,41873.0,0.055095168724476395,0.005213031241839149,0.011942407382627513,0.028159736508837185,0.01229212682830361,-0.01621732912620967,-0.007079095586464461,0.21439389456195815,0.451971352291843,-0.23757745772988484,7.1510126845272,0.2668369336776258
LRG,16.152113052170883,16.588627322268756,16.37037018721982,1207.0,22429.0,0.05381425832627402,0.005091833211623133,0.011664757742012557,0.027798813303681388,0.012134578698843542,-0.01613405556166883,-0.007042745487220409,0.21948572777358127,0.46410593099068653,-0.24462020321710526,7.319522104112446,0.257352103605372
LRG,16.588627322268756,17.025141592366637,16.806884457317697,678.0,13154.0,0.05154325680401399,0.004876954082293117,0.011172496333738515,0.027427969260116293,0.011972699981846776,-0.01625547292637778,-0.007095745899553659,0.22436268185587438,0.47607863097253333,-0.25171594911665895,7.4880315236976935,0.2482044157729859
LRG,17.025141592366637,17.46165586246451,17.243398727415574,433.0,7983.0,0.05424026055367656,0.005132140973119395,0.01175709781943368,0.027048365676866946,0.011806997600777955,-0.015291267857433266,-0.0066748566276585595,0.22949482282899378,0.4878856285733113,-0.2583908057443175,7.65654094328294,0.23938188631897125
LRG,17.46165586246451,17.89817013256239,17.67991299751345,332.0,5994.0,0.05538872205538872,0.005240806865739037,0.012006037888667135,0.02666109382971099,0.011637947913087407,-0.014655055941043856,-0.00639714104734837,0.23473562969473283,0.4995235764863987,-0.2647879467916659,7.825050362868187,0.23087295735318536
LRG,17.89817013256239,18.334684402660265,18.11642726761133,289.0,5912.0,0.04888362652232747,0.004625303419065113,0.010595995906452368,0.02626717848219422,0.011465998242685583,-0.015671182575741852,-0.00684069482362047,0.23936093311379794,0.5109895747290844,-0.27162864161528644,7.993559782453435,0.22266648181551024
LRG,18.334684402660265,18.77119867275814,18.552941537709202,298.0,5910.0,0.05042301184433164,0.0047709580011749825,0.010929672471200667,0.025867581235242156,0.011291568342099184,-0.01493790876404149,-0.006520610340924202,0.2441318911149729,0.5222811430711836,-0.27814925195621065,8.16206920203868,0.21475170887272782
LRG,18.77119867275814,19.20771294285602,18.98945580780708,329.0,6127.0,0.05369675208095316,0.005080714927712756,0.011639287133897119,0.025463203722674174,0.011115051787356759,-0.013823916588777055,-0.006034336859644003,0.24921260604268566,0.5333961948585403,-0.2841835888158546,8.330578621623928,0.20711826983446943
LRG,19.20771294285602,19.644227212953894,19.425970077904957,349.0,7612.0,0.045848660010509724,0.004338138943298425,0.009938137743642933,0.02505489065935713,0.010936817308551311,-0.015116752915714198,-0.006598678365252886,0.25355074498598407,0.5443330121670916,-0.29078226718110756,8.499088041209175,0.19975616456978929
LRG,19.644227212953894,20.080741483051774,19.862484348002834,350.0,7160.0,0.04888268156424581,0.004625214008394159,0.010595791077705283,0.02464343274842781,0.010757210058886177,-0.014047641670722526,-0.0061319960504920175,0.25817595899437823,0.5550902222259778,-0.2969142632315996,8.667597460794422,0.1926557484065657
LRG,20.080741483051774,20.517255753149648,20.29899861810071,78.0,1358.0,0.05743740795287187,0.005434650787729792,0.012450110248426138,0.02422956945375626,0.01057655282489215,-0.011779459205330124,-0.0051419020371623585,0.26361060978210804,0.5656667750508699,-0.3020561652687619,8.836106880379669,0.18580771949656932
LRG,20.517255753149648,20.95377002324752,20.735512888198585,35.0,732.0,0.04781420765027322,0.004524116434440189,0.010364189086935937,0.023813991643546605,0.010395147180399609,-0.013449802556610668,-0.00587103074595942,0.2681347262165482,0.5760619222312695,-0.3079271960147213,9.004616299964916,0.17920310662964473
LRG,20.95377002324752,21.390284293345402,21.172027158296462,43.0,662.0,0.0649546827794562,0.006145925286596435,0.014079551821337518,0.02339734411075669,0.010213274586735906,-0.009317792289419171,-0.004067349300139471,0.2742806515031446,0.5862751968180054,-0.3119945453148608,9.173125719550162,0.17283325748104206
LRG,21.390284293345402,21.826798563443276,21.60854142839434,35.0,589.0,0.059422750424448216,0.005622501239406144,0.01288045231177777,0.02298022797572292,0.010031197441505428,-0.01009977566394515,-0.0044086962020992845,0.2799031527425508,0.5963063942595108,-0.31640324151696003,9.341635139135409,0.16668982727650275
LRG,21.826798563443276,22.263312833541157,22.045055698492217,32.0,540.0,0.05925925925925926,0.005607031923826825,0.01284501403028484,0.0225632029762058,0.009849160078228806,-0.00971818894592096,-0.004242128154401981,0.2855101846663776,0.6061555543377396,-0.320645369671362,9.510144558720656,0.16076476786024868
LRG,22.263312833541157,22.69982710363903,22.481569968590094,37.0,479.0,0.07724425887265135,0.00730874855415318,0.016743435564006735,0.02214678964981071,0.009667389718998266,-0.005403354085803974,-0.0023586411648450854,0.2928189332205308,0.6158229440567379,-0.32300401083620706,9.678653978305904,0.15505031715155487
LRG,22.69982710363903,23.136341373736904,22.918084238687968,28.0,445.0,0.06292134831460675,0.005953533896647584,0.013638807032156598,0.021731471413541575,0.009486097382234908,-0.008092664381384977,-0.0035325634855873237,0.2987724671171784,0.6253090414389728,-0.3265365743217944,9.84716339789115,0.14953898897609222
LRG,23.136341373736904,23.572855643834785,23.354598508785845,32.0,434.0,0.07373271889400922,0.006976491333793746,0.015982275521552566,0.02131769654505099,0.009305478747531048,-0.005335421023498425,-0.0023289874137373025,0.30574895845097216,0.6346145201865039,-0.3288655617355317,10.015672817476396,0.14422356325871974
LRG,23.572855643834785,24.00936991393266,23.791112778883722,17.0,403.0,0.04218362282878412,0.003991358022699306,0.009143705707042243,0.020905880069936652,0.009125714979482082,-0.01176217436289441,-0.005134356956782776,0.30974031647367145,0.643740235165986,-0.33399991869231455,10.184182237061643,0.13909707656487785
LRG,24.00936991393266,24.44588418403054,24.2276270489816,11.0,392.0,0.02806122448979592,0.0026551155634192713,0.0060825401259480185,0.02049640555927325,0.00894697351233631,-0.014413865433325233,-0.006291857948917038,0.31239543203709075,0.6526872086783223,-0.34029177664123156,10.352691656646892,0.13415281297819215
LRG,24.44588418403054,24.882398454128413,24.664141319079476,39.0,467.0,0.0835117773019272,0.00790177277273775,0.01810198042544186,0.020089626841362472,0.008769408797195991,-0.001987646415920613,-0.0008676360244582407,0.3202972048098285,0.6614566174755183,-0.34115941266568983,10.521201076232138,0.12938429530233606
LRG,24.882398454128413,25.318912724226287,25.10065558917735,30.0,451.0,0.06651884700665188,0.006293924415603835,0.014418599451955222,0.019685869631539905,0.00859316301345354,-0.005267270179584683,-0.002299238597849704,0.3265911292254323,0.6700497804889719,-0.3434586512635396,10.689710495817383,0.12478527657562723
LRG,25.318912724226287,25.755426994324168,25.537169859275227,14.0,403.0,0.034739454094292806,0.0032870007245758993,0.007530110582269959,0.019285433083694348,0.00841836674605036,-0.011755322501424388,-0.005131366021474461,0.3298781299500082,0.6784681472350222,-0.34859001728501404,10.85821991540263,0.12034973188724116
LRG,25.755426994324168,26.19194126442204,25.973684129373105,26.0,338.0,0.07692307692307693,0.007278358747275206,0.016673816289312325,0.018888591267011326,0.00824513963009652,-0.002214774977699001,-0.0009667808828213147,0.33715648869728343,0.6867132868651188,-0.34955679816783536,11.026729334987879,0.11607185048432088
LRG,26.19194126442204,26.628455534519922,26.410198399470982,23.0,367.0,0.06267029972752043,0.005929780014810045,0.013584389837886386,0.018495594571289825,0.008073590964312904,-0.004911204733403439,-0.0021438109495028595,0.34308626871209347,0.6947868778294317,-0.35170060911733825,11.195238754573126,0.11194602815964258
LRG,26.628455534519922,27.064969804617796,26.84671266956886,10.0,338.0,0.029585798816568046,0.002799368748952002,0.006413006265120124,0.018106671044049692,0.007903820294695656,-0.011693664778929568,-0.005104451545743654,0.34588563746104545,0.7026906981241273,-0.3568050606630819,11.363748174158372,0.10796685990986524
LRG,27.064969804617796,27.50148407471567,27.283226939666733,21.0,290.0,0.07241379310344828,0.006851696337952177,0.01569638567924919,0.017722027662503224,0.007735917969751921,-0.0020256419832540354,-0.0008842216317997446,0.35273733379899763,0.7104266160938792,-0.3576892822948816,11.53225759374362,0.10412913285474518
LRG,27.50148407471567,27.93799834481355,27.71974120976461,20.0,275.0,0.07272727272727272,0.006881357361060194,0.01576433540080412,0.017341851543325414,0.007569965668580501,-0.0015775161425212944,-0.0006886083075203072,0.35961869116005785,0.7179965817624597,-0.3583778906024019,11.700767013328866,0.10042781940804064
LRG,27.93799834481355,28.374512614911424,28.156255479862487,19.0,244.0,0.0778688524590164,0.007367846764659737,0.016878822227295674,0.016966311093047515,0.007406036903035093,-8.74888657518419e-05,-3.819013837535589e-05,0.3669865379247176,0.7254026186654948,-0.35841608074077724,11.869276432914113,0.09685807069115929
LRG,28.374512614911424,28.811026885009305,28.592769749960365,8.0,243.0,0.03292181069958848,0.0031150177354593474,0.0071361189057138,0.016595557101757225,0.007244197495141257,-0.009459438196043425,-0.00412917975968191,0.37010155566017694,0.7326468161606361,-0.36254526050045915,12.03778585249936,0.09341521018092012
LRG,28.811026885009305,29.24754115510718,29.029284020058242,9.0,234.0,0.038461538461538464,0.003639179373637603,0.008336908144656163,0.01622972378269098,0.007084506030891454,-0.007892815638034817,-0.0034453266572538515,0.37374073503381455,0.7397313221915276,-0.36599058715771304,12.206295272084606,0.09009472758310876
LRG,29.24754115510718,29.684055425205052,29.465798290156116,17.0,239.0,0.07112970711297072,0.00673019783743858,0.015418047698485454,0.01586892976017365,0.006927014291496627,-0.0004508820616881959,-0.00019681645405804707,0.3804709328712531,0.7466583364830243,-0.36618740361177116,12.374804691669853,0.08689227292379921
LRG,29.684055425205052,30.120569695302933,29.902312560253993,17.0,221.0,0.07692307692307693,0.007278358747275206,0.01667381628931205,0.015513279008273848,0.006771767663121435,0.0011605372810382028,0.0005065910841537706,0.38774929161852834,0.7534301041461458,-0.3656808125276174,12.5433141112551,0.08380365085070259
LRG,30.120569695302933,30.557083965400807,30.33882683035187,22.0,240.0,0.09166666666666666,0.00867337750716962,0.019869631078097184,0.015162861742425033,0.0066188055260896364,0.004706769335672151,0.0020545719810799836,0.39642266912569796,0.7600489096722354,-0.3636262405465374,12.711823530840347,0.08082481513707644
LRG,30.557083965400807,30.993598235498688,30.775341100449747,6.0,218.0,0.027522935779816515,0.0026041834049883765,0.005965860874157524,0.01481775526616513,0.006468161624499101,-0.008851894392007606,-0.0038639782195107244,0.3990268525306863,0.7665170712967345,-0.3674902187660482,12.880332950425593,0.07795186338099505
LRG,30.993598235498688,31.43011250559656,31.211855370547624,19.0,201.0,0.0945273631840796,0.008944052788940178,0.02048971454457783,0.014478024775072668,0.006319864417149778,0.006011689769505162,0.0026241883717904,0.4079709053196265,0.7728369357138843,-0.36486603039425786,13.048842370010842,0.07518103189303646
LRG,31.43011250559656,31.866626775694435,31.648369640645498,4.0,175.0,0.022857142857142857,0.002162712313476061,0.004954505411681375,0.014143724119859915,0.006173937410646342,-0.009189218708178539,-0.004011225097170281,0.4101336176331025,0.7790108731245307,-0.36887725549142814,13.217351789596087,0.07250869076568849
LRG,31.866626775694435,32.30314104579231,32.08488391074337,11.0,164.0,0.06707317073170732,0.006346373785733868,0.014538754447388185,0.013814896530515064,0.006030399475495431,0.0007238579168731205,0.0003159743102384375,0.4164799914188364,0.7850412726000261,-0.3685612811811897,13.385861209181334,0.06993133911801508
LRG,32.30314104579231,32.73965531589019,32.521398180841246,4.0,143.0,0.027972027972027972,0.0026466759081000745,0.0060632059233862,0.013491575303298971,0.005889265145990146,-0.007428369379912771,-0.003242589237890071,0.4191266673269365,0.7909305377460163,-0.3718038704190798,13.554370628766579,0.0674456005093528
LRG,32.73965531589019,33.17616958598806,32.957912450939126,12.0,155.0,0.07741935483870968,0.007325315900483433,0.01678138929763047,0.013173784452322866,0.005750544904632432,0.003607604845307604,0.0015747709958510011,0.4264519832274199,0.7966810826506487,-0.37022909942322885,13.722880048351827,0.06504821851602954
LRG,33.17616958598806,33.612683856085944,33.39442672103701,9.0,128.0,0.0703125,0.006652874792431243,0.015240910201949297,0.012861539327354291,0.005614245451815247,0.0023793708745950062,0.0010386293406159956,0.43310485801985116,0.802295328102464,-0.3691904700826128,13.891389467937076,0.06273605246531047
LRG,33.612683856085944,34.04919812618382,33.83094099113488,16.0,123.0,0.13008130081300814,0.012308118857180837,0.028196372261601328,0.012554847199432345,0.005480369961450544,0.01564152506216898,0.006827748895730293,0.445412976877032,0.8077756980639145,-0.36236272118688245,14.059898887522321,0.060506073320982734
LRG,34.04919812618382,34.48571239628169,34.267455261232755,8.0,115.0,0.06956521739130435,0.006582167910579317,0.015078929513812884,0.012253707815796887,0.0053489183232051886,0.0028252216980159967,0.0012332495873741281,0.4519951447876113,0.8131246163871196,-0.3611294715995083,14.228408307107568,0.05835535971518865
LRG,34.48571239628169,34.92222666637957,34.70396953133063,6.0,114.0,0.05263157894736842,0.004979929669188299,0.011408400619002983,0.011958113925572209,0.005219887371968456,-0.0005497133065692252,-0.0002399577027801577,0.45697507445679963,0.8183445037590881,-0.36136942930228844,14.396917726692813,0.056281094121309126
LRG,34.92222666637957,35.358740936477446,35.14048380142851,12.0,108.0,0.1111111111111111,0.010513184857175296,0.024084401306784464,0.011668051777593112,0.0050932711051602545,0.012416349529191352,0.0054199137520150415,0.4674882593139749,0.8234377748642483,-0.3559495155502734,14.565427146278061,0.054280559162883664
LRG,35.358740936477446,35.79525520657533,35.57699807152639,5.0,88.0,0.056818181818181816,0.005376060438328277,0.01231588703187822,0.01138350159167394,0.004969060888447614,0.0009323854402042801,0.0004069995498806626,0.4728643197523032,0.8284068357526959,-0.3555425160003927,14.73393656586331,0.052351134053731145
LRG,35.79525520657533,36.2317694766732,36.01351234162426,1.0,101.0,0.009900990099009901,0.0009368184526195809,0.002146134769911487,0.011104438004590019,0.004847245650420701,-0.008958303234678531,-0.00391042719780112,0.47380113820492276,0.8332540814031166,-0.3594529431981939,14.902445985448557,0.05049029116460805
LRG,36.2317694766732,36.668283746771074,36.45002661172214,4.0,78.0,0.05128205128205128,0.0048522391648501365,0.011115877526208214,0.010830830491976945,0.00472781206675911,0.00028504703423126894,0.0001244270980910265,0.47865337736977287,0.8379818934698757,-0.35932851610010286,15.070955405033802,0.04869559271190628
LRG,36.668283746771074,37.104798016868955,36.88654088182001,1.0,78.0,0.01282051282051282,0.0012130597912125341,0.0027789693815520084,0.010562643767280415,0.00461074473437834,-0.007783674385728407,-0.003397684943165806,0.4798664371609854,0.8425926382042541,-0.3627262010432687,15.239464824619048,0.04696468756405253
LRG,37.104798016868955,37.54131228696683,37.32305515191789,7.0,97.0,0.07216494845360824,0.00682815098971179,0.015642446209561043,0.010299838158876511,0.004496026336048208,0.005342608050684532,0.002332124653663582,0.4866945881506972,0.8470886645403023,-0.3603940763896051,15.407974244204297,0.04529530816142568
LRG,37.54131228696683,37.97782655706471,37.75956942201577,10.0,73.0,0.136986301369863,0.012961460782818858,0.02969309750151461,0.010042369966387984,0.00438363779593073,0.019650727535126623,0.008577822986888127,0.49965604893351606,0.8514723023362331,-0.351816253402717,15.576483663789546,0.04368526754575688
LRG,37.97782655706471,38.41434082716258,38.196083692113646,3.0,67.0,0.04477611940298507,0.004236656584234821,0.00970565425795792,0.009790191797222446,0.004273558426482746,-8.453753926452624e-05,-3.6901842247924824e-05,0.5038927055177509,0.8557458607627157,-0.35185315524496485,15.74499308337479,0.042132456495120874
LRG,38.41434082716258,38.85085509726046,38.63259796221152,4.0,60.0,0.06666666666666667,0.006307910914305178,0.01445064078407068,0.009543252884262702,0.004165766067133361,0.004907387899807979,0.0021421448471718174,0.510200616432056,0.8599116268298491,-0.34971101039779307,15.913502502960036,0.04063484076076515
LRG,38.85085509726046,39.28736936735834,39.069112232309394,1.0,47.0,0.02127659574468085,0.0020131630577569716,0.0046119066332139715,0.009301499385649562,0.004060237215142705,-0.004689592752435591,-0.0020470741573857336,0.5122137794898131,0.8639718640449918,-0.35175808455517876,16.082011922545284,0.039190458402157395
LRG,39.28736936735834,39.72388363745621,39.505626502407274,2.0,50.0,0.04,0.0037847465485831067,0.008670384470442407,0.009064874667507787,0.003956947149015867,-0.00039449019706538045,-0.00017220060043276033,0.5159985260383961,0.8679288111940077,-0.35193028515561153,16.250521342130533,0.037797417216759575
LRG,39.72388363745621,40.16039790755409,39.942140772505155,3.0,54.0,0.05555555555555555,0.005256592428587648,0.012042200653392036,0.008833319570460909,0.003855870044841069,0.0032088810829311275,0.0014007223837465789,0.5212551184669838,0.8717846812388488,-0.350529562771865,16.41903076171578,0.036453892261161906
LRG,40.16039790755409,40.596912177651966,40.37865504260303,3.0,52.0,0.057692307692307696,0.005458769060456404,0.012505362216984242,0.00860677266072816,0.003756979085896087,0.003898589556256082,0.0017017899745603174,0.5267138875274402,0.8755416603247449,-0.3488277727973047,16.587540181301023,0.03515812346032908
LRG,40.596912177651966,41.03342644774984,40.8151693127009,3.0,53.0,0.05660377358490566,0.005355773417806284,0.012269411986475107,0.008385170466559441,0.003660246565856442,0.003884241519915666,0.001695526851949842,0.5320696609452464,0.8792019068906013,-0.34713224594535486,16.75604960088627,0.03390841330182675
LRG,41.03342644774984,41.46994071784772,41.251683582798776,4.0,54.0,0.07407407407407407,0.007008789904783531,0.01605626753785605,0.008168447700735859,0.003565643985919426,0.007887819837120192,0.003443145918864105,0.5390784508500299,0.8827675508765207,-0.3436891000264908,16.924559020471516,0.03270312461200793
LRG,41.46994071784772,41.906454987945594,41.68819785289666,1.0,46.0,0.021739130434782608,0.0020569274720560362,0.004712165473066526,0.00795653746982942,0.0034731421461489716,-0.003244371996762894,-0.0014162146740929354,0.5411353783220859,0.8862406930226697,-0.3451053147005838,17.093068440056765,0.03154067841124555
LRG,41.906454987945594,42.342969258043475,42.12471212299454,3.0,55.0,0.05454545454545454,0.005161018020795146,0.01182325155060309,0.007749371470877641,0.0033827112313274945,0.0040738800797254495,0.0017783067894676513,0.5462963963428811,0.8896234042539972,-0.34332700791111614,17.261577859642014,0.030419551845401797
LRG,42.342969258043475,42.77948352814135,42.56122639309241,0.0,38.0,0.0,0.0,0.0,0.007546880176106164,0.0032943208915890945,-0.007546880176106164,-0.0032943208915890945,0.5462963963428811,0.8929177251455863,-0.34662132880270524,17.43008727922726,0.029338276190824224
LRG,42.77948352814135,43.21599779823922,42.997740663190285,1.0,42.0,0.023809523809523808,0.0022528253265375634,0.0051609431371681,0.007348993006303396,0.0032079403181009053,-0.002188049869135296,-0.0009551149915633418,0.5485492216694187,0.8961256654636872,-0.34757644379426855,17.598596698812504,0.02829543493025494
LRG,43.21599779823922,43.6525120683371,43.43425493328816,1.0,58.0,0.017241379310344827,0.0016313562709409943,0.00373723468553546,0.007155638493411192,0.003123538314035686,-0.003418403807875732,-0.0014921820430946915,0.5501805779403597,0.8992492037777229,-0.3490686258373632,17.767106118397752,0.0272896618971327
LRG,43.6525120683371,44.08902633843498,43.87076920338604,6.0,40.0,0.15,0.01419279955718665,0.032513941764159025,0.00696674443289186,0.0030410833610822153,0.025547197331267167,0.011151716196104434,0.5643733774975463,0.9022902871388051,-0.33791690964125876,17.935615537983,0.02631963948585632
LRG,44.08902633843498,44.52554060853286,44.30728347348392,1.0,51.0,0.0196078431372549,0.0018552679159721112,0.0042501884659030716,0.00678223802638304,0.0029605436817166843,-0.0025320495604799686,-0.0011052757657445732,0.5662286454135185,0.9052508308205218,-0.33902218540700335,18.10412495756825,0.025384096925665133
LRG,44.52554060853286,44.96205487863073,44.743797743581794,4.0,40.0,0.1,0.009461866371457768,0.021675961176106023,0.006602046015138853,0.002881887297450912,0.01507391516096717,0.006579979074006856,0.5756905117849762,0.9081327181179727,-0.3324422063329965,18.272634377153494,0.024481808615875057
LRG,44.96205487863073,45.398569148728605,45.18031201367967,5.0,38.0,0.13157894736842105,0.012449824172970745,0.028521001547507918,0.006426094804742912,0.0028050820832720906,0.022094906742765007,0.009644742089698654,0.5881403359579469,0.9109378002012448,-0.3227974642432979,18.44114379673874,0.02361159252028932
LRG,45.398569148728605,45.835083418826486,45.61682628377754,4.0,40.0,0.1,0.009461866371457768,0.02167596117610567,0.006254310581526998,0.00273009581846071,0.01542165059457867,0.0067317705529970585,0.5976022023294046,0.9136678960197055,-0.3160656936903009,18.609653216323984,0.02277230861868068
LRG,45.835083418826486,46.27159768892436,46.05334055387542,2.0,27.0,0.07407407407407407,0.007008789904783531,0.01605626753785631,0.006086619421147697,0.0026568962339858296,0.009969648116708613,0.004351893670797701,0.6046109922341881,0.9163247922536913,-0.3117138000195032,18.778162635909233,0.021962857413316224
LRG,46.27159768892436,46.70811195902224,46.4898548239733,2.0,25.0,0.08,0.0075694930971662135,0.017340768940884533,0.00592294738971169,0.0025854510566481466,0.011417821551172843,0.004984042040518067,0.6121804853313544,0.9189102433103394,-0.30672975797898505,18.94667205549448,0.02118217848856843
LRG,46.70811195902224,47.144626229120114,46.92636909407118,0.0,17.0,0.0,0.0,0.0,0.0057632206378597315,0.0025157280501483426,-0.0057632206378597315,-0.0025157280501483426,0.6121804853313544,0.9214259713604878,-0.3092454860291334,19.11518147507973,0.020429249121725442
LRG,47.144626229120114,47.58114049921799,47.36288336416905,3.0,25.0,0.12,0.01135423964574932,0.026011153411327224,0.0056073654881679666,0.0024476950532396472,0.020403787923159257,0.008906544592509674,0.6235347249771037,0.9238736664137274,-0.30033894143662365,19.283690894664975,0.019703082943180596
LRG,47.58114049921799,48.01765476931587,47.799397634266924,1.0,33.0,0.030303030303030304,0.002867232233775081,0.006568473083668384,0.00545530851623582,0.0023813200151234317,0.0011131645674325643,0.0004859122186516491,0.6264019572108788,0.9262549864288508,-0.2998530292179721,19.45220031425022,0.019002728644246233
LRG,48.01765476931587,48.45416903941374,48.235911904364805,1.0,32.0,0.03125,0.002956833241080552,0.0067737378675331306,0.005306976625782703,0.0023165710282300133,0.0014667612417504274,0.0006402622128505388,0.6293587904519593,0.9285715574570809,-0.29921276700512156,19.62070973383547,0.018327268730898634
LRG,48.45416903941374,48.89068330951162,48.672426174462686,1.0,21.0,0.047619047619047616,0.004505650653075127,0.010321886274336032,0.005162297118097064,0.0022534163585345335,0.005159589156238968,0.0022522342945405934,0.6338644411050345,0.9308249738156154,-0.29696053271058087,19.789219153420717,0.01767581832182176
LRG,48.89068330951162,49.327197579609496,49.10894044456056,2.0,26.0,0.07692307692307693,0.007278358747275206,0.016673816289312325,0.005021197756123731,0.0021918244735314317,0.011652618533188594,0.005086534273743774,0.6411427998523097,0.9330167982891467,-0.29187399843683703,19.957728573005962,0.01704752398917493
LRG,49.327197579609496,49.76371184970737,49.54545471465843,0.0,32.0,0.0,0.0,0.0,0.004883606823501249,0.002131764068005643,-0.004883606823501249,-0.002131764068005643,0.6411427998523097,0.9351485623571524,-0.29400576250484267,20.126237992591207,0.016441562640565906
LRG,49.76371184970737,50.20022611980525,49.98196898475631,0.0,27.0,0.0,0.0,0.0,0.004749453178813306,0.00207320408771375,-0.004749453178813306,-0.00207320408771375,0.6411427998523097,0.9372217664448661,-0.2960789665925564,20.294747412176456,0.015857140440764708
LRG,50.20022611980525,50.636740389903125,50.41848325485419,2.0,34.0,0.058823529411764705,0.005565803747916333,0.012750565397709423,0.0046186663053262265,0.002016113751095121,0.008131899092383196,0.0035496899968212123,0.6467086036002261,0.9392378801959612,-0.29252927659573513,20.463256831761704,0.01529349177174565
LRG,50.636740389903125,51.073254660001005,50.85499752495207,3.0,23.0,0.13043478260869565,0.012341564832336218,0.028272992838398698,0.004491176356468474,0.0019604625691246958,0.023781816481930222,0.010381102263211522,0.6590501684325623,0.941198342765086,-0.2821481743325237,20.631766251346953,0.014749878229695033
LRG,51.073254660001005,51.50976893009888,51.29151179504994,1.0,21.0,0.047619047619047616,0.004505650653075127,0.0103218862743362,0.004366914197281136,0.0019062203634062171,0.005954972077055064,0.0025994302896689097,0.6635558190856374,0.9431045631284922,-0.2795487440428548,20.800275670932198,0.01422558765767058
LRG,51.50976893009888,51.94628320019675,51.728026065147816,1.0,17.0,0.058823529411764705,0.005565803747916333,0.012750565397709423,0.004245811442081038,0.001853357282613205,0.008504753955628386,0.0037124464653031284,0.6691216228335538,0.9449579204111054,-0.27583629757755157,20.968785090517443,0.01371993321264549
LRG,51.94628320019675,52.38279747029463,52.16454033524569,1.0,18.0,0.05555555555555555,0.005256592428587648,0.012042200653392036,0.0041278004885423655,0.0018018438173657465,0.00791440016484967,0.0034547486112219018,0.6743782152621415,0.9467597642284711,-0.2723815489663296,21.137294510102688,0.013232252465714746
LRG,52.38279747029463,52.81931174039251,52.60105460534357,0.0,13.0,0.0,0.0,0.0,0.004012814548412571,0.0017516508136384422,-0.004012814548412571,-0.0017516508136384422,0.6743782152621415,0.9485114150421096,-0.2741331997799681,21.305803929687936,0.012761906534284979
LRG,52.81931174039251,53.25582601049039,53.03756887544145,1.0,11.0,0.09090909090909091,0.008601696701325243,0.019705419251005152,0.003900787675051922,0.0017027494847820992,0.01580463157595323,0.006898947216543144,0.6829799119634667,0.9502141645268917,-0.2672342525634249,21.474313349273185,0.012308279245110987
LRG,53.25582601049039,53.69234028058826,53.474083145539325,0.0,23.0,0.0,0.0,0.0,0.003791654787988444,0.0016551114222418835,-0.003791654787988444,-0.0016551114222418835,0.6829799119634667,0.9518692759491335,-0.26888936398566676,21.642822768858434,0.011870776327082545
LRG,53.69234028058826,54.128854550686135,53.9105974156372,1.0,21.0,0.047619047619047616,0.004505650653075127,0.0103218862743362,0.0036853516946638845,0.0016087086050501674,0.006636534579672316,0.0028969420480249594,0.6874855626165419,0.9534779845541836,-0.2659924219376417,21.81133218844368,0.01144882463270377
LRG,54.128854550686135,54.565368820784016,54.34711168573507,1.0,22.0,0.045454545454545456,0.004300848350662622,0.009852709625502576,0.0035818151095376254,0.0015635134081653775,0.00627089451596495,0.0027373349424972444,0.6917864109672045,0.955041497962349,-0.26325508699514455,21.979841608028924,0.011041871387245552
LRG,54.565368820784016,55.00188309088189,54.78362595583295,0.0,13.0,0.0,0.0,0.0,0.0034809826707126847,0.0015194986097294945,-0.0034809826707126847,-0.0015194986097294945,0.6917864109672045,0.9565609965720785,-0.264774585604874,22.148351027614172,0.010649383464587004
LRG,55.00188309088189,55.43839736097977,55.220140225930834,2.0,21.0,0.09523809523809523,0.009011301306150254,0.020643772548672064,0.0033827929542334725,0.0014766373973094781,0.01726097959443859,0.007534663908840776,0.7007977122733547,0.958037633969388,-0.25723992169603327,22.31686044719942,0.010270846688797533
LRG,55.43839736097977,55.874911631077644,55.65665449602871,0.0,21.0,0.0,0.0,0.0,0.00328718548619809,0.0014349033731840832,-0.00328718548619809,-0.0014349033731840832,0.7007977122733547,0.9594725373425721,-0.25867482506921735,22.485369866784666,0.00990576516054437
LRG,55.874911631077644,56.31142590117552,56.09316876612658,0.0,14.0,0.0,0.0,0.0,0.003194100752826975,0.0013942705587393358,-0.003194100752826975,-0.0013942705587393358,0.7007977122733547,0.9608668079013114,-0.26006909562795666,22.65387928636991,0.009553660607443318
LRG,56.31142590117552,56.7479401712734,56.529683036224455,0.0,17.0,0.0,0.0,0.0,0.003103480208614141,0.0013547133980264206,-0.003103480208614141,-0.0013547133980264206,0.7007977122733547,0.9622215212993378,-0.26142380902598306,22.82238870595516,0.009214071757501505
LRG,56.7479401712734,57.18445444137127,56.966197306322336,1.0,20.0,0.05,0.004730933185728884,0.010837980588053011,0.003015266282686294,0.0013162067605375365,0.007822714305366718,0.0034147264251913477,0.7055286454590837,0.9635377280598754,-0.2580090826007917,22.990898125540408,0.008886553734831382
LRG,57.18445444137127,57.62096871146915,57.40271157642022,1.0,20.0,0.05,0.004730933185728884,0.010837980588052834,0.002929402383485395,0.0012787259432501196,0.007908578204567439,0.0034522072424787646,0.7102595786448126,0.9648164540031254,-0.25455687535831284,23.159407545125656,0.00857067747684432
LRG,57.62096871146915,58.05748298156703,57.83922584651809,2.0,14.0,0.14285714285714285,0.01351695195922538,0.0309656588230086,0.0028458329018893167,0.0012422466719887288,0.028119825921119283,0.012274705287236651,0.723776530604038,0.9660587006751141,-0.2422821700710761,23.3279169647109,0.008266029172160343
LRG,58.05748298156703,58.4939972516649,58.275740116615964,2.0,23.0,0.08695652173913043,0.008227709888224145,0.018848661892266104,0.0027645032128700256,0.001206745102149186,0.01608415867939608,0.007020964786074959,0.7320042404922622,0.9672654457772633,-0.23526120528500105,23.496426384296146,0.00797220971849748
LRG,58.4939972516649,58.93051152176278,58.71225438671384,0.0,16.0,0.0,0.0,0.0,0.002685359675795693,0.0011721978188302387,-0.002685359675795693,-0.0011721978188302387,0.7320042404922622,0.9684376435960935,-0.23643340310383132,23.66493580388139,0.007688834199830817
LRG,58.93051152176278,59.367025791860655,59.14876865681172,1.0,16.0,0.0625,0.005913666482161104,0.013547475735066261,0.0026083496334656352,0.0011385818364123082,0.010939126101600626,0.004775084645748796,0.7379179069744233,0.9695762254325059,-0.2316583184580826,23.83344522346664,0.007415531382136035
LRG,59.367025791860655,59.803540061958536,59.5852829269096,0.0,17.0,0.0,0.0,0.0,0.002533421409972167,0.0011058745976243445,-0.002533421409972167,-0.0011058745976243445,0.7379179069744233,0.9706821000301302,-0.23276419305570695,24.00195464305189,0.007151943227057024
LRG,59.803540061958536,60.24005433205641,60.02179719700747,0.0,13.0,0.0,0.0,0.0,0.0024605243074691838,0.001074053972132987,-0.0024605243074691838,-0.001074053972132987,0.7379179069744233,0.9717561540022632,-0.23383824702783995,24.170464062637134,0.006897724422860315
LRG,60.24005433205641,60.67656860215428,60.45831146710535,1.0,8.0,0.125,0.011827332964322208,0.027094951470132522,0.0023896086019345006,0.001043098254693039,0.024705342868198022,0.01078423470962917,0.7497452399387455,0.9727992522569563,-0.22305401231821076,24.338973482222382,0.006652541932062
LRG,60.67656860215428,61.113082872252164,60.89482573720322,1.0,11.0,0.09090909090909091,0.008601696701325243,0.019705419251005152,0.0023206255379927803,0.0010129861628874204,0.017384793713012374,0.007588710538437823,0.7583469366400708,0.9738122384198438,-0.21546530177977297,24.507482901807627,0.006416074555134404
LRG,61.113082872252164,61.54959714235004,61.3313400073011,0.0,6.0,0.0,0.0,0.0,0.0022535273228810448,0.0009836968344930346,-0.0022535273228810448,-0.0009836968344930346,0.7583469366400708,0.9747959352543368,-0.21644899861426603,24.675992321392876,0.006188012509720996
LRG,61.54959714235004,61.98611141244792,61.76785427739898,1.0,15.0,0.06666666666666667,0.006307910914305178,0.014450640784070445,0.0021882671196157433,0.0009552098244982582,0.012262373664454701,0.00535270108980692,0.764654847554376,0.9757511450788351,-0.21109629752445913,24.844501740978124,0.005968057024808274
LRG,61.98611141244792,62.42262568254579,62.204368547496856,0.0,19.0,0.0,0.0,0.0,0.002124799039431782,0.0009275051018022275,-0.002124799039431782,-0.0009275051018022275,0.764654847554376,0.9766786501806373,-0.2120238026262613,25.01301116056337,0.005755919949323014
LRG,62.42262568254579,62.859139952643666,62.64088281759473,1.0,9.0,0.1111111111111111,0.010513184857175296,0.024084401306784464,0.0020630781335478254,0.0009005630456205125,0.02202132317323664,0.009612621811554783,0.7751680324115513,0.9775792132262577,-0.20241118081470644,25.181520580148614,0.00555132337464201
LRG,62.859139952643666,63.29565422274155,63.0773970876926,0.0,20.0,0.0,0.0,0.0,0.002003060384325421,0.0008743644416257918,-0.002003060384325421,-0.0008743644416257918,0.7751680324115513,0.9784535776678835,-0.20328554525633225,25.350029999733863,0.005353999270519968
LRG,63.29565422274155,63.73216849283942,63.513911357790484,0.0,21.0,0.0,0.0,0.0,0.0019447026958608654,0.000848890477841073,-0.0019447026958608654,-0.000848890477841073,0.7751680324115513,0.9793024681457246,-0.20413443573417334,25.51853941931911,0.005163689133958419
LRG,63.73216849283942,64.1686827629373,63.95042562788836,1.0,15.0,0.06666666666666667,0.006307910914305178,0.01445064078407068,0.0018879628840767343,0.0008241227403146322,0.012562677899993947,0.005483788173990546,0.7814759433258565,0.9801265908860393,-0.1986506475601828,25.687048838904357,0.00498014365055578
LRG,64.1686827629373,64.60519703303517,64.38693989798622,0.0,14.0,0.0,0.0,0.0,0.001832799666348032,0.0008000432085915377,-0.001832799666348032,-0.0008000432085915377,0.7814759433258565,0.9809266340946308,-0.1994506907687743,25.855558258489598,0.004803122367894802
LRG,64.60519703303517,65.04171130313306,64.82345416808411,1.0,3.0,0.3333333333333333,0.03153955457152589,0.07225320392035103,0.0017791726507170942,0.0007766342510058968,0.07047403126963393,0.030762920320519988,0.8130154978973824,0.9817032683456367,-0.16868777044825434,26.02406767807485,0.004632393380539689
LRG,65.04171130313306,65.47822557323093,65.259968438182,0.0,2.0,0.0,0.0,0.0,0.0017270423247341864,0.0007538786198094783,-0.0017270423247341864,-0.0007538786198094783,0.8130154978973824,0.9824571469654462,-0.1694416490680638,26.192577097660102,0.004467733026230058
LRG,65.47822557323093,65.9147398433288,65.69648270827986,0.0,7.0,0.0,0.0,0.0,0.001676370043967156,0.0007317594461562635,-0.001676370043967156,-0.0007317594461562635,0.8130154978973824,0.9831889064116024,-0.17017340851422003,26.36108651724534,0.004308925592873843
LRG,65.9147398433288,66.35125411342668,66.13299697837775,0.0,2.0,0.0,0.0,0.0,0.001627118020216002,0.0007102602349576854,-0.001627118020216002,-0.0007102602349576854,0.8130154978973824,0.9838991666465601,-0.1708836687491777,26.529595936830592,0.004155763035955202
LRG,66.35125411342668,66.78776838352455,66.5695112484756,0.0,3.0,0.0,0.0,0.0,0.001579249309469759,0.000689364859625763,-0.001579249309469759,-0.000689364859625763,0.8130154978973824,0.9845885315061859,-0.1715730336088035,26.698105356415834,0.004008044705987401
LRG,66.78776838352455,67.22428265362244,67.0060255185735,0.0,3.0,0.0,0.0,0.0,0.0015327277996360585,0.0006690575567168759,-0.0015327277996360585,-0.0006690575567168759,0.8130154978973824,0.9852575890629027,-0.17224209116552036,26.866614776001086,0.003865577085653344
LRG,67.22428265362244,67.66079692372031,67.44253978867138,1.0,7.0,0.14285714285714285,0.01351695195922538,0.0309656588230086,0.0014875181980776137,0.0006493229204911538,0.029478140624930985,0.012867629038734226,0.8265324498566078,0.9859069119833939,-0.15937446212678608,27.035124195586334,0.0037281735362896854
LRG,67.66079692372031,68.09731119381819,67.87905405876924,1.0,4.0,0.25,0.023654665928644417,0.054189902940265045,0.0014435860189833231,0.0006301458974000005,0.05274631692128172,0.023024520031244416,0.8501871157852522,0.9865370578807938,-0.13634994209554163,27.203633615171576,0.003595654053382191
LRG,68.09731119381819,68.53382546391606,68.31556832886713,0.0,4.0,0.0,0.0,0.0,0.0014008975706018474,0.0006115117805131499,-0.0014008975706018474,-0.0006115117805131499,0.8501871157852522,0.9871485696613069,-0.13696145387605474,27.372143034756828,0.003467845030752123
LRG,68.53382546391606,68.97033973401393,68.75208259896499,0.0,4.0,0.0,0.0,0.0,0.0013594199423625497,0.0005934062038968819,-0.0013594199423625497,-0.0005934062038968819,0.8501871157852522,0.9877419758652038,-0.13755486007995166,27.540652454342066,0.0033445790331247858
LRG,68.97033973401393,69.40685400411182,69.18859686906288,0.0,0.0,nan,0.0,0.0,0.0013191209919104034,0.0005758151369545716,-0.0013191209919104034,-0.0005758151369545716,0.8501871157852522,0.9883177910021584,-0.13813067521690625,27.709161873927318,0.003225694576782103
LRG,69.40685400411182,69.8433682742097,69.62511113916077,1.0,4.0,0.25,0.023654665928644417,0.054189902940265045,0.001279969332074023,0.000558724878737955,0.052909933608191025,0.023095941049906463,0.8738417817138966,0.9888765158808964,-0.11503473416699983,27.87767129351257,0.0031110359180121267
LRG,69.8433682742097,70.27988254430757,70.06162540925862,0.0,2.0,0.0,0.0,0.0,0.0012419343177908057,0.0005421220522399542,-0.0012419343177908057,-0.0005421220522399542,0.8738417817138966,0.9894186379331363,-0.11557685621923974,28.04618071309781,0.003000452849078083
LRG,70.27988254430757,70.71639681440544,70.49813967935651,1.0,3.0,0.3333333333333333,0.03153955457152589,0.07225320392035339,0.0012049860330050216,0.0005259935986753194,0.07104821788734837,0.031013560972850567,0.9053813362854225,0.9899446315318117,-0.08456329524638917,28.21469013268306,0.002893800501439813
LRG,70.71639681440544,71.15291108450332,70.93465394945437,0.0,0.0,nan,0.0,0.0,0.0011690952775644916,0.0005103267717609351,-0.0011690952775644916,-0.0005103267717609351,0.9053813362854225,0.9904549583035726,-0.08507362201815005,28.3831995522683,0.002790939155969854
LRG,71.15291108450332,71.5894253546012,71.37116821955226,0.0,2.0,0.0,0.0,0.0,0.0011342335541210701,0.0004951091319976922,-0.0011342335541210701,-0.0004951091319976922,0.9053813362854225,0.9909500674355702,-0.08556873115014774,28.551708971853554,0.0026917340599153647
LRG,71.5894253546012,72.02593962469908,71.80768248965015,0.0,0.0,nan,0.0,0.0,0.0011003730550648504,0.00048032854096700055,-0.0011003730550648504,-0.00048032854096700055,0.9053813362854225,0.9914303959765373,-0.08604905969111476,28.720218391438806,0.0025960552503663083
LRG,72.02593962469908,72.46245389479695,72.24419675974801,0.0,3.0,0.0,0.0,0.0,0.0010674866494923799,0.0004659731556423909,-0.0010674866494923799,-0.0004659731556423909,0.9053813362854225,0.9918963691321796,-0.0865150328467571,28.888727811024044,0.002503777383998476
LRG,72.46245389479695,72.89896816489482,72.6807110298459,0.0,3.0,0.0,0.0,0.0,0.0010355478702365531,0.0004520314227277166,-0.0010355478702365531,-0.0004520314227277166,0.9053813362854225,0.9923484005549074,-0.08696706426948486,29.057237230609296,0.0024147795728683683
LRG,72.89896816489482,73.3354824349927,73.11722529994375,0.0,0.0,nan,0.0,0.0,0.0010045309009589394,0.00043849207302285086,-0.0010045309009589394,-0.00043849207302285086,0.9053813362854225,0.9927868926279302,-0.08740555634250768,29.225746650194537,0.002328945226044867
LRG,73.3354824349927,73.77199670509059,73.55373957004164,0.0,0.0,nan,0.0,0.0,0.0009744105633209046,0.0004253441158236964,-0.0009744105633209046,-0.0004253441158236964,0.9053813362854225,0.9932122367437539,-0.08783090045833142,29.39425606977979,0.0022461618968700886
LRG,73.77199670509059,74.20851097518846,73.99025384013953,0.0,0.0,nan,0.0,0.0,0.0009451623042485987,0.00041257683336310146,-0.0009451623042485987,-0.00041257683336310146,0.9053813362854225,0.9936248135771171,-0.08824347729169457,29.562765489365038,0.002166321135649518
LRG,74.20851097518846,74.64502524528633,74.42676811023739,0.0,0.0,nan,0.0,0.0,0.0009167621832942545,0.0004001797752940246,-0.0009167621832942545,-0.0004001797752940246,0.9053813362854225,0.9940249933524111,-0.08864365706698862,29.73127490895028,0.0020893183475782446
LRG,74.64502524528633,75.08153951538421,74.86328238033528,0.0,1.0,0.0,0.0,0.0,0.0008891868601033528,0.0003881427532186352,-0.0008891868601033528,-0.0003881427532186352,0.9053813362854225,0.9944131361056298,-0.08903179982020726,29.89978432853553,0.0020150526557172984
LRG,75.08153951538421,75.51805378548208,75.29979665043314,0.0,0.0,nan,0.0,0.0,0.0008624135820060075,0.0003764558352718451,-0.0008624135820060075,-0.0003764558352718451,0.9053813362854225,0.9947895919409016,-0.08940825565547905,30.06829374812077,0.0019434267688405883
LRG,75.51805378548208,75.95456805557997,75.73631092053103,0.0,1.0,0.0,0.0,0.0,0.0008364201717252697,0.00036510934075580613,-0.0008364201717252697,-0.00036510934075580613,0.9053813362854225,0.9951547012816574,-0.0897733649962349,30.23680316770602,0.0018743468539792058
LRG,75.95456805557997,76.39108232567784,76.17282519062891,0.0,1.0,0.0,0.0,0.0,0.0008111850152194743,0.0003540938348328614,-0.0008111850152194743,-0.0003540938348328614,0.9053813362854225,0.9955087951164903,-0.09012745883106776,30.405312587291274,0.0018077224134962601
LRG,76.39108232567784,76.82759659577572,76.60933946072677,0.0,0.0,nan,0.0,0.0,0.000786687049662957,0.00034340012327907537,-0.000786687049662957,-0.00034340012327907537,0.9053813362854225,0.9958521952397693,-0.09047085895434681,30.573822006876515,0.0017434661665310977
LRG,76.82759659577572,77.26411086587359,77.04585373082466,0.0,0.0,nan,0.0,0.0,0.0007629057515678813,0.00033301924729912344,-0.0007629057515678813,-0.00033301924729912344,0.9053813362854225,0.9961852144870684,-0.09080387820164593,30.742331426461764,0.0016814939346576423
LRG,77.26411086587359,77.70062513597146,77.48236800092252,0.0,0.0,nan,0.0,0.0,0.000739821125054422,0.00032294247840611876,-0.000739821125054422,-0.00032294247840611876,0.9053813362854225,0.9965081569654746,-0.09112682068005207,30.910840846047005,0.0016217245316070866
LRG,77.70062513597146,78.13713940606935,77.91888227102041,0.0,0.0,nan,0.0,0.0,0.0007174136902744584,0.00031316131336838745,-0.0007174136902744584,-0.00031316131336838745,0.9053813362854225,0.9968213182788429,-0.0914399819934204,31.079350265632257,0.0015640796569103843
LRG,78.13713940606935,78.57365367616723,78.3553965411183,0.0,1.0,0.0,0.0,0.0,0.0006956644719895201,0.00030366746922352807,-0.0006956644719895201,-0.00030366746922352807,0.9053813362854225,0.9971249857480664,-0.0917436494626439,31.24785968521751,0.0015084837933213228
LRG,78.57365367616723,79.0101679462651,78.79191081121616,0.0,2.0,0.0,0.0,0.0,0.0006745549883114821,0.0002944528783636663,-0.0006745549883114821,-0.0002944528783636663,0.9053813362854225,0.9974194386264301,-0.09203810234100762,31.416369104802747,0.0014548641078856981
LRG,79.0101679462651,79.44668221636297,79.22842508131404,0.0,0.0,nan,0.0,0.0,0.0006540672396032448,0.00028550968369034146,-0.0006540672396032448,-0.00028550968369034146,0.9053813362854225,0.9977049483101205,-0.09232361202469797,31.584878524388,0.0014031503565270183
LRG,79.44668221636297,79.88319648646085,79.6649393514119,0.0,0.0,nan,0.0,0.0,0.0006341836975475404,0.0002768302338429353,-0.0006341836975475404,-0.0002768302338429353,0.9053813362854225,0.9979817785439634,-0.09260044225854092,31.75338794397324,0.0013532747920237947
LRG,79.88319648646085,80.31971075655873,80.10145362150979,0.0,1.0,0.0,0.0,0.0,0.0006148872943817761,0.00026840707849952613,-0.0006148872943817761,-0.00026840707849952613,0.9053813362854225,0.9982501856224629,-0.09286884933704043,31.92189736355849,0.0013051720752577651
LRG,80.31971075655873,80.75622502665661,80.53796789160768,0.0,0.0,nan,0.0,0.0,0.0005961614123042692,0.0002602329637525156,-0.0005961614123042692,-0.0002602329637525156,0.9053813362854225,0.9985104185862155,-0.09312908230079298,32.09040678314374,0.0012587791896168782
LRG,80.75622502665661,81.19273929675448,80.97448216170554,0.0,0.0,nan,0.0,0.0,0.0005779898730504516,0.00025230082755858053,-0.0005779898730504516,-0.00025230082755858053,0.9053813362854225,0.998762719413774,-0.09338138312835154,32.25891620272898,0.0012140353584408332
LRG,81.19273929675448,81.62925356685236,81.41099643180343,0.0,0.0,nan,0.0,0.0,0.0005603569276415365,0.00024460379526373234,-0.0005603569276415365,-0.00024460379526373234,0.9053813362854225,0.9990073232090377,-0.09362598692361523,32.42742562231423,0.0011708819654010568
LRG,81.62925356685236,82.06576783695023,81.84751070190129,0.0,0.0,nan,0.0,0.0,0.0005432472463075086,0.00023713517520460194,-0.0005432472463075086,-0.00023713517520460194,0.9053813362854225,0.9992444583842424,-0.09386312209881986,32.59593504189947,0.0011292624777108253
LRG,82.06576783695023,82.50228210704812,82.28402497199917,0.0,0.0,nan,0.0,0.0,0.0005266459085845825,0.00022988845438583802,-0.0005266459085845825,-0.00022988845438583802,0.9053813362854225,0.9994743468386282,-0.09409301055320574,32.76444446148473,0.001089122372064881
LRG,82.50228210704812,82.93879637714599,82.72053924209706,0.0,1.0,0.0,0.0,0.0,0.0005105383935845514,0.0002228572942325014,-0.0005105383935845514,-0.0002228572942325014,0.9053813362854225,0.9996972041328608,-0.09431586784743828,32.93295388106998,0.0010504090632115944
LRG,82.93879637714599,83.37531064724386,83.15705351219492,0.0,0.0,nan,0.0,0.0,0.0004949105704408056,0.00021603552641969055,-0.0004949105704408056,-0.00021603552641969055,0.9053813362854225,0.9999132396592805,-0.09453190337385797,33.10146330065522,0.0010130718350640346
LRG,83.37531064724386,83.81182491734174,83.59356778229281,1.0,1.0,1.0,0.09461866371457767,0.21675961176106018,0.00019875716938220207,8.676034071959138e-05,0.21656085459167798,0.09453190337385807,1.0000000000000002,1.0,2.220446049250313e-16,33.26997272024047,0.000977061774259717
ELG,0.0010850585494512899,0.4375993286473278,0.21934219359838955,835.0,12219.0,0.06833619772485473,0.0047640390455059925,0.010913822002744116,0.01560595132867323,0.006812220453418782,-0.004692129325929115,-0.002048181407912789,0.0047640390455059925,0.006812220453418782,-0.002048181407912789,1.0846735794583118,0.9819781383802175
ELG,0.4375993286473278,0.8741135987452043,0.655856463696266,1626.0,23848.0,0.06818181818181818,0.004753276518538736,0.0108891663896187,0.017506508109075676,0.007641840609195725,-0.0066173417194569754,-0.0028885640906569886,0.00951731556404473,0.014454061062614506,-0.004936745498569777,1.2531829990435586,0.9470733159898623
ELG,0.8741135987452043,1.3106278688430808,1.0923707337941426,1757.0,27234.0,0.06451494455460087,0.004497641442011121,0.01030353816612375,0.019155493586393586,0.00836164630122915,-0.008851955420269836,-0.003864004859218028,0.014014957006055852,0.022815707363843654,-0.008800750357787802,1.4216924186288056,0.9134092000658567
ELG,1.3106278688430808,1.7471421389409574,1.528885003892019,8662.0,134229.0,0.06453150958436701,0.004498796268460694,0.010306183730149212,0.020665132246418482,0.009020625119021457,-0.01035894851626927,-0.004521828850560763,0.018513753274516546,0.03183633248286511,-0.013322579208348565,1.5902018382140524,0.880941689179509
ELG,1.7471421389409574,2.183656409038834,1.9653992739898958,31135.0,496629.0,0.06269267400816303,0.004370602356961941,0.010012507394046823,0.02204324691592383,0.00962219183809176,-0.012030739521877006,-0.005251589481129818,0.022884355631478486,0.04145852432095687,-0.018574168689478383,1.7587112577992992,0.8496282495057996
ELG,2.183656409038834,2.6201706791367103,2.401913544087772,49912.0,822391.0,0.06069132565896271,0.004231078912628112,0.009692876504769039,0.02329728035185721,0.010169595328056545,-0.013604403847088171,-0.005938516415428433,0.027115434544106597,0.05162811964901341,-0.024512685104906815,1.9272206773845462,0.8194278591022552
ELG,2.6201706791367103,3.056684949234587,2.838427814185649,65237.0,1074294.0,0.060725462489783985,0.00423345875230806,0.00969832842202116,0.024434312376859238,0.010665926032528228,-0.014735983954838078,-0.006432467280220167,0.03134889329641466,0.06229404568154164,-0.030945152385126982,2.095730096969793,0.7903009541684524
ELG,3.056684949234587,3.4931992193324635,3.2749420842835253,79755.0,1312451.0,0.06076798295707802,0.004236423054876336,0.009705119271189997,0.025461076276820295,0.011114123126882567,-0.015755957005630296,-0.006877700072006231,0.035585316351290995,0.07340816880842421,-0.03782285245713322,2.26423951655504,0.7622093772157513
ELG,3.4931992193324635,3.92971348943034,3.7114563543814016,90265.0,1494826.0,0.060384954503065906,0.004209720332582646,0.009643946649530452,0.026383974491274477,0.011516981367339666,-0.016740027841744026,-0.007307261034757021,0.039795036683873644,0.08492515017576388,-0.045130113491890236,2.4327489361402868,0.7351163270793563
ELG,3.92971348943034,4.366227759528217,4.147970624479278,88332.0,1454658.0,0.060723551515201514,0.004233325529245775,0.009698023224524972,0.027209093626189885,0.01187715764426107,-0.017511070401664913,-0.007643832115015294,0.04402836221311942,0.09680230782002495,-0.052773945606905535,2.6012583557255335,0.7089863107072197
ELG,4.366227759528217,4.802742029626093,4.584484894577155,77193.0,1236831.0,0.06241192208151316,0.004351029814368244,0.009967669128875546,0.027942218817514956,0.012197177252042687,-0.01797454968863941,-0.007846147437674443,0.048379392027487665,0.10899948507206764,-0.06062009304457997,2.7697677753107808,0.6837850966626289
ELG,4.802742029626093,5.239256299723969,5.020999164675031,62090.0,982700.0,0.06318306706014043,0.004404789972384616,0.010090826976623153,0.028588847472642644,0.012479439887460121,-0.018498020496019493,-0.008074649915075505,0.05278418199987228,0.12147892495952775,-0.06869474295965547,2.938277194896027,0.6594796702795626
ELG,5.239256299723969,5.675770569821846,5.457513434772908,42504.0,674298.0,0.06303444471138873,0.0043944288066179935,0.010067090832179812,0.029154202415890354,0.012726225387858121,-0.019087111583710542,-0.008331796581240128,0.057178610806490275,0.13420515034738587,-0.07702653954089558,3.1067866144812744,0.6360381904120694
ELG,5.675770569821846,6.112284839919723,5.894027704870784,30071.0,478015.0,0.0629080677384601,0.0043856184710487104,0.010046907447184594,0.029643244462996834,0.012939699220098005,-0.01959633701581224,-0.008554080749049293,0.06156422927753898,0.14714484956748386,-0.08558062028994487,3.275296034066521,0.6134299477210085
ELG,6.112284839919723,6.548799110017599,6.330541974968661,25902.0,405358.0,0.06389907193147785,0.004454706053135233,0.010205178520593125,0.030060684448609338,0.013121917730727288,-0.019855505928016215,-0.008667211677592055,0.06601893533067421,0.16026676729821115,-0.09424783196753694,3.443805453651768,0.5916253244435031
ELG,6.548799110017599,6.985313380115476,6.767056245066538,29255.0,515883.0,0.05670859477827337,0.00395342393539713,0.009056803422510524,0.030410994729775136,0.013274833167418159,-0.02135419130726461,-0.00932140923202103,0.06997235926607134,0.1735416004656293,-0.10356924119955796,3.612314873237015,0.5705957555924082
ELG,6.985313380115476,7.421827650213352,7.203570515164413,53890.0,951878.0,0.0566143980636174,0.0039468570375959635,0.009041759474921607,0.030698420187486218,0.01340029848129846,-0.021656660712564613,-0.009453441443702495,0.07391921630366731,0.18694189894692775,-0.11302268264326044,3.7808242928222615,0.5503136915349578
ELG,7.421827650213352,7.858341920311228,7.640084785262291,94799.0,1525779.0,0.06213154067528784,0.0043314831025030405,0.009922890038696385,0.030926988747416374,0.013500071919403694,-0.02100409870871999,-0.009168588816900653,0.07825069940617035,0.20044197086633145,-0.1221912714601611,3.9493337124075087,0.5307525619015697
ELG,7.858341920311228,8.294856190409105,8.076599055360166,151158.0,2079942.0,0.07267414187510998,0.005066457617172056,0.011606625405478823,0.031100521440153673,0.013575821416112036,-0.01949389603467485,-0.008509363798939979,0.08331715702334241,0.2140177922824435,-0.13070063525910108,4.117843131992755,0.5118867407775284
ELG,8.294856190409105,8.731370460506982,8.513113325458043,140181.0,1885703.0,0.0743388539976868,0.005182512560460167,0.01187249287245093,0.031222642020351944,0.01362912879204124,-0.019350149147901015,-0.008446616231581074,0.08849966958380258,0.22764692107448473,-0.13914725149068213,4.286352551578002,0.49369151313194176
ELG,8.731370460506982,9.167884730604857,8.94962759555592,98275.0,1407808.0,0.0698071043778697,0.0048665828943088235,0.011148737229638874,0.03129678616345868,0.013661493768551454,-0.0201480489338198,-0.00879491087424263,0.09336625247811141,0.24130841484303617,-0.14794216236492475,4.45486197116325,0.4761430424399965
ELG,9.167884730604857,9.604399000702735,9.386141865653796,85999.0,1247280.0,0.06894923353216599,0.004806776666555428,0.011011728586736992,0.03132621025789201,0.013674337805656368,-0.020314481671155023,-0.00886756113910094,0.09817302914466683,0.2549827526486925,-0.1568097235040257,4.623371390748496,0.4592183394560933
ELG,9.604399000702735,10.040913270800612,9.822656135751673,84695.0,1223610.0,0.06921731597486128,0.004825465959593903,0.011054543436831777,0.031313999809812115,0.013669007770825201,-0.020259456372980336,-0.008843541811231297,0.10299849510426073,0.2686517604195177,-0.16565326531525698,4.791880810333743,0.4428952320969532
ELG,10.040913270800612,10.477427540898487,10.259170405849549,91791.0,1292479.0,0.07101933571067692,0.004951093265004775,0.011342339997028364,0.031263077476911406,0.013646779445847313,-0.019920737479883044,-0.008695686180842538,0.1079495883692655,0.282298539865365,-0.17434895149609952,4.96039022991899,0.427152336395243
ELG,10.477427540898487,10.913941810996365,10.695684675947426,100210.0,1396295.0,0.07176850164184502,0.00500332115983173,0.011461987620037856,0.031176210746981084,0.013608860878636045,-0.01971422312694323,-0.008605539718804314,0.11295290952909724,0.29590740074400107,-0.1829544912149038,5.128899649504237,0.4119690284856648
ELG,10.913941810996365,11.35045608109424,11.132198946045303,107471.0,1496135.0,0.07183242153950012,0.005007777317744403,0.011472196124588451,0.03105601927636131,0.013556395586566407,-0.01958382315177286,-0.008548618268822004,0.11796068684684165,0.3094637963305675,-0.19150310948372584,5.297409069089484,0.3973254175868124
ELG,11.35045608109424,11.786970351192117,11.568713216143179,119130.0,1622294.0,0.07343305220878583,0.005119364840313545,0.011727829285319027,0.030904981902746112,0.013490465617665325,-0.019177152617427085,-0.00837110077735178,0.12308005168715519,0.3229542619482328,-0.1998742102610776,5.46591848867473,0.3832023199433987
ELG,11.786970351192117,12.223484621289995,12.005227486241056,131524.0,1769116.0,0.07434447486767402,0.005182904417850253,0.011873390569082926,0.030725443346222077,0.01341209447570981,-0.018852052777139153,-0.008229190057859556,0.12826295610500543,0.3363663564239426,-0.20810340031893715,5.634427908259978,0.36958123369471746
ELG,12.223484621289995,12.65999889138787,12.441741756338931,147124.0,1925830.0,0.07639511275657768,0.00532586406875541,0.012200893381014192,0.030519620611847802,0.013322249915044819,-0.01831872723083361,-0.007996385846289408,0.13358882017376084,0.3496886063389874,-0.21609978616522657,5.802937327845224,0.356444314636416
ELG,12.65999889138787,13.096513161485747,12.878256026436809,152477.0,1993549.0,0.07648520302234858,0.00533214468661303,0.012215281496793752,0.03028960910652513,0.013221846610684833,-0.018074327609731378,-0.007889701924071804,0.13892096486037386,0.3629104529496722,-0.22398948808929836,5.9714467474304715,0.34377435284382596
ELG,13.096513161485747,13.533027431583623,13.314770296534686,151492.0,1951052.0,0.07764631593622312,0.0054130913509301114,0.012400720255299752,0.03003738848237328,0.013111748709029503,-0.017636668227073528,-0.0076986573580993915,0.14433405621130396,0.3760222016587017,-0.23168814544739774,6.139956167015718,0.33155475012622765
ELG,13.533027431583623,13.9695417016815,13.751284566632561,144313.0,1833497.0,0.07870915523723246,0.00548718689761964,0.012570463953880081,0.02976482821834364,0.012992772264318973,-0.01719436426446356,-0.007505585366699333,0.1498212431089236,0.3890149739230207,-0.2391937308140971,6.308465586600965,0.31976949828251133
ELG,13.9695417016815,14.406055971779377,14.187798836730439,131686.0,1668029.0,0.07894706866607236,0.005503772966235969,0.012608460577936863,0.02947369295127005,0.012865687565712595,-0.016865232373333188,-0.007361914599476626,0.15532501607515958,0.4018806614887333,-0.24655564541357372,6.476975006186212,0.30840315812975083
ELG,14.406055971779377,14.842570241877253,14.624313106828314,121668.0,1491100.0,0.08159613708000804,0.005688452034992761,0.01303153739674374,0.029165647567145004,0.012731221359704179,-0.016134110170401263,-0.007042769324711417,0.16101346811015235,0.4146118828484375,-0.25359841473828515,6.645484425771459,0.29744083927721493
ELG,14.842570241877253,15.27908451197513,15.060827376926191,108091.0,1329961.0,0.08127381178846597,0.005665981216811697,0.012980059542019655,0.028842262062907454,0.012590058972361743,-0.015862202520887797,-0.006924077755550046,0.16667944932696405,0.42720194182079924,-0.2605224924938352,6.8139938453567055,0.28686818061931973
ELG,15.27908451197513,15.715598782073005,15.497341647024069,96592.0,1191910.0,0.08103967581444908,0.005649658492409248,0.012942666206863017,0.028505016188646284,0.012442846335715057,-0.015562349981783267,-0.006793187843305809,0.1723291078193733,0.4396447881565143,-0.26731568033714104,6.982503264941953,0.27667133152196777
ELG,15.715598782073005,16.152113052170883,15.933855917121944,87877.0,1050551.0,0.08364848541384473,0.005831530929091386,0.013359313380027217,0.02815530387966338,0.012290191922415192,-0.014795990499636162,-0.006458660993323806,0.1781606387484647,0.4519349800789295,-0.27377434133046485,7.1510126845272,0.2668369336776258
ELG,16.152113052170883,16.588627322268756,16.37037018721982,75084.0,909480.0,0.0825570655759335,0.0057554428982093606,0.013185005147526782,0.027794437487494033,0.012132668592634436,-0.01460943233996725,-0.006377225694425075,0.18391608164667406,0.46406764867156397,-0.2801515670248899,7.319522104112446,0.257352103605372
ELG,16.588627322268756,17.025141592366637,16.806884457317697,65247.0,781403.0,0.08349980739771923,0.005821165882489259,0.01333556834507143,0.027423651818556338,0.011970815356995542,-0.014088083473484907,-0.0061496494745062824,0.18973724752916332,0.47603846402855954,-0.2863012164993962,7.4880315236976935,0.2482044157729859
ELG,17.025141592366637,17.46165586246451,17.243398727415574,56584.0,659758.0,0.08576478041948715,0.00597906784765516,0.0136973021439014,0.027044107988775108,0.01180513905916824,-0.013346805844873709,-0.005826071211513081,0.1957163153768185,0.4878436030877278,-0.2921272877109093,7.65654094328294,0.23938188631897125
ELG,17.46165586246451,17.89817013256239,17.67991299751345,46657.0,540192.0,0.0863711421124341,0.006021340184675276,0.013794142819947432,0.02665689710215006,0.011636115981619347,-0.01286275428220263,-0.005614775796944071,0.20173765556149378,0.49947971906934713,-0.29774206350785337,7.825050362868187,0.23087295735318536
ELG,17.89817013256239,18.334684402660265,18.11642726761133,35587.0,411871.0,0.08640326704235064,0.006023579765242412,0.013799273420985358,0.026263043760918786,0.01146419337784598,-0.012463770339933428,-0.005440613612603567,0.20776123532673618,0.5109439124471931,-0.3031826771204569,7.993559782453435,0.22266648181551024
ELG,18.334684402660265,18.77119867275814,18.552941537709202,23765.0,274895.0,0.08645119045453718,0.006026920732613319,0.013806927162454468,0.025863509414641026,0.011289790934301512,-0.012056582252186558,-0.005262870201688193,0.2137881560593495,0.5222337033814946,-0.308445547322145,8.16206920203868,0.21475170887272782
ELG,18.77119867275814,19.20771294285602,18.98945580780708,15544.0,176710.0,0.08796332974930678,0.00613233910358461,0.014048427562767968,0.025459195555209813,0.011113302165061623,-0.011410767992441844,-0.004980963061477012,0.2199204951629341,0.5333470055465561,-0.313426510383622,8.330578621623928,0.20711826983446943
ELG,19.20771294285602,19.644227212953894,19.425970077904957,6203.0,72136.0,0.08599035155816791,0.005994793476940845,0.013733327608274327,0.025050946764525288,0.010935095742177447,-0.011317619156250961,-0.0049403022652366015,0.22591528863987495,0.5442821012887336,-0.3183668126488586,8.499088041209175,0.19975616456978929
ELG,19.644227212953894,20.080741483051774,19.862484348002834,1964.0,25871.0,0.0759151173128213,0.005292401319702156,0.012124234377298653,0.024639553621259514,0.010755516764521692,-0.01251531924396086,-0.005463115444819536,0.2312076899595771,0.5550376180532552,-0.32382992809367817,8.667597460794422,0.1926557484065657
ELG,20.080741483051774,20.517255753149648,20.29899861810071,1658.0,22017.0,0.07530544579188808,0.005249898238943208,0.012026865095993529,0.0242257554728834,0.010574887967815267,-0.012198890376889872,-0.005324989728872059,0.2364575881985203,0.5656125060210705,-0.3291549178225502,8.836106880379669,0.18580771949656932
ELG,20.517255753149648,20.95377002324752,20.735512888198585,1542.0,21138.0,0.07294919103037184,0.005085632592642259,0.011650552893727795,0.023810243078851375,0.010393510878417757,-0.01215969018512358,-0.005307878285775498,0.24154322079116256,0.5760060168994883,-0.33446279610832574,9.004616299964916,0.17920310662964473
ELG,20.95377002324752,21.390284293345402,21.172027158296462,1567.0,20486.0,0.07649126232549058,0.005332567109248736,0.012216249214608722,0.023393661130624313,0.010211666913351637,-0.011177411916015591,-0.004879099804102901,0.2468757879004113,0.5862176838128399,-0.3393418959124286,9.173125719550162,0.17283325748104206
ELG,21.390284293345402,21.826798563443276,21.60854142839434,1537.0,20095.0,0.07648668823090321,0.005332248227514932,0.012215518696145613,0.022976610653916162,0.010029618428917243,-0.010761091957770549,-0.004697370201402311,0.2522080361279262,0.5962473022417571,-0.34403926611383095,9.341635139135409,0.16668982727650275
ELG,21.826798563443276,22.263312833541157,22.045055698492217,1494.0,19388.0,0.07705797400453888,0.005372075256561831,0.012306757475207479,0.02255965129837901,0.009847609720174622,-0.01025289382317153,-0.00447553446361279,0.257580111384488,0.6060949119619318,-0.3485148005774438,9.510144558720656,0.16076476786024868
ELG,22.263312833541157,22.69982710363903,22.481569968590094,1487.0,18583.0,0.08001937254479902,0.005578528333332481,0.012779715843153724,0.022143303519680295,0.009665867973448922,-0.00936358767652657,-0.004087339640116441,0.2631586397178205,0.6157607799353807,-0.3526021402175602,9.678653978305904,0.15505031715155487
ELG,22.69982710363903,23.136341373736904,22.918084238687968,1425.0,17684.0,0.08058131644424338,0.005617704096214634,0.012869462652286378,0.021728050658729216,0.009484604173944807,-0.008858588006442838,-0.0038669000777301734,0.26877634381403515,0.6252453841093255,-0.35646904029529036,9.84716339789115,0.14953898897609222
ELG,23.136341373736904,23.572855643834785,23.354598508785845,1345.0,17068.0,0.0788024373095852,0.005493690031386658,0.0125853618259829,0.02131434092261488,0.009304013970452626,-0.008728979096631981,-0.0038103239390659682,0.2742700338454218,0.6345493980797782,-0.36027936423435636,10.015672817476396,0.14422356325871974
ELG,23.572855643834785,24.00936991393266,23.791112778883722,1230.0,16092.0,0.07643549589858314,0.0053286793682847874,0.012207342882719527,0.020902589271605744,0.009124278499050627,-0.008695246388886217,-0.0037955991307658393,0.2795987132137066,0.6436736765788288,-0.3640749633651222,10.184182237061643,0.13909707656487785
ELG,24.00936991393266,24.44588418403054,24.2276270489816,1193.0,15545.0,0.07674493406239949,0.005350251763935571,0.01225676256296471,0.020493179216398497,0.00894556516763125,-0.008236416653433786,-0.0035953134036956786,0.28494896497764216,0.65261924174646,-0.36767027676881786,10.352691656646892,0.13415281297819215
ELG,24.44588418403054,24.882398454128413,24.664141319079476,1157.0,14090.0,0.08211497515968773,0.005724622687621718,0.013114399871367694,0.02008646452959865,0.008768028402984586,-0.006972064658230958,-0.003043405715362868,0.29067358766526386,0.6613872701494447,-0.3707136824841808,10.521201076232138,0.12938429530233606
ELG,24.882398454128413,25.318912724226287,25.10065558917735,1098.0,13508.0,0.0812851643470536,0.005666772657280709,0.012981872633877754,0.01968277087527089,0.00859181036212256,-0.006700898241393135,-0.002925037704841851,0.29634036032254457,0.6699790805115672,-0.3736387201890226,10.689710495817383,0.12478527657562723
ELG,25.318912724226287,25.755426994324168,25.537169859275227,1001.0,12436.0,0.08049211965262142,0.0056114857666591635,0.012855217231273756,0.019282397360214146,0.008417041609431181,-0.006427180128940391,-0.0028055558427720175,0.3019518460892037,0.6783961221209983,-0.3764442760317946,10.85821991540263,0.12034973188724116
ELG,25.755426994324168,26.19194126442204,25.973684129373105,949.0,11448.0,0.08289657582110413,0.005779111760659896,0.013239227572936217,0.018885618010472654,0.008243841761188728,-0.005646390437536437,-0.0024647300005288322,0.3077309578498636,0.6866399638821871,-0.37890900603232347,11.026729334987879,0.11607185048432088
ELG,26.19194126442204,26.628455534519922,26.410198399470982,866.0,10545.0,0.08212422949265054,0.005725267850874032,0.013115877860282184,0.018492683176431504,0.008072320098911357,-0.00537680531614932,-0.0023470522480373256,0.3134562257007376,0.6947122839810984,-0.3812560582803608,11.195238754573126,0.11194602815964258
ELG,26.628455534519922,27.064969804617796,26.84671266956886,753.0,9274.0,0.0811947379771404,0.005660468608016153,0.01296743083965384,0.018103820869713533,0.007902576152925656,-0.005136390030059694,-0.002242107544909503,0.3191166943087538,0.7026148601340241,-0.3834981658252703,11.363748174158372,0.10796685990986524
ELG,27.064969804617796,27.50148407471567,27.283226939666733,669.0,8247.0,0.08112040742088032,0.005655286673930166,0.012955559671994589,0.01771923803495074,0.007734700257517003,-0.00476367836295615,-0.0020794135835868373,0.32477198098268395,0.7103495603915411,-0.3855775794088571,11.53225759374362,0.10412913285474518
ELG,27.50148407471567,27.93799834481355,27.71974120976461,572.0,7005.0,0.08165596002855104,0.005692622575235923,0.013041091586672413,0.017339121759364026,0.007568774078927071,-0.004298030172691612,-0.0018761515036911482,0.33046460355791984,0.7179183344704682,-0.3874537309125483,11.700767013328866,0.10042781940804064
ELG,27.93799834481355,28.374512614911424,28.156255479862487,447.0,5944.0,0.07520188425302826,0.005242678475023545,0.012010325513179787,0.016963640422975754,0.007404871117438046,-0.004953314909795966,-0.0021621926424145003,0.33570728203294337,0.7253232055879062,-0.38961592355496283,11.869276432914113,0.09685807069115929
ELG,28.374512614911424,28.811026885009305,28.592769749960365,401.0,4524.0,0.08863837312113174,0.006179399564772875,0.014156237236842797,0.01659294479213772,0.0072430571847144284,-0.002436707555294921,-0.0010636576199415538,0.34188668159771624,0.7325662627726206,-0.39067958117490437,12.03778585249936,0.09341521018092012
ELG,28.811026885009305,29.24754115510718,29.029284020058242,259.0,3648.0,0.07099780701754387,0.004949592398142128,0.011338901697377151,0.016227169058959833,0.007083390857526651,-0.004888267361582682,-0.0021337984593845236,0.34683627399585837,0.7396496536301472,-0.39281337963428886,12.206295272084606,0.09009472758310876
ELG,29.24754115510718,29.684055425205052,29.465798290156116,251.0,3008.0,0.0834441489361702,0.005817285668300288,0.013326679256089283,0.01586643182909429,0.006925923908934765,-0.0025397525730050073,-0.001108638240634477,0.3526535596641587,0.746575577539082,-0.3939220178749233,12.374804691669853,0.08689227292379921
ELG,29.684055425205052,30.120569695302933,29.902312560253993,239.0,2454.0,0.0973920130399348,0.006789657140580461,0.015554261580172389,0.015510837060243124,0.0067707017179591865,4.342451992926481e-05,1.89554226212741e-05,0.3594432168047391,0.7533462792570412,-0.3939030624523021,12.5433141112551,0.08380365085070259
ELG,30.120569695302933,30.557083965400807,30.33882683035187,219.0,2347.0,0.09331060928845335,0.006505123211566434,0.014902429673393905,0.015160474953638968,0.0066177636587248095,-0.0002580452802450634,-0.00011264044715837522,0.36594834001630555,0.759964042915766,-0.3940157028994605,12.711823530840347,0.08082481513707644
ELG,30.557083965400807,30.993598235498688,30.775341100449747,174.0,2261.0,0.07695709862892526,0.005365042757766853,0.012290646893545622,0.014815422800651382,0.006467143470017839,-0.0025247759071057602,-0.0011021007122509856,0.3713133827740724,0.7664311863857839,-0.3951178036117115,12.880332950425593,0.07795186338099505
ELG,30.993598235498688,31.43011250559656,31.211855370547624,179.0,2103.0,0.08511650023775559,0.005933873174831366,0.013593766759333879,0.01447574578659645,0.00631886960615852,-0.0008819790272625704,-0.000384996431327154,0.37724725594890374,0.7727500559919425,-0.3955028000430387,13.048842370010842,0.07518103189303646
ELG,31.43011250559656,31.866626775694435,31.648369640645498,148.0,1761.0,0.08404315729699034,0.005859045369813411,0.013422345547832186,0.014141497753709783,0.006172965570051346,-0.0007191522058775969,-0.00031392020023793526,0.38310630131871715,0.7789230215619938,-0.39581672024327663,13.217351789596087,0.07250869076568849
ELG,31.866626775694435,32.30314104579231,32.08488391074337,118.0,1480.0,0.07972972972972973,0.0055583359649218735,0.012733457633986634,0.013812721925174737,0.0060294502292325474,-0.001079264291188103,-0.00047111426431067395,0.38866463728363904,0.7849524717912263,-0.39628783450758726,13.385861209181334,0.06993133911801508
ELG,32.30314104579231,32.73965531589019,32.521398180841246,98.0,1263.0,0.07759303246239113,0.005409376708350232,0.012392210470318124,0.013489451592011006,0.00588833811570738,-0.001097241121692882,-0.000478961407357148,0.39407401399198927,0.7908408099069336,-0.39676679591494435,13.554370628766579,0.0674456005093528
ELG,32.73965531589019,33.17616958598806,32.957912450939126,105.0,1073.0,0.097856477166822,0.0068220371281916626,0.015628440111848003,0.013171710764549741,0.005749639710327736,0.0024567293472982626,0.0010723974178639267,0.40089605112018095,0.7965904496172613,-0.3956943984970804,13.722880048351827,0.06504821851602954
ELG,33.17616958598806,33.612683856085944,33.39442672103701,79.0,975.0,0.08102564102564103,0.00564868006100535,0.012940424741987772,0.012859514790142284,0.005613361712431862,8.090995184548838e-05,3.531834857348811e-05,0.4065447311811863,0.8022038113296932,-0.3956590801485069,13.891389467937076,0.06273605246531047
ELG,33.612683856085944,34.04919812618382,33.83094099113488,61.0,834.0,0.07314148681055156,0.005099038439551546,0.011681264024674974,0.012552870938683193,0.005479507295432105,-0.0008716069140082185,-0.0003804688558805584,0.41164376962073784,0.8076833186251253,-0.3960395490043875,14.059898887522321,0.060506073320982734
ELG,34.04919812618382,34.48571239628169,34.267455261232755,56.0,707.0,0.07920792079207921,0.005521958199754572,0.01265012069025019,0.012251778957452117,0.005348076349012699,0.0003983417327980722,0.00017388185074187264,0.41716572782049244,0.813031394974138,-0.3958656671536456,14.228408307107568,0.05835535971518865
ELG,34.48571239628169,34.92222666637957,34.70396953133063,59.0,543.0,0.10865561694290976,0.007574896158457065,0.017353146683517416,0.011956231596714708,0.0052190657085611405,0.005396915086802708,0.002355830449895925,0.4247406239789495,0.8182504606826991,-0.3935098367037496,14.396917726692813,0.056281094121309126
ELG,34.92222666637957,35.358740936477446,35.14048380142851,39.0,506.0,0.07707509881422925,0.0053732691079133536,0.01230949244043861,0.011666215107470342,0.0050924693724422035,0.0006432773329682669,0.0002807997354711501,0.4301138930868629,0.8233429300551414,-0.3932290369682785,14.565427146278061,0.054280559162883664
ELG,35.358740936477446,35.79525520657533,35.57699807152639,29.0,414.0,0.07004830917874397,0.004883398420012422,0.011187259511395594,0.011381709712646964,0.0049682787076820506,-0.00019445020125137026,-8.488028766962842e-05,0.43499729150687527,0.8283112087628234,-0.3933139172559481,14.73393656586331,0.052351134053731145
ELG,35.79525520657533,36.2317694766732,36.01351234162426,19.0,360.0,0.05277777777777778,0.0036793881199059107,0.008429021390482678,0.011102690053012334,0.004846482644613601,-0.0026736686625296567,-0.0011670945247076905,0.4386766796267812,0.833157691407437,-0.3944810117806558,14.902445985448557,0.05049029116460805
ELG,36.2317694766732,36.668283746771074,36.45002661172214,19.0,293.0,0.06484641638225255,0.0045207499084168185,0.010356476793767113,0.010829125609006887,0.004727067861013833,-0.0004726488152397741,-0.00020631795259701442,0.44319742953519803,0.8378847592684509,-0.3946873297332528,15.070955405033802,0.04869559271190628
ELG,36.668283746771074,37.104798016868955,36.88654088182001,21.0,261.0,0.08045977011494253,0.005609230527624256,0.01285005075863037,0.010560981099630783,0.004610018956222846,0.002289069658999587,0.0009992115714014095,0.44880666006282227,0.8424947782246737,-0.3936881181618514,15.239464824619048,0.04696468756405253
ELG,37.104798016868955,37.54131228696683,37.32305515191789,14.0,216.0,0.06481481481481481,0.004518546813919539,0.010351429777785746,0.01029821685950483,0.004495318615736368,5.321291828091525e-05,2.32281981831714e-05,0.4533252068767418,0.84699009684041,-0.3936648899636682,15.407974244204297,0.04529530816142568
ELG,37.54131228696683,37.97782655706471,37.75956942201577,19.0,172.0,0.11046511627906977,0.00770104490212865,0.017642137794033227,0.010040789195130653,0.004382947766719145,0.007601348598902574,0.0033180971354095055,0.46102625177887047,0.8513730446071291,-0.3903467928282587,15.576483663789546,0.04368526754575688
ELG,37.97782655706471,38.41434082716258,38.196083692113646,15.0,144.0,0.10416666666666667,0.007261950236656403,0.016636226428584235,0.009788650721375948,0.0042728857248844464,0.0068475757072082866,0.002989064511771957,0.46828820201552684,0.8556459303320136,-0.3873577283164868,15.74499308337479,0.042132456495120874
ELG,38.41434082716258,38.85085509726046,38.63259796221152,10.0,139.0,0.07194244604316546,0.005015447645460537,0.011489767893122923,0.009541750679114778,0.004165110333149678,0.0019480172140081443,0.0008503373123108591,0.47330364966098737,0.8598110406651633,-0.38650739100417597,15.913502502960036,0.04063484076076515
ELG,38.85085509726046,39.28736936735834,39.069112232309394,6.0,110.0,0.05454545454545454,0.003802621214830989,0.008711333111694875,0.009300035234963207,0.004059598092474538,-0.0005887021232683313,-0.0002569768776435489,0.47710627087581836,0.8638706387576379,-0.38676436788181956,16.082011922545284,0.039190458402157395
ELG,39.28736936735834,39.72388363745621,39.505626502407274,4.0,90.0,0.044444444444444446,0.0030984321009733984,0.00709812327619594,0.009063447763960751,0.0039563242852555325,-0.0019653244877648112,-0.0008578921842821341,0.48020470297679174,0.8678269630428934,-0.3876222600661017,16.250521342130533,0.037797417216759575
ELG,39.72388363745621,40.16039790755409,39.942140772505155,3.0,94.0,0.031914893617021274,0.002224937944847919,0.005097056607906575,0.008831929116043222,0.0038552630916458288,-0.0037348725081366475,-0.00163032514679791,0.48242964092163965,0.8716822261345393,-0.3892525852128996,16.41903076171578,0.036453892261161906
ELG,40.16039790755409,40.596912177651966,40.37865504260303,9.0,90.0,0.1,0.006971472227190147,0.015970777371440866,0.008605417867100161,0.003756387699144428,0.007365359504340705,0.003215084528045719,0.4894011131488298,0.8754386138336837,-0.38603750068485393,16.587540181301023,0.03515812346032908
ELG,40.596912177651966,41.03342644774984,40.8151693127009,6.0,79.0,0.0759493670886076,0.005294789033308972,0.012129704332739896,0.008383850555372569,0.00365967040578811,0.003745853777367327,0.0016351186275208622,0.49469590218213877,0.8790982842394718,-0.384402382057333,16.75604960088627,0.03390841330182675
ELG,41.03342644774984,41.46994071784772,41.251683582798776,13.0,83.0,0.1566265060240964,0.01091917336788818,0.025014470581774438,0.00816716190391842,0.0035650827172601673,0.01684730867785602,0.007354090650628014,0.5056150755500269,0.882663366956732,-0.37704829140670504,16.924559020471516,0.03270312461200793
ELG,41.46994071784772,41.906454987945594,41.68819785289666,12.0,91.0,0.13186813186813187,0.009193150189701292,0.021060365764537403,0.007955285029839429,0.0034725954382209,0.013105080734697974,0.005720554751480392,0.5148082257397282,0.8861359623949528,-0.37132773665522467,17.093068440056765,0.03154067841124555
ELG,41.906454987945594,42.342969258043475,42.12471212299454,12.0,81.0,0.14814814814814814,0.010328107003244661,0.023660410920652745,0.007748151640924698,0.003382178758145942,0.015912259279728048,0.00694592824509872,0.5251363327429729,0.8895181411530988,-0.3643818084101259,17.261577859642014,0.030419551845401797
ELG,42.342969258043475,42.77948352814135,42.56122639309241,8.0,111.0,0.07207207207207207,0.0050244844880649705,0.011510470177615037,0.007545692220344243,0.0032938023319467715,0.003964777957270794,0.001730682156118199,0.5301608172310378,0.8928119434850456,-0.36265112625400775,17.43008727922726,0.029338276190824224
ELG,42.77948352814135,43.21599779823922,42.997740663190285,9.0,133.0,0.06766917293233082,0.0047175375973467154,0.010807292958117878,0.0073478361999963614,0.0032074353556401456,0.0034594567581215166,0.0015101022417065698,0.5348783548283845,0.8960193788406857,-0.3611410240123012,17.598596698812504,0.02829543493025494
ELG,43.21599779823922,43.6525120683371,43.43425493328816,20.0,136.0,0.14705882352941177,0.01025216503998551,0.023486437310942066,0.007154512123072707,0.0031230466373095224,0.01633192518786936,0.007129118402675988,0.54513051986837,0.8991424254779953,-0.35401190560962525,17.767106118397752,0.0272896618971327
ELG,43.6525120683371,44.08902633843498,43.87076920338604,15.0,129.0,0.11627906976744186,0.008106363054872263,0.01857067136214054,0.006965647796401317,0.003040604663604983,0.011605023565739224,0.00506575839126728,0.5532368829232422,0.9021830301416003,-0.34894614721835804,17.935615537983,0.02631963948585632
ELG,44.08902633843498,44.52554060853286,44.30728347348392,18.0,82.0,0.21951219512195122,0.015303231718222272,0.035057803986089126,0.006781170433079033,0.0029600776620048244,0.02827663355301009,0.012343154056217448,0.5685401146414645,0.9051431078036051,-0.3366029931621406,18.10412495756825,0.025384096925665133
ELG,44.52554060853286,44.96205487863073,44.743797743581794,8.0,97.0,0.08247422680412371,0.005749667816239296,0.013171775151703804,0.00660100678589165,0.002881433659054605,0.006570768365812154,0.002868234157184691,0.5742897824577038,0.9080245414626597,-0.33373475900495586,18.272634377153494,0.024481808615875057
ELG,44.96205487863073,45.398569148728605,45.18031201367967,7.0,61.0,0.11475409836065574,0.008000050096775579,0.0183271215737846,0.006425083272007292,0.0028046405347983213,0.011902038301777308,0.005195409561977258,0.5822898325544794,0.910829181997458,-0.3285393494429786,18.44114379673874,0.02361159252028932
ELG,45.398569148728605,45.835083418826486,45.61682628377754,3.0,57.0,0.05263157894736842,0.0036691959090474455,0.008405672300758213,0.00625332608937676,0.002729666073588332,0.0021523462113814526,0.0009395298354591135,0.5859590284635269,0.9135588480710464,-0.3275998196075195,18.609653216323984,0.02277230861868068
ELG,45.835083418826486,46.27159768892436,46.05334055387542,2.0,42.0,0.047619047619047616,0.003319748679614355,0.007605132081638506,0.006085661325293088,0.002656478011473171,0.0015194707563454188,0.0006632706681411844,0.5892787771431413,0.9162153260825195,-0.3269365489393783,18.778162635909233,0.021962857413316224
ELG,46.27159768892436,46.70811195902224,46.4898548239733,2.0,31.0,0.06451612903225806,0.00449772401754203,0.010303727336413293,0.005922015057500899,0.0025850440803336645,0.004381712278912394,0.0019126799372083656,0.5937765011606833,0.9188003701628532,-0.32502386900216995,18.94667205549448,0.02118217848856843
ELG,46.70811195902224,47.144626229120114,46.92636909407118,4.0,38.0,0.10526315789473684,0.007338391818094891,0.0168113446015167,0.005762313448265595,0.0025153320489448177,0.011049031153251105,0.004823059769150073,0.6011148929787782,0.921315702211798,-0.32020080923301986,19.11518147507973,0.020429249121725442
ELG,47.144626229120114,47.58114049921799,47.36288336416905,3.0,38.0,0.07894736842105263,0.005503793863571168,0.012608508451137522,0.005606482831760892,0.002447309761122366,0.00700202561937663,0.0030564841024488015,0.6066186868423493,0.9237630119729204,-0.3171443251305711,19.283690894664975,0.019703082943180596
ELG,47.58114049921799,48.01765476931587,47.799397634266924,3.0,36.0,0.08333333333333333,0.005809560189325122,0.013308981142867169,0.005454449795143966,0.002380945171112804,0.007854531347723202,0.003428615018212318,0.6124282470316744,0.9261439571440332,-0.31371571011235877,19.45220031425022,0.019002728644246233
ELG,48.01765476931587,48.45416903941374,48.235911904364805,0.0,45.0,0.0,0.0,0.0,0.005306141253640326,0.0023162063763690235,-0.005306141253640326,-0.0023162063763690235,0.6124282470316744,0.9284601635204022,-0.31603191648872775,19.62070973383547,0.018327268730898634
ELG,48.45416903941374,48.89068330951162,48.672426174462686,5.0,32.0,0.15625,0.010892925354984604,0.024954339642875942,0.005161484519981938,0.002253061647861426,0.019792855122894006,0.008639863707123177,0.6233211723866591,0.9307132251682636,-0.30739205278160453,19.789219153420717,0.01767581832182176
ELG,48.89068330951162,49.327197579609496,49.10894044456056,6.0,34.0,0.17647058823529413,0.012302598047982612,0.028183724773130938,0.0050204073684844775,0.0021914794580479885,0.02316331740464646,0.010111118589934624,0.6356237704346417,0.9329047046263116,-0.2972809341916699,19.957728573005962,0.01704752398917493
ELG,49.327197579609496,49.76371184970737,49.54545471465843,1.0,43.0,0.023255813953488372,0.0016212726109744527,0.003714134272428108,0.004882838094075374,0.0021314285066414045,-0.001168703821647266,-0.0005101558956669518,0.6372450430456161,0.935036133132953,-0.29779109008733684,20.126237992591207,0.016441562640565906
ELG,49.76371184970737,50.20022611980525,49.98196898475631,6.0,37.0,0.16216216216216217,0.011305090098146184,0.025898557899633412,0.004748705566536698,0.0020728777442865103,0.021149852333096714,0.009232212353859674,0.6485501331437623,0.9371090108772395,-0.2885588777334772,20.294747412176456,0.015857140440764708
ELG,50.20022611980525,50.636740389903125,50.41848325485419,3.0,42.0,0.07142857142857142,0.004979623019421533,0.011407698122457758,0.004617939280234829,0.0020157963942680065,0.006789758842222929,0.0029638266251535263,0.6535297561631839,0.9391248072715075,-0.2855950511083236,20.463256831761704,0.01529349177174565
ELG,50.636740389903125,51.073254660001005,50.85499752495207,1.0,43.0,0.023255813953488372,0.0016212726109744527,0.0037141342724280476,0.00449046939959279,0.0019601539723601157,-0.0007763351271647422,-0.000338881361385663,0.6551510287741583,0.9410849612438676,-0.28593393246970933,20.631766251346953,0.014749878229695033
ELG,51.073254660001005,51.50976893009888,51.29151179504994,4.0,26.0,0.15384615384615385,0.010725341887984841,0.024570426725293637,0.0043662268005342135,0.0019059203049169666,0.020204199924759424,0.008819421583067874,0.6658763706621431,0.9429908815487846,-0.2771145108866415,20.800275670932198,0.01422558765767058
ELG,51.50976893009888,51.94628320019675,51.728026065147816,4.0,28.0,0.14285714285714285,0.009959246038843066,0.022815396244915517,0.004245143108140529,0.001853065545310982,0.01857025313677499,0.008106180493532084,0.6758356167009861,0.9448439470940956,-0.26900833039310945,20.968785090517443,0.01371993321264549
ELG,51.94628320019675,52.38279747029463,52.16454033524569,2.0,47.0,0.0425531914893617,0.002966583926463892,0.006796075477208768,0.004127150730727217,0.0018015601888073263,0.0026689247464815507,0.0011650237376565659,0.67880220062745,0.9466455072829029,-0.26784330665545286,21.137294510102688,0.013232252465714746
ELG,52.38279747029463,52.81931174039251,52.60105460534357,0.0,49.0,0.0,0.0,0.0,0.0040121828905548785,0.00175137508596974,-0.0040121828905548785,-0.00175137508596974,0.67880220062745,0.9483968823688727,-0.26959468174142265,21.305803929687936,0.012761906534284979
ELG,52.81931174039251,53.25582601049039,53.03756887544145,1.0,41.0,0.024390243902439025,0.0017003590798024748,0.0038953115540099033,0.003900173651364455,0.0017024814546803416,-4.862097354551512e-06,-2.122374877866831e-06,0.6805025597072525,0.950099363823553,-0.2695968041163005,21.474313349273185,0.012308279245110987
ELG,53.25582601049039,53.69234028058826,53.474083145539325,4.0,48.0,0.08333333333333333,0.005809560189325122,0.013308981142867386,0.0037910579429283006,0.0016548508908560936,0.009517923199939085,0.0041547092984690285,0.6863121198965776,0.951754214714409,-0.26544209481783143,21.642822768858434,0.011870776327082545
ELG,53.69234028058826,54.128854550686135,53.9105974156372,5.0,57.0,0.08771929824561403,0.006115326515079076,0.014009453834597249,0.0036847715827927254,0.0016084553779401533,0.010324682251804523,0.004506871137138923,0.6924274464116567,0.9533626700923492,-0.26093522368069255,21.81133218844368,0.01144882463270377
ELG,54.128854550686135,54.565368820784016,54.34711168573507,2.0,43.0,0.046511627906976744,0.0032425452219489053,0.007428268544856095,0.0035812512953788977,0.0015632672952394097,0.0038470172494771975,0.0016792779267094957,0.6956699916336055,0.9549259373875886,-0.25925594575398303,21.979841608028924,0.011041871387245552
ELG,54.565368820784016,55.00188309088189,54.78362595583295,1.0,41.0,0.024390243902439025,0.0017003590798024748,0.0038953115540099666,0.0034804347286062354,0.001519259425180842,0.00041487682540373126,0.00018109965462163283,0.697370350713408,0.9564451968127694,-0.2590748460993614,22.148351027614172,0.010649383464587004
ELG,55.00188309088189,55.43839736097977,55.220140225930834,6.0,33.0,0.18181818181818182,0.01267540404943663,0.029037777038982915,0.0033822604681879027,0.001476404959551959,0.02565551657079501,0.01119899908988467,0.7100457547628447,0.9579216017723213,-0.24787584700947662,22.31686044719942,0.010270846688797533
ELG,55.43839736097977,55.874911631077644,55.65665449602871,5.0,45.0,0.1111111111111111,0.007746080252433496,0.017745308190489847,0.003286668049741209,0.0014346775047867858,0.014458640140748638,0.00631140274764671,0.7177918350152782,0.9593562792771081,-0.24156444426182988,22.485369866784666,0.00990576516054437
ELG,55.874911631077644,56.31142590117552,56.09316876612658,1.0,38.0,0.02631578947368421,0.0018345979545237227,0.004202836150379175,0.003193597968854667,0.0013940510863606468,0.001009238181524508,0.00044054686816307593,0.7196264329698019,0.9607503303634687,-0.2411238973936668,22.65387928636991,0.009553660607443318
ELG,56.31142590117552,56.7479401712734,56.529683036224455,2.0,49.0,0.04081632653061224,0.002845498868240876,0.0065186846414043275,0.003102991689237949,0.0013545001523474936,0.0034156929521663784,0.0014909987158933824,0.7224719318380428,0.9621048305158162,-0.23963289867777338,22.82238870595516,0.009214071757501505
ELG,56.7479401712734,57.18445444137127,56.966197306322336,2.0,62.0,0.03225806451612903,0.002248862008771015,0.005151863668206731,0.0030147916490800017,0.001315999576195322,0.002137072019126729,0.0009328624325756932,0.7247207938468139,0.9634208300920115,-0.23870003624519764,22.990898125540408,0.008886553734831382
ELG,57.18445444137127,57.62096871146915,57.40271157642022,3.0,47.0,0.06382978723404255,0.004449875889695838,0.01019411321581315,0.002928941265730875,0.0012785246587700759,0.007265171950082275,0.003171351230925762,0.7291706697365097,0.9646993547507816,-0.23552868501427193,23.159407545125656,0.00857067747684432
ELG,57.62096871146915,58.05748298156703,57.83922584651809,2.0,53.0,0.03773584905660377,0.002630744236675527,0.006026708442053156,0.00284538493882188,0.001242051129717316,0.003181323503231276,0.0013886931069582108,0.7318014139731852,0.9659414058804989,-0.23413999190731372,23.3279169647109,0.008266029172160343
ELG,58.05748298156703,58.4939972516649,58.275740116615964,1.0,46.0,0.021739130434782608,0.00151553744069351,0.0034719081242262748,0.0027640680519235234,0.0012065551481862484,0.0007078400723027514,0.00030898229250726165,0.7333169514138788,0.9671479610286852,-0.2338310096148064,23.496426384296146,0.00797220971849748
ELG,58.4939972516649,58.93051152176278,58.71225438671384,4.0,42.0,0.09523809523809523,0.00663949735922871,0.015210264163276765,0.002684936972847554,0.0011720133029613636,0.01252532719042921,0.005467484056267347,0.7399564487731075,0.9683199743316465,-0.228363525558539,23.66493580388139,0.007688834199830817
ELG,58.93051152176278,59.367025791860655,59.14876865681172,3.0,50.0,0.06,0.004182883336314088,0.009582466422864517,0.00260793905268207,0.001138402612041254,0.006974527370182447,0.003044480724272834,0.7441393321094216,0.9694583769436877,-0.22531904483426612,23.83344522346664,0.007415531382136035
ELG,59.367025791860655,59.803540061958536,59.5852829269096,3.0,29.0,0.10344827586206896,0.007211867821231186,0.016521493832524763,0.0025330226236536992,0.0011057005217056134,0.013988471208871063,0.006106167299525572,0.7513511999306528,0.9705640774653934,-0.2192128775347406,24.00195464305189,0.007151943227057024
ELG,59.803540061958536,60.24005433205641,60.02179719700747,6.0,48.0,0.125,0.008714340283987683,0.01996347171430108,0.002460136995896694,0.001073884905104621,0.017503334718404387,0.007640455378883062,0.7600655402146405,0.971637962370498,-0.2115724221558576,24.170464062637134,0.006897724422860315
ELG,60.24005433205641,60.67656860215428,60.45831146710535,3.0,47.0,0.06382978723404255,0.004449875889695838,0.010194113215813316,0.002389232453215936,0.0010429340604097065,0.00780488076259738,0.0034069418292861312,0.7645154161043363,0.9726808964309077,-0.20816548032657145,24.338973482222382,0.006652541932062
ELG,60.67656860215428,61.113082872252164,60.89482573720322,0.0,53.0,0.0,0.0,0.0,0.0023202602479106818,0.0010128267085538591,-0.0023202602479106818,-0.0010128267085538591,0.7645154161043363,0.9736937231394616,-0.2091783070351253,24.507482901807627,0.006416074555134404
ELG,61.113082872252164,61.54959714235004,61.3313400073011,3.0,55.0,0.05454545454545454,0.003802621214830989,0.008711333111695016,0.00225317259474102,0.0009835419905979085,0.006458160516953996,0.0028190792242330804,0.7683180373191673,0.9746772651300595,-0.20635922781089222,24.675992321392876,0.006188012509720996
ELG,61.54959714235004,61.98611141244792,61.76785427739898,2.0,54.0,0.037037037037037035,0.0025820267508111653,0.005915102730163186,0.002187922664096018,0.000955059464748484,0.0037271800660671683,0.0016269672860626814,0.7709000640699785,0.975632324594808,-0.2047322605248295,24.844501740978124,0.005968057024808274
ELG,61.98611141244792,62.42262568254579,62.204368547496856,4.0,60.0,0.06666666666666667,0.004647648151460098,0.01064718491429391,0.00212446457443394,0.0009273591030578212,0.008522720339859971,0.003720289048402277,0.7755477122214386,0.9765596836978658,-0.20101197147642724,25.01301116056337,0.005755919949323014
ELG,62.42262568254579,62.859139952643666,62.64088281759473,2.0,69.0,0.028985507246376812,0.0020207165875913468,0.0046292108323017,0.002062753384048847,0.0009004212878300014,0.0025664574482528527,0.0011202952997613454,0.77756842880903,0.9774601049856958,-0.1998916761766658,25.181520580148614,0.00555132337464201
ELG,62.859139952643666,63.29565422274155,63.0773970876926,4.0,64.0,0.0625,0.004357170141993842,0.009981735857150377,0.002002745082231111,0.0008742268077622337,0.007978990774919266,0.003482943334231608,0.7819255989510239,0.9783343317934581,-0.1964087328424342,25.350029999733863,0.005353999270519968
ELG,63.29565422274155,63.73216849283942,63.513911357790484,5.0,60.0,0.08333333333333333,0.005809560189325122,0.013308981142867386,0.0019443965798607622,0.0008487568538387226,0.011364584563006623,0.004960803335486399,0.787735159140349,0.9791830886472968,-0.19144792950694778,25.51853941931911,0.005163689133958419
ELG,63.73216849283942,64.1686827629373,63.95042562788836,2.0,56.0,0.03571428571428571,0.0024898115097107664,0.005703849061228879,0.0018876656995005792,0.0008239930150062875,0.0038161833617283,0.0016658184947044789,0.7902249706500597,0.980007081662303,-0.1897821110122433,25.687048838904357,0.00498014365055578
ELG,64.1686827629373,64.60519703303517,64.38693989798622,9.0,64.0,0.140625,0.009803632819486143,0.022458905678588714,0.001832511165023872,0.0007999172736465997,0.020626394513564843,0.009003715545839544,0.8000286034695459,0.9808069989359496,-0.18077839546640373,25.855558258489598,0.004803122367894802
ELG,64.60519703303517,65.04171130313306,64.82345416808411,8.0,52.0,0.15384615384615385,0.010725341887984841,0.02457042672529284,0.0017788925908310818,0.0007765120008691704,0.022791534134461756,0.00994882988711567,0.8107539453575306,0.9815835109368187,-0.17082956557928808,26.02406767807485,0.004632393380539689
ELG,65.04171130313306,65.47822557323093,65.259968438182,2.0,22.0,0.09090909090909091,0.006337702024718315,0.014518888519491693,0.0017267704706921355,0.0007537599516407393,0.012792118048799558,0.005583942073077576,0.8170916473822489,0.9823372708884595,-0.16524562350621053,26.192577097660102,0.004467733026230058
ELG,65.47822557323093,65.9147398433288,65.69648270827986,1.0,29.0,0.034482758620689655,0.002403955940410395,0.005507164610841677,0.0016761061662579082,0.0007316442597706161,0.0038310584445837687,0.001672311680639779,0.8194956033226594,0.98306891514823,-0.16357331182557067,26.36108651724534,0.004308925592873843
ELG,65.9147398433288,66.35125411342668,66.13299697837775,4.0,25.0,0.16,0.011154355563504234,0.02555324379430538,0.001626861895276645,0.0007101484327667281,0.023926381899028737,0.010444207130737506,0.8306499588861636,0.9837790635809968,-0.1531291046948332,26.529595936830592,0.004155763035955202
ELG,66.35125411342668,66.78776838352455,66.5695112484756,2.0,35.0,0.05714285714285714,0.003983698415537226,0.009126158497966207,0.0015790007195527452,0.0006892563465795839,0.007547157778413462,0.0032944420689576424,0.8346336573017008,0.9844683199275763,-0.14983466262587553,26.698105356415834,0.004008044705987401
ELG,66.78776838352455,67.22428265362244,67.0060255185735,0.0,32.0,0.0,0.0,0.0,0.0015324865326782503,0.0006689522402468894,-0.0015324865326782503,-0.0006689522402468894,0.8346336573017008,0.9851372721678232,-0.1505036148661224,26.866614776001086,0.003865577085653344
ELG,67.22428265362244,67.66079692372031,67.44253978867138,4.0,32.0,0.125,0.008714340283987683,0.01996347171430108,0.0014872840475712943,0.0006492207104537948,0.018476187666729788,0.008065119573533888,0.8433479975856885,0.985786492878277,-0.14243849529258856,27.035124195586334,0.0037281735362896854
ELG,67.66079692372031,68.09731119381819,67.87905405876924,2.0,32.0,0.0625,0.004357170141993842,0.00998173585715054,0.0014433587838491933,0.0006300467060212853,0.008538377073301347,0.0037271234359725564,0.8477051677276823,0.9864165395842983,-0.13871137185661597,27.203633615171576,0.003595654053382191
ELG,68.09731119381819,68.53382546391606,68.31556832886713,6.0,35.0,0.17142857142857143,0.011951095246611679,0.027378475493898623,0.0014006770550640329,0.0006114155223341155,0.02597779843883459,0.011339679724277563,0.859656262974294,0.9870279551066324,-0.12737169213233845,27.372143034756828,0.003467845030752123
ELG,68.53382546391606,68.97033973401393,68.75208259896499,2.0,42.0,0.047619047619047616,0.003319748679614355,0.007605132081638506,0.0013592059558256348,0.0005933127957199097,0.006245926125812871,0.0027264358838944456,0.8629760116539084,0.9876212679023524,-0.12464525624844403,27.540652454342066,0.0033445790331247858
ELG,68.97033973401393,69.40685400411182,69.18859686906288,4.0,34.0,0.11764705882352941,0.008201732031988408,0.018789149848753347,0.001318913348838506,0.0005757244977906014,0.017470236499914842,0.007626007534197806,0.8711777436858967,0.988196992400143,-0.1170192487142463,27.709161873927318,0.003225694576782103
ELG,69.40685400411182,69.8433682742097,69.62511113916077,5.0,55.0,0.09090909090909091,0.006337702024718315,0.014518888519491693,0.001279767851871921,0.0005586369297545954,0.013239120667619772,0.005779065094963719,0.877515445710615,0.9887556293298976,-0.11124018361928256,27.87767129351257,0.0031110359180121267
ELG,69.8433682742097,70.27988254430757,70.06162540925862,4.0,41.0,0.0975609756097561,0.006801436319209899,0.015581246216039867,0.0012417388246871233,0.0005420367167104912,0.014339507391352743,0.006259399602499408,0.884316882029825,0.9892976660466081,-0.10498078401678312,28.04618071309781,0.003000452849078083
ELG,70.27988254430757,70.71639681440544,70.49813967935651,6.0,55.0,0.10909090909090909,0.007605242429661978,0.017422666223390032,0.0012047963559374732,0.0005259108019286242,0.016217869867452557,0.0070793316277333535,0.8919221244594869,0.9898235768485367,-0.09790145238904979,28.21469013268306,0.002893800501439813
ELG,70.71639681440544,71.15291108450332,70.93465394945437,5.0,77.0,0.06493506493506493,0.0045269300176559385,0.01037063465677978,0.0011689112500671934,0.000510246441132274,0.009201723406712586,0.004016683576523665,0.8964490544771428,0.990333823289669,-0.09388476881252616,28.3831995522683,0.002790939155969854
ELG,71.15291108450332,71.5894253546012,71.37116821955226,9.0,79.0,0.11392405063291139,0.007942183549963457,0.01819455649910925,0.0011340550142139112,0.0004950311967804353,0.01706050148489534,0.007447152353183021,0.9043912380271063,0.9908288544864494,-0.08643761645934311,28.551708971853554,0.0026917340599153647
ELG,71.5894253546012,72.02593962469908,71.80768248965015,3.0,42.0,0.07142857142857142,0.004979623019421533,0.011407698122457758,0.0011001998451449202,0.00048025293236522856,0.010307498277312838,0.004499370087056304,0.9093708610465279,0.9913091074188146,-0.08193824637228675,28.720218391438806,0.0025960552503663083
ELG,72.02593962469908,72.46245389479695,72.24419675974801,2.0,40.0,0.05,0.0034857361135950736,0.007985388685720433,0.0010673186162274485,0.0004658998067243972,0.006918070069492984,0.003019836306870676,0.9128565971601229,0.991775007225539,-0.07891841006541611,28.888727811024044,0.002503777383998476
ELG,72.46245389479695,72.89896816489482,72.6807110298459,1.0,16.0,0.0625,0.004357170141993842,0.00998173585715054,0.001035384864460592,0.0004519602683804012,0.008946350992689948,0.0039052098736134405,0.9172137673021168,0.9922269674939194,-0.07501320019180258,29.057237230609296,0.0024147795728683683
ELG,72.89896816489482,73.3354824349927,73.11722529994375,1.0,16.0,0.0625,0.004357170141993842,0.00998173585715054,0.0010043727775696746,0.0004384230499070006,0.008977363079580865,0.003918747092086841,0.9215709374441107,0.9926653905438264,-0.07109445309971574,29.225746650194537,0.002328945226044867
ELG,73.3354824349927,73.77199670509059,73.55373957004164,0.0,4.0,0.0,0.0,0.0,0.0009742571811793888,0.00042527716233014667,-0.0009742571811793888,-0.00042527716233014667,0.9215709374441107,0.9930906677061565,-0.07151973026204583,29.39425606977979,0.0022461618968700886
ELG,73.77199670509059,74.20851097518846,73.99025384013953,0.0,6.0,0.0,0.0,0.0,0.0009450135260807887,0.00041251188956977343,-0.0009450135260807887,-0.00041251188956977343,0.9215709374441107,0.9935031795957263,-0.07193224215161564,29.562765489365038,0.002166321135649518
ELG,74.20851097518846,74.64502524528633,74.42676811023739,0.0,3.0,0.0,0.0,0.0,0.0009166178755945771,0.0004001167829238304,-0.0009166178755945771,-0.0004001167829238304,0.9215709374441107,0.9939032963786502,-0.07233235893453949,29.73127490895028,0.0020893183475782446
ELG,74.64502524528633,75.08153951538421,74.86328238033528,0.0,5.0,0.0,0.0,0.0,0.0008890468930402441,0.0003880816555982445,-0.0008890468930402441,-0.0003880816555982445,0.9215709374441107,0.9942913780342484,-0.07272044059013771,29.89978432853553,0.0020150526557172984
ELG,75.08153951538421,75.51805378548208,75.29979665043314,1.0,1.0,1.0,0.06971472227190147,0.15970777371440864,0.0008622778293294054,0.0003763965772913043,0.15884549588507924,0.06933832569461017,0.9912856597160121,0.9946677746115397,-0.0033821148955275326,30.06829374812077,0.0019434267688405883
ELG,75.51805378548208,75.95456805557997,75.73631092053103,0.0,5.0,0.0,0.0,0.0,0.0008362885106760412,0.0003650518688290019,-0.0008362885106760412,-0.0003650518688290019,0.9912856597160121,0.9950328264803686,-0.003747166764356491,30.23680316770602,0.0018743468539792058
ELG,75.95456805557997,76.39108232567784,76.17282519062891,0.0,4.0,0.0,0.0,0.0,0.0008110573264407569,0.0003540380968588199,-0.0008110573264407569,-0.0003540380968588199,0.9912856597160121,0.9953868645772275,-0.004101204861215346,30.405312587291274,0.0018077224134962601
ELG,76.39108232567784,76.82759659577572,76.60933946072677,0.0,9.0,0.0,0.0,0.0,0.0007865632171133911,0.00034334606860408727,-0.0007865632171133911,-0.00034334606860408727,0.9912856597160121,0.9957302106458316,-0.004444550929819435,30.573822006876515,0.0017434661665310977
ELG,76.82759659577572,77.26411086587359,77.04585373082466,0.0,8.0,0.0,0.0,0.0,0.0007627856624367134,0.000332966826679685,-0.0007627856624367134,-0.000332966826679685,0.9912856597160121,0.9960631774725113,-0.00477751775649915,30.742331426461764,0.0016814939346576423
ELG,77.26411086587359,77.70062513597146,77.48236800092252,1.0,8.0,0.125,0.008714340283987683,0.01996347171430108,0.0007397046696784534,0.00032289164397267885,0.019223767044622628,0.008391448640015004,0.9999999999999998,0.996386069116484,0.0036139308835158035,30.910840846047005,0.0016217245316070866
ELG,77.70062513597146,78.13713940606935,77.91888227102041,0.0,3.0,0.0,0.0,0.0,0.000717300762056817,0.00031311201858989025,-0.000717300762056817,-0.00031311201858989025,0.9999999999999998,0.9966991811350738,0.0033008188649259473,31.079350265632257,0.0015640796569103843
ELG,78.13713940606935,78.57365367616723,78.3553965411183,0.0,5.0,0.0,0.0,0.0,0.0006955549673202292,0.0003036196688727402,-0.0006955549673202292,-0.0003036196688727402,0.9999999999999998,0.9970028008039465,0.002997199196053235,31.24785968521751,0.0015084837933213228
ELG,78.57365367616723,79.0101679462651,78.79191081121616,0.0,2.0,0.0,0.0,0.0,0.0006744488064898025,0.0002944065284832782,-0.0006744488064898025,-0.0002944065284832782,0.9999999999999998,0.9972972073324298,0.0027027926675700087,31.416369104802747,0.0014548641078856981
ELG,79.0101679462651,79.44668221636297,79.22842508131404,0.0,0.0,nan,0.0,0.0,0.0006539642827617636,0.0002854647415598307,-0.0006539642827617636,-0.0002854647415598307,0.9999999999999998,0.9975826720739897,0.0024173279260101266,31.584878524388,0.0014031503565270183
ELG,79.44668221636297,79.88319648646085,79.6649393514119,0.0,0.0,nan,0.0,0.0,0.0006340838705779798,0.0002767866579461815,-0.0006340838705779798,-0.0002767866579461815,0.9999999999999998,0.9978594587319358,0.0021405412680639557,31.75338794397324,0.0013532747920237947
ELG,79.88319648646085,80.31971075655873,80.10145362150979,0.0,0.0,nan,0.0,0.0,0.0006147905048624983,0.00026836482849316545,-0.0006147905048624983,-0.00026836482849316545,0.9999999999999998,0.998127823560429,0.0018721764395708274,31.92189736355849,0.0013051720752577651
ELG,80.31971075655873,80.75622502665661,80.53796789160768,0.0,1.0,0.0,0.0,0.0,0.0005960675704294473,0.00026019200043502313,-0.0005960675704294473,-0.00026019200043502313,0.9999999999999998,0.998388015560864,0.001611984439135794,32.09040678314374,0.0012587791896168782
ELG,80.75622502665661,81.19273929675448,80.97448216170554,0.0,1.0,0.0,0.0,0.0,0.0005778988915608825,0.0002522611128400689,-0.0005778988915608825,-0.0002522611128400689,0.9999999999999998,0.998640276673704,0.0013597233262957475,32.25891620272898,0.0012140353584408332
ELG,81.19273929675448,81.62925356685236,81.41099643180343,0.0,0.0,nan,0.0,0.0,0.0005602687217570665,0.00024456529213645454,-0.0005602687217570665,-0.00024456529213645454,0.9999999999999998,0.9988848419658405,0.0011151580341592915,32.42742562231423,0.0011708819654010568
ELG,81.62925356685236,82.06576783695023,81.84751070190129,0.0,0.0,nan,0.0,0.0,0.0005431617336610457,0.000237097847714147,-0.0005431617336610457,-0.000237097847714147,0.9999999999999998,0.9991219398135547,0.0008780601864450954,32.59593504189947,0.0011292624777108253
ELG,82.06576783695023,82.50228210704812,82.28402497199917,0.0,0.0,nan,0.0,0.0,0.0005265630091576675,0.0002298522676030067,-0.0005265630091576675,-0.0002298522676030067,0.9999999999999998,0.9993517920811577,0.0006482079188421253,32.76444446148473,0.001089122372064881
ELG,82.50228210704812,82.93879637714599,82.72053924209706,0.0,1.0,0.0,0.0,0.0,0.0005104580296444612,0.00022282221422585075,-0.0005104580296444612,-0.00022282221422585075,0.9999999999999998,0.9995746142953835,0.0004253857046162546,32.93295388106998,0.0010504090632115944
ELG,82.93879637714599,83.37531064724386,83.15705351219492,0.0,1.0,0.0,0.0,0.0,0.000494832666479159,0.0002160015202287347,-0.000494832666479159,-0.0002160015202287347,0.9999999999999998,0.9997906158156122,0.00020938418438753992,33.10146330065522,0.0010130718350640346
ELG,83.37531064724386,83.81182491734174,83.59356778229281,1.0,0.0,nan,0.0,0.0,0.00047967317160164545,0.0002093841843872244,-0.00047967317160164545,-0.0002093841843872244,0.9999999999999998,0.9999999999999994,3.3306690738754696e-16,33.26997272024047,0.000977061774259717
QSO,0.0010850585494512899,0.4375993286473278,0.21934219359838955,17155.0,359522.0,0.04771613420041054,0.005484271238522023,0.012563784540863517,0.015870885565432247,0.006927868028401582,-0.0033071010245687305,-0.0014435967898795586,0.005484271238522023,0.006927868028401582,-0.0014435967898795586,1.0846735794583118,0.9819781383802175
QSO,0.4375993286473278,0.8741135987452043,0.655856463696266,30283.0,619304.0,0.04889844083035149,0.005620160081035238,0.012875089008602328,0.017685842297623613,0.007720122541613323,-0.004810753289021285,-0.0020999624605780847,0.01110443131955726,0.014647990570014905,-0.003543559250457644,1.2531829990435586,0.9470733159898623
QSO,0.8741135987452043,1.3106278688430808,1.0923707337941426,36327.0,691140.0,0.052560986196718465,0.006041116064774082,0.013839446906098913,0.019351719748524128,0.008447301821165671,-0.005512272842425215,-0.002406185756391589,0.01714554738433134,0.023095292391180577,-0.005949745006849236,1.4216924186288056,0.9134092000658567
QSO,1.3106278688430808,1.7471421389409574,1.528885003892019,41569.0,752954.0,0.05520788786565979,0.0063453386707631055,0.014536383127498522,0.020876822933079523,0.009113031124595819,-0.006340439805581001,-0.002767692453832713,0.023490886055094445,0.0322083235157764,-0.008717437460681952,1.5902018382140524,0.880941689179509
QSO,1.7471421389409574,2.183656409038834,1.9653992739898958,46103.0,814823.0,0.056580386169757114,0.0065030872625175574,0.014897765566883794,0.022269054813992304,0.009720760207899455,-0.00737128924710851,-0.0032176729453818973,0.029993973317612003,0.041929083723675854,-0.011935110406063851,1.7587112577992992,0.8496282495057996
QSO,2.183656409038834,2.6201706791367103,2.401913544087772,49644.0,875418.0,0.05670890934387915,0.00651785912027872,0.014931606059103793,0.023535934390757643,0.010273771221653079,-0.00860432833165385,-0.0037559121013743587,0.036511832437890725,0.05220285494532893,-0.01569102250743821,1.9272206773845462,0.8194278591022552
QSO,2.6201706791367103,3.056684949234587,2.838427814185649,52730.0,922265.0,0.057174456365578226,0.0065713669365355925,0.015054185823208338,0.02468461401071615,0.010775186267535583,-0.009630428187507813,-0.004203819330999991,0.04308319937442632,0.06297804121286452,-0.019894841838438197,2.095730096969793,0.7903009541684524
QSO,3.056684949234587,3.4931992193324635,3.2749420842835253,53711.0,943233.0,0.05694351236650965,0.006544823304009089,0.014993377656454603,0.025721895934584807,0.01122797462941882,-0.010728518278130204,-0.004683151325409732,0.049628022678435406,0.07420601584228334,-0.024577993163847935,2.26423951655504,0.7622093772157513
QSO,3.4931992193324635,3.92971348943034,3.7114563543814016,53417.0,917940.0,0.05819225657450378,0.006688348173718971,0.015322175314496115,0.026654248187581126,0.01163495969260962,-0.01133207287308501,-0.004946611518890648,0.05631637085215438,0.08584097553489296,-0.029524604682738584,2.4327489361402868,0.7351163270793563
QSO,3.92971348943034,4.366227759528217,4.147970624479278,51526.0,899406.0,0.05728892179949878,0.006584523062813946,0.015084324875192604,0.02748781972600233,0.011998825564277928,-0.012403494850809728,-0.005414302501463982,0.06290089391496832,0.0978398010991709,-0.034938907184202575,2.6012583557255335,0.7089863107072197
QSO,4.366227759528217,4.802742029626093,4.584484894577155,49238.0,875696.0,0.05622727521879739,0.0064625023269437335,0.01480479051806186,0.02822845494790981,0.012322123407577637,-0.013423664429847949,-0.005859621080633904,0.06936339624191205,0.11016192450674854,-0.04079852826483649,2.7697677753107808,0.6837850966626289
QSO,4.802742029626093,5.239256299723969,5.020999164675031,41630.0,754336.0,0.05518760870487422,0.006343007878042753,0.014531043570741703,0.02888170757535892,0.012607277501438105,-0.014350664004617217,-0.006264269623395351,0.0757064041199548,0.12276920200818664,-0.04706279788823184,2.938277194896027,0.6594796702795626
QSO,5.239256299723969,5.675770569821846,5.457513434772908,30812.0,552621.0,0.055756114950390956,0.006408349350135032,0.014680732771229072,0.029452853934539332,0.012856591037534802,-0.01477212116331026,-0.00644824168739977,0.08211475347008983,0.13562579304572145,-0.05351103957563162,3.1067866144812744,0.6360381904120694
QSO,5.675770569821846,6.112284839919723,5.894027704870784,24293.0,451858.0,0.05376246519924401,0.006179208490903236,0.014155799510329194,0.029946905659083322,0.013072251665464746,-0.015791106148754126,-0.00689304317456151,0.08829396196099307,0.1486980447111862,-0.06040408275019313,3.275296034066521,0.6134299477210085
QSO,6.112284839919723,6.548799110017599,6.330541974968661,19576.0,376400.0,0.052008501594048885,0.005977616046029459,0.013693976246616502,0.030368621840760786,0.013256336796698121,-0.016674645594144284,-0.0072787207506686625,0.09427157800702253,0.16195438150788433,-0.0676828035008618,3.443805453651768,0.5916253244435031
QSO,6.548799110017599,6.985313380115476,6.767056245066538,20074.0,361452.0,0.0555371114283501,0.00638317810067842,0.014623068563708508,0.0307225206508109,0.013410818677455654,-0.016099452087102395,-0.0070276405767772335,0.10065475610770094,0.17536520018534,-0.07471044407763905,3.612314873237015,0.5705957555924082
QSO,6.985313380115476,7.421827650213352,7.203570515164413,25372.0,447314.0,0.0567207822692784,0.006519223739277626,0.014934732231814253,0.031012890454185062,0.01353756924023399,-0.01607815822237081,-0.007018345500956364,0.10717397984697857,0.188902769425574,-0.08172878957859542,3.7808242928222615,0.5503136915349578
QSO,7.421827650213352,7.858341920311228,7.640084785262291,76337.0,1517094.0,0.0503179104261173,0.005783307335280909,0.013248839113516634,0.031243800438056944,0.013638364743302137,-0.017994961324540308,-0.007855057408021228,0.11295728718225947,0.20254113416887612,-0.08958384698661664,3.9493337124075087,0.5307525619015697
QSO,7.858341920311228,8.294856190409105,8.076599055360166,44503.0,860454.0,0.05172037087398048,0.005944499636926221,0.013618110664728853,0.03141911077511056,0.013714890207121707,-0.017801000110381708,-0.007770390570195487,0.1189017868191857,0.21625602437599784,-0.09735423755681213,4.117843131992755,0.5118867407775284
QSO,8.294856190409105,8.731370460506982,8.513113325458043,44574.0,895894.0,0.04975365389208991,0.005718454305324264,0.01310026887332239,0.03154248234122895,0.013768743656256736,-0.01844221346790656,-0.008050289350932473,0.12462024112450996,0.23002476803225458,-0.10540452690774461,4.286352551578002,0.49369151313194176
QSO,8.731370460506982,9.167884730604857,8.94962759555592,43739.0,912372.0,0.04793987540170019,0.005509987014866172,0.01262269619188101,0.03161738600643208,0.013801440175000481,-0.01899468981455107,-0.00829145316013431,0.13013022813937614,0.24382620820725506,-0.11369598006787893,4.45486197116325,0.4761430424399965
QSO,9.167884730604857,9.604399000702735,9.386141865653796,43478.0,911559.0,0.047696309289908825,0.005481992655223255,0.012558564589409774,0.03164711151711965,0.01381441578460161,-0.01908854692770988,-0.008332423129378354,0.1356122207945994,0.25764062399185667,-0.12202840319725727,4.623371390748496,0.4592183394560933
QSO,9.604399000702735,10.040913270800612,9.822656135751673,44033.0,924593.0,0.04762419789031498,0.005473704505284262,0.012539577466864765,0.03163477598693973,0.01380903114964885,-0.019095198520074963,-0.008335326644364588,0.14108592529988365,0.27144965514150554,-0.1303637298416219,4.791880810333743,0.4428952320969532
QSO,10.040913270800612,10.477427540898487,10.259170405849549,45417.0,962512.0,0.04718590521468823,0.0054233291772055265,0.012424173844281208,0.031583332012876046,0.013786575120859451,-0.01915915816859484,-0.008363245943653924,0.14650925447708918,0.285236230262365,-0.13872697578527582,4.96039022991899,0.427152336395243
QSO,10.477427540898487,10.913941810996365,10.695684675947426,47086.0,1001584.0,0.04701153373057078,0.005403287727260164,0.01237826137058157,0.03149557543247259,0.013748268121218406,-0.01911731406189102,-0.008344980393958243,0.15191254220434935,0.29898449838358343,-0.14707195617923408,5.128899649504237,0.4119690284856648
QSO,10.913941810996365,11.35045608109424,11.132198946045303,48349.0,1043319.0,0.04634153120953419,0.005326280743827155,0.012201847931873783,0.031374152737457875,0.013695265382130686,-0.019172304805584094,-0.008368984638303531,0.1572388229481765,0.3126797637657141,-0.1554409408175376,5.297409069089484,0.3973254175868124
QSO,11.35045608109424,11.786970351192117,11.568713216143179,49203.0,1073675.0,0.045826716650755585,0.00526711034527761,0.01206629589474038,0.03122156815838806,0.01362866003596989,-0.01915527226364768,-0.00836154969069228,0.1625059332934541,0.326308423801684,-0.1638024905082299,5.46591848867473,0.3832023199433987
QSO,11.786970351192117,12.223484621289995,12.005227486241056,49636.0,1102324.0,0.045028503416418404,0.005175367416881592,0.011856124235574583,0.031040190434330064,0.013549486071140699,-0.01918406619875548,-0.008374118654259107,0.1676813007103357,0.3398579098728247,-0.172176609162489,5.634427908259978,0.36958123369471746
QSO,12.223484621289995,12.65999889138787,12.441741756338931,49526.0,1125366.0,0.044008793583598584,0.005058166696381402,0.011587631935256682,0.030832259281028167,0.013458721155526456,-0.019244627345771485,-0.008400554459145053,0.1727394674067171,0.35331663102835115,-0.18057716362163403,5.802937327845224,0.356444314636416
QSO,12.65999889138787,13.096513161485747,12.878256026436809,48427.0,1128106.0,0.04292770360232106,0.004933911226194473,0.011302978079246226,0.030599891570435623,0.013357289333942892,-0.019296913491189397,-0.00842337810774842,0.17767337863291158,0.366673920362294,-0.18900054172938244,5.9714467474304715,0.34377435284382596
QSO,13.096513161485747,13.533027431583623,13.314770296534686,48351.0,1113384.0,0.043427065594619646,0.0049913055783955915,0.011434461414689692,0.030345087233947445,0.013246063604982927,-0.018910625819257752,-0.008254758026587336,0.18266468421130716,0.37991998396727694,-0.19725529975596978,6.139956167015718,0.33155475012622765
QSO,13.533027431583623,13.9695417016815,13.751284566632561,46745.0,1083815.0,0.04313005448346812,0.004957168498313447,0.011356257602304565,0.030069734901192524,0.01312586838243072,-0.01871347729888796,-0.008168699884117274,0.18762185270962062,0.3930458523497077,-0.20542399964008706,6.308465586600965,0.31976949828251133
QSO,13.9695417016815,14.406055971779377,14.187798836730439,44157.0,1043714.0,0.04230756701548508,0.004862635602044885,0.01113969447311439,0.029775617285694396,0.012997481846178625,-0.018635922812580006,-0.00813484624413374,0.1924844883116655,0.4060433341958863,-0.21355884588422078,6.476975006186212,0.30840315812975083
QSO,14.406055971779377,14.842570241877253,14.624313106828314,43999.0,1005554.0,0.04375597929101769,0.005029109393715908,0.011521065262284046,0.02946441632830175,0.012861638187408563,-0.017943351066017705,-0.007832528793692655,0.1975135977053814,0.4189049723832948,-0.22139137467791342,6.645484425771459,0.29744083927721493
QSO,14.842570241877253,15.27908451197513,15.060827376926191,41301.0,969663.0,0.04259314834122783,0.004895458995584097,0.011214888792722434,0.02913771810877973,0.012719029752571685,-0.0179228293160573,-0.007823570756987589,0.2024090567009655,0.4316240021358665,-0.22921494543490098,6.8139938453567055,0.28686818061931973
QSO,15.27908451197513,15.715598782073005,15.497341647024069,39521.0,937037.0,0.042176562931879956,0.0048475786000499845,0.011105200750855311,0.028797017535567467,0.012570309090533954,-0.017691816784712155,-0.007722730490483969,0.20725663530101548,0.44419431122640046,-0.23693767592538498,6.982503264941953,0.27667133152196777
QSO,15.715598782073005,16.152113052170883,15.933855917121944,38830.0,898239.0,0.043229029245000494,0.004968544198526959,0.011382317919212329,0.02844372282324257,0.012416090907054061,-0.017061404904030242,-0.007447546708527103,0.21222517949954245,0.4566104021334545,-0.24438522263391205,7.1510126845272,0.2668369336776258
QSO,16.152113052170883,16.588627322268756,16.37037018721982,36116.0,857905.0,0.042097901282776067,0.004838537594801251,0.011084488930261939,0.028079159766883494,0.01225695393060273,-0.016994670836621553,-0.007418416335801478,0.2170637170943437,0.4688673560640572,-0.25180363896971353,7.319522104112446,0.257352103605372
QSO,16.588627322268756,17.025141592366637,16.806884457317697,34433.0,817907.0,0.04209891833668131,0.004838654490261749,0.011084756723249309,0.02770457582209034,0.01209344269335116,-0.01661981909884103,-0.0072547882030894115,0.22190237158460543,0.4809607987574084,-0.2590584271728029,7.4880315236976935,0.2482044157729859
QSO,17.025141592366637,17.46165586246451,17.243398727415574,33321.0,780041.0,0.04271698538922954,0.004909692251735293,0.011247495415520916,0.02732114399909492,0.011926069231003821,-0.016073648583574005,-0.007016376979268528,0.22681206383634073,0.4928868679884122,-0.26607480415207146,7.65654094328294,0.23938188631897125
QSO,17.46165586246451,17.89817013256239,17.67991299751345,31442.0,747014.0,0.04209024194995007,0.004837657266597222,0.011082472207638163,0.026929966579011737,0.011755314704997633,-0.015847494371373574,-0.00691765743840041,0.23164972110293794,0.5046421826934098,-0.27299246159047186,7.825050362868187,0.23087295735318536
QSO,17.89817013256239,18.334684402660265,18.11642726761133,30363.0,712638.0,0.0426064846387647,0.0048969918077918645,0.011218400275193474,0.026532078659958516,0.011581630950431162,-0.015313678384765042,-0.006684639142639297,0.23654671291072982,0.516223813643841,-0.27967710073311114,7.993559782453435,0.22266648181551024
QSO,18.334684402660265,18.77119867275814,18.552941537709202,28698.0,675987.0,0.04245347913495378,0.004879406064563768,0.0111781135207097,0.026128451540448065,0.01140544195296635,-0.014950338019738366,-0.006526035888402583,0.2414261189752936,0.5276292555968073,-0.2862031366215137,8.16206920203868,0.21475170887272782
QSO,18.77119867275814,19.20771294285602,18.98945580780708,26728.0,638340.0,0.04187110317385719,0.0048124704716669495,0.011024772387367395,0.025719995947128628,0.011227145257781306,-0.014695223559761232,-0.006414674786114356,0.24623858944696053,0.5388564008545886,-0.2926178114076281,8.330578621623928,0.20711826983446943
QSO,19.20771294285602,19.644227212953894,19.425970077904957,26160.0,603901.0,0.04331835847266356,0.004978811285797154,0.011405838541500195,0.02530756511367767,0.01104711331355142,-0.013901726572177473,-0.006068302027754266,0.25121740073275767,0.5499035141681401,-0.2986861134353824,8.499088041209175,0.19975616456978929
QSO,19.644227212953894,20.080741483051774,19.862484348002834,24826.0,569740.0,0.04357426194404465,0.005008223644351573,0.011473218603434351,0.024891957717343146,0.010865694754293354,-0.013418739113908795,-0.005857471109941781,0.2562256243771092,0.5607692089224334,-0.3045435845453242,8.667597460794422,0.1926557484065657
QSO,20.080741483051774,20.517255753149648,20.29899861810071,23046.0,539907.0,0.04268512910556818,0.004906030838186651,0.011239107571641673,0.024473920679366698,0.010683215621787012,-0.013234813107725025,-0.005777184783600361,0.26113165521529585,0.5714524245442204,-0.31032076932892455,8.836106880379669,0.18580771949656932
QSO,20.517255753149648,20.95377002324752,20.735512888198585,22757.0,520344.0,0.04373452946512307,0.00502664405017548,0.011515417466302818,0.024054151835244737,0.010499980531185286,-0.01253873436894192,-0.005473336481009805,0.26615829926547135,0.5819524050754057,-0.31579410580993433,9.004616299964916,0.17920310662964473
QSO,20.95377002324752,21.390284293345402,21.172027158296462,22198.0,496532.0,0.044706081380454836,0.005138309722914307,0.011771229659369739,0.023633302480566113,0.010316273782306753,-0.011862072821196374,-0.005177964059392446,0.27129660898838565,0.5922686788577124,-0.32097206986932675,9.173125719550162,0.17283325748104206
QSO,21.390284293345402,21.826798563443276,21.60854142839434,21281.0,475467.0,0.0447581009828232,0.00514428861483187,0.011784926558479831,0.023211979797867027,0.010132360418992514,-0.011427053239387195,-0.0049880718041606445,0.2764408976032175,0.602401039276705,-0.32596014167348747,9.341635139135409,0.16668982727650275
QSO,21.826798563443276,22.263312833541157,22.045055698492217,20329.0,457183.0,0.04446578284844362,0.005110690923741829,0.011707958419310884,0.022790749169771297,0.0099484872388266,-0.011082790750460413,-0.004837796315084771,0.28155158852695933,0.6123495265155315,-0.3307979379885722,9.510144558720656,0.16076476786024868
QSO,22.263312833541157,22.69982710363903,22.481569968590094,20273.0,438194.0,0.046264896370100915,0.005317472690685058,0.012181669775635956,0.022370136383420496,0.009764883755398685,-0.01018846660778454,-0.004447411064713627,0.2868690612176444,0.6221144102709302,-0.3352453490532858,9.678653978305904,0.15505031715155487
QSO,22.69982710363903,23.136341373736904,22.918084238687968,19404.0,425798.0,0.04557090451340776,0.005237708484233522,0.01199893988129905,0.02195062973099958,0.009581763115215967,-0.00995168984970053,-0.004344054630982445,0.2921067697018779,0.6316961733861461,-0.33958940368426827,9.84716339789115,0.14953898897609222
QSO,23.136341373736904,23.572855643834785,23.354598508785845,19117.0,418530.0,0.04567653453754809,0.005249849109475376,0.0120267525464819,0.021532682010967603,0.00939932297126729,-0.009505929464485703,-0.004149473861791915,0.2973566188113533,0.6410954963574135,-0.3437388775460602,10.015672817476396,0.14422356325871974
QSO,23.572855643834785,24.00936991393266,23.791112778883722,19542.0,419659.0,0.046566378893339595,0.005352123694141678,0.012261050922668904,0.021116712434387185,0.009217746315163216,-0.008855661511718281,-0.003865622621021538,0.30270874250549495,0.6503132426725767,-0.3476045001670818,10.184182237061643,0.13909707656487785
QSO,24.00936991393266,24.44588418403054,24.2276270489816,19954.0,405890.0,0.049161102761832026,0.005650349225659217,0.01294424859098472,0.020703108440584275,0.00903720226969892,-0.0077588598495995555,-0.0033868530440397037,0.30835909173115417,0.6593504449422757,-0.3509913532111215,10.352691656646892,0.13415281297819215
QSO,24.44588418403054,24.882398454128413,24.664141319079476,18352.0,376277.0,0.04877257977500618,0.005605694194863882,0.01284194945930861,0.020292227426160825,0.008857846843590646,-0.0074502779668522146,-0.0032521526487267645,0.31396478592601806,0.6682082917858664,-0.3542435058598483,10.521201076232138,0.12938429530233606
QSO,24.882398454128413,25.318912724226287,25.10065558917735,16798.0,348988.0,0.04813346017628113,0.005532236751338766,0.012673667575858052,0.019884398391238043,0.008679823650086608,-0.007210730815379991,-0.0031475868987478417,0.31949702267735686,0.676888115435953,-0.3573910927585961,10.689710495817383,0.12478527657562723
QSO,25.318912724226287,25.755426994324168,25.537169859275227,15786.0,323225.0,0.04883904400959084,0.0056133332858386885,0.012859449668346457,0.019479923506622532,0.008503264591055885,-0.006620473838276075,-0.0028899313052171962,0.32511035596319554,0.6853913800270088,-0.3602810240638133,10.85821991540263,0.12034973188724116
QSO,25.755426994324168,26.19194126442204,25.973684129373105,14467.0,297842.0,0.04857273319410963,0.005582724755405006,0.012789329325140429,0.019079079605442504,0.008328290508108963,-0.006289750280302075,-0.0027455657527039575,0.33069308071860054,0.6937196705351178,-0.3630265898165173,11.026729334987879,0.11607185048432088
QSO,26.19194126442204,26.628455534519922,26.410198399470982,13340.0,274534.0,0.04859143129812701,0.005584873828790681,0.012794252585461569,0.01868211960263692,0.008155011802226365,-0.005887867017175351,-0.0025701379734356846,0.33627795454739123,0.7018746823373442,-0.36559672778995295,11.195238754573126,0.11194602815964258
QSO,26.628455534519922,27.064969804617796,26.84671266956886,12460.0,253599.0,0.04913268585443949,0.005647083118072921,0.012936766343988599,0.018289273845547373,0.007983529023309243,-0.005352507501558775,-0.002336445905236322,0.34192503766546417,0.7098582113606534,-0.36793317369518924,11.363748174158372,0.10796685990986524
QSO,27.064969804617796,27.50148407471567,27.283226939666733,11269.0,232953.0,0.048374564826381285,0.005559948201986979,0.01273715106894523,0.017900751398717343,0.007813933431014592,-0.005163600329772113,-0.0022539852290276137,0.34748498586745113,0.717672144791668,-0.37018715892421683,11.53225759374362,0.10412913285474518
QSO,27.50148407471567,27.93799834481355,27.71974120976461,10252.0,213460.0,0.048027733533214656,0.005520085021165495,0.01264582947065559,0.017516741265862723,0.007646307528161495,-0.004870911795207133,-0.0021262225069960004,0.35300507088861666,0.7253184523198295,-0.37231338143121284,11.700767013328866,0.10042781940804064
QSO,27.93799834481355,28.374512614911424,28.156255479862487,9379.0,195336.0,0.04801470287095057,0.005518587337258964,0.012642398462761838,0.017137413551866956,0.007480725567958614,-0.004495015089105117,-0.00196213823069965,0.3585236582258756,0.7327991778877881,-0.3742755196619125,11.869276432914113,0.09685807069115929
QSO,28.374512614911424,28.811026885009305,28.592769749960365,8728.0,176423.0,0.049472007618054335,0.00568608318838418,0.013026110663253172,0.016762920567511,0.007317254036235818,-0.003736809904257829,-0.0016311708478516374,0.3642097414142598,0.740116431924024,-0.37590669050976416,12.03778585249936,0.09341521018092012
QSO,28.811026885009305,29.24754115510718,29.029284020058242,7713.0,162982.0,0.047324244395086576,0.005439229241218106,0.012460598916957609,0.01639339787954971,0.007155952109815672,-0.003932798962592103,-0.0017167228685975667,0.3696489706554779,0.7472723840338397,-0.37762341337836175,12.206295272084606,0.09009472758310876
QSO,29.24754115510718,29.684055425205052,29.465798290156116,7215.0,151580.0,0.04759862778730703,0.005470765596195282,0.012532844791004534,0.016028965308614786,0.006996872092114121,-0.0034961205176102517,-0.0015261064959188391,0.3751197362516732,0.7542692561259537,-0.3791495198742805,12.374804691669853,0.08689227292379921
QSO,29.684055425205052,30.120569695302933,29.902312560253993,6691.0,138348.0,0.04836354699742678,0.005558681863808946,0.01273425004539372,0.015669727877336226,0.006840059827007837,-0.002935477831942505,-0.0012813779631988915,0.38067841811548214,0.7611093159529616,-0.38043089783747946,12.5433141112551,0.08380365085070259
QSO,30.120569695302933,30.557083965400807,30.33882683035187,5895.0,127370.0,0.04628248410143676,0.005319494142982743,0.012186300671888745,0.015315776710955308,0.006685555091964669,-0.0031294760390665633,-0.0013660609489819257,0.38599791225846486,0.7677948710449263,-0.3817969587864614,12.711823530840347,0.08082481513707644
QSO,30.557083965400807,30.993598235498688,30.775341100449747,5821.0,117746.0,0.04943692354729672,0.005682050787951695,0.013016872934480684,0.014967189892603433,0.006533391971386166,-0.0019503169581227484,-0.000851341183434471,0.39167996304641656,0.7743282630163124,-0.38264829996989586,12.880332950425593,0.07795186338099505
QSO,30.993598235498688,31.43011250559656,31.211855370547624,5205.0,108045.0,0.04817437178953214,0.005536938942487187,0.012684439712006928,0.014624033275345831,0.0063835992110746025,-0.0019395935633389032,-0.0008466602685874153,0.39721690198890375,0.780711862227387,-0.38349496023848323,13.048842370010842,0.07518103189303646
QSO,31.43011250559656,31.866626775694435,31.648369640645498,4918.0,99287.0,0.04953317151288689,0.0056931130828818625,0.013042215278793458,0.01428636125297034,0.006236200554694892,-0.0012441459741768818,-0.0005430874718130299,0.4029100150717856,0.7869480627820818,-0.38403804771029626,13.217351789596087,0.07250869076568849
QSO,31.866626775694435,32.30314104579231,32.08488391074337,4315.0,90067.0,0.04790877902006284,0.005506412940933033,0.012614508432217817,0.013954217491432488,0.006091215063059634,-0.001339709059214671,-0.0005848021221266011,0.4084164280127186,0.7930392778451415,-0.3846228498324229,13.385861209181334,0.06993133911801508
QSO,32.30314104579231,32.73965531589019,32.521398180841246,3957.0,81888.0,0.048322098475967176,0.0055539179629202975,0.012723336539891187,0.013627635622780448,0.005948657417037886,-0.0009042990828892605,-0.00039473945411758887,0.4139703459756389,0.7989879352621794,-0.38501758928654045,13.554370628766579,0.0674456005093528
QSO,32.73965531589019,33.17616958598806,32.957912450939126,3790.0,74860.0,0.05062783863211328,0.005818929046356905,0.01333044403119331,0.013306639903303809,0.005808538204845903,2.3804127889501606e-05,1.0390841511002252e-05,0.4197892750219958,0.8047964734670253,-0.3850071984450295,13.722880048351827,0.06504821851602954
QSO,33.17616958598806,33.612683856085944,33.39442672103701,3291.0,67735.0,0.04858640289362959,0.005584295887290956,0.012792928593236538,0.01299124583757,0.005670864194449001,-0.0001983172443334614,-8.65683071580442e-05,0.4253735709092868,0.8104673376614743,-0.3850937667521875,13.891389467937076,0.06273605246531047
QSO,33.612683856085944,34.04919812618382,33.83094099113488,3004.0,60832.0,0.04938190426091531,0.005675727126261117,0.013002386210623827,0.012681460769945356,0.005535638591767517,0.00032092544067847083,0.00014008853449360044,0.4310492980355479,0.8160029762532418,-0.3849536782176939,14.059898887522321,0.060506073320982734
QSO,34.04919812618382,34.48571239628169,34.267455261232755,2631.0,55649.0,0.04727847760067566,0.005433969018057258,0.01244854839874736,0.01237728444512069,0.005402861285355624,7.126395362666918e-05,3.1107732701634444e-05,0.4364832670536052,0.8214058375385974,-0.38492257048499223,14.228408307107568,0.05835535971518865
QSO,34.48571239628169,34.92222666637957,34.70396953133063,2442.0,50100.0,0.04874251497005988,0.00560223868557291,0.012834033316520683,0.012078709539096403,0.005272529078182976,0.0007553237774242799,0.00032970960738993357,0.4420855057391781,0.8266783666167804,-0.3845928608776023,14.396917726692813,0.056281094121309126
QSO,34.92222666637957,35.358740936477446,35.14048380142851,2358.0,45661.0,0.051641444558813865,0.00593542821218731,0.01359732915686007,0.011785722162029055,0.005144635907134447,0.0018116069948310148,0.0007907923050528625,0.4480209339513654,0.8318230025239148,-0.38380206857254945,14.565427146278061,0.054280559162883664
QSO,35.358740936477446,35.79525520657533,35.57699807152639,1931.0,41405.0,0.04663687960391257,0.0053602267189522546,0.012279613946527605,0.011498302334253075,0.00501917305080124,0.0007813116122745295,0.00034105366815101457,0.45338116067031764,0.8368421755747161,-0.38346101490439843,14.73393656586331,0.052351134053731145
QSO,35.79525520657533,36.2317694766732,36.01351234162426,1686.0,37191.0,0.045333548439138505,0.005210427877511778,0.011936443398158586,0.011216424436759827,0.00489612932612017,0.0007200189613987586,0.0003142985513916079,0.45859158854782944,0.8417383049008362,-0.3831467163530068,14.902445985448557,0.05049029116460805
QSO,36.2317694766732,36.668283746771074,36.45002661172214,1655.0,33262.0,0.04975647886477061,0.005718778994586752,0.013101012696113022,0.010940057637351714,0.004775491274397252,0.0021609550587613074,0.0009432877201895002,0.46431036754241617,0.8465137961752335,-0.3822034286328173,15.070955405033802,0.04869559271190628
QSO,36.668283746771074,37.104798016868955,36.88654088182001,1525.0,29525.0,0.05165114309906858,0.005936542917438812,0.01359988280820154,0.010669166293615332,0.004657243337210409,0.002930716514586207,0.0012792995802284029,0.470246910459855,0.8511710395124439,-0.3809241290525889,15.239464824619048,0.04696468756405253
QSO,37.104798016868955,37.54131228696683,37.32305515191789,1288.0,26697.0,0.04824512117466382,0.00554507054879861,0.012703068212535902,0.010403710333844959,0.004541368022688038,0.002299357878690943,0.0010037025261105722,0.4757919810086536,0.8557124075351319,-0.3799204265264783,15.407974244204297,0.04529530816142568
QSO,37.54131228696683,37.97782655706471,37.75956942201577,1218.0,23663.0,0.05147276338587668,0.0059160407802269985,0.013552914957168361,0.010143645616952213,0.004427846062615463,0.003409269340216148,0.0014881947176115353,0.4817080217888806,0.8601402535977474,-0.37843223180886676,15.576483663789546,0.04368526754575688
QSO,37.97782655706471,38.41434082716258,38.196083692113646,888.0,20518.0,0.04327907203431133,0.004974295884716795,0.011395494318207456,0.009888924272398215,0.004316656560819054,0.0015065700458092406,0.0006576393238977409,0.48668231767359743,0.8644569101585664,-0.377774592484969,15.74499308337479,0.042132456495120874
QSO,38.41434082716258,38.85085509726046,38.63259796221152,929.0,18472.0,0.05029233434387181,0.005780367738966088,0.013242104863307297,0.009639495021087732,0.004207777133242199,0.0036026098422195646,0.001572590605723889,0.4924626854125635,0.8686646872918086,-0.3762020018792451,15.913502502960036,0.04063484076076515
QSO,38.85085509726046,39.28736936735834,39.069112232309394,850.0,16391.0,0.05185772680129339,0.00596028669038782,0.013654276844262911,0.00939530347817527,0.004101184040123758,0.004258973366087642,0.0018591026502640618,0.49842297210295133,0.8727658713319323,-0.37434289922898095,16.082011922545284,0.039190458402157395
QSO,39.28736936735834,39.72388363745621,39.505626502407274,665.0,14785.0,0.044978018261751775,0.005169564887268702,0.011842831360609585,0.00915629243864227,0.00399685231065661,0.0026865389219673155,0.0011727125766120916,0.50359253699022,0.8767627236425889,-0.3731701866523689,16.250521342130533,0.037797417216759575
QSO,39.72388363745621,40.16039790755409,39.942140772505155,712.0,13267.0,0.05366699329162584,0.006168235392478329,0.014130661504136412,0.008922402146499675,0.00389475586049907,0.005208259357636738,0.0022734795319792585,0.5097607723826983,0.8806574795030879,-0.3708967071203896,16.41903076171578,0.036453892261161906
QSO,40.16039790755409,40.596912177651966,40.37865504260303,601.0,12328.0,0.04875081116158339,0.005603192211362962,0.012836217725726662,0.008693570548417134,0.003794867602486677,0.0041426471773095275,0.001808324608876285,0.5153639645940613,0.8844523471055746,-0.3690883825115133,16.587540181301023,0.03515812346032908
QSO,40.596912177651966,41.03342644774984,40.8151693127009,504.0,11318.0,0.04453083583672027,0.005118167812608958,0.011725087043457665,0.008469733532542384,0.003697159550881224,0.0032553535109152813,0.0014210082617277342,0.5204821324066703,0.8881495066564559,-0.3676673742497856,16.75604960088627,0.03390841330182675
QSO,41.03342644774984,41.46994071784772,41.251683582798776,486.0,10443.0,0.04653835104854927,0.005348902303607068,0.012253671116886211,0.008250825153245652,0.0036016029194742617,0.004002845963640559,0.0017472993841328066,0.5258310347102774,0.8917511095759302,-0.3659200748656528,16.924559020471516,0.03270312461200793
QSO,41.46994071784772,41.906454987945594,41.68819785289666,458.0,9792.0,0.046772875816993464,0.005375857493164073,0.012315422109702661,0.008036777842489727,0.0035081682138531673,0.004278644267212934,0.001867689279310906,0.5312068922034414,0.8952592777897833,-0.3640523855863419,17.093068440056765,0.03154067841124555
QSO,41.906454987945594,42.342969258043475,42.12471212299454,405.0,9073.0,0.04463793673536868,0.005130477493347351,0.011753286993795025,0.007827522608487972,0.0034168253181187866,0.003925764385307054,0.0017136521752285647,0.5363373696967888,0.8986761031079021,-0.36233873341111333,17.261577859642014,0.030419551845401797
QSO,42.342969258043475,42.77948352814135,42.56122639309241,354.0,8261.0,0.042851954969132064,0.004925205029489372,0.01128303326346023,0.007622989222289846,0.00332754357633181,0.0036600440411703843,0.001597661453157562,0.5412625747262781,0.9020036466842339,-0.3607410719579558,17.43008727922726,0.029338276190824224
QSO,42.77948352814135,43.21599779823922,42.997740663190285,310.0,7481.0,0.04143831038631199,0.004762727275225157,0.010910816899885713,0.0074231063929040145,0.003240291868957356,0.0034877105069816986,0.0015224354062678015,0.5460253020015033,0.9052439385531913,-0.35921863655168795,17.598596698812504,0.02829543493025494
QSO,43.21599779823922,43.6525120683371,43.43425493328816,306.0,6791.0,0.04505963775585334,0.005178945853508001,0.011864321989626392,0.007227801931528711,0.0031550386845533083,0.004636520058097681,0.002023907168954693,0.5512042478550113,0.9083989772377447,-0.35719472938273333,17.767106118397752,0.0272896618971327
QSO,43.6525120683371,44.08902633843498,43.87076920338604,310.0,5972.0,0.05190890823844608,0.005966169247481481,0.013667753052251345,0.0070370029054553475,0.0030717521869514574,0.006630750146795998,0.0028944170605300235,0.5571704171024928,0.9114707294246961,-0.35430031232220327,17.935615537983,0.02631963948585632
QSO,44.08902633843498,44.52554060853286,44.30728347348392,226.0,5519.0,0.04094944736365284,0.004706539625917988,0.010782097970961241,0.006850635782162044,0.0029904002781568893,0.003931462188799197,0.0017161393477610983,0.5618769567284108,0.914461129702853,-0.3525841729744422,18.10412495756825,0.025384096925665133
QSO,44.52554060853286,44.96205487863073,44.743797743581794,206.0,4895.0,0.04208375893769152,0.0048369121392254355,0.01108076521333637,0.0066686265641005115,0.002910950657183626,0.004412138649235859,0.0019259614820418096,0.5667138688676362,0.9173720803600366,-0.3506582114924004,18.272634377153494,0.024481808615875057
QSO,44.96205487863073,45.398569148728605,45.18031201367967,247.0,4282.0,0.05768332554880897,0.0066298540011842325,0.01518817242721002,0.006490900914666768,0.002833370875043385,0.008697271512543254,0.0037964831261408476,0.5733437228688204,0.92020545123508,-0.3468617283662596,18.44114379673874,0.02361159252028932
QSO,45.398569148728605,45.835083418826486,45.61682628377754,201.0,3802.0,0.05286691215149921,0.00607627777565105,0.013919998020427945,0.006317384275793883,0.002757628386075996,0.007602613744634062,0.003318649389575054,0.5794200006444714,0.922963079621156,-0.34354307897668457,18.609653216323984,0.02277230861868068
QSO,45.835083418826486,46.27159768892436,46.05334055387542,142.0,3303.0,0.042991220102936725,0.004941211518293472,0.011319702142121428,0.00614800197762359,0.0026836905958226454,0.0051717001644978385,0.002257520922470827,0.5843612121627649,0.9256467702169786,-0.3412855580542137,18.778162635909233,0.021962857413316224
QSO,46.27159768892436,46.70811195902224,46.4898548239733,152.0,2831.0,0.053691275167785234,0.006171026238745945,0.014137054986454851,0.005982679340651405,0.002611524905614119,0.008154375645803447,0.0035595013331318264,0.5905322384015109,0.9282582951225927,-0.3377260567210818,18.94667205549448,0.02118217848856843
QSO,46.70811195902224,47.144626229120114,46.92636909407118,138.0,2523.0,0.054696789536266346,0.006286595398389523,0.014401809583407123,0.005821341770759437,0.0025410987540533192,0.008580467812647687,0.0037454966443362034,0.5968188337999004,0.930799393876646,-0.3339805600767456,19.11518147507973,0.020429249121725442
QSO,47.144626229120114,47.58114049921799,47.36288336416905,78.0,2251.0,0.0346512661039538,0.0039826558722070955,0.009123770160627551,0.005663914847499117,0.0024723796555525864,0.003459855313128434,0.001510276216654509,0.6008014896721076,0.9332717735321986,-0.33247028386009103,19.283690894664975,0.019703082943180596
QSO,47.58114049921799,48.01765476931587,47.799397634266924,82.0,1859.0,0.04410973641742873,0.00506976859770024,0.011614210450813971,0.005510324405996859,0.0024053352360862575,0.006103886044817112,0.002664433361613982,0.6058712582698078,0.9356771087682848,-0.329805850498477,19.45220031425022,0.019002728644246233
QSO,48.01765476931587,48.45416903941374,48.235911904364805,100.0,1560.0,0.0641025641025641,0.007367651519015592,0.01687837494376448,0.005360496612808099,0.0023399332663020514,0.011517878330956383,0.005027718252713541,0.6132389097888234,0.9380170420345868,-0.32477813224576335,19.62070973383547,0.018327268730898634
QSO,48.45416903941374,48.89068330951162,48.672426174462686,48.0,1288.0,0.037267080745341616,0.004283305479378009,0.009812521085318817,0.005214358036066727,0.0022761416921426867,0.00459816304925209,0.0020071637872353222,0.6175222152682015,0.9402931837267295,-0.32277096845852804,19.789219153420717,0.01767581832182176
QSO,48.89068330951162,49.327197579609496,49.10894044456056,27.0,1149.0,0.02349869451697128,0.0027008310007044104,0.006187268517244212,0.005071835710218743,0.0022139286631024657,0.0011154328070254686,0.00048690233760194466,0.6202230462689059,0.942507112389832,-0.3222840661209261,19.957728573005962,0.01704752398917493
QSO,49.327197579609496,49.76371184970737,49.54545471465843,58.0,1023.0,0.056695992179863146,0.006516374481334612,0.014928204935599319,0.004932857195654975,0.0021532625582583757,0.009995347739944344,0.004363111923076236,0.6267394207502405,0.9446603749480904,-0.31792095419784994,20.126237992591207,0.016441562640565906
QSO,49.76371184970737,50.20022611980525,49.98196898475631,53.0,824.0,0.06432038834951456,0.007392687228060791,0.016935728645029423,0.004797350633509618,0.0020941120101900567,0.012138378011519804,0.005298575217870734,0.6341321079783012,0.9467544869582805,-0.31262237897997924,20.294747412176456,0.015857140440764708
QSO,50.20022611980525,50.636740389903125,50.41848325485419,22.0,646.0,0.034055727554179564,0.0039142074323934226,0.00896696328281729,0.004665244795899329,0.002036445926909899,0.004301718486917961,0.0018777615054835235,0.6380463154106947,0.9487909328851903,-0.31074461747449567,20.463256831761704,0.01529349177174565
QSO,50.636740389903125,51.073254660001005,50.85499752495207,49.0,538.0,0.09107806691449814,0.010468090745605054,0.023981096295563865,0.004536469131861376,0.0019802335119160357,0.019444627163702488,0.00848785723368902,0.6485144061562997,0.9507711663971063,-0.3022567602408066,20.631766251346953,0.014749878229695033
QSO,51.073254660001005,51.50976893009888,51.29151179504994,15.0,438.0,0.03424657534246575,0.003936142592350796,0.009017214011052257,0.004410953809222151,0.0019254442824680426,0.0046062602018301065,0.0020106983098827536,0.6524505487486505,0.9526966106795743,-0.30024606193092385,20.800275670932198,0.01422558765767058
QSO,51.50976893009888,51.94628320019675,51.728026065147816,12.0,341.0,0.03519061583577713,0.004044646229793897,0.009265782373820267,0.004288629752640102,0.0018720480861937187,0.004977152621180165,0.0021725981436001786,0.6564951949784444,0.954568658765768,-0.2980734637873236,20.968785090517443,0.01371993321264549
QSO,51.94628320019675,52.38279747029463,52.16454033524569,13.0,224.0,0.05803571428571429,0.006670355928823046,0.015280957315157951,0.004169428678031071,0.0018200151161159048,0.011111528637126881,0.004850340812707141,0.6631655509072675,0.956388673881884,-0.2932231229746165,21.137294510102688,0.013232252465714746
QSO,52.38279747029463,52.81931174039251,52.60105460534357,8.0,174.0,0.04597701149425287,0.0052843845377767,0.012105868925182799,0.00405328312359396,0.0017693159241956471,0.008052585801588838,0.0035150686135810533,0.6684499354450442,0.9581579898060796,-0.2897080543610354,21.305803929687936,0.012761906534284979
QSO,52.81931174039251,53.25582601049039,53.03756887544145,6.0,111.0,0.05405405405405406,0.006212722361980716,0.014232575628255223,0.003940126477628015,0.0017199214334751268,0.010292449150627207,0.004492800928505589,0.6746626578070248,0.9598779112395547,-0.28521525343252985,21.474313349273185,0.012308279245110987
QSO,53.25582601049039,53.69234028058826,53.474083145539325,1.0,70.0,0.014285714285714285,0.0016419337670949034,0.0037614664160389413,0.003829893003335396,0.0016718029489039038,-6.842658729645486e-05,-2.986918180900044e-05,0.6763045915741197,0.9615497141884586,-0.2852451226143389,21.642822768858434,0.011870776327082545
QSO,53.69234028058826,54.128854550686135,53.9105974156372,4.0,50.0,0.08,0.009194829095731459,0.021064211929818073,0.003722517860786454,0.0016249321669274972,0.01734169406903162,0.007569896928803962,0.6854994206698511,0.9631746463553861,-0.27767522568553493,21.81133218844368,0.01144882463270377
QSO,54.128854550686135,54.565368820784016,54.34711168573507,5.0,37.0,0.13513513513513514,0.01553180590495179,0.03558143907063806,0.0036179371262162925,0.0015792811839103293,0.03196350194442177,0.01395252472104146,0.7010312265748029,0.9647539275392965,-0.2637227009644936,21.979841608028924,0.011041871387245552
QSO,54.565368820784016,55.00188309088189,54.78362595583295,3.0,21.0,0.14285714285714285,0.016419337670949035,0.037614664160389416,0.00351608780881845,0.0015348225034664178,0.034098576351570965,0.014884515167482617,0.7174505642457519,0.9662887500427628,-0.2488381857970109,22.148351027614172,0.010649383464587004
QSO,55.00188309088189,55.43839736097977,55.220140225930834,0.0,23.0,0.0,0.0,0.0,0.003416907865186839,0.0014915290427637412,-0.003416907865186839,-0.0014915290427637412,0.7174505642457519,0.9677802790855266,-0.2503297148397746,22.31686044719942,0.010270846688797533
QSO,55.43839736097977,55.874911631077644,55.65665449602871,0.0,13.0,0.0,0.0,0.0,0.0033203362115502007,0.0014493741378643749,-0.0033203362115502007,-0.0014493741378643749,0.7174505642457519,0.9692296532233909,-0.251779088977639,22.485369866784666,0.00990576516054437
QSO,55.874911631077644,56.31142590117552,56.09316876612658,0.0,7.0,0.0,0.0,0.0,0.0032263127339422853,0.001408331548164292,-0.0032263127339422853,-0.001408331548164292,0.7174505642457519,0.9706379847715553,-0.25318742052580334,22.65387928636991,0.009553660607443318
QSO,56.31142590117552,56.7479401712734,56.529683036224455,0.0,10.0,0.0,0.0,0.0,0.0031347782964353033,0.0013683754599871346,-0.0031347782964353033,-0.0013683754599871346,0.7174505642457519,0.9720063602315424,-0.2545557959857905,22.82238870595516,0.009214071757501505
QSO,56.7479401712734,57.18445444137127,56.966197306322336,0.0,10.0,0.0,0.0,0.0,0.003045674747563164,0.0013294804893880603,-0.003045674747563164,-0.0013294804893880603,0.7174505642457519,0.9733358407209305,-0.25588527647517856,22.990898125540408,0.008886553734831382
QSO,57.18445444137127,57.62096871146915,57.40271157642022,0.0,5.0,0.0,0.0,0.0,0.0029589449250512685,0.001291621684218583,-0.0029589449250512685,-0.001291621684218583,0.7174505642457519,0.9746274624051491,-0.25717689815939715,23.159407545125656,0.00857067747684432
QSO,57.62096871146915,58.05748298156703,57.83922584651809,0.0,8.0,0.0,0.0,0.0,0.0028745326589686305,0.0012547745255021918,-0.0028745326589686305,-0.0012547745255021918,0.7174505642457519,0.9758822369306512,-0.2584316726848993,23.3279169647109,0.008266029172160343
QSO,58.05748298156703,58.4939972516649,58.275740116615964,0.0,7.0,0.0,0.0,0.0,0.002792382773402789,0.0012189149281657946,-0.002792382773402789,-0.0012189149281657946,0.7174505642457519,0.9771011518588171,-0.25965058761306514,23.496426384296146,0.00797220971849748
QSO,58.4939972516649,58.93051152176278,58.71225438671384,0.0,4.0,0.0,0.0,0.0,0.002712441086764958,0.0011840192411727082,-0.002712441086764958,-0.0011840192411727082,0.7174505642457519,0.9782851710999898,-0.26083460685423787,23.66493580388139,0.007688834199830817
QSO,58.93051152176278,59.367025791860655,59.14876865681172,0.0,0.0,nan,0.0,0.0,0.002634654410815241,0.0011500642470971584,-0.002634654410815241,-0.0011500642470971584,0.7174505642457519,0.979435235347087,-0.26198467110133505,23.83344522346664,0.007415531382136035
QSO,59.367025791860655,59.803540061958536,59.5852829269096,0.0,9.0,0.0,0.0,0.0,0.002558970548502916,0.001117027161181724,-0.002558970548502916,-0.001117027161181724,0.7174505642457519,0.9805522625082687,-0.2631016982625167,24.00195464305189,0.007151943227057024
QSO,59.803540061958536,60.24005433205641,60.02179719700747,0.0,8.0,0.0,0.0,0.0,0.002485338290702434,0.00108488562991227,-0.002485338290702434,-0.00108488562991227,0.7174505642457519,0.9816371481381809,-0.264186583892429,24.170464062637134,0.006897724422860315
QSO,60.24005433205641,60.67656860215428,60.45831146710535,0.0,10.0,0.0,0.0,0.0,0.002413707411933018,0.001053617729149769,-0.002413707411933018,-0.001053617729149769,0.7174505642457519,0.9826907658673307,-0.2652402016215788,24.338973482222382,0.006652541932062
QSO,60.67656860215428,61.113082872252164,60.89482573720322,0.0,8.0,0.0,0.0,0.0,0.002344028665129383,0.0010232019618474626,-0.002344028665129383,-0.0010232019618474626,0.7174505642457519,0.9837139678291782,-0.26626340358342626,24.507482901807627,0.006416074555134404
QSO,61.113082872252164,61.54959714235004,61.3313400073011,1.0,8.0,0.125,0.014366920462080405,0.032912831140340736,0.0022762537755463947,0.0009936172553901637,0.030636577364794342,0.013373303206690241,0.7318174847078324,0.9847075850845683,-0.252890100376736,24.675992321392876,0.006188012509720996
QSO,61.54959714235004,61.98611141244792,61.76785427739898,0.0,8.0,0.0,0.0,0.0,0.0022103354338572183,0.0009648429585816663,-0.0022103354338572183,-0.0009648429585816663,0.7318174847078324,0.98567242804315,-0.25385494333531766,24.844501740978124,0.005968057024808274
QSO,61.98611141244792,62.42262568254579,62.204368547496856,0.0,5.0,0.0,0.0,0.0,0.002146227288516107,0.000936858838310747,-0.002146227288516107,-0.000936858838310747,0.7318174847078324,0.9866092868814608,-0.2547918021736284,25.01301116056337,0.005755919949323014
QSO,62.42262568254579,62.859139952643666,62.64088281759473,0.0,7.0,0.0,0.0,0.0,0.0020838839374406532,0.0009096450759205899,-0.0020838839374406532,-0.0009096450759205899,0.7318174847078324,0.9875189319573814,-0.255701447249549,25.181520580148614,0.00555132337464201
QSO,62.859139952643666,63.29565422274155,63.0773970876926,0.0,7.0,0.0,0.0,0.0,0.0020232609190817563,0.0008831822633105403,-0.0020232609190817563,-0.0008831822633105403,0.7318174847078324,0.9884021142206919,-0.25658462951285954,25.350029999733863,0.005353999270519968
QSO,63.29565422274155,63.73216849283942,63.513911357790484,0.0,5.0,0.0,0.0,0.0,0.001964314702920606,0.0008574513987879098,-0.001964314702920606,-0.0008574513987879098,0.7318174847078324,0.9892595656194798,-0.25744208091164744,25.51853941931911,0.005163689133958419
QSO,63.73216849283942,64.1686827629373,63.95042562788836,1.0,3.0,0.3333333333333333,0.03831178789888108,0.0877675497075753,0.0019070026794602902,0.0008324338826992979,0.08586054702811502,0.037479354016181785,0.7701292726067135,0.9900919995021791,-0.2199627268954656,25.687048838904357,0.00498014365055578
QSO,64.1686827629373,64.60519703303517,64.38693989798622,0.0,2.0,0.0,0.0,0.0,0.001851283149747326,0.0008081115128564467,-0.001851283149747326,-0.0008081115128564467,0.7701292726067135,0.9909001110150355,-0.220770838408322,25.855558258489598,0.004803122367894802
QSO,64.60519703303517,65.04171130313306,64.82345416808411,0.0,3.0,0.0,0.0,0.0,0.0017971153144777953,0.0007844664797810111,-0.0017971153144777953,-0.0007844664797810111,0.7701292726067135,0.9916845774948165,-0.22155530488810304,26.02406767807485,0.004632393380539689
QSO,65.04171130313306,65.47822557323093,65.259968438182,0.0,4.0,0.0,0.0,0.0,0.001744459262725401,0.0007614813617840533,-0.001744459262725401,-0.0007614813617840533,0.7701292726067135,0.9924460588566005,-0.22231678624988704,26.192577097660102,0.004467733026230058
QSO,65.47822557323093,65.9147398433288,65.69648270827986,1.0,2.0,0.5,0.05746768184832162,0.13165132456136294,0.0016932759603352449,0.0007391391199000156,0.1299580486010277,0.05672854272842161,0.8275969544550351,0.9931851979765005,-0.1655882435214654,26.36108651724534,0.004308925592873843
QSO,65.9147398433288,66.35125411342668,66.13299697837775,0.0,3.0,0.0,0.0,0.0,0.001643527238019539,0.0007174230926900734,-0.001643527238019539,-0.0007174230926900734,0.8275969544550351,0.9939026210691906,-0.16630566661415547,26.529595936830592,0.004155763035955202
QSO,66.35125411342668,66.78776838352455,66.5695112484756,0.0,2.0,0.0,0.0,0.0,0.0015951757791930398,0.0006963169909322567,-0.0015951757791930398,-0.0006963169909322567,0.8275969544550351,0.9945989380601229,-0.16700198360508778,26.698105356415834,0.004008044705987401
QSO,66.78776838352455,67.22428265362244,67.0060255185735,0.0,8.0,0.0,0.0,0.0,0.0015481851075788624,0.0006758048922112072,-0.0015481851075788624,-0.0006758048922112072,0.8275969544550351,0.9952747429523341,-0.16767778849729897,26.866614776001086,0.003865577085653344
QSO,67.22428265362244,67.66079692372031,67.44253978867138,0.0,2.0,0.0,0.0,0.0,0.0015025195746192737,0.0006558712354226999,-0.0015025195746192737,-0.0006558712354226999,0.8275969544550351,0.9959306141877567,-0.16833365973272163,27.035124195586334,0.0037281735362896854
QSO,67.66079692372031,68.09731119381819,67.87905405876924,0.0,2.0,0.0,0.0,0.0,0.001458144346719435,0.000636500815205575,-0.001458144346719435,-0.000636500815205575,0.8275969544550351,0.9965671150029624,-0.16897016054792724,27.203633615171576,0.003595654053382191
QSO,68.09731119381819,68.53382546391606,68.31556832886713,1.0,1.0,1.0,0.11493536369664324,0.2633026491227259,0.0014150253923522326,0.0006176787763125922,0.26188762373037366,0.11431768492033065,0.9425323181516784,0.9971847937792749,-0.054652475627596564,27.372143034756828,0.003467845030752123
QSO,68.53382546391606,68.97033973401393,68.75208259896499,0.0,6.0,0.0,0.0,0.0,0.001373129469049334,0.0005993906079319509,-0.001373129469049334,-0.0005993906079319509,0.9425323181516784,0.9977841843872068,-0.05525186623552847,27.540652454342066,0.0033445790331247858
QSO,68.97033973401393,69.40685400411182,69.18859686906288,0.0,2.0,0.0,0.0,0.0,0.0013324241103053443,0.0005816221379707651,-0.0013324241103053443,-0.0005816221379707651,0.9425323181516784,0.9983658065251776,-0.05583348837349922,27.709161873927318,0.003225694576782103
QSO,69.40685400411182,69.8433682742097,69.62511113916077,0.0,3.0,0.0,0.0,0.0,0.001292877612414414,0.0005643595273089596,-0.001292877612414414,-0.0005643595273089596,0.9425323181516784,0.9989301660524865,-0.05639784790080815,27.87767129351257,0.0031110359180121267
QSO,69.8433682742097,70.27988254430757,70.06162540925862,0.0,5.0,0.0,0.0,0.0,0.0012544590212635205,0.0005475892640345387,-0.0012544590212635205,-0.0005475892640345387,0.9425323181516784,0.999477755316521,-0.05694543716484268,28.04618071309781,0.003000452849078083
QSO,70.27988254430757,70.71639681440544,70.49813967935651,1.0,2.0,0.5,0.05746768184832162,0.13165132456136294,0.001196397733713178,0.0005222446834785581,0.13045492682764975,0.056945437164843064,1.0,0.9999999999999997,3.3306690738754696e-16,28.21469013268306,0.002893800501439813
QSO,70.71639681440544,71.15291108450332,70.93465394945437,0.0,3.0,0.0,0.0,0.0,0.0,0.0,0.0,0.0,1.0,0.9999999999999997,3.3306690738754696e-16,28.3831995522683,0.002790939155969854
QSO,71.15291108450332,71.5894253546012,71.37116821955226,0.0,6.0,0.0,0.0,0.0,0.0,0.0,0.0,0.0,1.0,0.9999999999999997,3.3306690738754696e-16,28.551708971853554,0.0026917340599153647
QSO,71.5894253546012,72.02593962469908,71.80768248965015,0.0,5.0,0.0,0.0,0.0,0.0,0.0,0.0,0.0,1.0,0.9999999999999997,3.3306690738754696e-16,28.720218391438806,0.0025960552503663083
QSO,72.02593962469908,72.46245389479695,72.24419675974801,0.0,3.0,0.0,0.0,0.0,0.0,0.0,0.0,0.0,1.0,0.9999999999999997,3.3306690738754696e-16,28.888727811024044,0.002503777383998476
QSO,72.46245389479695,72.89896816489482,72.6807110298459,0.0,0.0,nan,0.0,0.0,0.0,0.0,0.0,0.0,1.0,0.9999999999999997,3.3306690738754696e-16,29.057237230609296,0.0024147795728683683
QSO,72.89896816489482,73.3354824349927,73.11722529994375,0.0,0.0,nan,0.0,0.0,0.0,0.0,0.0,0.0,1.0,0.9999999999999997,3.3306690738754696e-16,29.225746650194537,0.002328945226044867
QSO,73.3354824349927,73.77199670509059,73.55373957004164,0.0,0.0,nan,0.0,0.0,0.0,0.0,0.0,0.0,1.0,0.9999999999999997,3.3306690738754696e-16,29.39425606977979,0.0022461618968700886
QSO,73.77199670509059,74.20851097518846,73.99025384013953,0.0,0.0,nan,0.0,0.0,0.0,0.0,0.0,0.0,1.0,0.9999999999999997,3.3306690738754696e-16,29.562765489365038,0.002166321135649518
QSO,74.20851097518846,74.64502524528633,74.42676811023739,0.0,0.0,nan,0.0,0.0,0.0,0.0,0.0,0.0,1.0,0.9999999999999997,3.3306690738754696e-16,29.73127490895028,0.0020893183475782446
QSO,74.64502524528633,75.08153951538421,74.86328238033528,0.0,0.0,nan,0.0,0.0,0.0,0.0,0.0,0.0,1.0,0.9999999999999997,3.3306690738754696e-16,29.89978432853553,0.0020150526557172984
QSO,75.08153951538421,75.51805378548208,75.29979665043314,0.0,0.0,nan,0.0,0.0,0.0,0.0,0.0,0.0,1.0,0.9999999999999997,3.3306690738754696e-16,30.06829374812077,0.0019434267688405883
QSO,75.51805378548208,75.95456805557997,75.73631092053103,0.0,0.0,nan,0.0,0.0,0.0,0.0,0.0,0.0,1.0,0.9999999999999997,3.3306690738754696e-16,30.23680316770602,0.0018743468539792058
QSO,75.95456805557997,76.39108232567784,76.17282519062891,0.0,0.0,nan,0.0,0.0,0.0,0.0,0.0,0.0,1.0,0.9999999999999997,3.3306690738754696e-16,30.405312587291274,0.0018077224134962601
QSO,76.39108232567784,76.82759659577572,76.60933946072677,0.0,0.0,nan,0.0,0.0,0.0,0.0,0.0,0.0,1.0,0.9999999999999997,3.3306690738754696e-16,30.573822006876515,0.0017434661665310977
QSO,76.82759659577572,77.26411086587359,77.04585373082466,0.0,0.0,nan,0.0,0.0,0.0,0.0,0.0,0.0,1.0,0.9999999999999997,3.3306690738754696e-16,30.742331426461764,0.0016814939346576423
QSO,77.26411086587359,77.70062513597146,77.48236800092252,0.0,0.0,nan,0.0,0.0,0.0,0.0,0.0,0.0,1.0,0.9999999999999997,3.3306690738754696e-16,30.910840846047005,0.0016217245316070866
QSO,77.70062513597146,78.13713940606935,77.91888227102041,0.0,0.0,nan,0.0,0.0,0.0,0.0,0.0,0.0,1.0,0.9999999999999997,3.3306690738754696e-16,31.079350265632257,0.0015640796569103843
QSO,78.13713940606935,78.57365367616723,78.3553965411183,0.0,0.0,nan,0.0,0.0,0.0,0.0,0.0,0.0,1.0,0.9999999999999997,3.3306690738754696e-16,31.24785968521751,0.0015084837933213228
QSO,78.57365367616723,79.0101679462651,78.79191081121616,0.0,0.0,nan,0.0,0.0,0.0,0.0,0.0,0.0,1.0,0.9999999999999997,3.3306690738754696e-16,31.416369104802747,0.0014548641078856981
QSO,79.0101679462651,79.44668221636297,79.22842508131404,0.0,0.0,nan,0.0,0.0,0.0,0.0,0.0,0.0,1.0,0.9999999999999997,3.3306690738754696e-16,31.584878524388,0.0014031503565270183
QSO,79.44668221636297,79.88319648646085,79.6649393514119,0.0,0.0,nan,0.0,0.0,0.0,0.0,0.0,0.0,1.0,0.9999999999999997,3.3306690738754696e-16,31.75338794397324,0.0013532747920237947
QSO,79.88319648646085,80.31971075655873,80.10145362150979,0.0,0.0,nan,0.0,0.0,0.0,0.0,0.0,0.0,1.0,0.9999999999999997,3.3306690738754696e-16,31.92189736355849,0.0013051720752577651
QSO,80.31971075655873,80.75622502665661,80.53796789160768,0.0,0.0,nan,0.0,0.0,0.0,0.0,0.0,0.0,1.0,0.9999999999999997,3.3306690738754696e-16,32.09040678314374,0.0012587791896168782
QSO,80.75622502665661,81.19273929675448,80.97448216170554,0.0,0.0,nan,0.0,0.0,0.0,0.0,0.0,0.0,1.0,0.9999999999999997,3.3306690738754696e-16,32.25891620272898,0.0012140353584408332
QSO,81.19273929675448,81.62925356685236,81.41099643180343,0.0,0.0,nan,0.0,0.0,0.0,0.0,0.0,0.0,1.0,0.9999999999999997,3.3306690738754696e-16,32.42742562231423,0.0011708819654010568
QSO,81.62925356685236,82.06576783695023,81.84751070190129,0.0,0.0,nan,0.0,0.0,0.0,0.0,0.0,0.0,1.0,0.9999999999999997,3.3306690738754696e-16,32.59593504189947,0.0011292624777108253
QSO,82.06576783695023,82.50228210704812,82.28402497199917,0.0,0.0,nan,0.0,0.0,0.0,0.0,0.0,0.0,1.0,0.9999999999999997,3.3306690738754696e-16,32.76444446148473,0.001089122372064881
QSO,82.50228210704812,82.93879637714599,82.72053924209706,0.0,0.0,nan,0.0,0.0,0.0,0.0,0.0,0.0,1.0,0.9999999999999997,3.3306690738754696e-16,32.93295388106998,0.0010504090632115944
QSO,82.93879637714599,83.37531064724386,83.15705351219492,0.0,0.0,nan,0.0,0.0,0.0,0.0,0.0,0.0,1.0,0.9999999999999997,3.3306690738754696e-16,33.10146330065522,0.0010130718350640346
QSO,83.37531064724386,83.81182491734174,83.59356778229281,0.0,0.0,nan,0.0,0.0,0.0,0.0,0.0,0.0,1.0,0.9999999999999997,3.3306690738754696e-16,33.26997272024047,0.000977061774259717
