galaxy,R,r_normalized,sigma,rho,sigma_prime,sigma_second,V_obs,V_err,closure_reference_value,closure_residual,status
CamB,0.16,0.340425531915,-4.12742600015,0.0161243294744,0.258283026496,-0.116414460693,1.99,1.5,OMITTED,OMITTED,INVALID_VFLAT
CamB,0.41,0.872340425532,-4.00475460301,0.0182287619931,0.205872307283,-0.083396727036,4.84,1.5,OMITTED,OMITTED,INVALID_VFLAT
CamB,0.57,1.21276595745,-3.93920775691,0.0194636285641,0.180023155941,-0.0691352157234,6.79,1.5,OMITTED,OMITTED,INVALID_VFLAT
CamB,0.73,1.55319148936,-3.88170522828,0.0206156408178,0.158421342678,-0.0582420755334,8.87,1.5,OMITTED,OMITTED,INVALID_VFLAT
CamB,0.9,1.91489361702,-3.82800561023,0.0217529562699,0.139046324788,-0.0492657676454,10.9,1.5,OMITTED,OMITTED,INVALID_VFLAT
CamB,1.06,2.25531914894,-3.78338926923,0.0227454701151,0.123453222076,-0.0425868556381,12.9,1.5,OMITTED,OMITTED,INVALID_VFLAT
CamB,1.22,2.59574468085,-3.74372051863,0.0236658897497,0.109907206455,-0.0371794806738,14.7,1.5,OMITTED,OMITTED,INVALID_VFLAT
CamB,1.47,3.12765957447,-3.69018483702,0.0249673867184,0.0919705385295,-0.0305841147834,16.8,1.5,OMITTED,OMITTED,INVALID_VFLAT
CamB,1.79,3.8085106383,-3.63413854841,0.0264066726623,0.0733629101446,-0.0244220374313,20.1,1.5,OMITTED,OMITTED,INVALID_VFLAT
D512-2,0.96,0.774193548387,-4.02536975437,0.0178568202952,0.214296196748,-0.0883330733534,22.9,2.71,OMITTED,OMITTED,INVALID_VFLAT
D512-2,1.92,1.54838709677,-3.8824670193,0.0205999419881,0.158701485288,-0.0583773698591,33.5,2.71,OMITTED,OMITTED,INVALID_VFLAT
D512-2,2.88,2.32258064516,-3.77518107232,0.0229329377456,0.120627982117,-0.041428771643,37.2,4.19,OMITTED,OMITTED,INVALID_VFLAT
D512-2,3.83,3.08870967742,-3.69379038542,0.0248775276901,0.0931699567051,-0.0310050694353,35.9,5.98,OMITTED,OMITTED,INVALID_VFLAT
D564-8,0.51,0.83606557377,-4.01227784608,0.0180921371611,0.208929537607,-0.0851718376909,8.54,1.53,OMITTED,OMITTED,INVALID_VFLAT
D564-8,1.02,1.67213114754,-3.86326689534,0.0209992848765,0.151687344015,-0.0550371372753,15.1,1.41,OMITTED,OMITTED,INVALID_VFLAT
D564-8,1.53,2.50819672131,-3.75348677815,0.0234358874876,0.113218085004,-0.0384672485624,19.8,1.8,OMITTED,OMITTED,INVALID_VFLAT
D564-8,2.04,3.34426229508,-3.67096360306,0.0254519325662,0.0855877183431,-0.0283923598268,21.9,1.82,OMITTED,OMITTED,INVALID_VFLAT
D564-8,2.56,4.19672131148,-3.60742737528,0.027121530713,0.0644243005463,-0.021708164488,24,1.89,OMITTED,OMITTED,INVALID_VFLAT
D564-8,3.07,5.03278688525,-3.56058085136,0.0284223107807,0.0482653630605,-0.017207659974,25,2.05,OMITTED,OMITTED,INVALID_VFLAT
D631-7,0.45,0.642857142857,-4.05429691067,0.0173476728604,0.226368790784,-0.0956549833568,8.41,1.58,1,-0.85424610052,OK
D631-7,0.9,1.28571428571,-3.92625699986,0.0197173365985,0.175074771134,-0.0665574875614,17.8,2.22,1,-0.69150779896,OK
D631-7,1.35,1.92857142857,-3.82610835988,0.0217942662491,0.138374516453,-0.0489679912506,26,2.35,1,-0.549393414211,OK
D631-7,1.8,2.57142857143,-3.74640406038,0.023602466484,0.110815525546,-0.0375305895535,30.9,2.22,1,-0.464471403813,OK
D631-7,2.25,3.21428571429,-3.68233139128,0.0251642387066,0.0893606924634,-0.0296780898982,34.7,1.82,1,-0.398613518198,OK
D631-7,2.69,3.84285714286,-3.63163314266,0.026472915039,0.0725285768235,-0.0241619618001,38.8,1.81,1,-0.327556325823,OK
D631-7,3.14,4.48571428571,-3.58969076739,0.0276068660467,0.0584070059075,-0.0199712331483,42.5,1.57,1,-0.263431542461,OK
D631-7,3.59,5.12857142857,-3.55603605792,0.0285517782909,0.0466375879132,-0.0167832531451,45.6,1.59,1,-0.209705372617,OK
D631-7,4.04,5.77142857143,-3.52934145012,0.029324220972,0.0366778253672,-0.0143018716458,48.8,1.83,1,-0.15424610052,OK
D631-7,4.49,6.41428571429,-3.50857484561,0.0299395525314,0.0281401386556,-0.0123327124402,51.8,1.91,1,-0.102253032929,OK
D631-7,4.94,7.05714285714,-3.49291795568,0.0304120017011,0.0207402520552,-0.0107439153048,54.8,2.19,1,-0.050259965338,OK
D631-7,5.39,7.7,-3.48171103966,0.0307547434018,0.0142649261067,-0.00944347304798,56.6,2.73,1,-0.0190641247834,OK
D631-7,5.84,8.34285714286,-3.47441441866,0.0309799698047,0.00855107363429,-0.00836560497615,58.4,3.27,1,0.0121317157712,OK
D631-7,6.29,8.98571428571,-3.47058100195,0.0310989568567,0.00347183424867,-0.00746227178521,58.5,3.95,1,0.0138648180243,OK
D631-7,6.74,9.62857142857,-3.46983624827,0.0311221265458,-0.00107295532783,-0.00669772867617,57.7,4.07,1,0,OK
D631-7,7.19,10.2714285714,-3.47186327132,0.0310591051725,-0.00516343308442,-0.00604493413039,57.3,3.94,1,-0.00693240901213,OK
DDO064,0.1,0.144927536232,-4.18024861943,0.0152947045332,0.282668399277,-0.133649472554,6.29,4.62,1,-0.863557483731,OK
DDO064,0.3,0.434782608696,-4.10356254184,0.0165137395952,0.247641106627,-0.109265757958,13.9,4.62,1,-0.698481561822,OK
DDO064,0.49,0.710144927536,-4.03927864395,0.0176101710384,0.2200635954,-0.0917945795551,15.6,4.62,1,-0.661605206074,OK
DDO064,0.69,1,-3.97913633554,0.0187017844314,0.195604452951,-0.0775717529913,18.4,4.62,1,-0.600867678959,OK
DDO064,0.89,1.28985507246,-3.92553262276,0.0197316245599,0.174799464873,-0.0664155122738,22.5,4.62,1,-0.511930585683,OK
DDO064,1.09,1.57971014493,-3.87752449935,0.0207020096402,0.156886662861,-0.0575036900904,26.5,4.62,1,-0.425162689805,OK
DDO064,1.29,1.86956521739,-3.83435931196,0.0216151826239,0.14130215924,-0.0502722616474,35.3,4.62,1,-0.234273318872,OK
DDO064,1.48,2.14492753623,-3.79728096731,0.0224316814862,0.128264049482,-0.0445955804761,40.5,4.62,1,-0.12147505423,OK
DDO064,1.68,2.4347826087,-3.76190325149,0.0232394677058,0.116083380628,-0.0395994033117,44.2,4.89,1,-0.0412147505423,OK
DDO064,1.88,2.72463768116,-3.72985806438,0.0239962415165,0.10523124392,-0.0353981088466,46.3,4.62,1,0.00433839479393,OK
DDO064,2.08,3.01449275362,-3.70079131461,0.0247039701212,0.0955015272587,-0.0318316035002,46.4,4.62,1,0.00650759219089,OK
DDO064,2.27,3.28985507246,-3.67566247449,0.0253326177497,0.0871467605141,-0.028920188667,46.3,4.62,1,0.00433839479393,OK
DDO064,2.37,3.4347826087,-3.66333132897,0.0256469318893,0.0830562448392,-0.0275456599641,46.4,6.73,1,0.00650759219089,OK
DDO064,2.98,4.31884057971,-3.59971987923,0.0273313774615,0.0618201706482,-0.0209475770856,46.9,8.65,1,0.0173535791757,OK
DDO154,0.49,1.32432432432,-3.91954663898,0.0198500919627,0.172530328911,-0.0652510937889,13.8,1.6,1,-0.706382978723,OK
DDO154,0.99,2.67567567568,-3.73505308906,0.0238719036983,0.10698052048,-0.0360594000739,21.6,0.8,1,-0.540425531915,OK
DDO154,1.48,4,-3.62052935039,0.026768502824,0.0688222300863,-0.0230234609531,28.9,0.7,1,-0.385106382979,OK
DDO154,1.97,5.32432432432,-3.54722284029,0.0288045234398,0.0434334732987,-0.0159633321463,34.3,0.5,1,-0.270212765957,OK
DDO154,2.47,6.67567567568,-3.50163263055,0.0301481224749,0.0250074279813,-0.0116467340695,38.2,0.4,1,-0.187234042553,OK
DDO154,2.96,8,-3.47784843535,0.0308737665278,0.01151213697,-0.00891603237804,42,0.2,1,-0.106382978723,OK
DDO154,3.46,9.35135135135,-3.46980012709,0.0311232507341,0.000826892510751,-0.00701230387076,44.6,0.2,1,-0.0510638297872,OK
DDO154,3.95,10.6756756757,-3.4744343816,0.0309793513596,-0.00753261703787,-0.00568214296991,46.3,0.2,1,-0.0148936170213,OK
DDO154,4.44,12,-3.48908416524,0.0305288187254,-0.0143745988696,-0.00469745863415,47.4,0.3,1,0.00851063829787,OK
DDO154,4.94,13.3513513514,-3.51255072643,0.0298207527622,-0.0201844168172,-0.00393482591287,48.2,0.6,1,0.0255319148936,OK
DDO154,5.43,14.6756756757,-3.54255202875,0.0289393786369,-0.0249957159854,-0.00335436632873,47.4,0.7,1,0.00851063829787,OK
DDO154,5.92,16,-3.5784537089,0.0279188355423,-0.0291215317508,-0.00289347983585,45.5,1.3,1,-0.031914893617,OK
DDO161,0.6,0.491803278689,-4.08961731005,0.016745640721,0.241525960585,-0.105260384495,16,3.53,1,-0.758672699849,OK
DDO161,0.73,0.598360655738,-4.06446509995,0.0171721722132,0.230684493949,-0.0983431420697,16.6,4.83,1,-0.749622926094,OK
DDO161,0.85,0.696721311475,-4.04224098605,0.0175580808799,0.221300842521,-0.0925458232054,18.6,2.5,1,-0.719457013575,OK
DDO161,0.98,0.803278688525,-4.019174068,0.0179677989929,0.211749035509,-0.0868254838913,20,7.58,1,-0.698340874811,OK
DDO161,1.07,0.877049180328,-4.00378612451,0.0182464247088,0.205480145812,-0.083170380193,21.4,4.03,1,-0.677224736048,OK
DDO161,1.54,1.26229508197,-3.93037543747,0.0196362989665,0.176642969329,-0.0673690974899,28.9,2.74,1,-0.564102564103,OK
DDO161,2.02,1.65573770492,-3.8657609876,0.0209469759813,0.152593075521,-0.0554629267596,32.9,2.65,1,-0.503770739065,OK
DDO161,2.49,2.04098360656,-3.81085773409,0.0221291898539,0.133003523333,-0.0466197755765,35.2,2.88,1,-0.469079939668,OK
DDO161,2.96,2.4262295082,-3.76289757441,0.0232163716547,0.116422655761,-0.0397345472003,37.6,3.05,1,-0.432880844646,OK
DDO161,3.43,2.81147540984,-3.72085205093,0.0242133280653,0.102206766415,-0.034269182618,40.6,3.68,1,-0.387631975867,OK
DDO161,3.9,3.19672131148,-3.68390554571,0.0251246574706,0.0898835524995,-0.0298585129285,42.7,3.25,1,-0.355957767722,OK
DDO161,4.37,3.58196721311,-3.65140032181,0.0259547583053,0.0790986247544,-0.0262476393934,45.5,2.99,1,-0.313725490196,OK
DDO161,4.86,3.98360655738,-3.62166068253,0.0267382358807,0.0692006050636,-0.0231384294523,48.9,1.96,1,-0.262443438914,OK
DDO161,5.34,4.37704918033,-3.59615670327,0.0274289376777,0.0606110281534,-0.0205990340061,51.5,1.53,1,-0.22322775264,OK
DDO161,5.81,4.76229508197,-3.57428104156,0.0280355749435,0.0530911244326,-0.0184970151137,53,1.86,1,-0.20060331825,OK
DDO161,6.28,5.14754098361,-3.55515437837,0.0285769629108,0.0463199975503,-0.0167010662215,55,1.48,1,-0.170437405732,OK
DDO161,6.75,5.53278688525,-3.538509471,0.0290566045328,0.0401911148225,-0.0151545264625,57.6,0.99,1,-0.131221719457,OK
DDO161,7.22,5.91803278689,-3.52411624678,0.0294778470032,0.0346172378662,-0.013813264564,59.7,1.19,1,-0.0995475113122,OK
DDO161,7.69,6.30327868852,-3.51177521431,0.0298438880869,0.0295262437813,-0.0126424952891,60.5,1.26,1,-0.0874811463047,OK
DDO161,8.16,6.68852459016,-3.50131227277,0.0301577822079,0.0248579873138,-0.0116145011177,61.8,1.33,1,-0.0678733031674,OK
DDO161,8.64,7.08196721311,-3.49240639707,0.0304275632023,0.0204742257935,-0.0106888373092,62.9,1.35,1,-0.0512820512821,OK
DDO161,9.11,7.46721311475,-3.48529152249,0.0306448234715,0.0165141233483,-0.00988567481752,63,2.09,1,-0.0497737556561,OK
DDO161,9.58,7.85245901639,-3.47964490181,0.0308183526311,0.0128462027202,-0.00916974974474,64.5,2.38,1,-0.027149321267,OK
DDO161,10.05,8.23770491803,-3.47536013098,0.0309506855151,0.00943927801246,-0.00852887076731,65.6,1.08,1,-0.0105580693816,OK
DDO161,10.52,8.62295081967,-3.47234196924,0.0310442408016,0.00626644900257,-0.00795290412796,67.5,3.22,1,0.0180995475113,OK
DDO161,10.99,9.00819672131,-3.47050483016,0.0311013258101,0.00330438940395,-0.0074333705641,66.8,2.37,1,0.00754147812971,OK
DDO161,11.46,9.39344262295,-3.46977151934,0.0311241411131,0.000532772409709,-0.00696313143695,66.8,0.95,1,0.00754147812971,OK
DDO161,11.94,9.7868852459,-3.47008932739,0.031114251182,-0.00211973586928,-0.00652748811474,66.6,0.96,1,0.00452488687783,OK
DDO161,12.41,10.1721311475,-3.47138051145,0.0310741028818,-0.00455851656509,-0.00613936357438,66.8,0.99,1,0.00754147812971,OK
DDO161,12.9,10.5737704918,-3.47369642443,0.0310022212318,-0.0069490948226,-0.00577045526619,66.3,0.74,1,0,OK
DDO161,13.37,10.9590163934,-3.47679356898,0.0309063514091,-0.00910893221804,-0.0054469824928,66.1,1.31,1,-0.00301659125189,OK
DDO168,0.41,0.401960784314,-4.11174985841,0.0163790883497,0.251266744049,-0.111675839037,15,4.1,1,-0.719101123596,OK
DDO168,0.82,0.803921568627,-4.0190379567,0.0179702447798,0.211693227705,-0.0867925981672,23.4,1.3,1,-0.561797752809,OK
DDO168,1.24,1.21568627451,-3.93868232686,0.0194738580265,0.179821414099,-0.069029166133,29.2,1.5,1,-0.453183520599,OK
DDO168,1.64,1.60784313725,-3.87313346233,0.0207931128034,0.15527975264,-0.056735600454,36.2,1.1,1,-0.322097378277,OK
DDO168,2.06,2.01960784314,-3.81371146966,0.02206612902,0.134004677325,-0.0470531084784,44,1.1,1,-0.176029962547,OK
DDO168,2.47,2.42156862745,-3.76344063839,0.0232037671025,0.116608025971,-0.0398084832014,52.1,1.2,1,-0.0243445692884,OK
DDO168,2.89,2.83333333333,-3.7186261876,0.0242672836508,0.101460731941,-0.0339935283159,52.9,1.7,1,-0.00936329588015,OK
DDO168,3.3,3.23529411765,-3.68046059931,0.0252113598255,0.0887394515668,-0.0294644293997,54.8,2.2,1,0.0262172284644,OK
DDO168,3.71,3.63725490196,-3.64706701966,0.0260674721505,0.0776603365084,-0.0257836703642,55,2.5,1,0.0299625468165,OK
DDO168,4.12,4.03921568627,-3.61784807304,0.0268403729132,0.0679246899745,-0.0227518903251,52,2.7,1,-0.0262172284644,OK
DDO170,1.87,0.958974358974,-3.98722691582,0.0185510865815,0.198823667688,-0.0793753287862,27.7,3,1,-0.538333333333,OK
DDO170,3.36,1.72307692308,-3.85560992559,0.0211606929252,0.148916550555,-0.0537447585484,42.4,1.5,1,-0.293333333333,OK
DDO170,4.86,2.49230769231,-3.75529056944,0.0233936521412,0.113831202907,-0.038708126954,52.5,1,1,-0.125,OK
DDO170,6.35,3.25641025641,-3.67859331787,0.0252584805098,0.0881195235957,-0.0292519898849,55.6,1,1,-0.0733333333333,OK
DDO170,7.85,4.02564102564,-3.61877222678,0.0268155797403,0.0682341728508,-0.0228453492261,58.6,1.1,1,-0.0233333333333,OK
DDO170,9.34,4.78974358974,-3.57283072014,0.028076265038,0.0525852972725,-0.0183596822118,59,1.2,1,-0.0166666666667,OK
DDO170,10.83,5.55384615385,-3.53766643018,0.0290811107649,0.0398727968105,-0.0150762555245,60,1.3,1,0,OK
DDO170,12.33,6.32307692308,-3.51119312088,0.0298612650752,0.0292765006451,-0.0125863959981,62.2,1,1,0.0366666666667,OK
ESO079-G014,0.41,0.0807086614173,-4.19868124625,0.0150153653389,0.291457562986,-0.140153024588,33.2,11.6,1,-0.810285714286,OK
ESO079-G014,0.98,0.192913385827,-4.16683663335,0.0155012186844,0.276365682553,-0.129080889741,50.4,11.8,1,-0.712,OK
ESO079-G014,1.78,0.350393700787,-4.12485716197,0.0161658035149,0.257126520878,-0.115626608864,53.9,9.75,1,-0.692,OK
ESO079-G014,2.69,0.529527559055,-4.08058021056,0.0168976586079,0.237603101036,-0.102730319452,67.6,5.1,1,-0.613714285714,OK
ESO079-G014,3.36,0.661417322835,-4.05011187802,0.0174204255678,0.224603550121,-0.0945661872299,81.7,5.06,1,-0.533142857143,OK
ESO079-G014,4.39,0.864173228346,-4.00643878853,0.0181980872144,0.206555035054,-0.0837915161157,102,5.35,1,-0.417142857143,OK
ESO079-G014,5.65,1.11220472441,-3.95766696132,0.019107641196,0.187164298462,-0.0729415351621,116,6.44,1,-0.337142857143,OK
ESO079-G014,6.34,1.24803149606,-3.93290186972,0.0195867518027,0.177607464987,-0.0678707081959,132,9.1,1,-0.245714285714,OK
ESO079-G014,6.89,1.3562992126,-3.91406317661,0.0199592381711,0.170460835601,-0.0641981016951,137,5.25,1,-0.217142857143,OK
ESO079-G014,8.34,1.64173228346,-3.8679035695,0.0209021434155,0.153372427766,-0.0558306179155,154,4.2,1,-0.12,OK
ESO079-G014,10.04,1.97637795276,-3.81954872095,0.0219376986846,0.136058033,-0.0479481414239,163,3.28,1,-0.0685714285714,OK
ESO079-G014,11.65,2.29330708661,-3.77873010446,0.0228516922693,0.121848019106,-0.0419269142294,170,2.41,1,-0.0285714285714,OK
ESO079-G014,13.36,2.62992125984,-3.73998588491,0.0237544384249,0.108644857776,-0.0366942625229,175,2.18,1,0,OK
ESO079-G014,15.06,2.96456692913,-3.70559921581,0.0245854809442,0.0971050294605,-0.0324063496355,177,2.23,1,0.0114285714286,OK
ESO079-G014,16.67,3.28149606299,-3.67639194641,0.0253141450547,0.0873888487803,-0.0290025860289,178,2.03,1,0.0171428571429,OK
ESO116-G012,0.25,0.165562913907,-4.17444396318,0.0153837432049,0.279931141539,-0.131655586254,20.9,3.4,1,-0.808432630614,OK
ESO116-G012,0.83,0.549668874172,-4.07581531982,0.0169783662338,0.235547249074,-0.101416680282,40,3.29,1,-0.633363886343,OK
ESO116-G012,1.38,0.913907284768,-3.99626861297,0.0183841092915,0.202446885626,-0.0814300403469,51.5,2.96,1,-0.527956003666,OK
ESO116-G012,1.85,1.22516556291,-3.93698084405,0.0195070206661,0.179168692349,-0.0686866077579,67.9,3.45,1,-0.377635197067,OK
ESO116-G012,2.68,1.77483443709,-3.84797379124,0.0213228973385,0.146167837003,-0.0524778500773,80.2,2.93,1,-0.264894592117,OK
ESO116-G012,3.19,2.11258278146,-3.80145307088,0.0223382891445,0.129716402834,-0.0452110960577,83.3,3.08,1,-0.236480293309,OK
ESO116-G012,3.68,2.43708609272,-3.7616359603,0.0232456802409,0.115992205828,-0.0395631247858,91.4,2.83,1,-0.162236480293,OK
ESO116-G012,4.13,2.73509933775,-3.7287591058,0.0240226268876,0.104861648534,-0.0352591712487,102,5.4,1,-0.0650779101742,OK
ESO116-G012,5.23,3.46357615894,-3.66095122718,0.0257080468989,0.0822668797386,-0.0272842630216,105,4.21,1,-0.0375802016499,OK
ESO116-G012,6.05,4.00662251656,-3.62007407858,0.0267806925436,0.0686699098964,-0.022977259596,109,2.1,1,-0.000916590284143,OK
ESO116-G012,6.81,4.50993377483,-3.58828202361,0.027645784454,0.0579249627274,-0.0198352212022,108,2.1,1,-0.0100824931256,OK
ESO116-G012,7.56,5.00662251656,-3.56184958759,0.0283862732313,0.0487171412082,-0.0173263907587,109,2.1,1,-0.000916590284143,OK
ESO116-G012,8.32,5.50993377483,-3.53943192776,0.0290298134303,0.0405384199636,-0.0152401561947,110,2.1,1,0.00824931255729,OK
ESO116-G012,9.09,6.01986754967,-3.52066206615,0.0295798448697,0.033227204137,-0.0134884558592,111,2.33,1,0.0174152153987,OK
ESO116-G012,9.86,6.5298013245,-3.5054058063,0.0300345826481,0.0267335618775,-0.0120222824706,112,4.74,1,0.0265811182401,OK
ESO444-G084,0.26,0.565217391304,-4.07216512813,0.0170404537719,0.233978139652,-0.100419745663,18.3,1.8,OMITTED,OMITTED,INVALID_VFLAT
ESO444-G084,0.77,1.67391304348,-3.86299669163,0.0210049597279,0.151589314543,-0.0549911514664,35.3,3,OMITTED,OMITTED,INVALID_VFLAT
ESO444-G084,1.29,2.80434782609,-3.72158140946,0.0241956743066,0.102451345595,-0.0343597951264,47.8,4.63,OMITTED,OMITTED,INVALID_VFLAT
ESO444-G084,1.81,3.9347826087,-3.62506704507,0.0266473107055,0.0703387674232,-0.0234859839318,52.8,1.26,OMITTED,OMITTED,INVALID_VFLAT
ESO444-G084,2.32,5.04347826087,-3.56006581078,0.0284369531945,0.0480816471607,-0.0171594947677,58,3.11,OMITTED,OMITTED,INVALID_VFLAT
ESO444-G084,3.39,7.36956521739,-3.48695152972,0.0305939950427,0.0174889026565,-0.0100804632521,63.1,1.35,OMITTED,OMITTED,INVALID_VFLAT
ESO444-G084,4.44,9.65217391304,-3.46986343586,0.0311212804217,-0.00123073359738,-0.00667192853274,62.7,7.36,OMITTED,OMITTED,INVALID_VFLAT
ESO563-G021,0.45,0.0825688073394,-4.19813933501,0.0150235045393,0.291197039333,-0.139958027892,18.9,9.78,1,-0.939923712651,OK
ESO563-G021,1.34,0.245871559633,-4.15237955585,0.0157269487713,0.269657430408,-0.124305631667,58.3,10.5,1,-0.814685314685,OK
ESO563-G021,2.23,0.409174311927,-4.10994023968,0.0164087550894,0.250463104564,-0.111139365429,74.1,5.69,1,-0.764462809917,OK
ESO563-G021,3.12,0.57247706422,-4.07046916552,0.0170693782648,0.233250798409,-0.0999592992691,119,4.27,1,-0.621741894469,OK
ESO563-G021,4.01,0.735779816514,-4.03366734414,0.0177092647501,0.217728586997,-0.09038512786,141,3.76,1,-0.551811824539,OK
ESO563-G021,4.9,0.899082568807,-3.99927880389,0.0183288528206,0.203659191351,-0.0821233959265,195,4.54,1,-0.380165289256,OK
ESO563-G021,5.79,1.0623853211,-3.96708271469,0.0189285727142,0.190847763501,-0.0749447407592,227,4.2,1,-0.278448823903,OK
ESO563-G021,6.69,1.22752293578,-3.93655866741,0.0195152578131,0.17900687238,-0.0686018139678,246,4.24,1,-0.2180546726,OK
ESO563-G021,7.58,1.39082568807,-3.9082158076,0.0200762890883,0.168263523704,-0.0630894489125,268,5.56,1,-0.14812460267,OK
ESO563-G021,8.47,1.55412844037,-3.8815568208,0.0206187005601,0.158366785043,-0.0582157452909,283,2.96,1,-0.100445009536,OK
ESO563-G021,10.23,1.87706422018,-3.83330109862,0.0216380682052,0.140925800214,-0.0501036327914,291,9.81,1,-0.0750158931977,OK
ESO563-G021,12.06,2.2128440367,-3.78867160089,0.0226256377739,0.12527809935,-0.0433433704404,310,4.74,1,-0.0146217418945,OK
ESO563-G021,13.44,2.46605504587,-3.75829232472,0.0233235354116,0.114852669601,-0.0391111048472,310,20.4,1,-0.0146217418945,OK
ESO563-G021,15.18,2.78532110092,-3.72353695712,0.0241484047463,0.103107413841,-0.034603448359,310,16.1,1,-0.0146217418945,OK
ESO563-G021,16.83,3.0880733945,-3.69384967415,0.0248760527768,0.0931896869118,-0.0310120181154,314,13.5,1,-0.00190718372537,OK
ESO563-G021,18.56,3.40550458716,-3.66577489599,0.0255843383994,0.0838666652922,-0.0278153258504,317,12.7,1,0.00762873490146,OK
ESO563-G021,20.3,3.7247706422,-3.64036834107,0.02624267593,0.0754351295868,-0.025074005857,319,10.4,1,0.013986013986,OK
ESO563-G021,21.94,4.02568807339,-3.61876901654,0.0268156658248,0.0682330980361,-0.0228450243177,318,10.8,1,0.0108073744437,OK
ESO563-G021,23.68,4.34495412844,-3.59811265951,0.02737534031,0.0612752147268,-0.0207901280935,317,9.3,1,0.00762873490146,OK
ESO563-G021,25.41,4.6623853211,-3.57967852624,0.0278846610013,0.0549646139529,-0.0190101282099,317,7.23,1,0.00762873490146,OK
ESO563-G021,27.06,4.96513761468,-3.56388557724,0.0283285378669,0.0494398714034,-0.0175171786856,312,8.39,1,-0.00826446280992,OK
ESO563-G021,28.8,5.28440366972,-3.54896949596,0.0287542557685,0.0440739705191,-0.0161255910102,312,8.37,1,-0.00826446280992,OK
ESO563-G021,30.53,5.60183486239,-3.53577027794,0.0291363052903,0.039153544836,-0.0149001455588,311,11.5,1,-0.0114431023522,OK
ESO563-G021,32.18,5.90458715596,-3.52458294732,0.029464092886,0.0348032598871,-0.0138570254469,310,14.5,1,-0.0146217418945,OK
ESO563-G021,33.91,6.22201834862,-3.51421652366,0.0297711187864,0.03056305036,-0.0128767249386,313,15.9,1,-0.00508582326764,OK
ESO563-G021,35.65,6.54128440367,-3.50509961466,0.0300437803941,0.0265956826565,-0.0119920656244,320,8.83,1,0.0171646535283,OK
ESO563-G021,37.3,6.84403669725,-3.4975854477,0.030270384681,0.0230815639742,-0.0112347643975,321,7.88,1,0.0203432930706,OK
ESO563-G021,39.03,7.16146788991,-3.49081227695,0.0304761070753,0.0196313835858,-0.0105152701185,320,8,1,0.0171646535283,OK
ESO563-G021,40.76,7.47889908257,-3.48509921346,0.0306507173146,0.0163987337414,-0.0098627425095,315,9.82,1,0.00127145581691,OK
ESO563-G021,42.41,7.78165137615,-3.48057760284,0.0307896217226,0.0134999235864,-0.00929537616051,312,9.07,1,-0.00826446280992,OK
F561-1,1.61,0.5770609319,-4.06940102387,0.0170876205195,0.232793261294,-0.0996701956241,23.4,10,1,-0.532,OK
F561-1,3.23,1.15770609319,-3.94922562474,0.0192696179147,0.183885649656,-0.0711813100495,40.6,5,1,-0.188,OK
F561-1,4.84,1.73476702509,-3.85387274164,0.0211974848893,0.148289966953,-0.0534546304576,45.5,5,1,-0.09,OK
F561-1,6.45,2.31182795699,-3.77648054591,0.0229031563531,0.12107442988,-0.0416107114402,49.2,5,1,-0.016,OK
F561-1,8.06,2.88888888889,-3.71304158392,0.0244031859393,0.0995913505949,-0.0333076947393,50.4,5,1,0.008,OK
F561-1,9.66,3.4623655914,-3.66105083679,0.0257054862579,0.0822999157878,-0.0272951778683,50.4,5,1,0.008,OK
F563-1,1.07,0.303977272727,-4.13691794085,0.0159720023787,0.262579562599,-0.119364839636,22.1,7.17,1,-0.798908098271,OK
F563-1,1.78,0.505681818182,-4.08627538944,0.0168016969383,0.240071648561,-0.104318829697,42.7,10.66,1,-0.611464968153,OK
F563-1,2.49,0.707386363636,-4.0398860529,0.0175994777109,0.220317028427,-0.0919482121361,60.6,7.69,1,-0.448589626934,OK
F563-1,2.97,0.84375,-4.01067485343,0.0181211619812,0.208276505419,-0.0847910995129,76.8,11.1,1,-0.30118289354,OK
F563-1,3.04,0.863636363636,-4.00654969272,0.0181960690823,0.206600026754,-0.0838175654226,81.6,17.5,1,-0.257506824386,OK
F563-1,3.19,0.90625,-3.99782119719,0.0183555885597,0.203071784086,-0.0817870722607,87,8.93,1,-0.208371246588,OK
F563-1,6.95,1.97443181818,-3.81981359902,0.0219318886388,0.136151386318,-0.0479890334104,90,24.8,1,-0.181073703367,OK
F563-1,8.58,2.4375,-3.76158795367,0.0232467962145,0.115975831711,-0.0395566112724,97.8,9.4,1,-0.110100090992,OK
F563-1,9.26,2.63068181818,-3.73990326477,0.023756401101,0.108616953714,-0.0366835728387,93.7,25.3,1,-0.147406733394,OK
F563-1,9.89,2.80965909091,-3.72103774755,0.0242088321494,0.102269031116,-0.0342922392997,103,23.8,1,-0.0627843494086,OK
F563-1,10.08,2.86363636364,-3.71556716976,0.024341631362,0.100436348326,-0.0336168396217,97.4,11,1,-0.113739763421,OK
F563-1,11.84,3.36363636364,-3.66931073777,0.0254940359682,0.0850394327161,-0.0282078878302,106.5,9.48,1,-0.0309372156506,OK
F563-1,14.56,4.13636363636,-3.61135565424,0.0270151987621,0.0657463114136,-0.022099474188,112,11,1,0.0191082802548,OK
F563-1,15.43,4.38352272727,-3.59576476628,0.0274396901998,0.0604778031201,-0.0205608098727,111.5,9.4,1,0.0145586897179,OK
F563-1,17.93,5.09375,-3.55767025118,0.0285051572716,0.0472246530869,-0.0169357066066,111,24.3,1,0.0100090991811,OK
F563-1,19.02,5.40340909091,-3.54383750466,0.0289022016628,0.0421835066318,-0.0156490377839,112.5,7.75,1,0.0236578707916,OK
F563-1,20.1,5.71022727273,-3.53161309661,0.0292576823129,0.037559572069,-0.0145135460626,106,10.7,1,-0.0354868061874,OK
F563-V1,1.31,0.345646437995,-4.12607911344,0.0161460617515,0.25767631829,-0.116000816406,12,5,OMITTED,OMITTED,INVALID_VFLAT
F563-V1,2.63,0.693931398417,-4.04285875653,0.0175472373655,0.221559256645,-0.0927031160879,21.7,5,OMITTED,OMITTED,INVALID_VFLAT
F563-V1,3.93,1.03693931398,-3.97196340485,0.0188364132994,0.192768185778,-0.0759998998108,28.6,5,OMITTED,OMITTED,INVALID_VFLAT
F563-V1,5.24,1.38258575198,-3.90960443302,0.0200484299903,0.168784454889,-0.0633514112416,29.5,5,OMITTED,OMITTED,INVALID_VFLAT
F563-V1,6.55,1.72823218997,-3.85484293464,0.021176929211,0.148639812721,-0.0536165233342,28.6,5,OMITTED,OMITTED,INVALID_VFLAT
F563-V1,7.87,2.0765171504,-3.80616092971,0.0222333707969,0.131359570338,-0.0459125662176,27.3,5,OMITTED,OMITTED,INVALID_VFLAT
F563-V2,0.28,0.115226337449,-4.18870359017,0.0151659333991,0.286681524117,-0.136599822164,11.9,7.89,1,-0.897941680961,OK
F563-V2,0.87,0.358024691358,-4.12289839268,0.0161974996268,0.256246458932,-0.115028872379,34.8,7.89,1,-0.70154373928,OK
F563-V2,1.46,0.600823045267,-4.06389736286,0.0171819242603,0.230442521676,-0.0981914370135,58.5,8.68,1,-0.498284734134,OK
F563-V2,2.05,0.843621399177,-4.01070163866,0.0181206766082,0.208287410033,-0.0847974502413,81.5,14.2,1,-0.30102915952,OK
F563-V2,2.35,0.9670781893,-3.98561828496,0.018580952447,0.198181888765,-0.0790141158595,91.8,17.5,1,-0.21269296741,OK
F563-V2,4.76,1.95884773663,-3.82194123402,0.0218852751907,0.13690181322,-0.0483183795791,114,8.68,1,-0.0222984562607,OK
F563-V2,7.86,3.23456790123,-3.68052505113,0.02520973496,0.0887608517867,-0.0294717766413,116,8.68,1,-0.00514579759863,OK
F563-V2,8.7,3.58024691358,-3.65153643399,0.0259512257871,0.0791437911444,-0.0262622763585,117,16.6,1,0.00343053173242,OK
F563-V2,10.18,4.18930041152,-3.60790605974,0.0271085511646,0.0645855709918,-0.0217557126737,118,51.9,1,0.0120068610635,OK
F563-V2,10.47,4.30864197531,-3.60035144916,0.0273141212352,0.0620341225085,-0.0210095545552,118,40.3,1,0.0120068610635,OK
F565-V2,1.26,0.58064516129,-4.06856727916,0.0171018731736,0.232436424233,-0.0994450118479,21.7,10,OMITTED,OMITTED,INVALID_VFLAT
F565-V2,2.51,1.15668202765,-3.94941397303,0.0192659888569,0.183958563905,-0.0712202221547,40.3,10,OMITTED,OMITTED,INVALID_VFLAT
F565-V2,3.78,1.74193548387,-3.85281110304,0.0212200009073,0.147907413669,-0.0532778821962,57.7,7,OMITTED,OMITTED,INVALID_VFLAT
F565-V2,5.03,2.31797235023,-3.77573740182,0.0229201830242,0.120819077358,-0.0415065994364,68.5,7,OMITTED,OMITTED,INVALID_VFLAT
F565-V2,6.29,2.89861751152,-3.71207427162,0.024426802862,0.0992678869157,-0.0331897325645,73.5,7,OMITTED,OMITTED,INVALID_VFLAT
F565-V2,7.54,3.47465437788,-3.66004152889,0.0257314441057,0.0819651707948,-0.0271846817926,78.5,5,OMITTED,OMITTED,INVALID_VFLAT
F565-V2,8.8,4.05529953917,-3.61675852041,0.0268696328492,0.067559637551,-0.0226418965463,83.1,6,OMITTED,OMITTED,INVALID_VFLAT
F567-2,1.92,0.623376623377,-4.05872491562,0.0172710270982,0.228243494571,-0.0968181198881,26.9,8,OMITTED,OMITTED,INVALID_VFLAT
F567-2,3.83,1.24350649351,-3.93370623935,0.0195710031492,0.177914942587,-0.0680310109114,46.8,5,OMITTED,OMITTED,INVALID_VFLAT
F567-2,5.75,1.86688311688,-3.83473847944,0.021606988403,0.141437075632,-0.0503327803449,47.6,5,OMITTED,OMITTED,INVALID_VFLAT
F567-2,7.67,2.49025974026,-3.75552377148,0.0233881973298,0.113910507249,-0.0387393385198,48.1,8,OMITTED,OMITTED,INVALID_VFLAT
F567-2,9.59,3.11363636364,-3.69147757139,0.0249351313728,0.0924004804187,-0.0307346788138,52.2,10,OMITTED,OMITTED,INVALID_VFLAT
F568-1,0.44,0.0849420849421,-4.19744863752,0.0150338848206,0.290865174731,-0.139709830529,15.7,9.1,OMITTED,OMITTED,INVALID_VFLAT
F568-1,1.32,0.254826254826,-4.14996982911,0.0157648921185,0.268547814597,-0.123524428337,44.5,9.1,OMITTED,OMITTED,INVALID_VFLAT
F568-1,2.2,0.42471042471,-4.1060623834,0.0164725094185,0.248745327836,-0.109996986106,69.4,9.1,OMITTED,OMITTED,INVALID_VFLAT
F568-1,3.08,0.594594594595,-4.06533456982,0.0171572480159,0.231055298164,-0.0985758458198,90,11.4,OMITTED,OMITTED,INVALID_VFLAT
F568-1,3.96,0.764478764479,-4.02745577196,0.0178196094787,0.215156818357,-0.0888453826617,105,9.88,OMITTED,OMITTED,INVALID_VFLAT
F568-1,4.84,0.934362934363,-3.99214440094,0.0184600858202,0.200790847901,-0.0804876506358,113,16.2,OMITTED,OMITTED,INVALID_VFLAT
F568-1,5.53,1.06756756757,-3.96609469994,0.0189472836651,0.190459931598,-0.0747325451613,117,24.8,OMITTED,OMITTED,INVALID_VFLAT
F568-1,7.48,1.44401544402,-3.89935436961,0.0202549844588,0.164952052558,-0.0614368897316,124,9.1,OMITTED,OMITTED,INVALID_VFLAT
F568-1,8.37,1.61583011583,-3.87189505361,0.0208188791268,0.15482746706,-0.0565203430765,127,9.1,OMITTED,OMITTED,INVALID_VFLAT
F568-1,9.24,1.78378378378,-3.84666778322,0.0213507634061,0.145699155382,-0.0522633381518,130,9.1,OMITTED,OMITTED,INVALID_VFLAT
F568-1,10.13,1.9555984556,-3.82238632167,0.0218755364924,0.137058925429,-0.0483874753221,133,9.1,OMITTED,OMITTED,INVALID_VFLAT
F568-1,13.23,2.55405405405,-3.74833510415,0.0235569330658,0.111469803682,-0.0377845217972,142,23.8,OMITTED,OMITTED,INVALID_VFLAT
F568-3,0.64,0.128256513026,-4.18497963882,0.0152225158872,0.28491013524,-0.135293570115,12.4,8.6,OMITTED,OMITTED,INVALID_VFLAT
F568-3,1.18,0.236472945892,-4.15491946425,0.0156870544475,0.270829615259,-0.1251335602,21.9,6.2,OMITTED,OMITTED,INVALID_VFLAT
F568-3,1.8,0.360721442886,-4.12220777767,0.0162086897268,0.255936538107,-0.114818743514,32.3,1.88,OMITTED,OMITTED,INVALID_VFLAT
F568-3,2.03,0.406813627255,-4.11053181394,0.016399050963,0.250725676203,-0.111314504387,37.9,6.2,OMITTED,OMITTED,INVALID_VFLAT
F568-3,2.78,0.557114228457,-4.0740643936,0.0170081201413,0.234793952061,-0.100937458021,53.1,9.5,OMITTED,OMITTED,INVALID_VFLAT
F568-3,3,0.60120240481,-4.06380994935,0.0171834262582,0.230405276245,-0.098168096307,62.4,11,OMITTED,OMITTED,INVALID_VFLAT
F568-3,3.64,0.729458917836,-4.03504539238,0.0176848773363,0.218300989983,-0.0907296313398,68,6.2,OMITTED,OMITTED,INVALID_VFLAT
F568-3,4.19,0.839679358717,-4.01152337542,0.0181057922983,0.208622069175,-0.0849924677343,78,7.98,OMITTED,OMITTED,INVALID_VFLAT
F568-3,4.6,0.921843687375,-3.99466447361,0.0184136236311,0.201802084341,-0.0810624557798,82.3,6.2,OMITTED,OMITTED,INVALID_VFLAT
F568-3,5.14,1.03006012024,-3.9732912951,0.0188114172094,0.193291997201,-0.0762889836868,85.7,6.3,OMITTED,OMITTED,INVALID_VFLAT
F568-3,5.39,1.08016032064,-3.96370219693,0.0189926693693,0.189522071705,-0.0742206544618,85.5,6.51,OMITTED,OMITTED,INVALID_VFLAT
F568-3,6.31,1.26452905812,-3.92998098934,0.0196440459959,0.176492555588,-0.0672910386636,89.5,15.6,OMITTED,OMITTED,INVALID_VFLAT
F568-3,9.1,1.82364729459,-3.84090097861,0.0214742447913,0.143634570352,-0.0513236238165,95.2,15.5,OMITTED,OMITTED,INVALID_VFLAT
F568-3,10.17,2.0380761523,-3.81124463288,0.0221206297532,0.133139153342,-0.0466783633854,97.5,6.2,OMITTED,OMITTED,INVALID_VFLAT
F568-3,11.99,2.40280561122,-3.76563558151,0.0231528920078,0.117357759898,-0.0401082200785,101,10.2,OMITTED,OMITTED,INVALID_VFLAT
F568-3,14.02,2.80961923848,-3.72104182325,0.0242087334818,0.102270397755,-0.0342927454546,107,10.7,OMITTED,OMITTED,INVALID_VFLAT
F568-3,15.94,3.19438877756,-3.68411528339,0.0251193884358,0.0899532265761,-0.0298825966088,117,11.7,OMITTED,OMITTED,INVALID_VFLAT
F568-3,17.98,3.60320641283,-3.64972623698,0.0259982451627,0.0785430575998,-0.0260679318096,120,12,OMITTED,OMITTED,INVALID_VFLAT
F568-V1,0.39,0.136842105263,-4.1825384925,0.0152597216696,0.283752216495,-0.134443093193,17.4,30.4,1,-0.845057880677,OK
F568-V1,1.18,0.414035087719,-4.10872410622,0.0164287224646,0.249923755023,-0.110780044252,46.3,37.1,1,-0.587711487088,OK
F568-V1,1.95,0.684210526316,-4.0450168944,0.0175094088424,0.222463086876,-0.0932543147471,69.1,13.1,1,-0.384683882458,OK
F568-V1,2.74,0.961403508772,-3.98674417743,0.0185600440651,0.198630984992,-0.0792667945028,85.2,6.2,1,-0.241317898486,OK
F568-V1,3.53,1.23859649123,-3.93458062287,0.0195538980658,0.178249403337,-0.0682055959316,93.2,6.2,1,-0.170080142476,OK
F568-V1,4.3,1.50877192982,-3.88880010715,0.0204698929864,0.161036463983,-0.0595111495028,100,12.4,1,-0.109528049866,OK
F568-V1,5.09,1.78596491228,-3.84635011891,0.0213575468589,0.145585219138,-0.0522112568021,108,6.2,1,-0.0382902938557,OK
F568-V1,5.87,2.05964912281,-3.80838325411,0.0221840158961,0.132136834074,-0.0462462623436,112,6.2,1,-0.0026714158504,OK
F568-V1,6.4,2.24561403509,-3.7845894051,0.0227181888345,0.123867361799,-0.0427579557249,113,24.9,1,0.00623330365093,OK
F568-V1,7.44,2.61052631579,-3.74209996452,0.0237042726969,0.109359194883,-0.0369684460116,113,15.5,1,0.00623330365093,OK
F568-V1,8.21,2.88070175439,-3.71385806911,0.0243832692313,0.0998644532374,-0.0334074539508,112,13.1,1,-0.0026714158504,OK
F568-V1,9,3.15789473684,-3.68741802323,0.0250365624822,0.0910506866803,-0.0302632277401,111,26.4,1,-0.0115761353517,OK
F568-V1,9.72,3.41052631579,-3.66535409088,0.0255951066852,0.0837271011617,-0.0277687925202,111,19.4,1,-0.0115761353517,OK
F568-V1,11.79,4.13684210526,-3.61132419921,0.0270160485395,0.0657357382546,-0.022096330711,113,12.5,1,0.00623330365093,OK
F568-V1,17.63,6.18596491228,-3.51532681845,0.0297380824116,0.0310292076798,-0.0129827372583,118,14.6,1,0.0507569011576,OK
F571-8,0.22,0.061797752809,-4.20421815343,0.0149324563961,0.294126881949,-0.142158776643,12.4,7,1,-0.911238367931,OK
F571-8,0.78,0.219101123596,-4.15964322732,0.0156131272637,0.273016854135,-0.126685781697,37.5,4,1,-0.731567644953,OK
F571-8,1.33,0.373595505618,-4.11892232216,0.0162620302318,0.25446477477,-0.113823498102,56.5,4,1,-0.595561918397,OK
F571-8,2.33,0.654494382022,-4.05166906446,0.017393319827,0.225259622962,-0.0949701236599,69.1,4,1,-0.505368647101,OK
F571-8,3.44,0.966292134831,-3.98577409114,0.0185780576454,0.19824401189,-0.079049044656,85.5,7.5,1,-0.387974230494,OK
F571-8,3.78,1.06179775281,-3.96719486372,0.0189264500121,0.190891805739,-0.0749688567376,87.1,8.4,1,-0.376521116679,OK
F571-8,4.77,1.33988764045,-3.9168693765,0.0199033070727,0.171518826777,-0.0647353547748,105,4,1,-0.24838940587,OK
F571-8,5.44,1.52808988764,-3.88570028106,0.0205334445433,0.159892222458,-0.058954185476,112,6.7,1,-0.198282032928,OK
F571-8,6.11,1.71629213483,-3.85662153117,0.0211392974738,0.149281771821,-0.0539142298126,116,4,1,-0.169649248389,OK
F571-8,7.22,2.02808988764,-3.81257652657,0.0220911870377,0.133606303733,-0.0468804389442,124,4,1,-0.112383679313,OK
F571-8,9.33,2.62078651685,-3.7409798605,0.0237308388236,0.108980637991,-0.036823017685,135,4,1,-0.0336435218325,OK
F571-8,11.1,3.11797752809,-3.69107673517,0.02494512828,0.0922671575906,-0.0306879501154,140,4,1,0.00214745884037,OK
F571-8,15.55,4.36797752809,-3.59670739377,0.0274138369805,0.0607981390441,-0.0206527786872,144,5,1,0.0307802433787,OK
F571-V1,1.95,0.789473684211,-4.02210556037,0.0179152036562,0.212952557381,-0.0875361958208,32,10,1,-0.617224880383,OK
F571-V1,3.88,1.57085020243,-3.87891676635,0.0206732069707,0.157397226997,-0.0577488165808,57.6,10,1,-0.311004784689,OK
F571-V1,5.83,2.36032388664,-3.77065753973,0.0230369106221,0.119076246853,-0.0407994973037,70.9,7,1,-0.151913875598,OK
F571-V1,7.78,3.14979757085,-3.68815626878,0.0250180861723,0.0912960787203,-0.0303486663727,77,6,1,-0.0789473684211,OK
F571-V1,9.72,3.93522267206,-3.62503609383,0.0266481354856,0.070328432799,-0.0234828164478,82.5,6,1,-0.0131578947368,OK
F571-V1,11.66,4.72064777328,-3.57650824636,0.0279732034592,0.0538658636002,-0.0187083501707,84.3,6,1,0.00837320574163,OK
F571-V1,13.59,5.5020242915,-3.53975304274,0.0290204930189,0.0406590795411,-0.015269961851,83.9,6,1,0.00358851674641,OK
F574-1,0.47,0.105381165919,-4.19153265519,0.0151230886214,0.288031284193,-0.137599370823,15.3,4.4,1,-0.843558282209,OK
F574-1,1.41,0.316143497758,-4.13373214814,0.0160229670057,0.261133421714,-0.118367670254,41,4.36,1,-0.580777096115,OK
F574-1,2.35,0.526905829596,-4.08120349487,0.0168871298441,0.237872658652,-0.102903187013,60.7,4.4,1,-0.379345603272,OK
F574-1,3.29,0.737668161435,-4.03325635856,0.0177165444984,0.217558005542,-0.0902825893328,74.9,4.4,1,-0.234151329243,OK
F574-1,4.22,0.946188340807,-3.9897755827,0.0185038662416,0.19984223124,-0.0799502988605,83,6.28,1,-0.151329243354,OK
F574-1,5.17,1.15919282511,-3.94895231472,0.0192748852141,0.183779864091,-0.0711248744312,86.8,4.4,1,-0.112474437628,OK
F574-1,6.11,1.36995515695,-3.91174134514,0.0200056339993,0.169587172817,-0.0637561390862,89.4,4.4,1,-0.0858895705521,OK
F574-1,7.05,1.58071748879,-3.87736648971,0.0207052810159,0.156828750861,-0.0574759189335,92.5,4.4,1,-0.0541922290389,OK
F574-1,7.99,1.79147982063,-3.84554802309,0.0213746845302,0.145297641232,-0.05207991765,94.7,4.4,1,-0.0316973415133,OK
F574-1,8.92,2,-3.81634808327,0.0220080257953,0.134931228176,-0.0474559367645,96.3,4.4,1,-0.0153374233129,OK
F574-1,9.87,2.2130044843,-3.78865150088,0.0226260925541,0.125271145242,-0.0433404749275,97.8,4.4,1,0,OK
F574-1,10.79,2.41928251121,-3.76370732194,0.0231975798643,0.11669907432,-0.0398448235399,98.8,4.62,1,0.0102249488753,OK
F574-1,11.8,2.64573991031,-3.73827185163,0.0237951892372,0.108066157629,-0.03647288875,99.5,4.4,1,0.0173824130879,OK
F574-1,12.6,2.82511210762,-3.71946146913,0.0242470221003,0.101740624665,-0.034096816168,99.7,5.14,1,0.019427402863,OK
F574-2,2.17,0.577127659574,-4.06938549034,0.0170878859527,0.232786610674,-0.0996659963886,12.6,10,OMITTED,OMITTED,INVALID_VFLAT
F574-2,4.32,1.14893617021,-3.95084102933,0.0192385148142,0.18451136832,-0.071515582871,23,10,OMITTED,OMITTED,INVALID_VFLAT
F574-2,6.49,1.72606382979,-3.85516536538,0.0211701022187,0.148756131057,-0.0536704044489,30,8,OMITTED,OMITTED,INVALID_VFLAT
F574-2,8.65,2.30053191489,-3.77785086662,0.0228717931772,0.121545551809,-0.0418031389291,36,8,OMITTED,OMITTED,INVALID_VFLAT
F574-2,10.83,2.88031914894,-3.71389628024,0.0243823375369,0.0998772360053,-0.0334121269077,40,8,OMITTED,OMITTED,INVALID_VFLAT
F579-V1,0.42,0.124629080119,-4.18601402212,0.0152067781117,0.285401559272,-0.135655325483,35.7,9.1,1,-0.681534344335,OK
F579-V1,1.47,0.436201780415,-4.10321120658,0.0165195424735,0.247486112463,-0.109163314188,83.3,9.3,1,-0.256913470116,OK
F579-V1,2.11,0.626112759644,-4.05810077253,0.0172818100552,0.227978812343,-0.0966534749641,94.2,10.4,1,-0.159678858162,OK
F579-V1,2.84,0.842729970326,-4.01088734576,0.0181173117822,0.208363020553,-0.0848414915282,97.6,9.1,1,-0.129348795718,OK
F579-V1,3.9,1.15727002967,-3.94930581733,0.0192680726961,0.18391669284,-0.0711978755479,101,9.1,1,-0.0990187332739,OK
F579-V1,4.74,1.40652818991,-3.90558140685,0.0201292478058,0.16727675343,-0.0625947163488,105,16.7,1,-0.0633363068689,OK
F579-V1,5.69,1.6884272997,-3.86080226468,0.0210511041893,0.150793866285,-0.0546187159134,106,9.1,1,-0.0544157002676,OK
F579-V1,6.32,1.87537091988,-3.83353980017,0.0216329037812,0.14101067288,-0.0501416355193,108,11.5,1,-0.0365744870651,OK
F579-V1,7.37,2.18694362018,-3.79193094637,0.0225520130531,0.12640679689,-0.043814613076,110,23,1,-0.0187332738626,OK
F579-V1,8.21,2.43620178042,-3.76173854911,0.0232432956167,0.116027198141,-0.0395770462892,112,19.7,1,-0.000892060660125,OK
F579-V1,9.16,2.71810089021,-3.73054669591,0.0239797226362,0.105462918884,-0.0354853389602,113,9.1,1,0.00802854594112,OK
F579-V1,10.85,3.21958456973,-3.68185829829,0.0251761465482,0.0892035759791,-0.0296239806333,114,9.1,1,0.0169491525424,OK
F579-V1,12.21,3.62314540059,-3.64816533865,0.0260388574678,0.0780249573271,-0.0259008997892,114,9.1,1,0.0169491525424,OK
F579-V1,15.16,4.49851632047,-3.58894467346,0.0276274710475,0.0581517952083,-0.0198991657261,114,11.2,1,0.0169491525424,OK
F583-1,0.26,0.110169491525,-4.19015504319,0.0151439367267,0.287373581813,-0.137111862034,14.6,13,1,-0.829836829837,OK
F583-1,0.44,0.186440677966,-4.16862817586,0.0154734724539,0.277203132936,-0.129683346547,10,7,1,-0.88344988345,OK
F583-1,0.77,0.326271186441,-4.13109352657,0.0160653013797,0.259938793352,-0.117547083102,10.7,7.13,1,-0.875291375291,OK
F583-1,0.89,0.377118644068,-4.11802651338,0.016276604428,0.254064234919,-0.113553392362,17.4,9.6,1,-0.797202797203,OK
F583-1,1.22,0.516949152542,-4.08357702767,0.0168470952179,0.238900515381,-0.103563686092,23.5,11.2,1,-0.726107226107,OK
F583-1,1.55,0.656779661017,-4.05115453125,0.0174022715705,0.225042742473,-0.0948364976093,31,5.2,1,-0.638694638695,OK
F583-1,1.8,0.762711864407,-4.02783607129,0.0178128339815,0.215313881989,-0.0889390390639,32.3,2.41,1,-0.623543123543,OK
F583-1,2.21,0.936440677966,-3.9917273827,0.018467785618,0.200623713719,-0.0803928454798,40.9,5.9,1,-0.52331002331,OK
F583-1,2.31,0.978813559322,-3.9832979761,0.0186241160527,0.197257677618,-0.0784953886921,43.8,4.26,1,-0.48951048951,OK
F583-1,2.54,1.07627118644,-3.96443983541,0.0189786648114,0.189811031954,-0.0743781835454,44.8,4.5,1,-0.477855477855,OK
F583-1,3.1,1.31355932203,-3.92140771613,0.0198131837653,0.173234693979,-0.0656114400816,51.7,12.7,1,-0.397435897436,OK
F583-1,3.43,1.45338983051,-3.89781074065,0.0202862747835,0.164377454533,-0.061152374806,55.7,4.5,1,-0.350815850816,OK
F583-1,3.86,1.63559322034,-3.86884618561,0.0208824500015,0.153715673356,-0.0559929433253,59.4,9.85,1,-0.307692307692,OK
F583-1,4.09,1.73305084746,-3.8541273123,0.0211920893183,0.148381741008,-0.053497075676,62,4.5,1,-0.277389277389,OK
F583-1,4.37,1.85169491525,-3.83689247291,0.0215604971801,0.142204153843,-0.0506775562611,63,3.2,1,-0.265734265734,OK
F583-1,4.76,2.01694915254,-3.814067913,0.0220582650969,0.134129849171,-0.0471074280202,66.6,6.9,1,-0.223776223776,OK
F583-1,5.4,2.28813559322,-3.77936080174,0.0228372843132,0.122065073709,-0.0420158498152,71.3,2.95,1,-0.168997668998,OK
F583-1,5.86,2.48305084746,-3.75634594767,0.0233689760135,0.114190171797,-0.038849505627,72.3,15.5,1,-0.157342657343,OK
F583-1,6.08,2.57627118644,-3.74586786324,0.0236151254525,0.110633949695,-0.0374602698221,73.4,6,1,-0.144522144522,OK
F583-1,6.43,2.72457627119,-3.72986452669,0.0239960864458,0.105233417742,-0.0353989268338,72.4,5.81,1,-0.156177156177,OK
F583-1,6.97,2.95338983051,-3.70668659524,0.0245587617274,0.0974679686873,-0.0325371522844,77.1,12.1,1,-0.101398601399,OK
F583-1,7.96,3.37288135593,-3.66852575309,0.0255140562527,0.0847790553024,-0.0281204937909,80.3,13.5,1,-0.0641025641026,OK
F583-1,10.29,4.36016949153,-3.59718273789,0.027400809071,0.0609595778455,-0.0206992057311,84.7,6,1,-0.0128205128205,OK
F583-1,15.49,6.56355932203,-3.50451016823,0.0300614948134,0.0263292103764,-0.0119337747843,86.9,5.6,1,0.0128205128205,OK
F583-1,16.26,6.88983050847,-3.496540197,0.0303020413636,0.0225695664672,-0.0111264890358,85.8,8.6,1,0,OK
F583-4,0.22,0.113989637306,-4.18905823375,0.0151605558519,0.286850534387,-0.136724781137,10.7,4.9,OMITTED,OMITTED,INVALID_VFLAT
F583-4,0.76,0.39378238342,-4.11380856018,0.016345403377,0.25218257685,-0.11228878261,24.7,4.9,OMITTED,OMITTED,INVALID_VFLAT
F583-4,1.31,0.678756476684,-4.04623160766,0.0174881528438,0.222972549063,-0.0935657290376,38.9,4.9,OMITTED,OMITTED,INVALID_VFLAT
F583-4,1.94,1.00518134715,-3.97812388122,0.0187207287222,0.195203105951,-0.0773483500973,42.7,7.89,OMITTED,OMITTED,INVALID_VFLAT
F583-4,3.92,2.0310880829,-3.8121761594,0.0221000333945,0.133465838209,-0.0468196317899,55,4.9,OMITTED,OMITTED,INVALID_VFLAT
F583-4,4.35,2.25388601036,-3.78356623855,0.0227414452209,0.123514272998,-0.0426120570134,57.2,4.9,OMITTED,OMITTED,INVALID_VFLAT
F583-4,5,2.59067357513,-3.74427834806,0.0236526919012,0.11009593207,-0.0372522963671,59.8,4.9,OMITTED,OMITTED,INVALID_VFLAT
F583-4,5.05,2.61658031088,-3.74143858143,0.0237199554877,0.109135648303,-0.0368825325771,62.5,3.43,OMITTED,OMITTED,INVALID_VFLAT
F583-4,5.83,3.0207253886,-3.70019670626,0.0247186636763,0.0953033528613,-0.031760928546,61.8,3.98,OMITTED,OMITTED,INVALID_VFLAT
F583-4,6.09,3.15544041451,-3.68764158214,0.0250309659613,0.0911249941225,-0.0302890867966,64.4,4.9,OMITTED,OMITTED,INVALID_VFLAT
F583-4,6.74,3.49222797927,-3.65860529531,0.0257684270217,0.0814888182627,-0.0270278288099,67.2,4.9,OMITTED,OMITTED,INVALID_VFLAT
F583-4,7.29,3.77720207254,-3.63644744465,0.0263457727278,0.0741312886027,-0.0246627853194,69.9,4.9,OMITTED,OMITTED,INVALID_VFLAT
IC2574,0.85,0.305755395683,-4.13645123073,0.0159794584137,0.262367447545,-0.119218316448,10.3,0.2,1,-0.844879518072,OK
IC2574,1.14,0.410071942446,-4.10971546112,0.0164124438404,0.250363372322,-0.111072878761,12.9,2.7,1,-0.805722891566,OK
IC2574,1.42,0.510791366906,-4.08505009191,0.0168222966339,0.239539504617,-0.103975364642,16.4,1.8,1,-0.753012048193,OK
IC2574,1.71,0.615107913669,-4.06061551031,0.0172384054329,0.229046120542,-0.0973182480341,18.6,2.1,1,-0.719879518072,OK
IC2574,1.99,0.715827338129,-4.03802963256,0.0176321800845,0.219542877395,-0.0914793203746,19.8,2,1,-0.701807228916,OK
IC2574,2.28,0.820143884892,-4.01561518627,0.0180318581863,0.21029194771,-0.0859689112261,26.1,0.6,1,-0.606927710843,OK
IC2574,2.55,0.91726618705,-3.99558907272,0.0183966062793,0.20217363199,-0.0812741639762,27.7,2.7,1,-0.582831325301,OK
IC2574,2.84,1.02158273381,-3.97493265164,0.0187805662925,0.193940246267,-0.0766475026676,29.7,2.6,1,-0.552710843373,OK
IC2574,3.13,1.12589928058,-3.95511065226,0.0191565487169,0.18616907742,-0.0724049531873,33,3.4,1,-0.503012048193,OK
IC2574,3.41,1.22661870504,-3.93672055898,0.0195120987132,0.179068918944,-0.0686343202252,34.8,1.2,1,-0.475903614458,OK
IC2574,3.7,1.3309352518,-3.91840747776,0.0198727173021,0.172099685896,-0.0650312698094,35,0.9,1,-0.472891566265,OK
IC2574,3.98,1.43165467626,-3.90139800665,0.0202136328903,0.165713793504,-0.0618150873021,39,10.2,1,-0.41265060241,OK
IC2574,4.26,1.53237410072,-3.88501580937,0.0205475039158,0.159639912625,-0.0588317250441,35.9,5.4,1,-0.459337349398,OK
IC2574,4.55,1.63669064748,-3.86867752757,0.0208859722917,0.153654241133,-0.0559638738966,40,4.1,1,-0.397590361446,OK
IC2574,4.84,1.74100719424,-3.85294842691,0.0212170870946,0.147956881573,-0.053300721009,38.7,1.4,1,-0.417168674699,OK
IC2574,5.12,1.84172661871,-3.83831252769,0.0215299018216,0.142710458917,-0.0509057681227,41.8,0.5,1,-0.370481927711,OK
IC2574,5.41,1.94604316547,-3.82369817155,0.0218468578877,0.137522255665,-0.0485915289213,42.9,0.4,1,-0.353915662651,OK
IC2574,5.68,2.04316546763,-3.81056764981,0.0221356101151,0.132901853357,-0.0465758815373,44.4,1.7,1,-0.331325301205,OK
IC2574,5.97,2.14748201439,-3.79695346505,0.0224390291158,0.128150192466,-0.0445475055513,46.1,1.3,1,-0.305722891566,OK
IC2574,6.26,2.25179856115,-3.78382416119,0.0227355804438,0.123603261848,-0.0426488043141,49,0.9,1,-0.262048192771,OK
IC2574,6.54,2.35251798561,-3.77158828143,0.0230154791837,0.119395226627,-0.0409284597704,51.9,0.6,1,-0.218373493976,OK
IC2574,6.83,2.45683453237,-3.75935298991,0.0232988100646,0.11521395287,-0.0392541339446,53.1,2.1,1,-0.200301204819,OK
IC2574,7.1,2.55395683453,-3.74834594137,0.0235566777755,0.111473477145,-0.0377859499237,54,0.5,1,-0.186746987952,OK
IC2574,7.39,2.65827338129,-3.73692026774,0.0238273721757,0.107610117326,-0.0362989086951,55.9,1.1,1,-0.15813253012,OK
IC2574,7.68,2.76258992806,-3.72588967476,0.0240916571503,0.103897330934,-0.0348979531173,58.8,3.6,1,-0.114457831325,OK
IC2574,7.96,2.86330935252,-3.71560001536,0.0243408318597,0.100447342066,-0.0336208711239,57.3,4.6,1,-0.137048192771,OK
IC2574,8.25,2.96762589928,-3.70530232598,0.0245927812069,0.0970059539621,-0.0323706887773,54,9,1,-0.186746987952,OK
IC2574,8.52,3.06474820144,-3.69603180103,0.0248218292562,0.0939160317701,-0.0312683676845,63.8,12,1,-0.039156626506,OK
IC2574,8.81,3.1690647482,-3.68640287155,0.0250619912958,0.0907133016797,-0.0301459563565,60.5,6.2,1,-0.0888554216867,OK
IC2574,9.1,3.27338129496,-3.67710204243,0.0252961759617,0.0876245237307,-0.0290829131461,61,5.7,1,-0.0813253012048,OK
IC2574,9.38,3.37410071942,-3.66842239751,0.0255166934091,0.0847447732088,-0.0281089973236,66,1.3,1,-0.00602409638554,OK
IC2574,9.67,3.47841726619,-3.65973329549,0.0257393766188,0.0818629412984,-0.027150981499,65.2,3.4,1,-0.0180722891566,OK
IC2574,9.96,3.58273381295,-3.65133969253,0.0259563319713,0.0790785058171,-0.0262411208106,67.1,4.7,1,0.0105421686747,OK
IC2574,10.23,3.67985611511,-3.64378188588,0.0261532480996,0.0765693836461,-0.0254345055165,67.5,9.3,1,0.0165662650602,OK
IC4202,0.77,0.161087866109,-4.17569798812,0.0153644636983,0.280521264789,-0.132084179565,35.1,3.96,1,-0.855317394889,OK
IC4202,1.59,0.332635983264,-4.12944144646,0.0160918644807,0.259192259123,-0.117035739803,77.9,3.95,1,-0.678895300907,OK
IC4202,2.36,0.493723849372,-4.08915363642,0.0167534070333,0.241323926465,-0.105129329991,115,6.7,1,-0.525968672712,OK
IC4202,3.13,0.654811715481,-4.05159758683,0.0173945631048,0.225229488711,-0.0949515514894,156,3.16,1,-0.356966199505,OK
IC4202,3.95,0.826359832636,-4.01430968134,0.0180554142391,0.209758541606,-0.0856564015495,192,3.14,1,-0.208573784007,OK
IC4202,4.73,0.989539748954,-3.98118665931,0.0186634790008,0.196418243826,-0.0780257245315,204,2.9,1,-0.159109645507,OK
IC4202,5.5,1.15062761506,-3.9505290408,0.0192445179466,0.184390458347,-0.0714509290389,209,3.36,1,-0.138499587799,OK
IC4202,6.27,1.31171548117,-3.9217272449,0.0198068538943,0.173355728197,-0.0656734599076,220,3.25,1,-0.0931574608409,OK
IC4202,7.08,1.48117154812,-3.89326754452,0.0203786489866,0.162690128694,-0.0603207040517,231,3.49,1,-0.0478153338829,OK
IC4202,7.86,1.64435146444,-3.86750205078,0.0209105377025,0.153226287717,-0.0557615778587,235,4.65,1,-0.0313272877164,OK
IC4202,8.66,1.81171548117,-3.84261845952,0.0214373948393,0.144248614089,-0.0516022206174,245,6,1,0.00989282769992,OK
IC4202,9.45,1.9769874477,-3.81946580317,0.0219395177852,0.13602881275,-0.047935345524,246,5.57,1,0.0140148392416,OK
IC4202,10.24,2.14225941423,-3.79762335024,0.0224240025761,0.128383103012,-0.0446458773027,239,6.95,1,-0.0148392415499,OK
IC4202,11.02,2.30543933054,-3.77725489511,0.022885428177,0.121340612059,-0.0417193777215,240,7.16,1,-0.0107172300082,OK
IC4202,11.79,2.46652719665,-3.7582381013,0.0233248001277,0.114834204986,-0.0391038018689,240,4.85,1,-0.0107172300082,OK
IC4202,12.47,2.60878661088,-3.74229027321,0.0236997619972,0.10942353059,-0.0369931900354,246,7.68,1,0.0140148392416,OK
IC4202,13.34,2.79079497908,-3.72297307776,0.024162025373,0.102918191456,-0.0345330858601,241,6.21,1,-0.00659521846661,OK
IC4202,14.11,2.95188284519,-3.70683351499,0.0245551538253,0.0975170150305,-0.0325548487053,250,5.62,1,0.0305028854081,OK
IC4202,14.59,3.05230125523,-3.69720319453,0.0247927701498,0.0943060859609,-0.0314064653304,242,5.1,1,-0.00247320692498,OK
IC4202,14.98,3.13389121339,-3.68961230324,0.0249816854835,0.091780156849,-0.0305175619341,244,7.41,1,0.00577081615829,OK
IC4202,15.75,3.2949790795,-3.67521631331,0.025343922702,0.0869987022797,-0.0288698532087,248,5.08,1,0.0222588623248,OK
IC4202,16.52,3.45606694561,-3.66156975663,0.0256921506316,0.0824720175367,-0.0273520742157,249,5.22,1,0.0263808738664,OK
IC4202,17.1,3.57740585774,-3.65176139194,0.0259453885091,0.0792184381064,-0.0262864759663,246,6.35,1,0.0140148392416,OK
IC4202,17.88,3.74058577406,-3.63917845505,0.0262739203079,0.0750395714703,-0.0249488908579,241,16.2,1,-0.00659521846661,OK
IC4202,18.65,3.90167364017,-3.62740880553,0.0265849820948,0.0711203297695,-0.0237261457799,247,14.6,1,0.0181368507832,OK
IC4202,19.62,4.10460251046,-3.61345501296,0.0269585436595,0.0664515454107,-0.0223096501903,234,20.9,1,-0.035449299258,OK
IC4202,20.78,4.34728033473,-3.59797017695,0.0273792410963,0.0612268688158,-0.0207761886476,249,10,1,0.0263808738664,OK
IC4202,22.13,4.62970711297,-3.58148485205,0.0278343376822,0.05558864249,-0.0191825962632,236,16.1,1,-0.0272052761748,OK
IC4202,23,4.81171548117,-3.57167974462,0.0281085987359,0.0521830977347,-0.0182508495869,245,22.1,1,0.00989282769992,OK
IC4202,23.58,4.93305439331,-3.56548080869,0.0282833833179,0.0500042755508,-0.0176668978138,243,4.2,1,0.00164880461665,OK
IC4202,25.03,5.23640167364,-3.55110378859,0.0286929512165,0.0448527783841,-0.0163239938434,238,7.76,1,-0.0189612530915,OK
IC4202,25.9,5.41841004184,-3.54320647049,0.0289204456954,0.0419491958822,-0.0155904699568,247,6.14,1,0.0181368507832,OK
KK98-251,0.25,0.186567164179,-4.16859311452,0.0154740149841,0.277186730528,-0.129671533286,4.25,2,1,-0.873887240356,OK
KK98-251,0.41,0.305970149254,-4.13639488913,0.0159803587472,0.262341846885,-0.119200638308,6.84,2,1,-0.79703264095,OK
KK98-251,0.57,0.425373134328,-4.10589756163,0.0164752246704,0.248672447794,-0.109948648929,9.56,2,1,-0.716320474777,OK
KK98-251,0.74,0.55223880597,-4.07521031418,0.0169886413491,0.235286828256,-0.101250880949,12.3,2,1,-0.635014836795,OK
KK98-251,0.9,0.671641791045,-4.04782035878,0.0174603905809,0.223639691699,-0.0939743121761,15.1,2,1,-0.551928783383,OK
KK98-251,1.07,0.798507462687,-4.02018535967,0.0179496374922,0.212163882733,-0.0870701351192,17.5,2,1,-0.480712166172,OK
KK98-251,1.24,0.925373134328,-3.99395272841,0.0184267341043,0.201516265918,-0.0808997840636,19.7,2,1,-0.415430267062,OK
KK98-251,1.4,1.0447761194,-3.97045504851,0.0188648467612,0.192173873337,-0.075672571968,21.8,2,1,-0.353115727003,OK
KK98-251,1.57,1.17164179104,-3.94666994464,0.0193189278772,0.182897362897,-0.0706549403899,24.4,2,1,-0.275964391691,OK
KK98-251,1.72,1.28358208955,-3.92663044496,0.0197099746304,0.175216762861,-0.0666307718696,27.3,2,1,-0.189910979228,OK
KK98-251,1.89,1.41044776119,-3.9049262342,0.0201424402597,0.167031649335,-0.062472131551,30.3,2,1,-0.100890207715,OK
KK98-251,2.06,1.53731343284,-3.88422801191,0.0205636975651,0.159349670919,-0.05869101157,32.6,2,1,-0.0326409495549,OK
KK98-251,2.46,1.83582089552,-3.83915622468,0.0215117447688,0.143011495413,-0.0510417003005,33.3,2,1,-0.0118694362018,OK
KK98-251,2.79,2.08208955224,-3.80542965367,0.0222496354747,0.131104032184,-0.0458031220841,34.6,2,1,0.026706231454,OK
KK98-251,3.13,2.33582089552,-3.77358755245,0.02296951097,0.120080929078,-0.0412063759134,34.2,2,1,0.0148367952522,OK
NGC0024,0.21,0.15671641791,-4.17692553567,0.0153456146599,0.28109958273,-0.132504874674,17.4,6.51,1,-0.836312323612,OK
NGC0024,0.32,0.238805970149,-4.15428795255,0.0156969641346,0.270537916364,-0.124927272857,31,8.86,1,-0.708372530574,OK
NGC0024,0.43,0.320895522388,-4.13249257071,0.0160428410291,0.260571853746,-0.117981575153,36.1,8.16,1,-0.660395108184,OK
NGC0024,0.54,0.402985074627,-4.11149254689,0.0163833034201,0.25115239471,-0.111599425737,46,8.52,1,-0.567262464722,OK
NGC0024,0.64,0.477611940299,-4.09305551874,0.0166881645776,0.243026655847,-0.106236403425,58,6.9,1,-0.454374412041,OK
NGC0024,0.74,0.55223880597,-4.07521031418,0.0169886413491,0.235286828256,-0.101250880949,63.4,9.55,1,-0.403574788335,OK
NGC0024,0.85,0.634328358209,-4.05623104644,0.0173141525326,0.227186769197,-0.0961616234599,71.9,8.52,1,-0.323612417686,OK
NGC0024,0.96,0.716417910448,-4.03789999256,0.0176344660684,0.219488861889,-0.0914466487201,76.4,6.82,1,-0.28127939793,OK
NGC0024,1.07,0.798507462687,-4.02018535967,0.0179496374922,0.212163882733,-0.0870701351192,78.1,6.65,1,-0.265286923801,OK
NGC0024,1.17,0.873134328358,-4.00459118668,0.0182317411139,0.205806113561,-0.0833584999213,80.5,6.14,1,-0.242709313264,OK
NGC0024,1.28,0.955223880597,-3.98797315833,0.0185372481362,0.199121678034,-0.0795433382459,82.8,5.8,1,-0.2210724365,OK
NGC0024,1.38,1.02985074627,-3.97333176709,0.0188106558894,0.193307971052,-0.0762978080446,85.6,6.48,1,-0.194731890875,OK
NGC0024,1.48,1.10447761194,-3.95911538154,0.0190799853355,0.18772910461,-0.073246936362,88,7.5,1,-0.172154280339,OK
NGC0024,1.59,1.18656716418,-3.94394798228,0.0193715849043,0.18184697875,-0.0700976385389,92,8.52,1,-0.134524929445,OK
NGC0024,1.7,1.26865671642,-3.9292530612,0.0196583506554,0.176215098257,-0.0671471679178,92.4,8.52,1,-0.130761994356,OK
NGC0024,1.8,1.34328358209,-3.91628728164,0.0199148960581,0.171299179074,-0.0646236324594,95.1,9.2,1,-0.105362182502,OK
NGC0024,1.91,1.42537313433,-3.90244016561,0.0201925780449,0.166102694936,-0.0620086208734,96.5,8.52,1,-0.0921919096896,OK
NGC0024,2.02,1.50746268657,-3.88901099407,0.0204655766089,0.161114403447,-0.0595491820972,101,8.86,1,-0.0498588899341,OK
NGC0024,2.13,1.58955223881,-3.87598318681,0.0207339425102,0.156322038729,-0.0572332159812,99.9,9.55,1,-0.0602069614299,OK
NGC0024,2.23,1.66417910448,-3.86447486193,0.0209739337566,0.152125819699,-0.0552430622845,103,8.18,1,-0.0310442144873,OK
NGC0024,2.34,1.74626865672,-3.8521706945,0.0212335947294,0.14767678207,-0.0531714666062,104,8.52,1,-0.0216368767639,OK
NGC0024,2.44,1.82089552239,-3.84129642262,0.0214657546085,0.143775889373,-0.0513876746381,107,9.2,1,0.0065851364064,OK
NGC0024,2.54,1.89552238806,-3.83070837836,0.0216942424537,0.140004784262,-0.0496921635731,107,9.55,1,0.0065851364064,OK
NGC0024,2.65,1.9776119403,-3.81938086353,0.0219413813991,0.135998881574,-0.0479222400715,106,11.2,1,-0.00282220131703,OK
NGC0024,2.76,2.05970149254,-3.8083763342,0.022184169408,0.132134412197,-0.0462452207028,107,11.2,1,0.0065851364064,OK
NGC0024,7.07,5.27611940299,-3.54933517022,0.0287437429996,0.0442076998984,-0.0161595725663,104,3.11,1,-0.0216368767639,OK
NGC0024,8.49,6.33582089552,-3.51082104306,0.0298723778569,0.0291163289643,-0.012550482617,106,2.55,1,-0.00282220131703,OK
NGC0024,9.91,7.39552238806,-3.48650095738,0.0306077829566,0.017227922502,-0.0100281257595,109,4.95,1,0.0253998118532,OK
NGC0024,11.27,8.41044776119,-3.47385547701,0.0309972906404,0.00798911132098,-0.00826312249406,110,2.83,1,0.0348071495767,OK
NGC0055,1.23,0.201309328969,-4.16452082324,0.0155371581618,0.275285186038,-0.128305659333,28.7,3.4,1,-0.664719626168,OK
NGC0055,1.84,0.301145662848,-4.13766194258,0.0159601236007,0.262917888242,-0.119598731821,37.6,2.6,1,-0.560747663551,OK
NGC0055,2.46,0.402618657938,-4.11158458081,0.0163817956698,0.251193291609,-0.111626751854,43.1,1.2,1,-0.496495327103,OK
NGC0055,3.07,0.502454991817,-4.08705060245,0.0167886770915,0.240408618506,-0.104536615219,50.1,2.8,1,-0.414719626168,OK
NGC0055,3.68,0.602291325696,-4.06355911442,0.0171877370023,0.230298415413,-0.0981011449068,58.1,4.5,1,-0.321261682243,OK
NGC0055,4.3,0.703764320786,-4.0406846542,0.0175854283557,0.220650434976,-0.0921505207887,64.6,4.1,1,-0.245327102804,OK
NGC0055,4.91,0.803600654664,-4.01910589648,0.0179690239268,0.211721083295,-0.0868090117819,68.5,2.7,1,-0.19976635514,OK
NGC0055,5.52,0.903436988543,-3.99839276421,0.0183451001083,0.203302037291,-0.0819188229226,72.3,0.8,1,-0.155373831776,OK
NGC0055,6.14,1.00490998363,-3.97817685507,0.0187197370394,0.195224097056,-0.0773600264499,74.2,2.4,1,-0.133177570093,OK
NGC0055,6.75,1.10474631751,-3.95906494033,0.0190809477774,0.187709424181,-0.0732362840595,78.9,2.6,1,-0.0782710280374,OK
NGC0055,7.37,1.2062193126,-3.94038778779,0.0194406744272,0.180476540076,-0.069373843088,82.4,2.3,1,-0.0373831775701,OK
NGC0055,7.98,1.30605564648,-3.92270946257,0.0197874088037,0.173727969035,-0.0658643855511,84.3,4.8,1,-0.0151869158879,OK
NGC0055,8.59,1.40589198036,-3.90568784259,0.0201271054485,0.167316583127,-0.0626146478677,85.4,7.3,1,-0.00233644859813,OK
NGC0055,9.21,1.50736497545,-3.88902673702,0.0204652544228,0.161120222203,-0.0595520219983,85.3,4.6,1,-0.0035046728972,OK
NGC0055,9.82,1.60720130933,-3.8732331369,0.0207910403621,0.155316172701,-0.0567529517408,86.8,4,1,0.0140186915888,OK
NGC0055,10.43,1.70703764321,-3.85800537015,0.0211100643216,0.14978179508,-0.0541466850163,85.4,5.7,1,-0.00233644859813,OK
NGC0055,11.05,1.8085106383,-3.8430810188,0.0214274810665,0.144414111583,-0.0516774372325,85.4,7,1,-0.00233644859813,OK
NGC0055,11.66,1.90834697218,-3.82891695389,0.0217331408819,0.139369319611,-0.0494092551433,86.2,4.1,1,0.00700934579439,OK
NGC0055,12.28,2.00981996727,-3.8150253479,0.0220371558509,0.134466207212,-0.0472535491081,86.1,6.2,1,0.00584112149533,OK
NGC0055,12.89,2.10965630115,-3.80183287706,0.0223298065352,0.129848794598,-0.0452674142448,87.4,2.5,1,0.0210280373832,OK
NGC0055,13.5,2.20949263502,-3.78909170165,0.0226161347226,0.125423461818,-0.0434039178006,86.5,5.5,1,0.0105140186916,OK
NGC0100,0.23,0.138554216867,-4.18205287401,0.0152671338723,0.283522179325,-0.134274453034,6.81,8.19,1,-0.922701475596,OK
NGC0100,0.69,0.415662650602,-4.10831748627,0.0164354040693,0.249743551154,-0.110660119925,20,4.09,1,-0.772985244041,OK
NGC0100,1.15,0.692771084337,-4.04311589728,0.0175427258359,0.22166685939,-0.0927686516829,33,4,1,-0.625425652667,OK
NGC0100,1.59,0.957831325301,-3.98745422983,0.0185468701389,0.198914425589,-0.079426476609,42.7,4,1,-0.515323496027,OK
NGC0100,2.05,1.23493975904,-3.93523288951,0.0195411478692,0.178499051349,-0.0683360554094,49.9,4,1,-0.433598183882,OK
NGC0100,2.51,1.51204819277,-3.88827282857,0.0204806891685,0.160841645516,-0.0594161358887,55.5,4,1,-0.370034052213,OK
NGC0100,2.97,1.78915662651,-3.84588571831,0.02136746762,0.145418697171,-0.0521351847167,61.9,4,1,-0.297389330306,OK
NGC0100,3.42,2.06024096386,-3.80830505821,0.0221857506631,0.132109467121,-0.0462344925965,67.9,4,1,-0.229284903519,OK
NGC0100,3.88,2.33734939759,-3.77340405663,0.0229737261661,0.120017964583,-0.0411808171071,73.1,4,1,-0.170261066969,OK
NGC0100,4.34,2.61445783133,-3.74167030271,0.0237144597059,0.109213962647,-0.0369126189764,76.1,3,1,-0.136208853575,OK
NGC0100,4.79,2.88554216867,-3.71337507492,0.0243950490534,0.0997028902575,-0.0333484200402,77.8,5.34,1,-0.116912599319,OK
NGC0100,5.24,3.15662650602,-3.68753352086,0.0250336709856,0.091089075908,-0.0302765858469,79,4,1,-0.103291713961,OK
NGC0100,5.7,3.43373493976,-3.66341835954,0.0256446999195,0.0830851085903,-0.0275552417645,78.5,5.6,1,-0.10896708286,OK
NGC0100,6.16,3.71084337349,-3.64142138175,0.0262150558696,0.0757851138422,-0.0251849667757,79.8,7.15,1,-0.094211123723,OK
NGC0100,7.16,4.31325301205,-3.6000656308,0.0273219292285,0.0619373113848,-0.020981499016,83.4,5.12,1,-0.0533484676504,OK
NGC0100,7.52,4.53012048193,-3.58711674317,0.027678018323,0.0575256900776,-0.0197229154411,84.6,4,1,-0.0397275822928,OK
NGC0100,7.98,4.80722891566,-3.57191405126,0.0281020134759,0.0522650310281,-0.0182729939721,86.1,5.53,1,-0.0227014755959,OK
NGC0100,8.44,5.0843373494,-3.55811551119,0.0284924678903,0.0473842584824,-0.0169772732984,87.5,10.2,1,-0.00681044267877,OK
NGC0100,8.9,5.36144578313,-3.54562149089,0.0288506864979,0.0428436574473,-0.0158146381866,89,7.77,1,0.0102156640182,OK
NGC0100,9.35,5.63253012048,-3.53457545174,0.0291711389171,0.0386978883001,-0.0147891127014,90.4,5.16,1,0.0261066969353,OK
NGC0100,9.62,5.79518072289,-3.52847429953,0.0293496605156,0.0363390873412,-0.0142209667349,91.2,13.7,1,0.0351872871737,OK
NGC0247,1.08,0.288770053476,-4.1409248965,0.0159081313233,0.264404357312,-0.120629074082,34.6,0.9,1,-0.670162059104,OK
NGC0247,1.61,0.430481283422,-4.10462873853,0.0164961420835,0.248111763382,-0.109577134152,47,0.8,1,-0.551954242135,OK
NGC0247,2.15,0.57486631016,-4.06991215716,0.0170788886997,0.233012151332,-0.0998084532756,59.1,3.1,1,-0.436606291706,OK
NGC0247,2.7,0.72192513369,-4.03669260363,0.0176557705864,0.218986082105,-0.0911428188169,64.4,1.4,1,-0.386081982841,OK
NGC0247,3.22,0.860962566845,-4.00710239897,0.0181860147798,0.206824311509,-0.0839474822672,67.4,2.3,1,-0.357483317445,OK
NGC0247,3.77,1.00802139037,-3.97756980774,0.0187311042557,0.194983606667,-0.0772263058774,69.8,0.7,1,-0.334604385129,OK
NGC0247,4.31,1.15240641711,-3.95020115968,0.0192508288953,0.184263421691,-0.0713830306021,71.3,1.1,1,-0.320305052431,OK
NGC0247,4.85,1.29679144385,-3.92432174458,0.0197555316248,0.174339604255,-0.0661787004796,73.2,1.7,1,-0.302192564347,OK
NGC0247,5.38,1.4385026738,-3.90026464677,0.0202365551981,0.165291203437,-0.0616051317896,75.1,3,1,-0.284080076263,OK
NGC0247,5.92,1.58288770053,-3.87702627341,0.0207123264883,0.156704080811,-0.0574161573419,78.5,3.8,1,-0.251668255481,OK
NGC0247,6.46,1.72727272727,-3.85498557368,0.0211739087696,0.148691267206,-0.0536403548031,81.4,5,1,-0.224022878932,OK
NGC0247,6.99,1.86898395722,-3.83444145377,0.0216134071866,0.141331384312,-0.050285367887,83.5,7,1,-0.204003813155,OK
NGC0247,7.53,2.01336898396,-3.81454842253,0.0220476684364,0.134298632858,-0.0471807229603,87.1,7.2,1,-0.169685414681,OK
NGC0247,8.07,2.1577540107,-3.79563945354,0.0224685336386,0.127693590583,-0.0443549706927,90.7,4.8,1,-0.135367016206,OK
NGC0247,8.62,2.30481283422,-3.77733092274,0.0228836883182,0.121366752441,-0.041730056919,93.1,1.4,1,-0.112488083889,OK
NGC0247,9.14,2.44385026738,-3.76085227304,0.0232639047247,0.11572495351,-0.0394568806648,95.9,2.1,1,-0.0857959961868,OK
NGC0247,9.69,2.59090909091,-3.74425241976,0.0236533051832,0.110087158965,-0.0372489098757,98.4,5.2,1,-0.0619637750238,OK
NGC0247,10.23,2.73529411765,-3.72873868152,0.0240231175373,0.104854781008,-0.0352565922065,101,8.2,1,-0.0371782650143,OK
NGC0247,10.76,2.87700534759,-3.71422743709,0.0243742644957,0.099988024264,-0.0334526411187,103,9.4,1,-0.0181124880839,OK
NGC0247,11.3,3.02139037433,-3.70013333791,0.0247202301068,0.0952822347997,-0.0317534018408,104,9.4,1,-0.00857959961868,OK
NGC0247,11.84,3.16577540107,-3.68670142223,0.0250545101379,0.0908125188593,-0.0301804195466,105,8.9,1,0.00095328884652,OK
NGC0247,12.38,3.31016042781,-3.67389887686,0.0253773337131,0.086561546618,-0.0287214889316,105,8.4,1,0.00095328884652,OK
NGC0247,12.91,3.45187165775,-3.66191599129,0.0256832566581,0.0825868470342,-0.0273900694683,105,9,1,0.00095328884652,OK
NGC0247,13.48,3.60427807487,-3.64964208034,0.0260004331798,0.0785151264196,-0.0260589132952,106,8.4,1,0.0104861773117,OK
NGC0247,14.01,3.74598930481,-3.63877334045,0.0262845664132,0.0749048743352,-0.0249063575892,108,7.7,1,0.0295519542421,OK
NGC0247,14.54,3.88770053476,-3.62840489697,0.0265585142063,0.0714525727982,-0.0238286089045,107,9.2,1,0.0200190657769,OK
NGC0289,1.5,0.222551928783,-4.15870185302,0.0156278319807,0.272580222472,-0.126375152199,164,28.2,1,0.00613496932515,OK
NGC0289,2.52,0.373887240356,-4.11884809078,0.0162632374294,0.254431571769,-0.113801095322,194,32,1,0.19018404908,OK
NGC0289,3.46,0.513353115727,-4.08443679285,0.0168326168969,0.239273365691,-0.103803801354,175,25.2,1,0.0736196319018,OK
NGC0289,4.32,0.640949554896,-4.05472890315,0.0173401804146,0.226551368797,-0.0957679526574,185,31.5,1,0.134969325153,OK
NGC0289,5.43,0.805637982196,-4.01867473138,0.0179767732133,0.211544331003,-0.0867048886634,175,27.9,1,0.0736196319018,OK
NGC0289,6.38,0.946587537092,-3.98969581279,0.0185053423521,0.19981031898,-0.0799322531869,167,27.2,1,0.0245398773006,OK
NGC0289,7.57,1.12314540059,-3.95562361425,0.0191467246556,0.186368619836,-0.0725123794234,176,7.18,1,0.079754601227,OK
NGC0289,10.6,1.57270029674,-3.87862566544,0.0206792258361,0.15729043372,-0.0576975010362,185,4.29,1,0.134969325153,OK
NGC0289,13.57,2.01335311573,-3.81455055361,0.0220476214509,0.134299381535,-0.0471810482031,183,4.22,1,0.122699386503,OK
NGC0289,16.64,2.46884272997,-3.75797230367,0.0233310006283,0.114743700271,-0.0390680160222,172,4.33,1,0.0552147239264,OK
NGC0289,19.71,2.92433234421,-3.70953255376,0.0244889678725,0.0984183981306,-0.0328809336219,161,4.24,1,-0.0122699386503,OK
NGC0289,22.68,3.3649851632,-3.66919606228,0.025496959677,0.0850013945461,-0.0281951121006,156,5.08,1,-0.0429447852761,OK
NGC0289,25.75,3.82047477745,-3.63326257006,0.0264298144702,0.0730712667766,-0.0243309690506,159,6.49,1,-0.0245398773006,OK
NGC0289,28.72,4.26112759644,-3.60332278717,0.0272330822054,0.0630393011631,-0.0213019596576,173,6.97,1,0.0613496932515,OK
NGC0289,31.79,4.71661721068,-3.57672550811,0.0279671266121,0.05394131037,-0.0187289948506,177,6.57,1,0.0858895705521,OK
NGC0289,34.77,5.1587537092,-3.55463605381,0.028591778892,0.0461330040406,-0.0166527698713,179,4.47,1,0.0981595092025,OK
NGC0289,37.84,5.61424332344,-3.53528558863,0.0291504307689,0.0389689365776,-0.0148551107994,181,4.26,1,0.110429447853,OK
NGC0289,40.81,6.05489614243,-3.51950641675,0.0296140485594,0.0327566368781,-0.013379374107,182,4.26,1,0.116564417178,OK
NGC0289,43.88,6.51038575668,-3.50592712279,0.0300189292054,0.0269674792916,-0.0120736334848,182,4.83,1,0.116564417178,OK
NGC0289,46.85,6.95103857567,-3.49517951047,0.0303433010073,0.0218929043529,-0.0109841953256,180,5.5,1,0.104294478528,OK
NGC0289,49.92,7.40652818991,-3.48631195717,0.0306135683806,0.0171176764421,-0.0100060577159,177,8.5,1,0.0858895705521,OK
NGC0289,52.99,7.86201780415,-3.47952252636,0.0308221242719,0.0127586311861,-0.00915298592168,175,11,1,0.0736196319018,OK
NGC0289,55.96,8.30267062315,-3.47476482819,0.0309691160298,0.0088884984245,-0.00842744305851,172,11.6,1,0.0552147239264,OK
NGC0289,59.03,8.75816023739,-3.47156680303,0.0310683145773,0.00520395288331,-0.00776452822295,168,12.6,1,0.0306748466258,OK
NGC0289,62,9.19881305638,-3.47000854221,0.0311167648541,0.00191037725838,-0.00719493875214,158,5.38,1,-0.0306748466258,OK
NGC0289,65.07,9.65430267062,-3.46986607091,0.0311211984157,-0.00124493404663,-0.00666960889578,158,6.5,1,-0.0306748466258,OK
NGC0289,68.05,10.0964391691,-3.47105312522,0.0310842777809,-0.00409104351198,-0.00621283895771,166,15.5,1,0.0184049079755,OK
NGC0289,71.12,10.5519287834,-3.47354602227,0.0310068843832,-0.00682284875718,-0.00578965139345,165,8.75,1,0.0122699386503,OK
NGC0300,0.91,0.52,-4.08284866029,0.0168593705624,0.238584868276,-0.103360626964,33.1,3.9,1,-0.645230439443,OK
NGC0300,1.36,0.777142857143,-4.02473811267,0.0178681029704,0.214035903404,-0.0881784181591,46.7,2.7,1,-0.499464094319,OK
NGC0300,1.82,1.04,-3.97137375773,0.0188475234114,0.192535770053,-0.0758718087252,53.9,4.7,1,-0.422293676313,OK
NGC0300,2.27,1.29714285714,-3.92426048341,0.0197567419088,0.174316350282,-0.0661667367485,58.8,2.5,1,-0.369774919614,OK
NGC0300,2.72,1.55428571429,-3.88153191456,0.0206192141009,0.158357629572,-0.0582113273218,65.6,2.6,1,-0.296891747053,OK
NGC0300,3.17,1.81142857143,-3.84265984798,0.021436507597,0.144263420234,-0.0516089476005,70.8,2.7,1,-0.24115755627,OK
NGC0300,3.63,2.07428571429,-3.80645416454,0.0222268521539,0.131462070305,-0.0459565025062,82.1,4.9,1,-0.120042872454,OK
NGC0300,4.08,2.33142857143,-3.77411538453,0.0229573901244,0.120262082354,-0.0412799546184,84.1,6.6,1,-0.0986066452304,OK
NGC0300,4.54,2.59428571429,-3.74388090914,0.0236620942698,0.109961465338,-0.0372004079933,83.4,6.2,1,-0.106109324759,OK
NGC0300,4.99,2.85142857143,-3.71679578453,0.0243117432383,0.100847656344,-0.0337678345872,81.5,2.7,1,-0.126473740622,OK
NGC0300,5.45,3.11428571429,-3.69141757756,0.0249366273718,0.0923805251067,-0.0307276823573,80.8,4,1,-0.13397642015,OK
NGC0300,5.9,3.37142857143,-3.66864894847,0.0255109132325,0.084819918275,-0.0281342002203,82.8,12.4,1,-0.112540192926,OK
NGC0300,6.36,3.63428571429,-3.64729772147,0.0260614590313,0.077736929582,-0.0258082737814,88.2,11.7,1,-0.0546623794212,OK
NGC0300,6.81,3.89142857143,-3.62813868468,0.0265655853503,0.0713637899631,-0.0238012068302,88.5,8.5,1,-0.0514469453376,OK
NGC0300,7.26,4.14857142857,-3.61055468169,0.027036845863,0.0654770143444,-0.0220194798866,88.4,8.9,1,-0.0525187566988,OK
NGC0300,7.71,4.40571428571,-3.59442772161,0.0274764028292,0.0600229739982,-0.0204305804731,88.2,10.8,1,-0.0546623794212,OK
NGC0300,8.17,4.66857142857,-3.57933887276,0.027894133732,0.054847115474,-0.0189777412882,89.5,3.1,1,-0.0407288317256,OK
NGC0300,8.62,4.92571428571,-3.56584832168,0.0282729907169,0.0501340791211,-0.0177014208347,89.7,9.5,1,-0.0385852090032,OK
NGC0300,9.07,5.18285714286,-3.55352891742,0.0286234514203,0.0457328597325,-0.0165496562529,93.7,7.3,1,0.0042872454448,OK
NGC0300,9.53,5.44571428571,-3.54206687776,0.0289534220113,0.0415249562305,-0.0154847072801,97,5.7,1,0.0396570203644,OK
NGC0300,9.96,5.69142857143,-3.53232173615,0.029236956507,0.0378330271857,-0.0145795083082,96.2,1.5,1,0.0310825294748,OK
NGC0300,10.45,5.97142857143,-3.52228744178,0.0295318055622,0.0338842675947,-0.013641510044,94.8,2.1,1,0.016077170418,OK
NGC0300,10.93,6.24571428571,-3.5134959122,0.0297925799274,0.0302587425528,-0.0128077544846,92.5,13.9,1,-0.0085744908896,OK
NGC0300,11.32,6.46857142857,-3.50706533726,0.0299847806637,0.0274746604388,-0.0121853489345,92.8,10.6,1,-0.005359056806,OK
NGC0300,11.8,6.74285714286,-3.49997875139,0.0301980250816,0.0242306153659,-0.0114796702172,93.5,12.1,1,0.0021436227224,OK
NGC0801,1.17,0.134174311927,-4.18329596351,0.0152481672495,0.284111234069,-0.134706500318,123,6.2,1,-0.441163107678,OK
NGC0801,1.56,0.178899082569,-4.17072242433,0.0154411010665,0.27818381565,-0.130390626849,142,6.2,1,-0.354838709677,OK
NGC0801,1.96,0.224770642202,-4.15809738651,0.0156372813373,0.272300053206,-0.126176034363,205,6.2,1,-0.0686051794639,OK
NGC0801,2.73,0.313073394495,-4.13453441295,0.0160101174982,0.261497206936,-0.118618120315,228,6.2,1,0.0358927760109,OK
NGC0801,3.52,0.403669724771,-4.11132062152,0.0163861203678,0.251076005619,-0.111548393728,238,6.2,1,0.0813266696956,OK
NGC0801,10.59,1.21444954128,-3.93890477078,0.019469526667,0.179906812511,-0.0690740475623,229,4.2,1,0.0404361653794,OK
NGC0801,17.65,2.02408256881,-3.81311230626,0.0220793541985,0.133794331744,-0.0469618975389,225,6.9,1,0.0222626079055,OK
NGC0801,24.61,2.82224770642,-3.71975303502,0.0242399535261,0.101838343311,-0.0341329138449,220,4,1,-0.000454338936847,OK
NGC0801,31.67,3.63188073394,-3.64748475191,0.0260565852008,0.0777990219631,-0.0258282278614,222,2.4,1,0.00863243980009,OK
NGC0801,38.74,4.44266055046,-3.59222399216,0.0275370201547,0.0592721056508,-0.0202164926686,219,4.1,1,-0.00499772830532,OK
NGC0801,45.8,5.25229357798,-3.55039305108,0.0287133516222,0.0445938847023,-0.016257905567,214,4.7,1,-0.0277146751477,OK
NGC0801,52.86,6.0619266055,-3.5192764529,0.0296208595032,0.0326626501133,-0.0133576401844,216,2.6,1,-0.0186278964107,OK
NGC0801,59.82,6.86009174312,-3.49721631846,0.0302815604278,0.022901495746,-0.0111966244568,216,8.8,1,-0.0186278964107,OK
NGC0891,0.92,0.360784313725,-4.12219168695,0.0162089505383,0.25592931951,-0.114813851535,234,12,1,0.0828320222119,OK
NGC0891,2.32,0.909803921569,-3.99710001215,0.0183688311102,0.202781414368,-0.0816210741608,192,12,1,-0.111522443313,OK
NGC0891,3.24,1.27058823529,-3.92891282363,0.0196650403029,0.176085467116,-0.0670800026819,212,6.3,1,-0.0189726978251,OK
NGC0891,4.17,1.63529411765,-3.86889216489,0.0208814898637,0.153732422181,-0.0560008700973,223,4.41,1,0.0319296621934,OK
NGC0891,5.1,2,-3.81634808327,0.0220080257953,0.134931228176,-0.0474559367645,222,4.01,1,0.027302174919,OK
NGC0891,6.03,2.36470588235,-3.77013613961,0.023048925202,0.118897621734,-0.0407273686444,224,3.85,1,0.0365571494678,OK
NGC0891,6.96,2.72941176471,-3.72935608478,0.024008290164,0.105062402047,-0.0353346042337,224,3.23,1,0.0365571494678,OK
NGC0891,7.89,3.09411764706,-3.69328697822,0.0248900543693,0.0930024417469,-0.0309461045698,226,3.4,1,0.0458121240167,OK
NGC0891,8.8,3.45098039216,-3.66198960899,0.0256813659856,0.0826112624622,-0.0273981515445,226,3.21,1,0.0458121240167,OK
NGC0891,9.73,3.81568627451,-3.63361275113,0.0264205608699,0.0731878627824,-0.0243673568386,227,2.75,1,0.0504396112911,OK
NGC0891,10.64,4.17254901961,-3.60899101542,0.0270791555375,0.064950912146,-0.0218636204575,227,2.65,1,0.0504396112911,OK
NGC0891,11.58,4.54117647059,-3.58648194396,0.027695593885,0.0573079717959,-0.0196618108727,224,2.35,1,0.0365571494678,OK
NGC0891,12.52,4.90980392157,-3.56664821677,0.0282503843331,0.0504163126103,-0.0177766009517,220,2.43,1,0.0180472003702,OK
NGC0891,13.46,5.27843137255,-3.54923300655,0.028746679716,0.0441703504354,-0.0161500782108,218,2.3,1,0.00879222582138,OK
NGC0891,14.4,5.64705882353,-3.53401478064,0.0291874989174,0.0384834006393,-0.0147369908048,217,2.77,1,0.00416473854697,OK
NGC0891,15.33,6.01176470588,-3.52093174407,0.0295718689141,0.0333366019379,-0.013513878707,216,4.43,1,-0.000462748727441,OK
NGC0891,16.27,6.38039215686,-3.50953571659,0.0299107983011,0.0285597174359,-0.0124260792382,210,4.47,1,-0.0282276723739,OK
NGC0891,17.11,6.70980392157,-3.50078593698,0.0301736595058,0.0246114039816,-0.0115614130563,208,4.35,1,-0.0374826469227,OK
NGC1003,1.25,0.776397515528,-4.02489766703,0.017865252264,0.214101640998,-0.0882174638419,47,7.6,1,-0.571948998179,OK
NGC1003,2.08,1.29192546584,-3.9251708614,0.0197387639905,0.174662031966,-0.0663446949229,59.5,4.5,1,-0.45810564663,OK
NGC1003,2.9,1.80124223602,-3.84413204521,0.0214049720488,0.144790345637,-0.0518486348911,71.6,3.7,1,-0.347905282332,OK
NGC1003,3.73,2.31677018634,-3.77588267615,0.0229168535518,0.120868987318,-0.0415269384076,77.6,3.1,1,-0.293260473588,OK
NGC1003,4.56,2.83229813665,-3.71873123763,0.0242647345058,0.101495928647,-0.034006508223,83.4,3.6,1,-0.24043715847,OK
NGC1003,5.39,3.34782608696,-3.67065876648,0.0254596924291,0.0854865946067,-0.0283582912877,89.7,3.8,1,-0.18306010929,OK
NGC1003,6.22,3.86335403727,-3.63015159682,0.0265121649443,0.0720349045142,-0.0240087314955,93.8,2.4,1,-0.145719489982,OK
NGC1003,7.04,4.37267080745,-3.59642227847,0.0274216541991,0.0607012751164,-0.0206249472951,99,3,1,-0.0983606557377,OK
NGC1003,7.87,4.88819875776,-3.56774162636,0.0282195119732,0.0508014885209,-0.0178794594886,103,2.5,1,-0.0619307832423,OK
NGC1003,8.7,5.40372670807,-3.54382410725,0.0289025888802,0.0421785364262,-0.0156477943018,100,2.3,1,-0.0892531876138,OK
NGC1003,9.54,5.92546583851,-3.52385931644,0.0294854217296,0.0345146527765,-0.0137891614683,98.3,2,1,-0.104735883424,OK
NGC1003,10.34,6.42236024845,-3.5083480289,0.0299463440925,0.0280406469618,-0.0123106246872,98.4,1.7,1,-0.103825136612,OK
NGC1003,11.21,6.96273291925,-3.4949242378,0.0303510478116,0.021764608642,-0.0109573195901,94.5,1.8,1,-0.139344262295,OK
NGC1003,11.98,7.44099378882,-3.48572791556,0.0306314532006,0.0167739965423,-0.00993741903586,94.9,2.4,1,-0.135701275046,OK
NGC1003,12.85,7.98136645963,-3.4780644969,0.0308670966146,0.0116785670475,-0.00894749031212,95.3,1.6,1,-0.132058287796,OK
NGC1003,13.72,8.52173913043,-3.47301718791,0.0310232862258,0.0070787072768,-0.00809843674462,96.9,1.8,1,-0.117486338798,OK
NGC1003,14.49,9,-3.47053216514,0.0311004756674,0.00336536175983,-0.00744388798857,97.2,1.3,1,-0.114754098361,OK
NGC1003,15.36,9.54037267081,-3.46976779187,0.0311242571274,-0.000477928985991,-0.00679547623028,100,1.8,1,-0.0892531876138,OK
NGC1003,16.13,10.0186335404,-3.47075370163,0.0310935865405,-0.00360466683838,-0.00628974946023,104,2.7,1,-0.0528233151184,OK
NGC1003,17,10.5590062112,-3.47359445544,0.0310053826579,-0.00686380254246,-0.00578342074338,104,3.2,1,-0.0528233151184,OK
NGC1003,17.78,11.0434782609,-3.4775822749,0.030881984997,-0.00956614445474,-0.00537970364888,105,3.4,1,-0.0437158469945,OK
NGC1003,18.65,11.5838509317,-3.48351684596,0.0306992564067,-0.0123623627805,-0.00497733703732,109,3.9,1,-0.00728597449909,OK
NGC1003,19.52,12.1242236025,-3.4909058697,0.030473254866,-0.014953207805,-0.00461848001398,110,3.8,1,0.00182149362477,OK
NGC1003,20.29,12.602484472,-3.4985744311,0.030240462572,-0.0170925136654,-0.00433228475924,107,3.8,1,-0.0255009107468,OK
NGC1003,21.16,13.1428571429,-3.5084286686,0.0299439293256,-0.0193531567983,-0.00403980378012,106,3.8,1,-0.0346083788707,OK
NGC1003,21.93,13.6211180124,-3.51813739078,0.0296546187256,-0.0212282381476,-0.00380496142882,106,4,1,-0.0346083788707,OK
NGC1003,22.8,14.1614906832,-3.53015203568,0.0293004608129,-0.0232180111153,-0.00356344484374,108,3.4,1,-0.016393442623,OK
NGC1003,23.67,14.701863354,-3.54320775756,0.0289204084728,-0.0250834260214,-0.0033442142365,109,3.2,1,-0.00728597449909,OK
NGC1003,24.44,15.1801242236,-3.55557973663,0.0285648100485,-0.0266397878545,-0.00316663023671,110,3.3,1,0.00182149362477,OK
NGC1003,25.31,15.7204968944,-3.5704283183,0.0281437965953,-0.0283004503789,-0.0029824877111,110,2.7,1,0.00182149362477,OK
NGC1003,26.08,16.198757764,-3.58429858826,0.0277561292791,-0.0296905497376,-0.002832587438,110,2.4,1,0.00182149362477,OK
NGC1003,26.95,16.7391304348,-3.60074834931,0.0273032824076,-0.0311784120357,-0.00267642698572,113,2.5,1,0.0291438979964,OK
NGC1003,27.73,17.2236024845,-3.61616236325,0.0268856561492,-0.0324433616938,-0.00254714477749,114,2.2,1,0.0382513661202,OK
NGC1003,28.6,17.7639751553,-3.63405912964,0.026408769931,-0.0337832280163,-0.00241369593357,112,1.7,1,0.0200364298725,OK
NGC1003,29.47,18.3043478261,-3.65266095007,0.0259220596184,-0.035053792176,-0.0022904662092,113,1.8,1,0.0291438979964,OK
NGC1003,30.24,18.7826086957,-3.66968383048,0.0254845261033,-0.0361247200698,-0.00218910641505,115,1.6,1,0.0473588342441,OK
NGC1090,0.35,0.0991501416431,-4.19333006043,0.0150959307168,0.28889065553,-0.138237666438,20.9,9.81,1,-0.872871046229,OK
NGC1090,1.07,0.303116147309,-4.13714409906,0.0159683905878,0.262682381286,-0.11943589631,61.7,8.19,1,-0.624695863747,OK
NGC1090,1.6,0.453257790368,-4.0990058998,0.0165891584933,0.245634655376,-0.107943303978,81.3,4.32,1,-0.505474452555,OK
NGC1090,3.7,1.04815864023,-3.96980544902,0.0188771053373,0.191918147236,-0.0755319437775,124,3.41,1,-0.245742092457,OK
NGC1090,5.09,1.44192634561,-3.89969910479,0.0202480030565,0.165080466761,-0.0615005649074,156,7.02,1,-0.0510948905109,OK
NGC1090,6.61,1.87252124646,-3.83394183821,0.021624208279,0.141153651402,-0.0502056884015,166,6.34,1,0.00973236009732,OK
NGC1090,8.17,2.31444759207,-3.77616351781,0.0229104184483,0.120965483218,-0.0415662758962,165,12.1,1,0.0036496350365,OK
NGC1090,9.11,2.58073654391,-3.74537421636,0.0236267858634,0.110466820641,-0.0373956032483,174,4.84,1,0.0583941605839,OK
NGC1090,10.37,2.93767705382,-3.70822211184,0.0245210802787,0.0979806708364,-0.0327223781661,164,5.86,1,-0.00243309002433,OK
NGC1090,11.28,3.1954674221,-3.68401827321,0.0251218253902,0.0899209998854,-0.0298714558598,176,7.35,1,0.0705596107056,OK
NGC1090,13.62,3.85835694051,-3.63051186212,0.0265026152515,0.0721549714348,-0.0240459540528,174,3.28,1,0.0583941605839,OK
NGC1090,15.04,4.26062322946,-3.60335458482,0.0272322162711,0.063050045959,-0.02130509622,168,2.23,1,0.021897810219,OK
NGC1090,16.37,4.63739376771,-3.58105812765,0.027846217808,0.0554413493056,-0.0191418173781,166,2.23,1,0.00973236009732,OK
NGC1090,17.59,4.98300283286,-3.5630051142,0.0283534910811,0.0491276614066,-0.0174346326267,167,4.59,1,0.0158150851582,OK
NGC1090,18.8,5.32577903683,-3.54715967396,0.0288063429732,0.0434102555072,-0.0159574657315,167,5.3,1,0.0158150851582,OK
NGC1090,20.13,5.70254957507,-3.53190189568,0.0292492339415,0.0376711058507,-0.014540431938,165,3.48,1,0.0036496350365,OK
NGC1090,21.35,6.04815864023,-3.51972741849,0.0296075045263,0.0328468507463,-0.0134002521855,165,3.12,1,0.0036496350365,OK
NGC1090,22.57,6.39376770538,-3.50915482515,0.0299221932382,0.0283937592544,-0.0123891072916,165,2.39,1,0.0036496350365,OK
NGC1090,23.89,6.76770538244,-3.49938020095,0.0302161055332,0.0239461231794,-0.0114187883335,165,2.23,1,0.0036496350365,OK
NGC1090,25.11,7.11331444759,-3.49176982709,0.0304469386421,0.0201402427069,-0.0106198899465,163,2.23,1,-0.00851581508516,OK
NGC1090,26.33,7.45892351275,-3.48542875785,0.0306406182068,0.0165961392563,-0.00990199069135,162,2.23,1,-0.014598540146,OK
NGC1090,27.65,7.8328611898,-3.47989842261,0.0308105405281,0.0130262477697,-0.00920426396044,162,2.23,1,-0.014598540146,OK
NGC1090,28.87,8.17847025496,-3.47593428104,0.0309329202775,0.00994726168936,-0.00862295531552,162,2.23,1,-0.014598540146,OK
NGC1090,30.09,8.52407932011,-3.47300064456,0.031023799459,0.00705975938908,-0.00809502681298,160,2.23,1,-0.0267639902676,OK
NGC1705,0.22,0.564102564103,-4.07242603574,0.0170360083677,0.23409012988,-0.100490735539,50.2,7.5,1,-0.301808066759,OK
NGC1705,0.66,1.69230769231,-3.86021753624,0.0210634169681,0.150582116254,-0.0545197860454,62.2,7.51,1,-0.134909596662,OK
NGC1705,1.11,2.84615384615,-3.71732819827,0.0242988027773,0.101025945207,-0.0338333911913,72.4,5.35,1,0.00695410292072,OK
NGC1705,1.55,3.97435897436,-3.62230161118,0.0267211040701,0.0694148810285,-0.0232036637773,73.2,3.31,1,0.0180806675939,OK
NGC1705,2,5.12820512821,-3.55605314241,0.0285512905025,0.0466437359167,-0.016784846133,72.9,3.21,1,0.0139082058414,OK
NGC1705,2.45,6.28205128205,-3.51240483281,0.0298251037373,0.0297952532354,-0.0127030618833,72.6,2.73,1,0.00973574408901,OK
NGC1705,2.89,7.41025641026,-3.48624820822,0.0306155200255,0.0170803855613,-0.00999859867175,71.5,3.41,1,-0.00556328233658,OK
NGC1705,3.34,8.5641025641,-3.47272455812,0.031032365892,0.00673693265041,-0.0080370400585,71.1,4.38,1,-0.0111265646732,OK
NGC1705,3.78,9.69230769231,-3.46991819144,0.0311195764046,-0.00149762836933,-0.00662839883531,71.4,4.6,1,-0.00695410292072,OK
NGC1705,4.22,10.8205128205,-3.4755845535,0.0309437402638,-0.00834671423343,-0.0055600724464,71.5,5.68,1,-0.00556328233658,OK
NGC1705,4.66,11.9487179487,-3.48835319764,0.0305511424608,-0.014132853877,-0.00473065451559,71.5,6.2,1,-0.00556328233658,OK
NGC1705,5.11,13.1025641026,-3.50765215605,0.0299671901924,-0.0191899628816,-0.00406057544379,71.3,6.43,1,-0.00834492350487,OK
NGC1705,5.56,14.2564102564,-3.53237187183,0.0292354907289,-0.0235543460428,-0.00352340320939,71.8,9.68,1,-0.00139082058414,OK
NGC1705,6,15.3846153846,-3.5610930431,0.0284077568353,-0.0272799689953,-0.00309499047278,71.5,10.5,1,-0.00556328233658,OK
NGC2366,0.12,0.184615384615,-4.16913436902,0.01546564187,0.277439998782,-0.129854000892,4.2,3.15,1,-0.916334661355,OK
NGC2366,0.36,0.553846153846,-4.07483225715,0.0169950652386,0.235124166063,-0.101147389371,9.41,1.83,1,-0.812549800797,OK
NGC2366,0.59,0.907692307692,-3.99752839024,0.0183609639905,0.202953870599,-0.0817196433307,15.3,1.37,1,-0.695219123506,OK
NGC2366,0.83,1.27692307692,-3.92779869458,0.019686961905,0.175661221987,-0.0668604253224,18.4,1.64,1,-0.633466135458,OK
NGC2366,1.07,1.64615384615,-3.86722596907,0.0209163115166,0.153125826826,-0.0557141425034,23.4,2.08,1,-0.533864541833,OK
NGC2366,1.31,2.01538461538,-3.8142778218,0.0220536353589,0.134203575527,-0.047139436955,28.1,2.46,1,-0.440239043825,OK
NGC2366,1.54,2.36923076923,-3.769598558,0.0230613192113,0.118713503129,-0.0406530885084,33.1,2.01,1,-0.340637450199,OK
NGC2366,1.79,2.75384615385,-3.72679946505,0.0240697487619,0.104202969995,-0.0350122393608,37.5,1.62,1,-0.252988047809,OK
NGC2366,2.02,3.10769230769,-3.69202734835,0.0249214263798,0.092583359642,-0.0307988345014,40.5,1.68,1,-0.193227091633,OK
NGC2366,2.26,3.47692307692,-3.65985564453,0.0257362276234,0.0819035199942,-0.0271643558993,42.3,1.69,1,-0.157370517928,OK
NGC2366,2.49,3.83076923077,-3.63251162918,0.0264496691521,0.07282119431,-0.0242530170424,45.2,1.91,1,-0.0996015936255,OK
NGC2366,2.74,4.21538461538,-3.60622877875,0.0271540579753,0.0640202654881,-0.0215892691798,47.4,1.95,1,-0.0557768924303,OK
NGC2366,2.97,4.56923076923,-3.58488192613,0.0277399427993,0.0567585348514,-0.0195080280203,48.1,1.74,1,-0.0418326693227,OK
NGC2366,3.21,4.93846153846,-3.56521068646,0.0282910243206,0.0499088166763,-0.017641530734,48.8,1.08,1,-0.0278884462151,OK
NGC2366,3.44,5.29230769231,-3.54862163768,0.0287642599144,0.0439466412846,-0.0160932690154,50.7,1.55,1,0.00996015936255,OK
NGC2366,3.69,5.67692307692,-3.53287205854,0.0292208711815,0.0380448812204,-0.0146307140901,52.1,2.78,1,0.0378486055777,OK
NGC2366,3.92,6.03076923077,-3.52030063461,0.0295905378906,0.0330803432361,-0.0134543646325,53,2.98,1,0.0557768924303,OK
NGC2366,4.16,6.4,-3.50897810737,0.029927481489,0.0283166002124,-0.0123719366599,53.7,2.39,1,0.0697211155378,OK
NGC2366,4.4,6.76923076923,-3.49934368713,0.0302172088587,0.0239287079492,-0.011415066698,51.2,2.21,1,0.0199203187251,OK
NGC2366,4.64,7.13846153846,-3.49126671067,0.030462260851,0.0198738736593,-0.0105650607198,51.6,1.45,1,0.0278884462151,OK
NGC2366,4.87,7.49230769231,-3.48488021507,0.0306574305075,0.0162666639439,-0.00983652789446,51.5,1.84,1,0.0258964143426,OK
NGC2366,5.11,7.86153846154,-3.47952864316,0.0308219357395,0.0127630188035,-0.00915382547852,50.4,2.53,1,0.00398406374502,OK
NGC2366,5.35,8.23076923077,-3.47542580408,0.0309486529543,0.00949846950638,-0.00853980716309,48.5,4.6,1,-0.0338645418327,OK
NGC2366,5.59,8.6,-3.4724878868,0.0310397112322,0.00644934901848,-0.0079855592821,50,5.91,1,-0.00398406374502,OK
NGC2366,5.82,8.95384615385,-3.47069543904,0.0310953981859,0.00371029938319,-0.0075035280059,49,7.42,1,-0.0239043824701,OK
NGC2366,6.06,9.32307692308,-3.46982631441,0.0311224357104,0.00102563194626,-0.00704562805007,49.4,5.92,1,-0.0159362549801,OK
NGC2403,0.16,0.115107913669,-4.18873754104,0.0151654185112,0.286697701492,-0.136611780552,24.5,2.83,1,-0.813262195122,OK
NGC2403,0.26,0.187050359712,-4.16845919426,0.0154760874068,0.277124084722,-0.129626419784,35.3,2.46,1,-0.730945121951,OK
NGC2403,0.36,0.258992805755,-4.14885198212,0.0157825247091,0.268033896346,-0.123163448598,43.2,1.12,1,-0.670731707317,OK
NGC2403,0.46,0.330935251799,-4.12988243222,0.0160847697621,0.259391421366,-0.117172048214,52,1.25,1,-0.603658536585,OK
NGC2403,0.56,0.402877697842,-4.11151951547,0.0163828615916,0.251164378328,-0.111607432495,60.9,2.93,1,-0.535823170732,OK
NGC2403,0.66,0.474820143885,-4.09373441395,0.0166768389075,0.243323516388,-0.106430008563,65.8,1.25,1,-0.498475609756,OK
NGC2403,0.76,0.546762589928,-4.07650031565,0.016966740106,0.235842267824,-0.101604670576,71.7,1.25,1,-0.453506097561,OK
NGC2403,0.86,0.618705035971,-4.05979223255,0.0172526032724,0.228696447289,-0.0971002030588,74.6,1.6,1,-0.431402439024,OK
NGC2403,0.96,0.690647482014,-4.0435868388,0.0175344661829,0.22186399062,-0.0928887747935,74.6,1.03,1,-0.431402439024,OK
NGC2403,1.06,0.762589928058,-4.02786232654,0.0178123663073,0.215324727285,-0.0889455078907,76.6,1.12,1,-0.416158536585,OK
NGC2403,1.16,0.834532374101,-4.01259827692,0.0180863408112,0.209060181497,-0.0852481095452,78.5,1.6,1,-0.401676829268,OK
NGC2403,1.27,0.913669064748,-3.99631684218,0.0183832226618,0.202466285211,-0.0814411124345,83.4,1.8,1,-0.364329268293,OK
NGC2403,1.36,0.978417266187,-3.98337615413,0.0186226601129,0.197288788256,-0.0785128222125,86.4,1.6,1,-0.341463414634,OK
NGC2403,1.47,1.05755395683,-3.96800564521,0.0189111110159,0.191210328385,-0.0751433840068,87.4,1.41,1,-0.333841463415,OK
NGC2403,1.57,1.12949640288,-3.95444144745,0.0191693726619,0.185908879798,-0.0722649920613,90.3,1.41,1,-0.311737804878,OK
NGC2403,1.67,1.20143884892,-3.9412513427,0.0194238935841,0.180808597314,-0.0695488738958,93.3,1.6,1,-0.28887195122,OK
NGC2403,1.77,1.27338129496,-3.92842126794,0.0196747091416,0.175898244103,-0.0669830569343,93.3,1.41,1,-0.28887195122,OK
NGC2403,1.87,1.34532374101,-3.91593793853,0.0199218544051,0.171167404936,-0.0645566527458,95.2,1.25,1,-0.274390243902,OK
NGC2403,1.97,1.41726618705,-3.90378879183,0.0201653641595,0.166606412438,-0.0622597413369,97.2,1.6,1,-0.259146341463,OK
NGC2403,2.08,1.4964028777,-3.89079653715,0.0204290670445,0.161774788327,-0.0598719217021,99.1,2.02,1,-0.244664634146,OK
NGC2403,2.18,1.56834532374,-3.87931120855,0.0206650541934,0.157541967903,-0.0578184028572,98.2,2.02,1,-0.251524390244,OK
NGC2403,2.28,1.64028776978,-3.86812517634,0.0208975118709,0.153453103394,-0.0558687493109,98.2,1.6,1,-0.251524390244,OK
NGC2403,2.37,1.70503597122,-3.85830529268,0.021103733887,0.149890229489,-0.0541971609343,98.2,1,1,-0.251524390244,OK
NGC2403,2.47,1.77697841727,-3.84766053087,0.0213295780036,0.146055380764,-0.0524263396736,97.2,1.12,1,-0.259146341463,OK
NGC2403,2.57,1.84892086331,-3.83728714969,0.0215519894314,0.142344823863,-0.0507409104078,98.2,1.41,1,-0.251524390244,OK
NGC2403,2.68,1.92805755396,-3.82617947349,0.0217927164351,0.138399682723,-0.0489791298267,98.2,1.12,1,-0.251524390244,OK
NGC2403,2.78,2,-3.81634808327,0.0220080257953,0.134931228176,-0.0474559367645,98.2,1.6,1,-0.251524390244,OK
NGC2403,2.88,2.07194244604,-3.80676234165,0.0222200034023,0.131569812841,-0.0460027086575,99.1,2.69,1,-0.244664634146,OK
NGC2403,2.98,2.14388489209,-3.79741472532,0.0224286812699,0.128310557043,-0.0446152252616,100,2.69,1,-0.237804878049,OK
NGC2403,3.08,2.21582733813,-3.78829805136,0.0226340911491,0.125148873273,-0.0432895798029,102,3.16,1,-0.22256097561,OK
NGC2403,3.19,2.29496402878,-3.77852826688,0.022856305065,0.121778572196,-0.0418984790666,101,3.4,1,-0.230182926829,OK
NGC2403,3.29,2.36690647482,-3.76987459298,0.023054954359,0.118808037178,-0.0406912185103,101,3.4,1,-0.230182926829,OK
NGC2403,3.39,2.43884892086,-3.76143154743,0.0232504324428,0.115922487284,-0.0395353949385,103,2.93,1,-0.21493902439,OK
NGC2403,3.49,2.51079136691,-3.75319314678,0.0234427700097,0.113118326893,-0.0384281272592,107,2.46,1,-0.184451219512,OK
NGC2403,3.59,2.58273381295,-3.74515365897,0.0236319975004,0.110392160397,-0.0373667333117,110,2.46,1,-0.161585365854,OK
NGC2403,3.69,2.65467625899,-3.73730758944,0.0238181451044,0.107740778487,-0.0363487136081,112,3.4,1,-0.146341463415,OK
NGC2403,3.79,2.72661870504,-3.72964966821,0.0240012427623,0.105161145548,-0.035371736605,114,5.1,1,-0.131097560976,OK
NGC2403,3.9,2.80575539568,-3.72143723609,0.0241991629299,0.102402994408,-0.0343418723297,118,5.1,1,-0.100609756098,OK
NGC2403,3.99,2.87050359712,-3.7148782419,0.0243584067677,0.100205783943,-0.0335323453038,118,4.85,1,-0.100609756098,OK
NGC2403,4.47,3.21582733813,-3.68219366597,0.0251677046979,0.0893149521601,-0.0296623323244,118,5.36,1,-0.100609756098,OK
NGC2403,4.97,3.57553956835,-3.65190928226,0.0259415517211,0.0792675111264,-0.0263023908945,121,2.57,1,-0.077743902439,OK
NGC2403,5.47,3.93525179856,-3.62503404542,0.026648190072,0.0703277488299,-0.023482606824,124,0.22,1,-0.0548780487805,OK
NGC2403,5.96,4.28776978417,-3.60165082287,0.0272786530325,0.0624739686379,-0.0211372565362,125,0.88,1,-0.047256097561,OK
NGC2403,6.46,4.64748201439,-3.58049979479,0.0278617696074,0.0552485110836,-0.0190884947026,126,0.45,1,-0.0396341463415,OK
NGC2403,6.96,5.0071942446,-3.56182173746,0.0283870638036,0.0487072359701,-0.0173237832088,126,0.55,1,-0.0396341463415,OK
NGC2403,7.45,5.35971223022,-3.5456957864,0.0288485431009,0.0428710789375,-0.0158215357869,126,0.45,1,-0.0396341463415,OK
NGC2403,7.95,5.71942446043,-3.53126826756,0.0292677729514,0.0374262359987,-0.0144814372671,126,0.24,1,-0.0396341463415,OK
NGC2403,8.45,6.07913669065,-3.51871630147,0.0296374563179,0.032433220338,-0.0133046600116,127,1.45,1,-0.032012195122,OK
NGC2403,8.94,6.43165467626,-3.5080879385,0.0299541338621,0.0279263446233,-0.0122852733193,128,1.12,1,-0.0243902439024,OK
NGC2403,9.44,6.79136690647,-3.49881679031,0.0302331344053,0.0236766186708,-0.0113612631468,128,1.68,1,-0.0243902439024,OK
NGC2403,9.94,7.15107913669,-3.49101679039,0.0304698749392,0.0197407406306,-0.0105377098931,127,2.56,1,-0.032012195122,OK
NGC2403,10.43,7.5035971223,-3.48469720008,0.0306630417904,0.0161557393506,-0.00981453735801,127,1.24,1,-0.032012195122,OK
NGC2403,10.93,7.86330935252,-3.4795060556,0.0308226319398,0.0127468111226,-0.00915072438117,128,0.21,1,-0.0243902439024,OK
NGC2403,11.43,8.22302158273,-3.47549965131,0.0309463675665,0.00956468033143,-0.00855204877428,130,1.13,1,-0.00914634146341,OK
NGC2403,11.92,8.57553956835,-3.47264803308,0.031034740736,0.0066451071399,-0.00802058426084,130,2.23,1,-0.00914634146341,OK
NGC2403,12.42,8.93525179856,-3.47076572824,0.0310932125923,0.0038500477411,-0.00752775835351,132,2.68,1,0.00609756097561,OK
NGC2403,12.92,9.29496402878,-3.46985793648,0.03112145157,0.0012241734506,-0.00707899791748,133,2.68,1,0.0137195121951,OK
NGC2403,13.42,9.65467625899,-3.46986653647,0.031121183927,-0.00124742565893,-0.00666920193363,133,3.37,1,0.0137195121951,OK
NGC2403,13.91,10.0071942446,-3.47071287856,0.0310948559021,-0.00353265119947,-0.00630117747053,133,3.81,1,0.0137195121951,OK
NGC2403,14.41,10.3669064748,-3.47238368238,0.0310429458756,-0.00573633786116,-0.00595617660339,133,2.56,1,0.0137195121951,OK
NGC2403,14.91,10.726618705,-3.47482547024,0.0309672380562,-0.00782097529378,-0.0056387532352,134,0.56,1,0.0213414634146,OK
NGC2403,15.4,11.0791366906,-3.47792680285,0.0308713471227,-0.00975747582769,-0.0053516732976,134,0.79,1,0.0213414634146,OK
NGC2403,15.9,11.4388489209,-3.48177696383,0.0307527159877,-0.0116331794086,-0.00508075687644,133,0.67,1,0.0137195121951,OK
NGC2403,16.4,11.7985611511,-3.48628475481,0.0306144011534,-0.0134151011755,-0.00482990339255,134,2.35,1,0.0213414634146,OK
NGC2403,16.89,12.1510791367,-3.49130910953,0.0304609693131,-0.0150770135967,-0.00460166780726,134,4.13,1,0.0213414634146,OK
NGC2403,17.39,12.5107913669,-3.49702545117,0.0302873407388,-0.0166928610203,-0.00438505483072,136,3.91,1,0.0365853658537,OK
NGC2403,17.89,12.8705035971,-3.50330934874,0.0300976149249,-0.0182335202881,-0.00418338432929,136,6.38,1,0.0365853658537,OK
NGC2403,18.38,13.2230215827,-3.50999304022,0.0298971225135,-0.0196753636944,-0.0039989490107,135,8.39,1,0.0289634146341,OK
NGC2403,18.88,13.5827338129,-3.51732536929,0.0296787086925,-0.0210818411241,-0.00382304367706,133,7.83,1,0.0137195121951,OK
NGC2403,19.38,13.9424460432,-3.52515249542,0.0294473164458,-0.0224271160512,-0.0036584946821,134,6.26,1,0.0213414634146,OK
NGC2403,19.87,14.2949640288,-3.53328259532,0.0292088774013,-0.023689876369,-0.00350733188877,136,5.6,1,0.0365853658537,OK
NGC2403,20.37,14.654676259,-3.54202787349,0.0289545513404,-0.0249251904746,-0.00336254053931,135,5.24,1,0.0289634146341,OK
NGC2403,20.87,15.0143884892,-3.55120833517,0.0286899516236,-0.0261100232611,-0.00322653358213,134,3.12,1,0.0213414634146,OK
NGC2683,2.89,1.32568807339,-3.91931141156,0.0198547617977,0.172441373781,-0.0652056557826,189,10,1,0.227272727273,OK
NGC2683,5.77,2.64678899083,-3.73815850159,0.0237978865756,0.108027902296,-0.0364582783012,212,5,1,0.376623376623,OK
NGC2683,8.66,3.97247706422,-3.62243228484,0.0267176125537,0.0694585607602,-0.0232169729328,206,5,1,0.337662337662,OK
NGC2683,11.54,5.29357798165,-3.54856582571,0.0287658653492,0.0439262014703,-0.0160880834742,200,5,1,0.298701298701,OK
NGC2683,14.43,6.61926605505,-3.50306189585,0.0301050635885,0.0256684398926,-0.0117898438642,172,12,1,0.116883116883,OK
NGC2683,17.31,7.94036697248,-3.47855085183,0.0308520878998,0.0120468377854,-0.00901729625878,190,10,1,0.233766233766,OK
NGC2683,20.2,9.26605504587,-3.46989628896,0.0311202580081,0.00142931905784,-0.00711356058426,169,10,1,0.0974025974026,OK
NGC2683,23.08,10.5871559633,-3.47378995793,0.0309993216209,-0.00702625662841,-0.0057587382565,150,10,1,-0.025974025974,OK
NGC2683,28.85,13.2339449541,-3.5102082,0.0298906905474,-0.0197190155465,-0.00399343007055,160,10,1,0.038961038961,OK
NGC2683,31.74,14.5596330275,-3.53967414615,0.029022782727,-0.0246038326527,-0.00339991323025,155,10,1,0.00649350649351,OK
NGC2683,34.62,15.880733945,-3.57500116612,0.0280153931048,-0.0287742095977,-0.00293096613306,151,12,1,-0.0194805194805,OK
NGC2841,3.44,0.945054945055,-3.9900021344,0.0184996746341,0.199932875619,-0.08000156735,285,14.4,1,0.000702247191011,OK
NGC2841,3.77,1.03571428571,-3.97219960836,0.0188319645978,0.192861319256,-0.0760512587072,297,13.6,1,0.0428370786517,OK
NGC2841,4.13,1.13461538462,-3.95349072924,0.0191876059996,0.185539464973,-0.0720665152428,303,8.47,1,0.063904494382,OK
NGC2841,4.47,1.22802197802,-3.93646934396,0.0195170010611,0.178972641651,-0.0685838837502,306,5.93,1,0.0744382022472,OK
NGC2841,4.8,1.31868131868,-3.92052126851,0.0198307549017,0.172899072733,-0.0654396157703,307,5.93,1,0.0779494382022,OK
NGC2841,5.13,1.40934065934,-3.90511119354,0.0201387150717,0.167100831492,-0.0625067197025,304,8.47,1,0.0674157303371,OK
NGC2841,5.48,1.50549450549,-3.88932821176,0.0204590855954,0.161231663339,-0.0596064250089,308,8.47,1,0.0814606741573,OK
NGC2841,5.83,1.60164835165,-3.8740964768,0.0207730983735,0.155631736892,-0.0569034042662,313,12.7,1,0.0990168539326,OK
NGC2841,6.16,1.69230769231,-3.86021753624,0.0210634169681,0.150582116254,-0.0545197860454,314,9.32,1,0.102528089888,OK
NGC2841,6.51,1.78846153846,-3.8459868097,0.0213653076621,0.145454941467,-0.0521517374451,315,6.78,1,0.106039325843,OK
NGC2841,6.86,1.88461538462,-3.83223837158,0.0216610757886,0.140548097852,-0.0499346868598,317,8.47,1,0.113061797753,OK
NGC2841,7.18,1.97252747253,-3.82007296536,0.0219262009827,0.136242812166,-0.0480290979917,320,7.63,1,0.123595505618,OK
NGC2841,7.51,2.06318681319,-3.80791608415,0.0221943820232,0.131973353489,-0.0461759762525,316,20.5,1,0.109550561798,OK
NGC2841,7.85,2.15659340659,-3.79578768513,0.0224652033391,0.12774508173,-0.0443766620534,318,23.4,1,0.116573033708,OK
NGC2841,8.21,2.25549450549,-3.78336762155,0.022745962507,0.123445754462,-0.0425837735731,321,8.48,1,0.127106741573,OK
NGC2841,8.57,2.3543956044,-3.77136417484,0.0230206376824,0.119318407763,-0.0408973835553,323,8.66,1,0.134129213483,OK
NGC2841,8.9,2.44505494505,-3.76071289039,0.0232671475352,0.115677432059,-0.0394380038326,321,12.7,1,0.127106741573,OK
NGC2841,9.24,2.53846153846,-3.75007780131,0.0235159162157,0.112060750535,-0.0380146103636,323,11,1,0.134129213483,OK
NGC2841,9.6,2.63736263736,-3.7391784325,0.0237736267493,0.10837219059,-0.036589874,323,10.4,1,0.134129213483,OK
NGC2841,9.93,2.72802197802,-3.72950213324,0.0240047840463,0.105111522442,-0.0353530734599,322,13.6,1,0.130617977528,OK
NGC2841,10.27,2.82142857143,-3.71983646583,0.0242379312516,0.101866307007,-0.0341432472657,321,13.6,1,0.127106741573,OK
NGC2841,10.6,2.91208791209,-3.71074009967,0.024459414167,0.0988219023891,-0.0330274321035,323,9.32,1,0.134129213483,OK
NGC2841,10.93,3.00274725275,-3.70191522665,0.0246762206287,0.0958761905161,-0.0319654343146,322,11.9,1,0.130617977528,OK
NGC2841,11.27,3.09615384615,-3.69309767087,0.0248947666856,0.0929394518796,-0.0309239468063,321,11,1,0.127106741573,OK
NGC2841,12.31,3.38186813187,-3.66776499711,0.0255334736085,0.0845267229921,-0.0280359294131,323,4.24,1,0.134129213483,OK
NGC2841,14.35,3.94230769231,-3.62453840443,0.0266614012812,0.0701622370105,-0.0234319080378,319,4.24,1,0.120084269663,OK
NGC2841,16.4,4.50549450549,-3.58853936365,0.027638671002,0.0580130717038,-0.0198600470737,308,4.24,1,0.0814606741573,OK
NGC2841,18.48,5.07692307692,-3.55846729792,0.0284824463809,0.0475102543316,-0.0170101229019,299,5.66,1,0.0498595505618,OK
NGC2841,20.57,5.6510989011,-3.53385942495,0.0291920337138,0.0384238912396,-0.014722545939,299,5.66,1,0.0498595505618,OK
NGC2841,22.51,6.18406593407,-3.51538576566,0.0297363294866,0.0310538669507,-0.0129883573106,298,5.66,1,0.0463483146067,OK
NGC2841,24.59,6.75549450549,-3.49967345616,0.0302072458021,0.0240857387744,-0.0114486461166,296,5.66,1,0.0393258426966,OK
NGC2841,26.68,7.32967032967,-3.48765729105,0.0305724106015,0.0178926789348,-0.0101617057837,293,4.24,1,0.0287921348315,OK
NGC2841,28.77,7.90384615385,-3.47899683965,0.0308383313123,0.0123773028784,-0.00908016702984,289,4.24,1,0.0147471910112,OK
NGC2841,30.7,8.43406593407,-3.47366909017,0.0310030686661,0.00779436956286,-0.00822775569732,289,4.24,1,0.0147471910112,OK
NGC2841,32.79,9.00824175824,-3.47050468134,0.0311013304383,0.00330405462905,-0.00743331283764,288,4.24,1,0.0112359550562,OK
NGC2841,34.88,9.58241758242,-3.46979387895,0.0311234451972,-0.000762657326751,-0.00674861432201,285,4.24,1,0.000702247191011,OK
NGC2841,36.96,10.1538461538,-3.47129818631,0.0310766611671,-0.00444609727728,-0.00615699323469,283,2.83,1,-0.0063202247191,OK
NGC2841,38.9,10.6868131868,-3.47451862843,0.0309767415575,-0.00759584888247,-0.00567261413648,275,2.83,1,-0.0344101123596,OK
NGC2841,40.99,11.260989011,-3.47978893603,0.0308139140535,-0.0107179129264,-0.00521207393208,272,2.83,1,-0.0449438202247,OK
NGC2841,43.08,11.8351648352,-3.48677902708,0.0305992730428,-0.013591444839,-0.00480542359988,271,2.83,1,-0.0484550561798,OK
NGC2841,45.16,12.4065934066,-3.49531000391,0.0303393416641,-0.0162327726586,-0.00444620038141,274,4.24,1,-0.0379213483146,OK
NGC2841,47.1,12.9395604396,-3.50457844344,0.0300594424288,-0.0185211269956,-0.00414626276824,277,4.24,1,-0.0273876404494,OK
NGC2841,49.19,13.5137362637,-3.5158799,0.0297216393747,-0.020816930325,-0.00385587313028,281,4.24,1,-0.0133426966292,OK
NGC2841,51.27,14.0851648352,-3.52839031259,0.0293521256074,-0.0229447832738,-0.00359613994866,286,4.24,1,0.00421348314607,OK
NGC2841,53.36,14.6593406593,-3.54214417113,0.0289511841903,-0.0249408704688,-0.00336072230044,282,4.24,1,-0.00983146067416,OK
NGC2841,55.3,15.1923076923,-3.55590453656,0.0285555337066,-0.0266783419622,-0.00316229262642,283,4.24,1,-0.0063202247191,OK
NGC2841,57.38,15.7637362637,-3.57165479564,0.0281093000255,-0.0284291074563,-0.00296845178268,288,5.66,1,0.0112359550562,OK
NGC2841,59.47,16.3379120879,-3.58845744698,0.0276409351628,-0.0300818187581,-0.00279109224459,287,5.66,1,0.00772471910112,OK
NGC2841,61.56,16.9120879121,-3.6061806833,0.0271553639934,-0.0316372148125,-0.00262916590059,289,7.07,1,0.0147471910112,OK
NGC2841,63.64,17.4835164835,-3.6246801386,0.0266576227173,-0.0330968283237,-0.00248161186012,294,7.07,1,0.0323033707865,OK
NGC2903,0.32,0.137339055794,-4.18239749829,0.0152618733538,0.2836854171,-0.134394111679,44,8,1,-0.7616468039,OK
NGC2903,0.64,0.274678111588,-4.14466288399,0.0158487779276,0.266112616065,-0.121818606721,64,8,1,-0.653304442037,OK
NGC2903,0.96,0.412017167382,-4.1092286581,0.0164204354126,0.25014745057,-0.110929002316,128,8,1,-0.306608884074,OK
NGC2903,1.28,0.549356223176,-4.07588896886,0.0169771158394,0.235578960258,-0.101436878766,148,8,1,-0.19826652221,OK
NGC2903,1.6,0.68669527897,-4.04446441638,0.0175190850785,0.222231548657,-0.0931129560684,157,8,1,-0.149512459372,OK
NGC2903,1.92,0.824034334764,-4.01479770609,0.0180466048997,0.20995787105,-0.0857731172368,189,8,1,0.02383531961,OK
NGC2903,2.24,0.961373390558,-3.98675015988,0.018559933031,0.198633372387,-0.0792681388198,195,6,1,0.056338028169,OK
NGC2903,2.56,1.09871244635,-3.96019888944,0.0190593232165,0.188152045239,-0.0734760459926,201,6,1,0.0888407367281,OK
NGC2903,2.88,1.23605150215,-3.93503448664,0.0195450252736,0.178423101283,-0.0682963527124,214,4,1,0.159263271939,OK
NGC2903,3.2,1.37339055794,-3.9111591212,0.0200172851497,0.169368334742,-0.0636456738446,215,4,1,0.164680390033,OK
NGC2903,3.52,1.51072961373,-3.88848496266,0.020476344977,0.160920015576,-0.0594543481015,215,4,1,0.164680390033,OK
NGC2903,3.84,1.64806866953,-3.86693286227,0.0209224431284,0.153019192279,-0.0556638141715,216,3,1,0.170097508126,OK
NGC2903,4.8,2.06008583691,-3.8083255525,0.0221852959865,0.132116639575,-0.0462375771202,214,2,1,0.159263271939,OK
NGC2903,5.76,2.47210300429,-3.75759841528,0.0233397254496,0.114616409849,-0.0390177127155,210,2,1,0.137594799567,OK
NGC2903,6.72,2.88412017167,-3.71351688585,0.024391589814,0.0997503239282,-0.033365746537,205,2,1,0.110509209101,OK
NGC2903,7.68,3.29613733906,-3.67511556559,0.0253464761729,0.0869652700758,-0.0288584933073,203,1,1,0.0996749729144,OK
NGC2903,8.64,3.70815450644,-3.64162524892,0.0262097120252,0.0758528617789,-0.0252064742519,201,1,1,0.0888407367281,OK
NGC2903,9.6,4.12017167382,-3.61242311773,0.02698637641,0.0661050086848,-0.0222062499489,201,1,1,0.0888407367281,OK
NGC2903,10.56,4.5321888412,-3.58699780156,0.027681310587,0.0574849078489,-0.0197114623307,199,1,1,0.0780065005417,OK
NGC2903,11.52,4.94420600858,-3.56492427768,0.0282991282788,0.0498075526933,-0.0176146409356,197,1,1,0.0671722643554,OK
NGC2903,12.48,5.35622317597,-3.54584546225,0.0288442254938,0.0429263053711,-0.0158354320057,196,2,1,0.0617551462622,OK
NGC2903,13.44,5.76824034335,-3.52945846009,0.0293207899463,0.0367234403881,-0.0143127839667,193,3,1,0.0455037919827,OK
NGC2903,14.4,6.18025751073,-3.51550412615,0.0297328100883,0.0311033535925,-0.0129996393957,190,3,1,0.0292524377031,OK
NGC2903,15.36,6.59227467811,-3.50375902544,0.0300840837712,0.0259875993896,-0.0118592550719,188,5,1,0.0184182015168,OK
NGC2903,16.32,7.00429184549,-3.49402915912,0.0303782265492,0.0213112066278,-0.0108626034422,187,5,1,0.0130010834236,OK
NGC2903,17.28,7.41630901288,-3.48614501051,0.0306186796403,0.0170199046209,-0.00998650698919,188,3,1,0.0184182015168,OK
NGC2903,18.24,7.82832618026,-3.47995759144,0.0308087175583,0.0130680073635,-0.00921227843956,186,3,1,0.00758396533044,OK
NGC2903,19.2,8.24034334764,-3.47533525579,0.0309514554289,0.00941678066911,-0.00852471592928,185,3,1,0.00216684723727,OK
NGC2903,20.16,8.65236051502,-3.47216110823,0.031049856002,0.00603316834694,-0.00791135105026,185,3,1,0.00216684723727,OK
NGC2903,21.12,9.0643776824,-3.47033087961,0.0311067363731,0.0028887885696,-0.00736187957642,181,3,1,-0.0195016251354,OK
NGC2903,22.08,9.47639484979,-3.4697511716,0.0311247744253,-4.08641478993e-05,-0.00686772585484,178,3,1,-0.035752979415,OK
NGC2903,23.04,9.88841201717,-3.47033799614,0.0311065150022,-0.00277705887843,-0.00642170616121,177,3,1,-0.0411700975081,OK
NGC2903,24,10.3004291845,-3.47201555223,0.0310543758237,-0.00533834549257,-0.00601776613406,182,4,1,-0.0140845070423,OK
NGC2903,24.96,10.7124463519,-3.47471519531,0.0309706531546,-0.00774097575434,-0.00565077422712,180,8,1,-0.0249187432286,OK
NGC2915,0.34,0.618181818182,-4.05991190389,0.0172505387537,0.228747260127,-0.0971318731217,13.5,10.1,1,-0.838323353293,OK
NGC2915,0.67,1.21818181818,-3.93823378953,0.0194825947382,0.179649261675,-0.0689387351717,31.3,12.5,1,-0.625149700599,OK
NGC2915,1,1.81818181818,-3.84168677715,0.0214573769892,0.14391542616,-0.0514509568776,35.3,13.4,1,-0.577245508982,OK
NGC2915,1.34,2.43636363636,-3.76171976993,0.0232437321107,0.116020792567,-0.0395744976829,50.5,9.38,1,-0.395209580838,OK
NGC2915,1.68,3.05454545455,-3.69699163195,0.0247980159272,0.0942356316136,-0.0313814986395,61,10.1,1,-0.269461077844,OK
NGC2915,2.01,3.65454545455,-3.64572807659,0.0261023983885,0.0772157569286,-0.0256410931112,66.5,11.9,1,-0.203592814371,OK
NGC2915,2.34,4.25454545455,-3.60373818254,0.0272217720583,0.0631796485125,-0.021342947282,74.4,11.6,1,-0.108982035928,OK
NGC2915,2.67,4.85454545455,-3.56946141938,0.0281710219619,0.0514059112469,-0.0180414644923,83,9.17,1,-0.0059880239521,OK
NGC2915,3.01,5.47272727273,-3.54095080163,0.0289857542737,0.0411080693699,-0.0153811283042,86.4,7.66,1,0.0347305389222,OK
NGC2915,3.35,6.09090909091,-3.51833540573,0.029648747249,0.0322768049511,-0.0132686007528,83.6,8.18,1,0.00119760479042,OK
NGC2915,3.68,6.69090909091,-3.50125303189,0.0301595688342,0.0248302996424,-0.0116085340507,79.8,7.93,1,-0.0443113772455,OK
NGC2915,4.02,7.30909090909,-3.4880276668,0.0305610894186,0.0181022356804,-0.0102039985533,82.8,6.95,1,-0.00838323353293,OK
NGC2915,4.35,7.90909090909,-3.47893204857,0.0308403294258,0.0123297034137,-0.00907109779808,83.5,7.19,1,0,OK
NGC2915,4.68,8.50909090909,-3.47310736924,0.0310204886306,0.00718125481999,-0.0081169040371,80.4,7.85,1,-0.037125748503,OK
NGC2915,5.02,9.12727272727,-3.47016369797,0.0311119372833,0.00242824812186,-0.00728306164715,80.3,7.57,1,-0.0383233532934,OK
NGC2915,5.35,9.72727272727,-3.46997460019,0.0311178210379,-0.00172873268688,-0.00659082153811,82.1,7.92,1,-0.0167664670659,OK
NGC2915,5.69,10.3454545455,-3.47226199886,0.0310467235206,-0.00560835449469,-0.00597594754075,82.4,8.33,1,-0.0131736526946,OK
NGC2915,6.03,10.9636363636,-3.47683571009,0.0309050490085,-0.00913408853723,-0.00544326986801,80.9,7.88,1,-0.0311377245509,OK
NGC2915,6.36,11.5636363636,-3.48326796405,0.0307068978472,-0.0122616043664,-0.00499156425113,79,6.15,1,-0.0538922155689,OK
NGC2915,6.69,12.1636363636,-3.49149879761,0.0304551917783,-0.0151347486035,-0.00459383816364,81.4,6.11,1,-0.0251497005988,OK
NGC2915,7.02,12.7636363636,-3.50138478192,0.030155595572,-0.0177833419115,-0.00424182124287,79.7,5.59,1,-0.0455089820359,OK
NGC2915,7.36,13.3818181818,-3.51316750552,0.0298023656165,-0.0203040698188,-0.00391982899709,77.5,6.33,1,-0.0718562874251,OK
NGC2915,7.7,14,-3.52644930997,0.0294091534879,-0.022636946439,-0.00363315532261,79.9,6.41,1,-0.0431137724551,OK
NGC2915,8.03,14.6,-3.54067009411,0.0289938919349,-0.0247407545767,-0.00338396447858,81.5,7.86,1,-0.0239520958084,OK
NGC2915,8.37,15.2181818182,-3.55659587285,0.0285357990524,-0.0267600446413,-0.00315311032144,82.2,7.82,1,-0.0155688622754,OK
NGC2915,8.7,15.8181818182,-3.57320702519,0.0280657017852,-0.0285902484533,-0.00295091869805,82,7.09,1,-0.0179640718563,OK
NGC2915,9.03,16.4181818182,-3.59088107294,0.0275740249901,-0.0303049129014,-0.00276756953645,84.7,5.74,1,0.014371257485,OK
NGC2915,9.37,17.0363636364,-3.61013263826,0.0270482589944,-0.0319618874023,-0.00259597588378,86.1,5.54,1,0.0311377245509,OK
NGC2915,9.7,17.6363636364,-3.62976773629,0.0265223438716,-0.0334732693338,-0.00244424816345,85.3,5.23,1,0.0215568862275,OK
NGC2915,10.04,18.2545454545,-3.6509180331,0.0259672790112,-0.0349394489918,-0.00230142394224,86.5,6.45,1,0.0359281437126,OK
NGC2955,0.75,0.0399786780384,-4.21066975551,0.0148364282302,0.297254383798,-0.144526941312,169,4.27,OMITTED,OMITTED,INVALID_VFLAT
NGC2955,1.55,0.0826226012793,-4.19812367058,0.0150237398758,0.291189510591,-0.139952394799,203,4.92,OMITTED,OMITTED,INVALID_VFLAT
NGC2955,2.3,0.122601279318,-4.18659303868,0.0151979756841,0.285676846853,-0.135858185899,232,5.49,OMITTED,OMITTED,INVALID_VFLAT
NGC2955,3.06,0.163113006397,-4.17513016393,0.01537319049,0.280253972524,-0.131889964884,256,4.38,OMITTED,OMITTED,INVALID_VFLAT
NGC2955,3.85,0.205223880597,-4.16344418731,0.0155538950327,0.274783630184,-0.12794659849,248,3.47,OMITTED,OMITTED,INVALID_VFLAT
NGC2955,4.61,0.245735607676,-4.15241621746,0.0157263722067,0.269674330812,-0.124317549105,253,5.68,OMITTED,OMITTED,INVALID_VFLAT
NGC2955,5.36,0.285714285714,-4.14173341841,0.0158952744488,0.264773363381,-0.120885534384,269,8.42,OMITTED,OMITTED,INVALID_VFLAT
NGC2955,6.12,0.326226012793,-4.13110526907,0.016065112734,0.259944103465,-0.117550724289,268,4.67,OMITTED,OMITTED,INVALID_VFLAT
NGC2955,6.91,0.368336886994,-4.12026203101,0.0162402584331,0.255064392943,-0.114228452863,260,5.58,OMITTED,OMITTED,INVALID_VFLAT
NGC2955,7.66,0.408315565032,-4.11015536508,0.0164052255291,0.25055857248,-0.111203027912,245,8.47,OMITTED,OMITTED,INVALID_VFLAT
NGC2955,8.42,0.448827292111,-4.10009524416,0.0165710970263,0.246113595155,-0.108258242067,247,6,OMITTED,OMITTED,INVALID_VFLAT
NGC2955,8.86,0.472281449893,-4.09435248106,0.0166665346866,0.243593933574,-0.106606521398,267,10.3,OMITTED,OMITTED,INVALID_VFLAT
NGC2955,9.21,0.490938166311,-4.08982629654,0.0167421414739,0.241617048212,-0.10531949747,255,7.27,OMITTED,OMITTED,INVALID_VFLAT
NGC2955,10.82,0.576759061834,-4.06947130173,0.0170864196804,0.232823351611,-0.0996891959084,253,11.2,OMITTED,OMITTED,INVALID_VFLAT
NGC2955,11.56,0.616204690832,-4.06036435628,0.0172427354717,0.228939420618,-0.0972516874734,271,11.3,OMITTED,OMITTED,INVALID_VFLAT
NGC2955,12.4,0.660980810235,-4.05020992931,0.0174187175564,0.224644834995,-0.094591580466,276,8.71,OMITTED,OMITTED,INVALID_VFLAT
NGC2955,14.17,0.755330490405,-4.02942781005,0.0177845031569,0.215971822638,-0.0893319026102,275,10.1,OMITTED,OMITTED,INVALID_VFLAT
NGC2955,16.88,0.899786780384,-3.99913540509,0.0183314813446,0.203601370773,-0.0820902597759,275,10,OMITTED,OMITTED,INVALID_VFLAT
NGC2955,19.49,1.03891257996,-3.97158316985,0.0188435769247,0.192618299298,-0.0759172806298,276,11.7,OMITTED,OMITTED,INVALID_VFLAT
NGC2955,22.19,1.1828358209,-3.94462700409,0.0193584356405,0.182108795754,-0.0702363442104,267,15.7,OMITTED,OMITTED,INVALID_VFLAT
NGC2955,24.8,1.32196162047,-3.91995445925,0.0198419983433,0.172684591025,-0.0653299279202,257,15.1,OMITTED,OMITTED,INVALID_VFLAT
NGC2955,27.51,1.46641791045,-3.89567439663,0.0203296595711,0.163583314997,-0.0607602398331,254,13.6,OMITTED,OMITTED,INVALID_VFLAT
NGC2955,30.12,1.60554371002,-3.87349066686,0.0207856867355,0.155410283518,-0.0567978004078,248,11.6,OMITTED,OMITTED,INVALID_VFLAT
NGC2955,35.43,1.88859275053,-3.8316797551,0.0216731794028,0.140349665694,-0.0498460426551,227,11.2,OMITTED,OMITTED,INVALID_VFLAT
NGC2976,0.11,0.108910891089,-4.19051684034,0.0151384586846,0.287546231324,-0.137239751302,6.8,3.62,1,-0.92037470726,OK
NGC2976,0.17,0.168316831683,-4.17367355475,0.015395599537,0.279568934812,-0.131392868554,9.5,4.31,1,-0.888758782201,OK
NGC2976,0.24,0.237623762376,-4.1546078719,0.0156919431752,0.270685668095,-0.125031740541,14,3.11,1,-0.83606557377,OK
NGC2976,0.31,0.306930693069,-4.13614295327,0.0159843852799,0.262227387407,-0.11912161612,19.8,5.5,1,-0.768149882904,OK
NGC2976,0.38,0.376237623762,-4.11825039321,0.0162729608325,0.254164307474,-0.113620846643,26.1,3.9,1,-0.694379391101,OK
NGC2976,0.45,0.445544554455,-4.10090375427,0.0165577045417,0.246469362829,-0.108492482412,28.7,3.5,1,-0.66393442623,OK
NGC2976,0.52,0.514851485149,-4.08407838945,0.0168386508454,0.239117904298,-0.103703650563,28.7,2.7,1,-0.66393442623,OK
NGC2976,0.59,0.584158415842,-4.0677512841,0.0171158339127,0.232087435238,-0.0992250269578,31.7,2.5,1,-0.628805620609,OK
NGC2976,0.66,0.653465346535,-4.0519009149,0.0173892876457,0.225357381591,-0.095030386206,35.5,2.3,1,-0.584309133489,OK
NGC2976,0.73,0.722772277228,-4.03650712369,0.0176590456815,0.218908890797,-0.0910962168658,39.4,2.1,1,-0.538641686183,OK
NGC2976,0.8,0.792079207921,-4.02155100441,0.0179251413944,0.212724655433,-0.0874013912654,42.9,2.3,1,-0.497658079625,OK
NGC2976,0.87,0.861386138614,-4.00701480157,0.0181876078974,0.206788758089,-0.0839268812543,46,2.6,1,-0.461358313817,OK
NGC2976,0.94,0.930693069307,-3.99288181863,0.0184464780442,0.201086534572,-0.0806555127273,49.1,3.1,1,-0.425058548009,OK
NGC2976,1.01,1,-3.97913633554,0.0187017844314,0.195604452951,-0.0775717529913,49.2,3.2,1,-0.423887587822,OK
NGC2976,1.08,1.06930693069,-3.96576353397,0.0189535593998,0.190330006343,-0.0746615260483,51.4,3.2,1,-0.3981264637,OK
NGC2976,1.14,1.12871287129,-3.95458713512,0.0191665801242,0.185965513631,-0.0722954440511,57.2,3.1,1,-0.330210772834,OK
NGC2976,1.21,1.19801980198,-3.94186994253,0.0194118816824,0.181046602782,-0.06967446472,63.8,2.9,1,-0.252927400468,OK
NGC2976,1.29,1.27722772277,-3.92774518322,0.0196880154093,0.17564085484,-0.066849892915,67.8,2.8,1,-0.206088992974,OK
NGC2976,1.35,1.33663366337,-3.91742783774,0.0198921949503,0.171729648681,-0.0648426786592,69.8,3.3,1,-0.182669789227,OK
NGC2976,1.42,1.40594059406,-3.90567970879,0.0201272691591,0.167313539234,-0.0626131245354,71.7,3.9,1,-0.160421545667,OK
NGC2976,1.49,1.47524752475,-3.89423238412,0.0203589963415,0.163047990628,-0.0604966158571,74.1,4.4,1,-0.132318501171,OK
NGC2976,1.56,1.54455445545,-3.88307569419,0.0205874071358,0.158925432188,-0.0584856374654,76.7,4.8,1,-0.1018735363,OK
NGC2976,1.63,1.61386138614,-3.87219997661,0.0208125319395,0.154938792443,-0.0565732884796,79.9,4.4,1,-0.0644028103044,OK
NGC2976,1.74,1.72277227723,-3.85565529489,0.0211597329011,0.148932924829,-0.0537523508848,83.6,3.35,1,-0.0210772833724,OK
NGC2976,1.93,1.91089108911,-3.82856254188,0.021740844733,0.139243687735,-0.0493534195355,83.9,3.95,1,-0.0175644028103,OK
NGC2976,2.1,2.07920792079,-3.80580763742,0.0222412270632,0.131236101351,-0.0458596695247,88.7,4.44,1,0.0386416861827,OK
NGC2976,2.27,2.24752475248,-3.78435280761,0.0227235645369,0.123785695696,-0.0427241885655,85.3,5.36,1,-0.00117096018735,OK
NGC2998,0.33,0.0532258064516,-4.20674462736,0.0148947775517,0.295349410523,-0.143082154318,90,20,1,-0.571224392568,OK
NGC2998,0.99,0.159677419355,-4.17609377986,0.0153583837739,0.280707658037,-0.132219697547,125,15,1,-0.404478323011,OK
NGC2998,1.98,0.31935483871,-4.13289416959,0.0160363995357,0.260753722278,-0.118106546259,148,15,1,-0.294902334445,OK
NGC2998,2.64,0.425806451613,-4.10578981789,0.0164769998685,0.248624811989,-0.109917060556,180,17,1,-0.142448785136,OK
NGC2998,3.63,0.585483870968,-4.06744374976,0.0171210984289,0.231955971806,-0.0991422222669,201,15,1,-0.0424011434016,OK
NGC2998,7.59,1.22419354839,-3.93715503108,0.0195036230921,0.179235473742,-0.0687216165262,206,10,1,-0.0185802763221,OK
NGC2998,12.5,2.01612903226,-3.81417793145,0.0220558384142,0.134168489806,-0.0471242028301,214,5,1,0.0195331110052,OK
NGC2998,17.48,2.81935483871,-3.72004778275,0.0242328099076,0.101937138117,-0.0341694284741,212,5,1,0.0100047641734,OK
NGC2998,22.46,3.62258064516,-3.6482094078,0.0260377099828,0.0780395863306,-0.0259056087156,213,2,1,0.0147689375893,OK
NGC2998,27.44,4.42580645161,-3.59322584604,0.0275094458993,0.0596136549035,-0.0203137354895,214,2,1,0.0195331110052,OK
NGC2998,32.32,5.21290322581,-3.55216227518,0.0286625961807,0.0452375220131,-0.0164224557076,213,2,1,0.0147689375893,OK
NGC2998,37.3,6.01612903226,-3.52078638091,0.0295761678867,0.0332776528684,-0.0135001766166,213,3,1,0.0147689375893,OK
NGC2998,42.28,6.81935483871,-3.49815857166,0.030253040969,0.0233595861829,-0.0112937791612,203,3,1,-0.0328727965698,OK
NGC3109,0.26,0.166666666667,-4.17413506859,0.015388495894,0.279785884496,-0.131550196134,6.1,1.6,1,-0.907854984894,OK
NGC3109,0.52,0.333333333333,-4.12926072717,0.0160947728538,0.259110663708,-0.116979918083,11.2,0.7,1,-0.83081570997,OK
NGC3109,0.77,0.49358974359,-4.0891860003,0.0167528648369,0.241338025529,-0.105138473053,14.9,1.5,1,-0.774924471299,OK
NGC3109,1.03,0.660256410256,-4.05037268684,0.0174158827595,0.224713372404,-0.0946337435436,19.1,2.2,1,-0.711480362538,OK
NGC3109,1.29,0.826923076923,-4.01419154962,0.0180575472822,0.209710304079,-0.0856281684114,24.3,0.9,1,-0.632930513595,OK
NGC3109,1.55,0.99358974359,-3.9803918059,0.018678319628,0.196102597148,-0.0778494844535,29.8,1.9,1,-0.549848942598,OK
NGC3109,1.81,1.16025641026,-3.94875688941,0.0192786523826,0.183704238183,-0.0710845424295,34.3,1.6,1,-0.481873111782,OK
NGC3109,2.06,1.32051282051,-3.92020471326,0.0198370334249,0.172779276084,-0.0653783393574,38.2,3.5,1,-0.422960725076,OK
NGC3109,2.32,1.48717948718,-3.89229119972,0.0203985552908,0.162328259542,-0.0601430828931,42.5,5.6,1,-0.358006042296,OK
NGC3109,2.58,1.65384615385,-3.86604972445,0.0209409286906,0.152698033235,-0.055512374052,42.3,3,1,-0.361027190332,OK
NGC3109,2.84,1.82051282051,-3.84135144969,0.0214645734435,0.143795557239,-0.0513965919827,47.3,4.4,1,-0.285498489426,OK
NGC3109,3.1,1.98717948718,-3.81808187815,0.0219699014523,0.135541341588,-0.0477221278951,49.3,4,1,-0.255287009063,OK
NGC3109,3.35,2.14743589744,-3.79695937499,0.0224388965028,0.128152246881,-0.0445483727768,50.6,3.5,1,-0.235649546828,OK
NGC3109,3.61,2.3141025641,-3.77620525676,0.0229094622115,0.120979825755,-0.0415721243598,53,3.5,1,-0.199395770393,OK
NGC3109,3.87,2.48076923077,-3.75660658703,0.0233628859324,0.114278851357,-0.0388844714668,54.7,3.3,1,-0.173716012085,OK
NGC3109,4.13,2.64743589744,-3.73808862526,0.0237995495428,0.108004320108,-0.0364492732672,55.2,3.1,1,-0.166163141994,OK
NGC3109,4.38,2.80769230769,-3.72123895491,0.0242039616444,0.10233650109,-0.0343172322526,57.5,2.6,1,-0.131419939577,OK
NGC3109,4.64,2.97435897436,-3.70464991077,0.0246088311465,0.0967882633957,-0.0322924030194,59.1,2.4,1,-0.107250755287,OK
NGC3109,4.9,3.14102564103,-3.68895828038,0.0249980294209,0.0915627025322,-0.030441633829,61.2,1.9,1,-0.0755287009063,OK
NGC3109,5.16,3.30769230769,-3.67411260866,0.0253719103495,0.0866324643662,-0.0287455314117,62.7,1.9,1,-0.0528700906344,OK
NGC3109,5.42,3.47435897436,-3.66006574288,0.0257308210524,0.0819732016367,-0.0271873300718,64.4,2.9,1,-0.0271903323263,OK
NGC3109,5.67,3.63461538462,-3.64727209531,0.0260621268949,0.0777284218105,-0.0258055403146,66.6,3.2,1,0.00604229607251,OK
NGC3109,5.93,3.80128205128,-3.63466949712,0.0263926557948,0.0735396466178,-0.0244773078348,66.3,3.4,1,0.00151057401813,OK
NGC3109,6.19,3.96794871795,-3.62274705541,0.0267092039591,0.0695637678448,-0.0232490450541,66.2,3.2,1,0,OK
NGC3109,6.45,4.13461538462,-3.61147062912,0.0270120928713,0.0657849569017,-0.0221109656745,67.3,3,1,0.0166163141994,OK
NGC3198,0.32,0.101910828025,-4.19253305035,0.0151079671217,0.288509416003,-0.137954319582,24.4,35.9,1,-0.83744170553,OK
NGC3198,0.64,0.203821656051,-4.16382962149,0.0155479011851,0.274963130077,-0.128075043583,43.3,16.3,1,-0.711525649567,OK
NGC3198,0.96,0.305732484076,-4.13645724202,0.0159793623568,0.26237017905,-0.119220202724,45.5,16.1,1,-0.696868754164,OK
NGC3198,1.28,0.407643312102,-4.11032382895,0.0164024620742,0.250633345803,-0.111252903,58.5,15.4,1,-0.610259826782,OK
NGC3198,1.61,0.512738853503,-4.08458378903,0.0168301427485,0.239337141066,-0.103844900484,68.8,7.61,1,-0.541638907395,OK
NGC3198,1.93,0.614649681529,-4.06072047683,0.0172365960726,0.229090721267,-0.0973460771941,76.9,10.3,1,-0.487674883411,OK
NGC3198,2.24,0.713375796178,-4.03856812617,0.0176226878242,0.219767309199,-0.0916151320043,82,8.09,1,-0.453697534977,OK
NGC3198,2.57,0.81847133758,-4.01596702979,0.0180255149099,0.210435805329,-0.0860532913396,86.9,7.6,1,-0.421052631579,OK
NGC3198,2.89,0.920382165605,-3.99495949835,0.0184081919578,0.201920608205,-0.0811299607983,97.6,3.03,1,-0.349766822119,OK
NGC3198,3.21,1.02229299363,-3.97479492301,0.0187831530923,0.193885817328,-0.0766173680162,100,5.31,1,-0.333777481679,OK
NGC3198,3.54,1.12738853503,-3.9548334794,0.0191618591282,0.186061291214,-0.0723469582173,107,7.51,1,-0.287141905396,OK
NGC3198,3.85,1.22611464968,-3.93681082835,0.0195103374479,0.17910351901,-0.0686524505784,113,7.32,1,-0.247168554297,OK
NGC3198,4.17,1.32802547771,-3.91890852441,0.0198627626379,0.172289052715,-0.0651278874031,117,5.21,1,-0.220519653564,OK
NGC3198,4.5,1.43312101911,-3.90115507986,0.0202185439199,0.165623184426,-0.0617700398943,119,5.67,1,-0.207195203198,OK
NGC3198,4.82,1.53503184713,-3.88459173466,0.0205562194405,0.15948365355,-0.0587559473961,127,5.39,1,-0.153897401732,OK
NGC3198,5.15,1.64012738854,-3.86814978805,0.0208969975536,0.153462064033,-0.0558729853671,132,4.34,1,-0.120586275816,OK
NGC3198,5.46,1.73885350318,-3.85326720398,0.0212103246517,0.148071731966,-0.0533537651024,134,2.36,1,-0.10726182545,OK
NGC3198,5.78,1.84076433121,-3.83844987976,0.0215269448482,0.142759455539,-0.0509278800596,137,0.89,1,-0.0872751499001,OK
NGC3198,6.1,1.94267515924,-3.82416162309,0.0218367352735,0.13768603383,-0.0486637605796,140,2.84,1,-0.0672884743504,OK
NGC3198,6.43,2.04777070064,-3.80995609938,0.0221491512972,0.132687573537,-0.0464834380856,142,0.88,1,-0.053964023984,OK
NGC3198,6.74,2.14649681529,-3.79707974012,0.0224361958046,0.128194089756,-0.0445660376483,144,1.23,1,-0.0406395736176,OK
NGC3198,7.06,2.24840764331,-3.784243535,0.0227260477357,0.123747981784,-0.0427085991846,146,1.57,1,-0.0273151232512,OK
NGC3198,8.04,2.56050955414,-3.74761629747,0.0235738720338,0.111226191392,-0.0376898732553,147,3,1,-0.020652898068,OK
NGC3198,9.04,2.87898089172,-3.7140299716,0.024379078047,0.0999219609659,-0.0334284794451,148,3,1,-0.0139906728847,OK
NGC3198,10.04,3.1974522293,-3.68383985619,0.0251263079514,0.0898617311362,-0.0298509721092,152,2,1,0.0126582278481,OK
NGC3198,11.04,3.51592356688,-3.65668193803,0.0258180366065,0.0808508631877,-0.0268184743487,155,2,1,0.0326449033977,OK
NGC3198,12.05,3.83757961783,-3.63201625071,0.0264627749948,0.072656196874,-0.0242016529105,156,2,1,0.0393071285809,OK
NGC3198,14.05,4.47452229299,-3.5903457103,0.0275887910452,0.0586308778902,-0.0200345582711,157,2,1,0.0459693537642,OK
NGC3198,16.07,5.1178343949,-3.55653777559,0.0285374569522,0.0468180412751,-0.0168300412451,153,2,1,0.0193204530313,OK
NGC3198,18.13,5.77388535032,-3.52925138396,0.0293268622107,0.0366426991512,-0.0142934713609,153,2,1,0.0193204530313,OK
NGC3198,20.05,6.38535031847,-3.50939426558,0.029915029513,0.02849814096,-0.012412354884,154,2,1,0.0259826782145,OK
NGC3198,22.12,7.04458598726,-3.49317923609,0.030404056679,0.0208753378233,-0.0107719376052,153,2,1,0.0193204530313,OK
NGC3198,24.03,7.65286624204,-3.48239392114,0.0307337487262,0.0147120806003,-0.00953057973683,150,2,1,-0.000666222518321,OK
NGC3198,26.1,8.31210191083,-3.4746813728,0.0309717006775,0.00880908554047,-0.00841286898375,149,2,1,-0.00732844770153,OK
NGC3198,28.16,8.96815286624,-3.47064312414,0.0310970249811,0.00360308144008,-0.00748496444177,148,2,1,-0.0139906728847,OK
NGC3198,30.08,9.57961783439,-3.46979177015,0.0311235108302,-0.000743758560447,-0.0067517197446,146,2,1,-0.0273151232512,OK
NGC3198,32.14,10.2356687898,-3.47168250027,0.0310647202669,-0.00494666488078,-0.00607868821661,147,2,1,-0.020652898068,OK
NGC3198,34.06,10.847133758,-3.47580871839,0.0309368045409,-0.00849443534576,-0.00553806435452,148,2,1,-0.0139906728847,OK
NGC3198,36.12,11.5031847134,-3.48253587647,0.0307293862163,-0.0119585617843,-0.0050344766108,148,2,1,-0.0139906728847,OK
NGC3198,38.19,12.1624203822,-3.49148039743,0.0304557521644,-0.015129162121,-0.0045945954745,149,2,1,-0.00732844770153,OK
NGC3198,40.1,12.7707006369,-3.50151051411,0.0301518042811,-0.0178132935156,-0.00423792068801,150,2,1,-0.000666222518321,OK
NGC3198,42.17,13.4299363057,-3.51414902807,0.0297731282735,-0.0204921181209,-0.00389631750082,150,3,1,-0.000666222518321,OK
NGC3198,44.08,14.0382165605,-3.52731706526,0.0293836446088,-0.0227754740369,-0.00361647482741,149,3,1,-0.00732844770153,OK
NGC3521,0.51,0.2125,-4.16144820981,0.0155849712606,0.273855092107,-0.12728319152,143,33.1,1,-0.330837622836,OK
NGC3521,0.69,0.2875,-4.14126080149,0.0159027886,0.264557630297,-0.120735566191,160,15,1,-0.251286850725,OK
NGC3521,0.86,0.358333333333,-4.12281930975,0.0161987806232,0.25621095991,-0.115004794008,178,7.92,1,-0.167056621432,OK
NGC3521,1.03,0.429166666667,-4.10495500513,0.0164907608213,0.248255878033,-0.109672565845,188,8.01,1,-0.120262049602,OK
NGC3521,1.2,0.5,-4.08764111883,0.0167787660293,0.240665458908,-0.104702765094,187,8.03,1,-0.124941506785,OK
NGC3521,1.38,0.575,-4.0698810067,0.0170794207233,0.232998808519,-0.099800022804,195,5.6,1,-0.0875058493215,OK
NGC3521,1.55,0.645833333333,-4.05362361741,0.0173593568646,0.226084365142,-0.095479129134,199,7.52,1,-0.0687880205896,OK
NGC3521,1.71,0.7125,-4.03876063268,0.0176192956686,0.219847566656,-0.0916637230867,203,6.87,1,-0.0500701918577,OK
NGC3521,1.89,0.7875,-4.02252603204,0.0179076724042,0.213125427135,-0.0876385179813,206,9.22,1,-0.0360318203088,OK
NGC3521,2.06,0.858333333333,-4.00764647869,0.0181761228293,0.207045197311,-0.0840755286008,211,12,1,-0.012634534394,OK
NGC3521,2.23,0.929166666667,-3.99318885163,0.018440815236,0.201209700752,-0.080725486076,219,13.3,1,0.0248011230697,OK
NGC3521,2.41,1.00416666667,-3.97832198983,0.0187170203521,0.195281611967,-0.0773920237736,216,9.9,1,0.0107627515208,OK
NGC3521,2.58,1.075,-3.96468118073,0.0189740849522,0.189905613282,-0.0744297816191,214,10.5,1,0.00140383715489,OK
NGC3521,2.75,1.14583333333,-3.95141388246,0.0192274971268,0.184733453788,-0.0716344141509,213,8.39,1,-0.00327562002808,OK
NGC3521,2.92,1.21666666667,-3.93850606453,0.0194772908367,0.179753755874,-0.0689936184752,210,13.3,1,-0.017313991577,OK
NGC3521,3.09,1.2875,-3.92594447242,0.0197234997702,0.174955973207,-0.0664962049427,214,6.67,1,0.00140383715489,OK
NGC3521,3.26,1.35833333333,-3.91371657146,0.0199661573449,0.17033031618,-0.0641319784201,213,9.98,1,-0.00327562002808,OK
NGC3521,3.43,1.42916666667,-3.90181049556,0.0202052967103,0.165867685229,-0.0618916340763,212,11.2,1,-0.00795507721104,OK
NGC3521,3.61,1.50416666667,-3.88954235399,0.0204547049104,0.161310836731,-0.0596450907376,215,9.11,1,0.00608329433786,OK
NGC3521,3.78,1.575,-3.87826409663,0.020686704151,0.157157819844,-0.0576338101099,217,10.1,1,0.0154422087038,OK
NGC3521,3.95,1.64583333333,-3.86727505072,0.0209152849346,0.153143685274,-0.0557225733825,219,8.05,1,0.0248011230697,OK
NGC3521,4.12,1.71666666667,-3.85656562418,0.0211404793414,0.149261580982,-0.0539048538214,220,8.29,1,0.0294805802527,OK
NGC3521,4.29,1.7875,-3.84612669434,0.0213623191929,0.145505098382,-0.0521746483843,218,8.42,1,0.0201216658868,OK
NGC3521,4.46,1.85833333333,-3.83594957781,0.0215808360543,0.141868237038,-0.0505264280947,220,9.71,1,0.0294805802527,OK
NGC3521,4.64,1.93333333333,-3.82544998841,0.0218086196966,0.138141580998,-0.0488649542755,220,20.1,1,0.0294805802527,OK
NGC3521,4.81,2.00416666667,-3.81578628152,0.0220203934166,0.134733674422,-0.047369904057,216,23.5,1,0.0107627515208,OK
NGC3521,4.98,2.075,-3.80636027479,0.0222289391256,0.131429249257,-0.0459424315804,220,14.6,1,0.0294805802527,OK
NGC3521,5.15,2.14583333333,-3.7971648044,0.022434287367,0.12822366266,-0.044578524599,218,12.2,1,0.0201216658868,OK
NGC3521,5.32,2.21666666667,-3.78819302558,0.0226364684369,0.125112545437,-0.0432744642761,213,23.1,1,-0.00327562002808,OK
NGC3521,5.49,2.2875,-3.77943839396,0.0228355123863,0.122091782178,-0.0420267998086,215,21.2,1,0.00608329433786,OK
NGC3521,5.67,2.3625,-3.77039851289,0.0230428785731,0.118987501529,-0.0407636540471,216,18.3,1,0.0107627515208,OK
NGC3521,5.84,2.43333333333,-3.76207152986,0.0232355573349,0.116140787624,-0.039622254131,208,31.7,1,-0.0266729059429,OK
NGC3521,6.01,2.50416666667,-3.75394336576,0.0234251893942,0.113373232749,-0.0385281311027,212,25.3,1,-0.00795507721104,OK
NGC3521,6.19,2.57916666667,-3.7455476818,0.0236226877881,0.110525544975,-0.0374183188532,213,23.8,1,-0.00327562002808,OK
NGC3521,6.35,2.64583333333,-3.73826175592,0.0237954294677,0.108062750282,-0.0364715872999,216,19.6,1,0.0107627515208,OK
NGC3521,6.64,2.76666666667,-3.72546640235,0.0241018566424,0.103755169368,-0.0348448589404,210,25,1,-0.017313991577,OK
NGC3521,8.82,3.675,-3.64415401567,0.0261435175074,0.0766929922629,-0.0254739474923,210,10.7,1,-0.017313991577,OK
NGC3521,11.07,4.6125,-3.58244421646,0.0278076472143,0.0559195081121,-0.0192743563398,210,10.7,1,-0.017313991577,OK
NGC3521,13.32,5.55,-3.53781989864,0.0290766480741,0.0399308098054,-0.015090505188,206,6.25,1,-0.0360318203088,OK
NGC3521,15.49,6.45416666667,-3.50746236875,0.0299728781243,0.0276504670394,-0.0122241934631,206,6.25,1,-0.0360318203088,OK
NGC3521,17.74,7.39166666667,-3.48656745801,0.0306057475874,0.0172666030962,-0.0100358742461,206,10.7,1,-0.0360318203088,OK
NGC3726,3.5,1.02941176471,-3.97341663308,0.0188090595723,0.193341468445,-0.0763163145051,102,7,1,-0.392857142857,OK
NGC3726,5.24,1.54117647059,-3.88361287576,0.02057635093,0.159123157313,-0.0585813114736,125,6.1,1,-0.255952380952,OK
NGC3726,6.98,2.05294117647,-3.80927066237,0.0221643383496,0.132447499667,-0.0463799757816,145,4.9,1,-0.136904761905,OK
NGC3726,8.72,2.56470588235,-3.74714988753,0.0235848696866,0.111068161056,-0.0376285385897,164,3.9,1,-0.0238095238095,OK
NGC3726,10.47,3.07941176471,-3.69465801322,0.0248559526164,0.0934587118844,-0.0311068423197,162,4.8,1,-0.0357142857143,OK
NGC3726,12.19,3.58529411765,-3.65113731345,0.0259615855216,0.0790113484055,-0.0262193675129,160,4.8,1,-0.047619047619,OK
NGC3726,13.94,4.1,-3.6137610933,0.0269502934421,0.0665542964452,-0.0223403553905,156,4.8,1,-0.0714285714286,OK
NGC3726,16.03,4.71470588235,-3.57682864188,0.0279642424056,0.0539771169945,-0.0187387966864,146,4.85,1,-0.130952380952,OK
NGC3726,22.3,6.55882352941,-3.50463499178,0.0300577426651,0.0263857555124,-0.0119461321686,158,4.9,1,-0.0595238095238,OK
NGC3726,27.52,8.09411764706,-3.47680419738,0.0309060229257,0.0106803728977,-0.00875964598946,168,10.6,1,0,OK
NGC3726,30.08,8.84705882353,-3.47113470106,0.0310817421581,0.00451906234953,-0.00764429690177,169,10.6,1,0.00595238095238,OK
NGC3726,32.52,9.56470588235,-3.46978143055,0.0311238326366,-0.000642953723456,-0.00676829594107,167,15.2,1,-0.00595238095238,OK
NGC3741,0.23,1.15,-3.9506447811,0.0192422907092,0.184435309551,-0.0714749087791,13.1,2.19,1,-0.738522954092,OK
NGC3741,0.47,2.35,-3.77188904669,0.0230085579681,0.119498336425,-0.0409701902418,17.3,2.39,1,-0.654690618762,OK
NGC3741,0.7,3.5,-3.65797277813,0.0257847311503,0.0812790254758,-0.0269588923563,23.6,2.21,1,-0.528942115768,OK
NGC3741,0.93,4.65,-3.58036074034,0.0278656441801,0.0552004632439,-0.0190752203247,26.2,2.21,1,-0.477045908184,OK
NGC3741,1.17,5.85,-3.52650349245,0.02940756007,0.0355645674872,-0.0140368410053,27.4,2.24,1,-0.453093812375,OK
NGC3741,1.4,7,-3.4941207236,0.03037544511,0.0213578481067,-0.0108723279233,26.9,2.23,1,-0.463073852295,OK
NGC3741,1.64,8.2,-3.47572211488,0.030939483893,0.00976198208003,-0.00858857956347,27.4,2.21,1,-0.453093812375,OK
NGC3741,1.87,9.35,-3.46980125092,0.031123215757,0.000836369669512,-0.00701389118565,31,2.2,1,-0.38123752495,OK
NGC3741,2.1,10.5,-3.47319954685,0.0310176293681,-0.00652100655051,-0.00583567670357,32.5,2.19,1,-0.35129740519,OK
NGC3741,2.33,11.65,-3.48434546065,0.0306738290882,-0.0126900795886,-0.00493120343357,33,2.19,1,-0.341317365269,OK
NGC3741,2.57,12.85,-3.50293637611,0.0301088426053,-0.0181476319601,-0.00419450206342,36.5,2.2,1,-0.271457085828,OK
NGC3741,2.8,14,-3.52644930997,0.0294091534879,-0.022636946439,-0.00363315532261,38.9,2.21,1,-0.223552894212,OK
NGC3741,3.26,16.3,-3.58731899096,0.0276724210711,-0.0299757902563,-0.0028023066254,41.5,2.21,1,-0.171656686627,OK
NGC3741,3.73,18.65,-3.66491270625,0.0256064064653,-0.0358326131517,-0.00221652587273,42.7,2.2,1,-0.147704590818,OK
NGC3741,4.21,21.05,-3.75685109197,0.0233571742897,-0.0406122181792,-0.00178932294109,44.7,2.22,1,-0.107784431138,OK
NGC3741,4.67,23.35,-3.85470576949,0.0211798341469,-0.0443627667176,-0.00148609022836,46.7,2.24,1,-0.0678642714571,OK
NGC3741,5.14,25.7,-3.96282961367,0.0190092492874,-0.047564983159,-0.00124945455023,48.5,2.27,1,-0.0319361277445,OK
NGC3741,5.61,28.05,-4.07787748645,0.0169433900892,-0.0502760051153,-0.00106514781861,50,2.32,1,-0.00199600798403,OK
NGC3741,6.07,30.35,-4.19619611649,0.0150527268751,-0.0525547899689,-0.000921597088407,50.2,2.4,1,0.00199600798403,OK
NGC3741,6.54,32.7,-4.32212972953,0.0132715885288,-0.0545763250524,-0.000802944905896,50.1,2.57,1,0,OK
NGC3741,7,35,-4.44969107739,0.0116821753011,-0.0563101021044,-0.000707693296089,51.6,3.24,1,0.0299401197605,OK
NGC3769,1.74,0.514792899408,-4.08409239852,0.0168384149531,0.239123979968,-0.103707563702,87.5,9.4,1,-0.262225969646,OK
NGC3769,3.5,1.03550295858,-3.97224036689,0.0188311970503,0.192877391887,-0.0760601237908,106,7.1,1,-0.106239460371,OK
NGC3769,5.24,1.55029585799,-3.88216420237,0.0206061809438,0.158590108194,-0.0583235617129,116,5.3,1,-0.0219224283305,OK
NGC3769,6.98,2.0650887574,-3.80766516169,0.0221999517909,0.131885565237,-0.0461382550337,125,5.7,1,0.0539629005059,OK
NGC3769,8.72,2.5798816568,-3.74546866669,0.0236245544111,0.110498794946,-0.0374079706163,126,4.4,1,0.0623946037099,OK
NGC3769,10.47,3.09763313609,-3.6929602203,0.0248981887205,0.0928937182931,-0.0309078642072,123,4.4,1,0.0370994940978,OK
NGC3769,12.31,3.64201183432,-3.64669788627,0.0260770963012,0.0775377789462,-0.0257443265274,118,4.6,1,-0.00505902192243,OK
NGC3769,14.52,4.29585798817,-3.60114621151,0.0272924216242,0.0623032069966,-0.021087632795,115,6.4,1,-0.0303541315346,OK
NGC3769,17.07,5.05029585799,-3.55973840803,0.0284462650556,0.0479647650221,-0.0171288866519,122,15.2,1,0.0286677908938,OK
NGC3769,31.82,9.41420118343,-3.46976195829,0.031124438694,0.000388477772668,-0.00693907081627,121,10.2,1,0.0202360876897,OK
NGC3769,34.61,10.2396449704,-3.47170221715,0.0310641077737,-0.00497082735245,-0.00607492110068,118,10.4,1,-0.00505902192243,OK
NGC3769,37.16,10.9940828402,-3.47711633006,0.0308963776515,-0.00929944548525,-0.00541889762946,113,10.5,1,-0.0472175379427,OK
NGC3877,0.87,0.343873517787,-4.12653613538,0.0161386843331,0.257882102742,-0.116141034564,37.8,9,1,-0.775534441805,OK
NGC3877,1.74,0.687747035573,-4.04423073437,0.0175231794519,0.22213364791,-0.0930532179716,80.1,9,1,-0.524346793349,OK
NGC3877,2.61,1.03162055336,-3.97298976872,0.0188170902032,0.19317300463,-0.0762232652539,121,8.5,1,-0.281472684086,OK
NGC3877,3.5,1.38339920949,-3.90946715499,0.0200511823881,0.168732931757,-0.0633254774543,142,7.3,1,-0.1567695962,OK
NGC3877,4.37,1.72727272727,-3.85498557368,0.0211739087696,0.148691267206,-0.0536403548031,153,6.2,1,-0.0914489311164,OK
NGC3877,5.24,2.07114624506,-3.80686711225,0.0222176755212,0.131606446499,-0.0460184245507,160,5.3,1,-0.0498812351544,OK
NGC3877,6.11,2.41501976285,-3.76420514295,0.0231860344958,0.116869067423,-0.0399127176558,162,5.3,1,-0.0380047505938,OK
NGC3877,6.98,2.75889328063,-3.72627398511,0.0240824002558,0.104026425512,-0.0349462020829,167,4.5,1,-0.0083135391924,OK
NGC3877,7.85,3.10276679842,-3.69248374236,0.0249100549852,0.0927351908309,-0.0308521490768,169,5.3,1,0.00356294536817,OK
NGC3877,8.72,3.44664031621,-3.66234840631,0.0256721532332,0.0827302580056,-0.0274375589101,171,4.9,1,0.0154394299287,OK
NGC3877,9.6,3.79446640316,-3.63517128641,0.0263794155652,0.0737066534182,-0.0245295929069,171,4.9,1,0.0154394299287,OK
NGC3877,10.47,4.13833992095,-3.61122576397,0.0270187080015,0.065702649391,-0.0220864945962,170,5.7,1,0.00950118764846,OK
NGC3877,11.35,4.48616600791,-3.58966438569,0.0276075943724,0.0583979850342,-0.0199686835771,169,7,1,0.00356294536817,OK
NGC3893,1.74,0.731092436975,-4.03468891455,0.0176911827269,0.218152854282,-0.0906404123092,145,6.8,1,-0.166666666667,OK
NGC3893,3.5,1.47058823529,-3.89499272907,0.020343522365,0.163330185268,-0.0606355130158,174,6.8,1,0,OK
NGC3893,5.24,2.20168067227,-3.7900728309,0.022593956253,0.125763084348,-0.0435455443898,194,6.4,1,0.114942528736,OK
NGC3893,6.98,2.93277310924,-3.70870299732,0.0245092912821,0.0981412820422,-0.0327805109372,190,5.5,1,0.0919540229885,OK
NGC3893,8.81,3.70168067227,-3.64211683634,0.0261968308269,0.0760162122082,-0.0252583697504,186,5.8,1,0.0689655172414,OK
NGC3893,10.9,4.57983193277,-3.58428131474,0.0277566087293,0.0565520328187,-0.0194503859137,188,7,1,0.0804597701149,OK
NGC3893,13.12,5.51260504202,-3.53932369317,0.0290329556302,0.0404977228552,-0.0152301096512,187,8.5,1,0.0747126436782,OK
NGC3893,15.33,6.44117647059,-3.50782258612,0.0299620833175,0.027809490104,-0.0122593829093,179,12.6,1,0.0287356321839,OK
NGC3893,17.3,7.26890756303,-3.48876333577,0.0305386148415,0.0185139376309,-0.0102873440677,176,11.7,1,0.0114942528736,OK
NGC3893,19.05,8.00420168067,-3.47780014371,0.0308752575087,0.0114746895061,-0.00890896184593,167,13.5,1,-0.0402298850575,OK
NGC3917,0.87,0.330798479087,-4.12991791098,0.0160841991045,0.259407448055,-0.117183020471,24.3,3.9,1,-0.82119205298,OK
NGC3917,1.74,0.661596958175,-4.05007153281,0.0174211284127,0.22458656363,-0.0945557402776,49.6,3.9,1,-0.635025754231,OK
NGC3917,2.61,0.992395437262,-3.98062606801,0.018673944518,0.196195604272,-0.0779013939076,73.6,5.2,1,-0.45842531273,OK
NGC3917,3.5,1.33079847909,-3.91843101691,0.0198722495208,0.172108580709,-0.065035806462,101,4.4,1,-0.25680647535,OK
NGC3917,4.37,1.66159695817,-3.8648678573,0.0209656927173,0.152268551992,-0.0553101778047,107,3.5,1,-0.212656364974,OK
NGC3917,5.24,1.99239543726,-3.81737554995,0.0219854248949,0.135292708655,-0.047613560021,115,3.5,1,-0.153789551141,OK
NGC3917,6.11,2.32319391635,-3.77510710245,0.0229346341549,0.120602578217,-0.0414184308384,123,3.9,1,-0.0949227373068,OK
NGC3917,6.98,2.65399239544,-3.73738127793,0.0238163900459,0.107765639289,-0.0363581938182,130,3.9,1,-0.0434142752024,OK
NGC3917,7.85,2.98479087452,-3.70364198018,0.0246336476448,0.0964520225956,-0.032171670548,134,3.5,1,-0.0139808682855,OK
NGC3917,8.72,3.31558935361,-3.67342936365,0.0253892515042,0.0864057631161,-0.0286687106457,136,3.9,1,0.000735835172921,OK
NGC3917,9.6,3.65019011407,-3.64606462081,0.0260936152553,0.0773275105578,-0.0256768954519,137,4,1,0.00809418690213,OK
NGC3917,10.47,3.98098859316,-3.62184192656,0.0267333901744,0.0692612047765,-0.0231568691586,136,3.5,1,0.000735835172921,OK
NGC3917,11.35,4.31558935361,-3.59992098133,0.0273258816168,0.0618883080202,-0.0209673051505,137,3.5,1,0.00809418690213,OK
NGC3917,12.19,4.63498098859,-3.58119195111,0.0278424915801,0.0554875497052,-0.0191546035288,137,3.5,1,0.00809418690213,OK
NGC3917,13.12,4.98859315589,-3.562730747,0.0283612714164,0.0490302680689,-0.0174089224271,137,5,1,0.00809418690213,OK
NGC3917,13.94,5.30038022814,-3.54826740085,0.0287744510796,0.043816860699,-0.0160603581232,138,5,1,0.0154525386313,OK
NGC3917,14.86,5.65019011407,-3.53389435016,0.0291910141936,0.0384372723739,-0.014725793358,137,7.5,1,0.00809418690213,OK
NGC3949,1.74,0.484679665738,-4.0913405224,0.0167168092746,0.242277531835,-0.105748626755,123,5.5,1,-0.245398773006,OK
NGC3949,2.61,0.727019498607,-4.0355781901,0.0176754573837,0.218522480338,-0.0908631122113,145,5.5,1,-0.110429447853,OK
NGC3949,3.5,0.974930362117,-3.98406455882,0.018609844598,0.197562822676,-0.0786664669617,152,6.2,1,-0.0674846625767,OK
NGC3949,4.37,1.21727019499,-3.93839759061,0.0194794037294,0.179712122871,-0.0689717490297,157,6.6,1,-0.0368098159509,OK
NGC3949,5.24,1.45961002786,-3.89678946225,0.0203070033007,0.163997658893,-0.0609646796757,161,8.8,1,-0.0122699386503,OK
NGC3949,6.11,1.70194986072,-3.85876812871,0.0210939685788,0.15005760817,-0.0542751214137,165,11.2,1,0.0122699386503,OK
NGC3949,7.07,1.96935933148,-3.82050484296,0.0219167335923,0.136395080845,-0.0480958621902,169,25.5,1,0.0368098159509,OK
NGC3953,3.5,0.715746421268,-4.03804739758,0.0176318668513,0.219550279796,-0.0914837982227,181,7.5,1,-0.180253623188,OK
NGC3953,5.24,1.07157464213,-3.96533211233,0.0189617381395,0.190160800393,-0.0745690861267,203,6.5,1,-0.080615942029,OK
NGC3953,6.98,1.42740286299,-3.9021031499,0.0201993844078,0.165976897844,-0.0619459858961,216,5.6,1,-0.0217391304348,OK
NGC3953,8.72,1.78323108384,-3.84674831912,0.0213490439725,0.145728044976,-0.0522765479885,223,6.1,1,0.00996376811594,OK
NGC3953,10.47,2.14110429448,-3.79777167789,0.0224206767232,0.128434686937,-0.0446676788876,224,5.6,1,0.0144927536232,OK
NGC3953,12.19,2.49284253579,-3.7552296931,0.0233950763045,0.113810502296,-0.0386999819484,223,6.1,1,0.00996376811594,OK
NGC3953,13.94,2.85071574642,-3.71686767984,0.0243099954008,0.100871730055,-0.0337766827495,224,6.1,1,0.0144927536232,OK
NGC3953,15.68,3.20654396728,-3.68302408932,0.0251468135237,0.0895907595666,-0.0297574116673,215,9.7,1,-0.026268115942,OK
NGC3972,0.87,0.399082568807,-4.11247352112,0.0163672397021,0.25158848064,-0.111890978002,39.6,4.9,1,-0.701582516956,OK
NGC3972,1.74,0.798165137615,-4.02025799379,0.0179483337835,0.212193692035,-0.0870877280558,73,5.2,1,-0.449886963075,OK
NGC3972,2.61,1.19724770642,-3.94200974858,0.0194091679736,0.181100409092,-0.0697028729576,89.4,6.6,1,-0.326299924642,OK
NGC3972,3.5,1.60550458716,-3.873496747,0.0207855603561,0.155412505631,-0.0567988595737,102,5.3,1,-0.23134890731,OK
NGC3972,4.37,2.00458715596,-3.81572963164,0.0220216409046,0.134713757707,-0.0473612348558,110,4.4,1,-0.171062547099,OK
NGC3972,5.24,2.40366972477,-3.76553418605,0.0231552397249,0.117323107838,-0.0400943417178,116,4.4,1,-0.12584777694,OK
NGC3972,6.11,2.80275229358,-3.72174491766,0.0241917184389,0.102506183984,-0.0343801282547,123,4.4,1,-0.0730972117558,OK
NGC3972,6.98,3.20183486239,-3.68344631173,0.0251361982167,0.0897310042655,-0.0298058167014,130,3.9,1,-0.0203466465712,OK
NGC3972,7.85,3.60091743119,-3.64990608891,0.0259935697487,0.0786027486769,-0.0260872102977,134,6.1,1,0.00979653353429,OK
NGC3972,8.72,4,-3.62052935039,0.026768502824,0.0688222300863,-0.0230234609531,134,4.9,1,0.00979653353429,OK
NGC3992,9.19,1.85282258065,-3.83673214642,0.021563954176,0.142147021021,-0.0506518364132,248,7,1,0.0290456431535,OK
NGC3992,13.79,2.78024193548,-3.72406110336,0.0241357507673,0.103283336696,-0.0346689296545,264,6.6,1,0.0954356846473,OK
NGC3992,18.35,3.69959677419,-3.64227530123,0.0261926798777,0.0760688655147,-0.0252751087785,272,5.7,1,0.128630705394,OK
NGC3992,22.94,4.625,-3.58174672668,0.0278270495297,0.0556789960428,-0.019207632587,271,5.7,1,0.124481327801,OK
NGC3992,27.52,5.54838709677,-3.5378843228,0.0290747748958,0.0399551541534,-0.0150964868665,264,5.3,1,0.0954356846473,OK
NGC3992,32.11,6.47379032258,-3.5069221158,0.0299890754353,0.0274111030096,-0.0121713211121,242,7.4,1,0.00414937759336,OK
NGC3992,36.7,7.39919354839,-3.48643777847,0.0306097167839,0.0171911211739,-0.0100207565048,244,5.3,1,0.0124481327801,OK
NGC3992,41.44,8.35483870968,-3.47431256344,0.0309831254372,0.00845095030226,-0.00834729970379,241,6.2,1,0,OK
NGC3992,46.02,9.27822580645,-3.46987941955,0.0311207829927,0.00134283039618,-0.00709897882384,237,8.6,1,-0.0165975103734,OK
NGC4010,0.87,0.309608540925,-4.13544117506,0.0159956067101,0.261908692391,-0.118901728894,39.3,6.6,1,-0.68759936407,OK
NGC4010,1.74,0.619217081851,-4.0596751422,0.0172546235039,0.228646735462,-0.0970692242193,54.6,5.6,1,-0.565977742448,OK
NGC4010,2.61,0.928825622776,-3.99325747767,0.0184395497594,0.201237234354,-0.0807411326551,65.5,6.7,1,-0.47933227345,OK
NGC4010,3.5,1.24555160142,-3.93334252631,0.0195781226729,0.177775886003,-0.0679584906721,83.9,5.2,1,-0.33306836248,OK
NGC4010,4.37,1.55516014235,-3.88139346446,0.0206220690308,0.15830673869,-0.0581867730015,94.3,6.3,1,-0.25039745628,OK
NGC4010,5.24,1.86476868327,-3.8350376513,0.021600525167,0.141543551464,-0.0503805673202,104,5.7,1,-0.173290937997,OK
NGC4010,6.11,2.1743772242,-3.79352288979,0.0225161400858,0.126958840759,-0.044046024816,115,5.1,1,-0.0858505564388,OK
NGC4010,6.98,2.48398576512,-3.75623920624,0.0233714705846,0.114153857399,-0.0388351916084,127,5.1,1,0.00953895071542,OK
NGC4010,7.85,2.79359430605,-3.72268511135,0.0241689842267,0.102821572319,-0.0344971855724,129,5.1,1,0.0254372019078,OK
NGC4010,8.72,3.10320284698,-3.69244330824,0.0249110622215,0.0927217388262,-0.0308474236277,127,5.1,1,0.00953895071542,OK
NGC4010,9.6,3.41637010676,-3.66486528104,0.0256076208834,0.0835649840136,-0.0277147884935,124,5.1,1,-0.0143084260731,OK
NGC4010,10.47,3.72597864769,-3.64027723331,0.0262450669503,0.075404845843,-0.0250644160495,122,3.9,1,-0.0302066772655,OK
NGC4013,5.49,1.5552407932,-3.88138069707,0.0206223323224,0.158302045969,-0.0581845090731,198,10,1,0.145170618855,OK
NGC4013,6.17,1.74787535411,-3.85193349121,0.0212386320053,0.147591383252,-0.0531320897768,195,5,1,0.127819548872,OK
NGC4013,6.92,1.96033994334,-3.821737002,0.0218897453212,0.136829735851,-0.0482866974842,194,4,1,0.122035858878,OK
NGC4013,7.69,2.17847025496,-3.79300361209,0.0225278352515,0.126778713755,-0.0439704502315,195,3,1,0.127819548872,OK
NGC4013,8.36,2.36827195467,-3.76971240093,0.0230586939927,0.118752489439,-0.0406688113445,195,3,1,0.127819548872,OK
NGC4013,9.12,2.5835694051,-3.74506142919,0.0236341771748,0.11036094209,-0.0373546649913,195,3,1,0.127819548872,OK
NGC4013,9.88,2.79886685552,-3.72214345872,0.0241820789667,0.102639862149,-0.0344297190121,192,7,1,0.11046847889,OK
NGC4013,10.56,2.99150141643,-3.70299545863,0.0246495789783,0.0962363927915,-0.0320943643241,188,8,1,0.0873337189127,OK
NGC4013,11.31,3.20396600567,-3.68325514977,0.0251410037609,0.0896675071619,-0.0297838959947,186,7,1,0.0757663389242,OK
NGC4013,12.08,3.42209631728,-3.66438722444,0.0256198657022,0.0834064344432,-0.0276620237302,186,6,1,0.0757663389242,OK
NGC4013,12.77,3.61756373938,-3.64860125124,0.0260275092756,0.0781696573588,-0.0259474960688,186,5,1,0.0757663389242,OK
NGC4013,13.47,3.81586402266,-3.6335997425,0.0264209045672,0.0731835316499,-0.0243660046737,185,6,1,0.06998264893,OK
NGC4013,14.17,4.01416430595,-3.61955683754,0.0267945481998,0.0684968181228,-0.0229248141832,180,10,1,0.0410641989589,OK
NGC4013,14.98,4.24362606232,-3.60442933965,0.0272029640374,0.0634130728926,-0.0214112047576,163,8,1,-0.0572585309427,OK
NGC4013,15.68,4.44192634561,-3.59226751548,0.0275358216784,0.0592869502474,-0.0202207142383,162,6,1,-0.063042220937,OK
NGC4013,16.37,4.63739376771,-3.58105812765,0.027846217808,0.0554413493056,-0.0191418173781,164,5,1,-0.0514748409485,OK
NGC4013,17.19,4.86968838527,-3.56868504895,0.0281929016024,0.0511332651556,-0.0179682959899,166,5,1,-0.0399074609601,OK
NGC4013,17.88,5.06515580737,-3.55902754278,0.0284664937058,0.047710724699,-0.0170624549284,166,5,1,-0.0399074609601,OK
NGC4013,18.58,5.26345609065,-3.5498962832,0.0287276190365,0.0444126635562,-0.0162117246628,166,5,1,-0.0399074609601,OK
NGC4013,19.39,5.49291784703,-3.54012393601,0.029009731509,0.0407982912556,-0.0153043864838,166,5,1,-0.0399074609601,OK
NGC4013,20.09,5.69121813031,-3.53232969809,0.0292367237248,0.0378360953917,-0.0145802492626,168,5,1,-0.0283400809717,OK
NGC4013,20.79,5.8895184136,-3.52510896378,0.0294485983638,0.0350124388815,-0.0139063165763,172,5,1,-0.00520532099479,OK
NGC4013,21.48,6.08498583569,-3.51852682235,0.0296430725291,0.0323554519202,-0.0132867255345,173,5,1,0.000578368999422,OK
NGC4013,22.3,6.31728045326,-3.51136303277,0.0298561917222,0.0293495047843,-0.0126027818662,171,5,1,-0.010989010989,OK
NGC4013,22.99,6.51274787535,-3.50586345608,0.0300208404727,0.0269389673367,-0.0120673685055,170,5,1,-0.0167727009832,OK
NGC4013,23.69,6.71104815864,-3.50075532351,0.0301745832405,0.0245970207671,-0.0115583201813,172,5,1,-0.00520532099479,OK
NGC4013,24.39,6.90934844193,-3.49610180212,0.0303153285358,0.0223528465763,-0.0110808158328,173,5,1,0.000578368999422,OK
NGC4013,25.2,7.1388101983,-3.49125978209,0.0304624719119,0.0198701901789,-0.0105643035094,176,5,1,0.0179294389821,OK
NGC4013,25.9,7.33711048159,-3.48752444792,0.0305764722061,0.0178171309616,-0.010146480221,178,5,1,0.0294968189705,OK
NGC4013,26.59,7.53257790368,-3.4842331078,0.0306772755739,0.0158721206804,-0.00975842253196,180,6,1,0.0410641989589,OK
NGC4013,27.41,7.76487252125,-3.48080542598,0.0307826079334,0.0136561420676,-0.00932552340309,180,8,1,0.0410641989589,OK
NGC4013,28.1,7.96033994334,-3.47831203701,0.0308594567156,0.0118670765291,-0.00898318851451,180,5,1,0.0410641989589,OK
NGC4013,28.8,8.15864022663,-3.47613323301,0.0309267667243,0.0101185705881,-0.00865480010614,180,5,1,0.0410641989589,OK
NGC4013,29.61,8.388101983,-3.47403606575,0.0309916933843,0.00817413305242,-0.00829679431394,178,5,1,0.0294968189705,OK
NGC4013,30.31,8.58640226629,-3.47257632218,0.0310369663447,0.00655806663209,-0.00800500153896,174,5,1,0.00636205899364,OK
NGC4013,31.01,8.78470254958,-3.47143140887,0.0310725213306,0.00499834522996,-0.00772833561903,170,10,1,-0.0167727009832,OK
NGC4051,1.74,0.374193548387,-4.11877016169,0.0162645048581,0.254396717181,-0.113777580552,121,14.8,1,-0.229299363057,OK
NGC4051,3.5,0.752688172043,-4.02999878838,0.0177743514895,0.216208052527,-0.0894731692861,116,7.8,1,-0.261146496815,OK
NGC4051,5.24,1.12688172043,-3.95492778728,0.0191600520993,0.186097962708,-0.0723666869115,140,7,1,-0.108280254777,OK
NGC4051,6.98,1.50107526882,-3.89004131511,0.0204445013537,0.161495362752,-0.0597352559482,160,6.6,1,0.0191082802548,OK
NGC4051,8.72,1.8752688172,-3.833554198,0.0216325923166,0.141015792592,-0.0501439283911,161,5.2,1,0.0254777070064,OK
NGC4051,10.47,2.25161290323,-3.78384710985,0.0227350586986,0.12361118024,-0.0426520749241,154,7.4,1,-0.0191082802548,OK
NGC4051,12.19,2.62150537634,-3.74090152825,0.0237326977865,0.108954171066,-0.0368128607373,153,9.8,1,-0.0254777070064,OK
NGC4068,0.21,0.35593220339,-4.12343483726,0.0161888128961,0.256487326404,-0.115192315169,4.68,3.65,OMITTED,OMITTED,INVALID_VFLAT
NGC4068,0.64,1.08474576271,-3.9628339341,0.0190091671595,0.18918216182,-0.0740355635197,13.1,3.44,OMITTED,OMITTED,INVALID_VFLAT
NGC4068,1.06,1.79661016949,-3.84480328035,0.0213906091004,0.145030765543,-0.0519581813379,22.5,2.45,OMITTED,OMITTED,INVALID_VFLAT
NGC4068,1.48,2.50847457627,-3.75345532142,0.0234366247154,0.11320739727,-0.0384630562915,30.4,1.71,OMITTED,OMITTED,INVALID_VFLAT
NGC4068,1.91,3.23728813559,-3.68028370982,0.0252158198447,0.0886807190686,-0.0294442697407,36,1.7,OMITTED,OMITTED,INVALID_VFLAT
NGC4068,2.33,3.94915254237,-3.62405870297,0.0266741938624,0.0700020169877,-0.0233828823981,41.9,4.97,OMITTED,OMITTED,INVALID_VFLAT
NGC4085,0.87,0.527272727273,-4.08111622687,0.0168886036144,0.237834908155,-0.102878968832,42.2,7.3,1,-0.679087452471,OK
NGC4085,1.74,1.05454545455,-3.96858124217,0.01890022897,0.191436584021,-0.0752674789166,79.9,5.9,1,-0.392395437262,OK
NGC4085,2.71,1.64242424242,-3.86779745544,0.0209043615445,0.153333801586,-0.0558123658304,112,6.2,1,-0.148288973384,OK
NGC4085,3.58,2.1696969697,-3.7941175722,0.0225027541139,0.127165190051,-0.0441326810459,127,4.9,1,-0.0342205323194,OK
NGC4085,4.45,2.69696969697,-3.73278319691,0.0239261518906,0.106215763211,-0.0357695406274,130,4.9,1,-0.0114068441065,OK
NGC4085,5.32,3.22424242424,-3.68144312219,0.0251866012526,0.0890657023195,-0.0295765390663,133,4.5,1,0.0114068441065,OK
NGC4085,6.2,3.75757575758,-3.63790712841,0.0263073442848,0.0746168247112,-0.0248155220292,136,7.4,1,0.0342205323194,OK
NGC4088,1.74,0.674418604651,-4.04719971514,0.0174712306248,0.223378964491,-0.0938145271048,84.9,11.3,1,-0.505532906232,OK
NGC4088,3.5,1.35658914729,-3.9140137568,0.0199602245773,0.170442223711,-0.0641886705245,136,9.9,1,-0.207920792079,OK
NGC4088,5.24,2.03100775194,-3.81218688099,0.0220997964483,0.13346959934,-0.0468212594596,162,8,1,-0.0564938846826,OK
NGC4088,6.98,2.70542635659,-3.73188624402,0.023947622149,0.105913755411,-0.0356553953497,179,6.5,1,0.0425160163075,OK
NGC4088,8.72,3.37984496124,-3.66793606649,0.0255291059868,0.0845834636824,-0.028054933879,182,6.1,1,0.0599883517764,OK
NGC4088,10.47,4.05813953488,-3.61656674262,0.0268747863424,0.0674953621294,-0.0226225573437,179,7,1,0.0425160163075,OK
NGC4088,12.19,4.72480620155,-3.57628441072,0.0279794655597,0.0537881104926,-0.0186870863139,174,6.2,1,0.0133954571928,OK
NGC4088,13.94,5.40310077519,-3.54385051125,0.0289018257463,0.0421883316622,-0.0156502449923,171,7.2,1,-0.00407687827606,OK
NGC4088,15.68,6.07751937984,-3.51876877347,0.0296359012221,0.0324547421233,-0.0133096253711,168,6.1,1,-0.0215492137449,OK
NGC4088,17.42,6.7519379845,-3.49975919002,0.0302046561293,0.0241264716253,-0.0114573644711,165,5.6,1,-0.0390215492137,OK
NGC4088,19.28,7.47286821705,-3.48519829145,0.0306476806536,0.0164582502616,-0.0098745673826,171,8.6,1,-0.00407687827606,OK
NGC4088,21.48,8.32558139535,-3.47456339453,0.0309753548806,0.00869582443486,-0.00839210481109,174,7.6,1,0.0133954571928,OK
NGC4100,2.61,1.21395348837,-3.93899402258,0.0194677890543,0.179941081361,-0.0690920617753,120,10.5,1,-0.241466498104,OK
NGC4100,3.5,1.62790697674,-3.87002933772,0.0208577574973,0.154146832943,-0.0561971783278,148,7.5,1,-0.0644753476612,OK
NGC4100,4.37,2.03255813953,-3.81198000763,0.0221043687802,0.133397032585,-0.0467898604161,168,6.2,1,0.0619469026549,OK
NGC4100,5.24,2.43720930233,-3.76162166925,0.0232460124486,0.115987331391,-0.0395611857113,182,6.1,1,0.150442477876,OK
NGC4100,6.11,2.84186046512,-3.71776225314,0.0242882580523,0.101171319653,-0.033886892255,190,5.2,1,0.201011378003,OK
NGC4100,6.98,3.24651162791,-3.67946701502,0.0252364218852,0.088409569219,-0.0293512882536,194,5.7,1,0.226295828066,OK
NGC4100,7.85,3.6511627907,-3.64598941829,0.0260955776347,0.0773025391338,-0.0256688932276,195,6.1,1,0.232616940582,OK
NGC4100,8.72,4.05581395349,-3.61672376976,0.0268705666026,0.0675479911367,-0.0226383917578,193,4.8,1,0.21997471555,OK
NGC4100,9.6,4.46511627907,-3.5908980802,0.0275735560354,0.0588195744473,-0.0200880114143,192,3.9,1,0.213653603034,OK
NGC4100,10.47,4.86976744186,-3.56868100659,0.0281930155686,0.0511318446584,-0.0179679151684,192,3.5,1,0.213653603034,OK
NGC4100,11.35,5.27906976744,-3.54920481171,0.0287474902354,0.0441600411444,-0.0161474580467,191,4.4,1,0.207332490518,OK
NGC4100,12.19,5.66976744186,-3.53314466861,0.0292129063634,0.0381496639635,-0.0146560735845,189,4.8,1,0.194690265487,OK
NGC4100,13.12,6.1023255814,-3.51796778182,0.029659648841,0.0321255230414,-0.0132337714904,185,5.3,1,0.169405815424,OK
NGC4100,13.94,6.48372093023,-3.5066505066,0.0299972218503,0.0272903666715,-0.0121446955277,182,4.5,1,0.150442477876,OK
NGC4100,14.86,6.91162790698,-3.49605087837,0.0303168723453,0.0223275943031,-0.0110755000865,179,6.6,1,0.131479140329,OK
NGC4100,15.68,7.29302325581,-3.48831984586,0.0305521614128,0.0182664565334,-0.0102372030092,176,6.2,1,0.112515802781,OK
NGC4100,16.61,7.72558139535,-3.48134920777,0.030765873462,0.0140239479457,-0.00939669579175,174,6.6,1,0.0998735777497,OK
NGC4100,17.42,8.1023255814,-3.4767168285,0.0309087232683,0.0106085294891,-0.00874620307345,178,8.7,1,0.125158027813,OK
NGC4100,18.35,8.53488372093,-3.47292484027,0.0310261512852,0.00697238241371,-0.00807931142114,177,6.2,1,0.118836915297,OK
NGC4100,19.16,8.91162790698,-3.4708587848,0.0310903192995,0.0040282479402,-0.00755871235372,169,5.9,1,0.0682680151707,OK
NGC4100,20.09,9.34418604651,-3.46980623211,0.0311230607266,0.000877167971848,-0.00702072648234,158,6.3,1,-0.00126422250316,OK
NGC4100,21.02,9.77674418605,-3.47006816685,0.0311149095833,-0.00205348594136,-0.00653819754764,158,7.6,1,-0.00126422250316,OK
NGC4100,21.95,10.2093023256,-3.47155419004,0.0310687064443,-0.00478606121462,-0.00610375724261,158,8.9,1,-0.00126422250316,OK
NGC4100,22.76,10.5860465116,-3.47378216619,0.0309995631607,-0.00701986704865,-0.00575970806111,159,9,1,0.00505689001264,OK
NGC4138,2.61,1.72847682119,-3.8548065743,0.0211776992252,0.148626697188,-0.0536104496396,179,14.7,1,0.215207060421,OK
NGC4138,5.24,3.4701986755,-3.66040701129,0.0257220414344,0.0820863866971,-0.0272246681032,195,6.8,1,0.32382892057,OK
NGC4138,7.85,5.19867549669,-3.55280756659,0.0286441064197,0.0454716030609,-0.0164825055347,181,9.8,1,0.22878479294,OK
NGC4138,10.65,7.05298013245,-3.49300438475,0.0304093733336,0.0207849953225,-0.0107531928419,162,20.4,1,0.0997963340122,OK
NGC4138,13.47,8.92052980132,-3.4708232251,0.0310914248816,0.00396101311703,-0.00754702596815,145,9.6,1,-0.0156143923965,OK
NGC4138,16.03,10.6158940397,-3.47399425359,0.0309929892411,-0.00719139155774,-0.00573370255165,147,17.9,1,-0.0020366598778,OK
NGC4138,18.58,12.3046357616,-3.49367816385,0.0303888910347,-0.0157763455099,-0.00450727768098,150,21,1,0.0183299389002,OK
NGC4157,1.74,0.75,-4.03058031627,0.0177640182131,0.216448765353,-0.0896172315879,96.4,12.1,1,-0.478072550081,OK
NGC4157,3.5,1.50862068966,-3.88882446301,0.0204693944306,0.161045464791,-0.0595155410615,157,10.5,1,-0.149972929074,OK
NGC4157,5.24,2.25862068966,-3.78298191539,0.0227547374572,0.123312715569,-0.0425288838963,192,8.4,1,0.0395235517055,OK
NGC4157,6.98,3.00862068966,-3.70135265487,0.0246901066797,0.0956886405015,-0.0318984058063,201,6.9,1,0.0882512181917,OK
NGC4157,8.72,3.75862068966,-3.63782917244,0.0263093951792,0.0745908984438,-0.024807354401,201,7.3,1,0.0882512181917,OK
NGC4157,10.47,4.51293103448,-3.58810849653,0.0276505821626,0.0578655365046,-0.019818485844,194,6.4,1,0.0503519220357,OK
NGC4157,12.19,5.25431034483,-3.55030314867,0.0287159331377,0.0445611047268,-0.0162495473221,190,6,1,0.0286951813752,OK
NGC4157,13.94,6.00862068966,-3.52103662169,0.0295687676494,0.0333791053264,-0.0135237624842,186,6.4,1,0.00703844071467,OK
NGC4157,15.68,6.75862068966,-3.49959821563,0.0302095186966,0.0240499601661,-0.0114409908928,184,6.4,1,-0.00378992961559,OK
NGC4157,17.42,7.50862068966,-3.48461616443,0.0306655266904,0.0161064598864,-0.00980477571637,182,7.3,1,-0.0146182999459,OK
NGC4157,19.16,8.25862068966,-3.47516456436,0.0309567390281,0.00926123401104,-0.00849601706849,181,6.6,1,-0.020032485111,OK
NGC4157,20.9,9.00862068966,-3.47050342987,0.0311013693609,0.00330123800533,-0.00743282716578,183,6.5,1,-0.00920411478073,OK
NGC4157,22.65,9.76293103448,-3.47004042596,0.0311157727506,-0.00196307184243,-0.0065528273316,185,6.5,1,0.00162425554954,OK
NGC4157,24.39,10.5129310345,-3.47328435778,0.0310149988455,-0.00659639341835,-0.00582416453969,186,9.1,1,0.00703844071467,OK
NGC4157,26.13,11.2629310345,-3.4798097603,0.030813272383,-0.0107280334775,-0.00521061273432,186,11.4,1,0.00703844071467,OK
NGC4157,27.87,12.0129310345,-3.48927043618,0.0305231326234,-0.0144352880823,-0.00468914328176,184,13.6,1,-0.00378992961559,OK
NGC4157,29.61,12.7629310345,-3.50137223986,0.0301559737875,-0.0177803498939,-0.00424221098765,185,13.6,1,0.00162425554954,OK
NGC4183,0.87,0.311827956989,-4.1348601834,0.0160049027245,0.261645001787,-0.118719946153,47.1,8.2,1,-0.574141048825,OK
NGC4183,1.74,0.623655913978,-4.05866117314,0.0172721280315,0.228216456529,-0.0968012945161,65.9,6.6,1,-0.404159132007,OK
NGC4183,2.61,0.935483870968,-3.99191937768,0.0184642402362,0.200700655029,-0.080436482712,76.1,5.6,1,-0.311934900542,OK
NGC4183,3.5,1.25448028674,-3.93175792604,0.0196091707642,0.17717051509,-0.0676432306834,85.7,5.6,1,-0.22513562387,OK
NGC4183,4.37,1.56630824373,-3.87963225415,0.0206584208336,0.157659806336,-0.0578750863239,96.6,5.2,1,-0.126582278481,OK
NGC4183,5.24,1.87813620072,-3.83315005769,0.021641336686,0.14087210298,-0.0500795966679,99.3,5.2,1,-0.102169981917,OK
NGC4183,6.11,2.18996415771,-3.79154932969,0.0225606209199,0.126274536829,-0.0437592613744,103,5.2,1,-0.0687160940325,OK
NGC4183,6.98,2.5017921147,-3.75421268505,0.0234188813883,0.11346476246,-0.0385640714528,107,5.2,1,-0.0325497287523,OK
NGC4183,7.85,2.81362007168,-3.72063293076,0.024218634275,0.102133299774,-0.0342419878182,111,5.2,1,0.00361663652803,OK
NGC4183,8.72,3.12544802867,-3.69038830889,0.0249623070743,0.0920382028699,-0.0306077860673,114,6.1,1,0.0307414104882,OK
NGC4183,9.6,3.44086021505,-3.6628270542,0.0256598682516,0.082889001858,-0.0274901736829,115,6.1,1,0.0397830018083,OK
NGC4183,10.47,3.75268817204,-3.63827212108,0.0262977440491,0.0747382061539,-0.0248537790621,111,5.6,1,0.00361663652803,OK
NGC4183,11.35,4.06810035842,-3.61589555439,0.0268928304374,0.0672703599231,-0.0225549237196,110,5.6,1,-0.00542495479204,OK
NGC4183,12.31,4.41218637993,-3.5940396749,0.0274870670259,0.0598908675672,-0.0203928325061,111,5.2,1,0.00361663652803,OK
NGC4183,13.12,4.70250896057,-3.57748839195,0.0279457990795,0.0542060548742,-0.0188015275856,109,4.8,1,-0.0144665461121,OK
NGC4183,14.05,5.03584229391,-3.56043346125,0.0284265002569,0.0482128076915,-0.0171938745228,108,4.4,1,-0.0235081374322,OK
NGC4183,14.98,5.36917562724,-3.54529078826,0.0288602290737,0.0427215314752,-0.0157839368891,109,5.2,1,-0.0144665461121,OK
NGC4183,16.03,5.74551971326,-3.53029654083,0.0292962270513,0.0370495222158,-0.0143909125784,111,5.3,1,0.00361663652803,OK
NGC4183,16.95,6.0752688172,-3.51884184861,0.0296337356535,0.0324847040483,-0.0133165395246,110,4.9,1,-0.00542495479204,OK
NGC4183,17.88,6.40860215054,-3.50873498116,0.0299347585286,0.0282102766823,-0.0123482954005,109,4.9,1,-0.0144665461121,OK
NGC4183,18.93,6.78494623656,-3.49896904435,0.0302285316387,0.0237496155485,-0.0113768298367,110,5.3,1,-0.00542495479204,OK
NGC4183,19.97,7.15770609319,-3.49088620064,0.0304738542522,0.0196709551591,-0.0105233873385,112,10.2,1,0.0126582278481,OK
NGC4183,21.02,7.53405017921,-3.48420975024,0.0306779921286,0.015857755683,-0.00975558465357,113,11.5,1,0.0216998191682,OK
NGC4214,0.21,0.411764705882,-4.10929181423,0.0164193983941,0.250175458227,-0.110947659565,55.5,7.21,1,-0.307116104869,OK
NGC4214,0.63,1.23529411765,-3.93516964112,0.0195423838544,0.178474838122,-0.0683233967562,63.2,5.22,1,-0.210986267166,OK
NGC4214,1.04,2.03921568627,-3.81109294659,0.0221239854039,0.133085974854,-0.0466553876013,66.6,7.97,1,-0.168539325843,OK
NGC4214,1.46,2.86274509804,-3.71565669857,0.0243394521822,0.100466314756,-0.0336278291468,70.5,4.62,1,-0.119850187266,OK
NGC4214,1.88,3.6862745098,-3.64329095689,0.0261660906393,0.0764063018842,-0.025382514904,76.1,4.69,1,-0.0499375780275,OK
NGC4214,2.3,4.50980392157,-3.58828954553,0.0276455765056,0.0579275384427,-0.0198359467238,78.8,4.52,1,-0.0162297128589,OK
NGC4214,2.71,5.3137254902,-3.5476840819,0.0287912406587,0.0436028928816,-0.01600617185,80.1,6.65,1,0,OK
NGC4214,3.14,6.1568627451,-3.5162353456,0.0297110768259,0.0314082904911,-0.0130692677294,80.1,6.28,1,0,OK
NGC4214,3.55,6.96078431373,-3.49496666925,0.0303497600002,0.0217859644916,-0.010961790988,80.1,5.09,1,0,OK
NGC4214,3.96,7.76470588235,-3.48080770175,0.0307825378793,0.0136576960875,-0.00932582354503,80.4,5.4,1,0.00374531835206,OK
NGC4214,4.38,8.58823529412,-3.47256431451,0.0310373390286,0.00654339564757,-0.00800237650844,80.1,7.58,1,0,OK
NGC4214,4.8,9.41176470588,-3.46976292541,0.031124408593,0.000405388095067,-0.00694188839864,80.4,8.9,1,0.00374531835206,OK
NGC4214,5.22,10.2352941176,-3.47168064732,0.0310647778283,-0.004944387299,-0.00607904336942,80.6,9.37,1,0.00624219725343,OK
NGC4214,5.63,11.0392156863,-3.47754154738,0.0308832427693,-0.00954320589502,-0.0053830690995,80.6,9.37,1,0.00624219725343,OK
NGC4217,0.87,0.295918367347,-4.13903792805,0.0159381778047,0.263544198372,-0.120032318371,47.8,8.2,1,-0.736348593491,OK
NGC4217,1.74,0.591836734694,-4.06597216305,0.0171463121573,0.231327392137,-0.0987467774046,98.9,8.2,1,-0.454495311638,OK
NGC4217,2.61,0.887755102041,-4.00159102673,0.0182865213872,0.204592470938,-0.0826591701577,146,7.7,1,-0.194704908991,OK
NGC4217,3.5,1.19047619048,-3.94323767286,0.0193853496117,0.181573248535,-0.0699527680703,164,6.4,1,-0.0954219525648,OK
NGC4217,4.37,1.48639455782,-3.89241863447,0.0203959559717,0.162375476703,-0.0601662442773,174,5.95,1,-0.0402647545505,OK
NGC4217,5.24,1.78231292517,-3.84688214262,0.0213461871597,0.14577605322,-0.0522985035659,175,6,1,-0.034749034749,OK
NGC4217,6.11,2.07823129252,-3.80593582818,0.0222383761261,0.13128089857,-0.0458788580647,184,6.4,1,0.0148924434639,OK
NGC4217,6.98,2.37414965986,-3.76901511075,0.0230747782005,0.11851373316,-0.0405725707327,185,6.4,1,0.0204081632653,OK
NGC4217,7.85,2.67006802721,-3.73565356557,0.0238575734837,0.107182944472,-0.0361363188992,188,6.65,1,0.0369553226696,OK
NGC4217,8.72,2.96598639456,-3.70546141122,0.0245888691697,0.0970590415189,-0.0323897944693,190,7.35,1,0.0479867622725,OK
NGC4217,9.6,3.26530612245,-3.67781057467,0.0252782591535,0.0878596971328,-0.0291631800474,191,6.4,1,0.0535024820739,OK
NGC4217,10.47,3.5612244898,-3.65304670205,0.025912062061,0.0796449080908,-0.026424945892,191,5.55,1,0.0535024820739,OK
NGC4217,11.35,3.86054421769,-3.63035409671,0.0265067967774,0.0721023941013,-0.0240296507376,189,5.95,1,0.042471042471,OK
NGC4217,12.19,4.1462585034,-3.61070618404,0.0270327500277,0.0655279612394,-0.0220346024631,186,6.85,1,0.0259238830667,OK
NGC4217,13.12,4.46258503401,-3.59104703133,0.0275694492291,0.0588704403755,-0.0201024326796,183,6.4,1,0.00937672366244,OK
NGC4217,13.94,4.74149659864,-3.57538926467,0.0280045224809,0.0534769255977,-0.0186021047528,179,6.85,1,-0.0126861555433,OK
NGC4217,14.86,5.05442176871,-3.55954065543,0.0284518909346,0.0478941309066,-0.0171104028262,177,7.25,1,-0.0237175951462,OK
NGC4217,15.79,5.37074829932,-3.54522362081,0.0288621676066,0.042696713422,-0.0157777015155,177,8.55,1,-0.0237175951462,OK
NGC4217,16.72,5.68707482993,-3.53248658959,0.0292321370912,0.0378965359823,-0.0145948491615,178,12,1,-0.0182018753447,OK
NGC4389,0.87,0.311827956989,-4.1348601834,0.0160049027245,0.261645001787,-0.118719946153,27.3,5.8,OMITTED,OMITTED,INVALID_VFLAT
NGC4389,1.74,0.623655913978,-4.05866117314,0.0172721280315,0.228216456529,-0.0968012945161,52.7,6.7,OMITTED,OMITTED,INVALID_VFLAT
NGC4389,2.71,0.971326164875,-3.98477712549,0.0185965885664,0.197846639046,-0.0788257545504,69.2,6.7,OMITTED,OMITTED,INVALID_VFLAT
NGC4389,3.58,1.28315412186,-3.92670543818,0.0197084965715,0.175245281829,-0.0666454958494,83.5,6.4,OMITTED,OMITTED,INVALID_VFLAT
NGC4389,4.45,1.59498207885,-3.87513522613,0.0207515315347,0.156011674686,-0.0570848126427,95.9,6.3,OMITTED,OMITTED,INVALID_VFLAT
NGC4389,5.32,1.90681003584,-3.82913121403,0.0217284848348,0.139445284443,-0.0494430321323,110,7.6,OMITTED,OMITTED,INVALID_VFLAT
NGC4559,0.67,0.319047619048,-4.13297428383,0.0160351148431,0.260790010763,-0.118131489836,43.8,10.9,1,-0.638613861386,OK
NGC4559,1.32,0.628571428571,-4.05754054009,0.0172914945983,0.227741354955,-0.096505884421,64.2,7.71,1,-0.470297029703,OK
NGC4559,1.97,0.938095238095,-3.99139554871,0.0184739148739,0.200490761294,-0.0803174694731,73.3,8.62,1,-0.395214521452,OK
NGC4559,2.62,1.24761904762,-3.93297512942,0.0195853169358,0.177635461164,-0.0678852961114,84.2,8.4,1,-0.305280528053,OK
NGC4559,3.28,1.5619047619,-3.88032706775,0.0206440720672,0.157914928492,-0.057997902117,96.2,5.67,1,-0.206270627063,OK
NGC4559,3.93,1.87142857143,-3.83409610326,0.0216208726768,0.141208523338,-0.0502302813115,102,4.79,1,-0.158415841584,OK
NGC4559,4.58,2.18095238095,-3.79268906675,0.0225349223916,0.126669630333,-0.043924714437,104,5.67,1,-0.141914191419,OK
NGC4559,5.22,2.48571428571,-3.75604194695,0.023376081279,0.114086752829,-0.0388087479906,106,5.37,1,-0.125412541254,OK
NGC4559,5.9,2.80952380952,-3.72105158296,0.0242084972126,0.102273670334,-0.0342939575172,106,5.24,1,-0.125412541254,OK
NGC4559,6.54,3.11428571429,-3.69141757756,0.0249366273718,0.0923805251067,-0.0307276823573,108,5.22,1,-0.108910891089,OK
NGC4559,7.19,3.42380952381,-3.66424437258,0.0256235258091,0.0833590571832,-0.0276462664938,111,4.68,1,-0.0841584158416,OK
NGC4559,7.87,3.74761904762,-3.63865129784,0.026287774446,0.0748642938155,-0.0248935506051,114,4.61,1,-0.0594059405941,OK
NGC4559,8.51,4.05238095238,-3.61695579554,0.0268643326618,0.067625748925,-0.0226617967708,116,4.47,1,-0.042904290429,OK
NGC4559,9.16,4.3619047619,-3.59707698769,0.027403706865,0.0609236680921,-0.0206888741912,117,5.22,1,-0.0346534653465,OK
NGC4559,9.84,4.68571428571,-3.57840142068,0.0279202954065,0.0545225492602,-0.018888422328,118,5.22,1,-0.026402640264,OK
NGC4559,10.48,4.99047619048,-3.56263845217,0.0283638891359,0.0489974946086,-0.017400275052,120,4.5,1,-0.00990099009901,OK
NGC4559,11.13,5.3,-3.54828406242,0.0287739716562,0.0438229675933,-0.0160619060074,121,3.62,1,-0.0016501650165,OK
NGC4559,11.78,5.60952380952,-3.53546966857,0.0291450652531,0.0390390858311,-0.014872215519,122,3.17,1,0.00660066006601,OK
NGC4559,12.43,5.91904761905,-3.52408112321,0.0294788823887,0.0346032213928,-0.0138099700526,122,2.74,1,0.00660066006601,OK
NGC4559,13.08,6.22857142857,-3.51401651789,0.0297770737773,0.0304787308533,-0.0128575956253,122,3.18,1,0.00660066006601,OK
NGC4559,13.73,6.5380952381,-3.50518449369,0.0300412304153,0.0266339407006,-0.0120004462341,123,3.56,1,0.0148514851485,OK
NGC4559,14.38,6.84761904762,-3.49750283353,0.0302728855472,0.0230413323881,-0.0112262373888,124,4.31,1,0.023102310231,OK
NGC4559,15.03,7.15714285714,-3.4908972817,0.0304735165714,0.0196768826527,-0.0105246035005,124,4.76,1,0.023102310231,OK
NGC4559,15.68,7.46666666667,-3.48530054808,0.0306445468853,0.0165195256499,-0.00988674911308,123,5.23,1,0.0148514851485,OK
NGC4559,16.33,7.77619047619,-3.48065146322,0.0307873476734,0.0135507114454,-0.009305171912,123,5.66,1,0.0148514851485,OK
NGC4559,16.98,8.08571428571,-3.47689425786,0.0309032396397,0.0107540413081,-0.00877344110868,123,5.62,1,0.0148514851485,OK
NGC4559,17.72,8.4380952381,-3.47363775106,0.0310040402899,0.00776122954589,-0.00822174473405,121,5.67,1,-0.0016501650165,OK
NGC4559,18.28,8.70476190476,-3.4718557901,0.0310593375332,0.00562052583535,-0.00783811570738,122,6.32,1,0.00660066006601,OK
NGC4559,19.02,9.05714285714,-3.47035197225,0.0311060802571,0.00294208356523,-0.00737102798683,122,6.35,1,0.00660066006601,OK
NGC4559,19.67,9.36666666667,-3.46978828467,0.031123619311,0.000719634424041,-0.00699435189794,121,5.86,1,-0.0016501650165,OK
NGC4559,20.32,9.67619047619,-3.46989491551,0.0311203007502,-0.00139065666636,-0.0066458284762,120,5.94,1,-0.00990099009901,OK
NGC4559,20.97,9.98571428571,-3.47063845265,0.0310971702509,-0.00339707099159,-0.00632272055449,119,6.13,1,-0.0181518151815,OK
NGC5005,0.49,0.0518518518519,-4.20715055914,0.0148887325151,0.29554610113,-0.143230994177,211,40.1,1,-0.19527078566,OK
NGC5005,0.98,0.103703703704,-4.19201601046,0.0151157805631,0.288262245653,-0.137770771651,233,17.4,1,-0.111365369947,OK
NGC5005,1.47,0.155555555556,-4.1772519429,0.0153406065577,0.281253467678,-0.132616930348,227,14.4,1,-0.134248665141,OK
NGC5005,1.97,0.208465608466,-4.16255408532,0.0155677457489,0.274369342519,-0.127650391846,234,10.8,1,-0.107551487414,OK
NGC5005,2.46,0.260317460317,-4.14849703782,0.0157881276206,0.267870823132,-0.123049015243,245,7.67,1,-0.0655987795576,OK
NGC5005,2.95,0.312169312169,-4.13477087644,0.0160063321376,0.261604480884,-0.118692024225,244,23.3,1,-0.06941266209,OK
NGC5005,3.44,0.364021164021,-4.12136388308,0.0162223739255,0.255558091417,-0.11456241406,261,23.3,1,-0.0045766590389,OK
NGC5005,3.93,0.415873015873,-4.10826495135,0.0164362675246,0.249720273737,-0.110644633714,259,22.7,1,-0.0122044241037,OK
NGC5005,4.42,0.467724867725,-4.09546354464,0.0166480273902,0.244080418719,-0.10692443923,258,22.7,1,-0.0160183066362,OK
NGC5005,4.92,0.520634920635,-4.08269719867,0.0168619243035,0.238519255874,-0.103318442826,258,22.5,1,-0.0160183066362,OK
NGC5005,5.74,0.607407407407,-4.06238217141,0.0172079778982,0.229797324894,-0.0977875018502,261,22.4,1,-0.0045766590389,OK
NGC5005,6.56,0.69417989418,-4.04280370286,0.017548203432,0.221536222057,-0.0926890898501,263,22.4,1,0.00305110602593,OK
NGC5005,7.37,0.779894179894,-4.02414956438,0.017878622307,0.213793494165,-0.088034510796,264,22.3,1,0.00686498855835,OK
NGC5005,8.19,0.866666666667,-4.00592401664,0.0182074574897,0.206346256766,-0.0836706905867,265,22.2,1,0.0106788710908,OK
NGC5005,9.01,0.953439153439,-3.98832866292,0.0185306592306,0.199263712684,-0.0796234757017,265,22.2,1,0.0106788710908,OK
NGC5005,9.83,1.04021164021,-3.97133301112,0.0188482913998,0.192519713463,-0.0758629634599,264,22,1,0.00686498855835,OK
NGC5005,10.65,1.12698412698,-3.95490873,0.0191604172411,0.186090552089,-0.0723626998968,264,21.9,1,0.00686498855835,OK
NGC5005,11.47,1.21375661376,-3.93902944975,0.0194670993778,0.179954684538,-0.0690992132509,265,22,1,0.0106788710908,OK
NGC5033,0.76,0.147286821705,-4.17958209573,0.0153049022144,0.282353353747,-0.133419222484,206,16,1,0.0607621009269,OK
NGC5033,2.28,0.441860465116,-4.10181250627,0.0165426645293,0.246869544437,-0.10875626777,214,10,1,0.101956745623,OK
NGC5033,3.8,0.736434108527,-4.03352490541,0.0177117874149,0.217669460361,-0.0903495795506,222,8,1,0.143151390319,OK
NGC5033,5.33,1.03294573643,-3.97273384604,0.0188219065397,0.193072031791,-0.0761675211535,224,8,1,0.153450051493,OK
NGC5033,6.85,1.32751937984,-3.91899572787,0.0198610306117,0.172322018057,-0.06514471411,225,8,1,0.15859938208,OK
NGC5033,8,1.5503875969,-3.88214965374,0.0206064807379,0.158584757773,-0.0583209774589,222,6,1,0.143151390319,OK
NGC5033,10.28,1.99224806202,-3.81739548927,0.021984986525,0.135299725941,-0.0476166224884,220,3,1,0.132852729145,OK
NGC5033,12.56,2.43410852713,-3.76198151015,0.0232376490873,0.116110077437,-0.0396100291401,218,2,1,0.122554067971,OK
NGC5033,14.91,2.88953488372,-3.71297725538,0.0244047558113,0.0995698365327,-0.0332998423991,219,2,1,0.127703398558,OK
NGC5033,17.15,3.32364341085,-3.67273437568,0.0254069028615,0.0861751781283,-0.0285906792663,217,2,1,0.117404737384,OK
NGC5033,19.39,3.75775193798,-3.63789398277,0.0263076901139,0.0746124528237,-0.0248141446464,218,2,1,0.122554067971,OK
NGC5033,21.64,4.19379844961,-3.60761577137,0.027116421604,0.0644877778486,-0.0217268736162,220,2,1,0.132852729145,OK
NGC5033,24.01,4.65310077519,-3.58018966778,0.0278704116347,0.0551413405936,-0.0190588925986,222,2,1,0.143151390319,OK
NGC5033,26.25,5.08720930233,-3.55797949582,0.0284963435673,0.0473355187913,-0.0169645744159,218,3,1,0.122554067971,OK
NGC5033,28.5,5.52325581395,-3.53889322425,0.0290454561057,0.0403357233653,-0.0151901510739,217,3,1,0.117404737384,OK
NGC5033,30.87,5.98255813953,-3.52191116865,0.0295429196778,0.0337326405793,-0.0136061139116,207,3,1,0.0659114315139,OK
NGC5033,33.12,6.41860465116,-3.50845342512,0.0299431880274,0.0280868999839,-0.0123208906732,199,3,1,0.0247167868177,OK
NGC5033,35.36,6.85271317829,-3.49738560358,0.0302764346441,0.022984175318,-0.0112141286222,191,3,1,-0.0164778578785,OK
NGC5033,37.73,7.31201550388,-3.48797476873,0.0305627060842,0.0180724019332,-0.0101979721407,193,3,1,-0.00617919670443,OK
NGC5033,39.98,7.7480620155,-3.48103631173,0.0307755014884,0.0138131637365,-0.00935587483136,192,3,1,-0.0113285272915,OK
NGC5033,42.22,8.18217054264,-3.47589753233,0.0309340570433,0.00991536523394,-0.00861703253155,194,4,1,-0.0010298661174,OK
NGC5033,44.59,8.64147286822,-3.47222726445,0.0310478019289,0.00611938783876,-0.00792669620326,196,5,1,0.00926879505664,OK
NGC5055,0.72,0.225,-4.15803493569,0.0156382579289,0.272271116106,-0.126155477552,125,17.6,1,-0.301675977654,OK
NGC5055,1.43,0.446875,-4.10057593619,0.0165631333463,0.246325082717,-0.108397456693,162,8.5,1,-0.0949720670391,OK
NGC5055,2.16,0.675,-4.04706985951,0.0174734995099,0.223324430873,-0.0937811237032,178,5.22,1,-0.00558659217877,OK
NGC5055,2.87,0.896875,-3.99972859576,0.0183206105054,0.203840599162,-0.0822274015605,193,1.88,1,0.0782122905028,OK
NGC5055,3.59,1.121875,-3.95586043558,0.0191421908396,0.18646077113,-0.0725620171426,192,3.59,1,0.072625698324,OK
NGC5055,4.3,1.34375,-3.91620739166,0.0199164871223,0.171269041027,-0.0646083104745,190,0.97,1,0.0614525139665,OK
NGC5055,5.03,1.571875,-3.87875549637,0.0206765412071,0.157338060721,-0.0577203836054,195,0.99,1,0.0893854748603,OK
NGC5055,5.75,1.796875,-3.8447648736,0.0213914306599,0.145017006262,-0.0519519088534,201,0.45,1,0.122905027933,OK
NGC5055,6.46,2.01875,-3.81382644196,0.0220635921721,0.134045049024,-0.0470706247468,204,0.81,1,0.139664804469,OK
NGC5055,7.18,2.24375,-3.78482037251,0.0227129422791,0.123947094862,-0.0427909364827,204,0.65,1,0.139664804469,OK
NGC5055,7.91,2.471875,-3.75762454933,0.0233391154961,0.114625306456,-0.0390212274706,206,0.66,1,0.150837988827,OK
NGC5055,8.62,2.69375,-3.73312536495,0.0239179665263,0.106331000465,-0.0358131431751,206,1.54,1,0.150837988827,OK
NGC5055,11.49,3.590625,-3.65071648558,0.0259725131793,0.078871696589,-0.0261741610664,206,1.9,1,0.150837988827,OK
NGC5055,14.3,4.46875,-3.59068447886,0.0275794464132,0.0587466177936,-0.0200673361255,206,0.42,1,0.150837988827,OK
NGC5055,17.19,5.371875,-3.54517552441,0.0288635558064,0.0426789391904,-0.0157732366132,203,4.19,1,0.134078212291,OK
NGC5055,20.07,6.271875,-3.51270869595,0.0298160423642,0.029924671612,-0.0127322515691,200,1.23,1,0.117318435754,OK
NGC5055,22.96,7.175,-3.49054758478,0.0304841749298,0.0194892869713,-0.010486148002,194,4.09,1,0.0837988826816,OK
NGC5055,25.85,8.078125,-3.47697612614,0.0309007097484,0.0108206728252,-0.00878592785027,188,5.2,1,0.0502793296089,OK
NGC5055,28.74,8.98125,-3.47059657559,0.0310984725365,0.00350516081421,-0.0074680306894,184,1.16,1,0.0279329608939,OK
NGC5055,31.62,9.88125,-3.47031827155,0.0311071285712,-0.002731040097,-0.00642908375954,182,2.47,1,0.0167597765363,OK
NGC5055,34.51,10.784375,-3.47528655854,0.0309529627164,-0.00814524243757,-0.00559015888615,180,3.85,1,0.00558659217877,OK
NGC5055,37.4,11.6875,-3.48482479981,0.030659129444,-0.0128745140379,-0.00490533454309,181,8.43,1,0.0111731843575,OK
NGC5055,40.29,12.590625,-3.49837202773,0.0302465839629,-0.0170410949183,-0.00433905617665,180,4.55,1,0.00558659217877,OK
NGC5055,43.17,13.490625,-3.51539982519,0.0297359114107,-0.0207276881518,-0.0038669642008,179,0.44,1,0,OK
NGC5055,45.92,14.35,-3.53459169094,0.029170665205,-0.0238822786736,-0.00348457972749,179,1.96,1,0,OK
NGC5055,48.81,15.253125,-3.55753287645,0.0285090734288,-0.0268700085829,-0.00314077289922,179,2.99,1,0,OK
NGC5055,51.7,16.15625,-3.58303907236,0.0277911105903,-0.0295698697589,-0.00284544767526,174,3.39,1,-0.0279329608939,OK
NGC5055,54.59,17.059375,-3.61086881165,0.0270283541135,-0.032021554391,-0.00258989929183,172,4.84,1,-0.0391061452514,OK
NGC5371,1.45,0.194892473118,-4.16628993421,0.0155096955042,0.27611040172,-0.128897521187,216,10,1,0.0310262529833,OK
NGC5371,2.88,0.387096774194,-4.11549706761,0.0163178273298,0.252934981395,-0.112793603001,215,7,1,0.0262529832936,OK
NGC5371,4.33,0.581989247312,-4.06825495441,0.017107215346,0.232302818213,-0.09936076464,215,5,1,0.0262529832936,OK
NGC5371,5.78,0.77688172043,-4.02479400831,0.0178671042493,0.214058931812,-0.0881920951923,214,4,1,0.0214797136038,OK
NGC5371,7.22,0.970430107527,-3.98495443908,0.018593291431,0.197917289217,-0.0788654309191,215,4,1,0.0262529832936,OK
NGC5371,8.66,1.16397849462,-3.94807361881,0.0192918294202,0.183439917822,-0.0709436677732,221,3,1,0.054892601432,OK
NGC5371,11.55,1.55241935484,-3.88182756823,0.0206131188556,0.158466321776,-0.0582637875236,233,3,1,0.112171837709,OK
NGC5371,14.48,1.94623655914,-3.82367157652,0.0218474389132,0.137512858771,-0.0485873862037,237,3,1,0.131264916468,OK
NGC5371,17.28,2.32258064516,-3.77518107232,0.0229329377456,0.120627982117,-0.041428771643,242,3,1,0.155131264916,OK
NGC5371,20.2,2.71505376344,-3.7308682196,0.0239720138267,0.105571109312,-0.035526111523,241,3,1,0.150357995227,OK
NGC5371,23.12,3.10752688172,-3.69204266446,0.0249210446833,0.0925884547171,-0.0308006228576,240,3,1,0.145584725537,OK
NGC5371,26.04,3.5,-3.65797277813,0.0257847311503,0.0812790254758,-0.0269588923563,234,3,1,0.116945107399,OK
NGC5371,28.84,3.87634408602,-3.62921788282,0.0265369312845,0.0717236563942,-0.0239123741272,226,3,1,0.0787589498807,OK
NGC5371,31.76,4.2688172043,-3.60283866899,0.0272462694275,0.0628756810795,-0.0212542251021,213,3,1,0.0167064439141,OK
NGC5371,34.68,4.66129032258,-3.57973872381,0.0278829824631,0.0549854331584,-0.0190158696318,207,3,1,-0.0119331742243,OK
NGC5371,37.48,5.0376344086,-3.56034708598,0.0284289557097,0.0481820015355,-0.0171857965318,208,4,1,-0.00715990453461,OK
NGC5371,40.4,5.43010752688,-3.54271683599,0.0289346096106,0.0417670925676,-0.0155450276219,209,4,1,-0.00238663484487,OK
NGC5371,43.32,5.82258064516,-3.527483938,0.0293787416884,0.0359507029989,-0.0141284865951,207,4,1,-0.0119331742243,OK
NGC5371,46.24,6.21505376344,-3.51442969509,0.0297647731108,0.0306528023397,-0.0128971023239,213,6,1,0.0167064439141,OK
NGC5585,0.09,0.0588235294118,-4.20509358173,0.0149193898215,0.294550168582,-0.142478147367,11.2,2.02,1,-0.875968992248,OK
NGC5585,0.26,0.169934640523,-4.17322143753,0.0154025617263,0.27935649085,-0.131238899657,26.5,1.03,1,-0.706533776301,OK
NGC5585,0.43,0.281045751634,-4.14297084067,0.0158756174469,0.265338639165,-0.12127893084,33.7,1.03,1,-0.626799557032,OK
NGC5585,0.6,0.392156862745,-4.11421863658,0.0163387018871,0.252365204066,-0.112411210963,32.7,1.12,1,-0.637873754153,OK
NGC5585,0.77,0.503267973856,-4.0868551891,0.0167919581437,0.240323654448,-0.104481681072,33.7,1.03,1,-0.626799557032,OK
NGC5585,0.94,0.614379084967,-4.06078247155,0.0172355275277,0.229117065005,-0.0973625165559,35.7,2.24,1,-0.604651162791,OK
NGC5585,1.11,0.725490196078,-4.03591248337,0.0176695495848,0.218661501612,-0.0909469433181,37.8,3.35,1,-0.581395348837,OK
NGC5585,1.28,0.83660130719,-4.01216592777,0.0180941621159,0.20888391534,-0.0851452107719,41.8,3.35,1,-0.537098560354,OK
NGC5585,1.46,0.954248366013,-3.98816744229,0.0185336469961,0.199199295075,-0.0795871256038,43.9,2.14,1,-0.513842746401,OK
NGC5585,1.63,1.06535947712,-3.96651543495,0.0189393135562,0.190625047486,-0.0748228487236,44.9,1.25,1,-0.50276854928,OK
NGC5585,2.05,1.33986928105,-3.91687252549,0.0199032443974,0.171520015285,-0.0647359595639,53.2,1.6,1,-0.410852713178,OK
NGC5585,2.74,1.7908496732,-3.84563959237,0.0213727273554,0.145330463978,-0.0520948997014,64.3,0.9,1,-0.287929125138,OK
NGC5585,3.42,2.23529411765,-3.78586998617,0.0226891149717,0.124309564011,-0.0429410283871,73.1,2.4,1,-0.190476190476,OK
NGC5585,4.11,2.6862745098,-3.73392124292,0.0238989383168,0.106599100543,-0.0359146875052,76.2,4.4,1,-0.156146179402,OK
NGC5585,4.79,3.13071895425,-3.68990360729,0.0249744092771,0.0918770201426,-0.0305514139496,78.4,3.8,1,-0.131782945736,OK
NGC5585,5.48,3.58169934641,-3.65142151064,0.0259542083601,0.0791056559283,-0.0262499177012,83.1,3.1,1,-0.0797342192691,OK
NGC5585,6.16,4.02614379085,-3.6187379239,0.0268164996077,0.0682226878768,-0.0228418775243,88,3,1,-0.0254706533776,OK
NGC5585,6.85,4.47712418301,-3.590193227,0.0275929981957,0.0585787693637,-0.0200198097415,89.9,2.4,1,-0.00442967884828,OK
NGC5585,7.53,4.92156862745,-3.56605631261,0.0282671108028,0.0502075036611,-0.0177209640094,90.6,2.8,1,0.00332225913621,OK
NGC5585,8.21,5.3660130719,-3.54542597642,0.028856327776,0.0427714688906,-0.0157964870712,91.6,2.6,1,0.0143964562569,OK
NGC5585,8.9,5.81699346405,-3.52768502171,0.0293728346961,0.036029693871,-0.0141472710678,92.3,1.4,1,0.0221483942414,OK
NGC5585,9.57,6.25490196078,-3.5132184449,0.029800847541,0.0301411912939,-0.0127811614335,90.9,1,1,0.00664451827243,OK
NGC5585,10.31,6.7385620915,-3.50008292905,0.030194879286,0.0242799438392,-0.0114902430738,89.6,2.7,1,-0.0077519379845,OK
NGC5585,10.96,7.16339869281,-3.49077439221,0.0304772616764,0.0196110846907,-0.0105111074711,89.4,2.7,1,-0.00996677740864,OK
NGC5907,5.03,0.941947565543,-3.99062378819,0.0184881778152,0.200181689534,-0.0801423810429,214,6,1,-0.0046511627907,OK
NGC5907,7.55,1.4138576779,-3.90435703318,0.0201539086208,0.166818805974,-0.0623657789019,220,6,1,0.0232558139535,OK
NGC5907,10.07,1.88576779026,-3.83207643631,0.0216645837648,0.140490567652,-0.0499089786914,235,4,1,0.093023255814,OK
NGC5907,12.58,2.35580524345,-3.77119601958,0.0230245090492,0.119260773644,-0.0408740760641,235,4,1,0.093023255814,OK
NGC5907,15.1,2.82771535581,-3.71919672853,0.0242534421212,0.101651904837,-0.0340640592335,230,2,1,0.0697674418605,OK
NGC5907,17.61,3.29775280899,-3.67497511346,0.0253500363895,0.0869186628381,-0.0288426604023,231,2,1,0.0744186046512,OK
NGC5907,20.13,3.76966292135,-3.6370070331,0.0263310340619,0.0743174454755,-0.024721289575,232,2,1,0.0790697674419,OK
NGC5907,22.65,4.24157303371,-3.60455957364,0.0271994215177,0.0634570439181,-0.0214240748715,225,7,1,0.046511627907,OK
NGC5907,25.16,4.71161048689,-3.5769958122,0.0279595680049,0.054035145569,-0.0187546870849,224,7,1,0.0418604651163,OK
NGC5907,27.68,5.18352059925,-3.55349857931,0.0286243198151,0.0457218806944,-0.0165468315664,229,2,1,0.0651162790698,OK
NGC5907,30.2,5.65543071161,-3.53369311802,0.0291968889551,0.0383601494635,-0.0147070815941,218,2,1,0.0139534883721,OK
NGC5907,32.71,6.12546816479,-3.51722785182,0.0296816030264,0.0318200725755,-0.0131635878892,214,2,1,-0.0046511627907,OK
NGC5907,35.23,6.59737827715,-3.50362654955,0.0300880694512,0.0259271081268,-0.0118460837091,213,2,1,-0.0093023255814,OK
NGC5907,37.75,7.06928838951,-3.49266684605,0.0304196394065,0.0206099255546,-0.0107169148608,211,2,1,-0.0186046511628,OK
NGC5907,40.26,7.5393258427,-3.48412622577,0.0306805545985,0.0158063153057,-0.00974542573019,217,2,1,0.0093023255814,OK
NGC5907,42.78,8.01123595506,-3.47771964791,0.0308777429373,0.0114120630046,-0.00889714347561,216,3,1,0.0046511627907,OK
NGC5907,45.29,8.48127340824,-3.47331027955,0.0310141948924,0.00740761410343,-0.00815774243989,215,3,1,0,OK
NGC5907,47.81,8.9531835206,-3.47069789926,0.0310953216846,0.00371527175573,-0.00750438947335,217,5,1,0.0093023255814,OK
NGC5907,50.33,9.42509363296,-3.46975813821,0.031124557592,0.000312962812754,-0.00692649556254,214,5,1,-0.0046511627907,OK
NGC5985,3.54,0.504992867332,-4.08644081177,0.0167989177923,0.240143535103,-0.104365271307,223,8,1,-0.240463215259,OK
NGC5985,4.23,0.603423680456,-4.0632983978,0.0171922187154,0.230187369499,-0.0980315956292,230,6.13,1,-0.216621253406,OK
NGC5985,4.97,0.708987161198,-4.03953348771,0.017605683768,0.220169909366,-0.0918590120616,248,5.1,1,-0.155313351499,OK
NGC5985,5.74,0.818830242511,-4.01589150888,0.0180268762645,0.210404923629,-0.0860351740983,258,6.6,1,-0.121253405995,OK
NGC5985,6.47,0.922967189729,-3.99443779964,0.0184177979933,0.201711039604,-0.0810106205206,263,7,1,-0.104223433243,OK
NGC5985,7.22,1.02995720399,-3.97331118839,0.0188110429922,0.1932998488,-0.0762933210441,272,6.25,1,-0.0735694822888,OK
NGC5985,8.02,1.14407988588,-3.95173791303,0.0192212678394,0.184859119945,-0.0717016980467,287,4.01,1,-0.0224795640327,OK
NGC5985,8.79,1.25392296719,-3.93185667714,0.0196072344326,0.17720821945,-0.0676628446404,289,7.25,1,-0.0156675749319,OK
NGC5985,9.5,1.35520684736,-3.91424942041,0.0199555212329,0.17053098279,-0.0642336534857,292,6.93,1,-0.00544959128065,OK
NGC5985,10.27,1.46504992867,-3.89589823249,0.0203251095735,0.163666461935,-0.0608012375089,302,10.4,1,0.0286103542234,OK
NGC5985,11.08,1.58059914408,-3.87738504996,0.0207048967242,0.156835553024,-0.0574791804998,302,10.3,1,0.0286103542234,OK
NGC5985,11.82,1.68616262482,-3.86114390388,0.0210439135354,0.150917625421,-0.0546765778523,304,10.4,1,0.0354223433243,OK
NGC5985,12.56,1.79172610556,-3.84551224005,0.0213754493951,0.145284815454,-0.0520740638664,303,10.4,1,0.0320163487738,OK
NGC5985,13.39,1.91012838802,-3.82866875755,0.0217385356372,0.139281336021,-0.0493701485604,305,10.1,1,0.0388283378747,OK
NGC5985,14.1,2.01141226819,-3.81481129713,0.0220418734261,0.134390991377,-0.0472208541073,300,8.78,1,0.0217983651226,OK
NGC5985,14.93,2.12981455064,-3.79922452377,0.0223881265861,0.128940179723,-0.0448816034764,295,9.72,1,0.00476839237057,OK
NGC5985,15.64,2.23109843081,-3.78639192835,0.0226772756555,0.124489887899,-0.0430157951192,294,5.32,1,0.00136239782016,OK
NGC5985,16.35,2.33238231098,-3.7740007046,0.0229600230273,0.120222719656,-0.0412639611599,290,5.32,1,-0.0122615803815,OK
NGC5985,17.18,2.45078459344,-3.76005074624,0.0232825588425,0.115451722987,-0.0393484076303,291,4.03,1,-0.00885558583106,OK
NGC5985,17.89,2.55206847361,-3.74855651091,0.0235517179788,0.111544856857,-0.0378137054645,286,3.25,1,-0.0258855585831,OK
NGC5985,18.72,2.67047075606,-3.73561040283,0.0238586032641,0.107168392448,-0.0361307865609,287,3.61,1,-0.0224795640327,OK
NGC5985,19.44,2.77318116976,-3.72479122776,0.0241181350983,0.103528448131,-0.0347602672442,294,3.35,1,0.00136239782016,OK
NGC5985,20.26,2.89015691869,-3.7129153259,0.0244062672319,0.0995491252173,-0.0332922839252,290,3.75,1,-0.0122615803815,OK
NGC5985,20.98,2.99286733238,-3.70286403774,0.0246528186608,0.096192565312,-0.0320786629466,288,3.04,1,-0.0190735694823,OK
NGC5985,21.69,3.09415121255,-3.69328385657,0.0248901320676,0.0930014030317,-0.0309457391196,290,6.4,1,-0.0122615803815,OK
NGC5985,22.52,3.21255349501,-3.68248622813,0.0251603426568,0.0894121167687,-0.0296958106122,294,4.19,1,0.00136239782016,OK
NGC5985,23.23,3.31383737518,-3.67358078869,0.0253854072268,0.0864560049828,-0.028685726912,297,4.12,1,0.0115803814714,OK
NGC5985,24.06,3.43223965763,-3.66354262602,0.0256415133407,0.0831263216805,-0.0275689260207,293,5.15,1,-0.00204359673025,OK
NGC5985,24.77,3.5335235378,-3.65526311086,0.0258546939375,0.0803802153354,-0.0266645460065,291,6.21,1,-0.00885558583106,OK
NGC5985,25.95,3.70185449358,-3.64210362348,0.0261971769641,0.0760118218866,-0.0252569742724,297,4,1,0.0115803814714,OK
NGC5985,28.92,4.12553495007,-3.61206889751,0.0269959372232,0.0659860055418,-0.0221707969813,292,4,1,-0.00544959128065,OK
NGC5985,31.76,4.53067047076,-3.58708510767,0.0276788939449,0.0575148435323,-0.019719869018,288,4,1,-0.0190735694823,OK
NGC5985,34.72,4.95292439372,-3.56449070518,0.0283114006628,0.0496541589623,-0.0175739475841,285,4,1,-0.0292915531335,OK
NGC6015,0.34,0.147826086957,-4.17942985178,0.0153072324706,0.282281419566,-0.133366677443,35.5,2.1,1,-0.769630110318,OK
NGC6015,0.67,0.291304347826,-4.14025520518,0.0159187884288,0.264098916581,-0.120416997881,62.4,4.2,1,-0.595068137573,OK
NGC6015,1,0.434782608696,-4.10356254184,0.0165137395952,0.247641106627,-0.109265757958,90.7,3.8,1,-0.411421155094,OK
NGC6015,1.32,0.573913043478,-4.07013432524,0.0170750947372,0.233107324067,-0.0998685971804,104,2,1,-0.325113562622,OK
NGC6015,1.65,0.717391304348,-4.03768638676,0.0176382332951,0.219399874473,-0.0913928367881,105,2.4,1,-0.318624269955,OK
NGC6015,1.98,0.860869565217,-4.00712163434,0.0181856649686,0.206832118972,-0.0839520065486,108,2,1,-0.299156391953,OK
NGC6015,2.31,1.00434782609,-3.978286614,0.018717682494,0.195267592379,-0.0773842236336,116,2.3,1,-0.247242050616,OK
NGC6015,2.63,1.14347826087,-3.95184914187,0.0192191299989,0.18490226443,-0.0717248056548,130,3.3,1,-0.156391953277,OK
NGC6015,2.96,1.28695652174,-3.92603956701,0.0197216242612,0.174992117514,-0.0665148472116,141,2.2,1,-0.085009733939,OK
NGC6015,3.28,1.42608695652,-3.90232161362,0.0201949720572,0.166058439673,-0.0619865823564,146,1.6,1,-0.0525632706035,OK
NGC6015,3.61,1.56956521739,-3.87911906711,0.020669025188,0.157471456284,-0.0577844981461,150,1.4,1,-0.0266060999351,OK
NGC6015,3.94,1.71304347826,-3.85710678103,0.0211290421212,0.149457052856,-0.0539956590783,152,1.1,1,-0.0136275146009,OK
NGC6015,4.27,1.85652173913,-3.83620666842,0.0215752885371,0.141959807711,-0.0505676031462,155,1.3,1,0.00584036340039,OK
NGC6015,4.6,2,-3.81634808327,0.0220080257953,0.134931228176,-0.0474559367645,152,1.8,1,-0.0136275146009,OK
NGC6015,4.94,2.14782608696,-3.79690937472,0.0224400184818,0.128134866004,-0.0445410360944,150,2.4,1,-0.0266060999351,OK
NGC6015,5.3,2.30434782609,-3.77738736378,0.0228823967755,0.1213861591,-0.0417379860556,147,5.5,1,-0.0460739779364,OK
NGC6015,5.63,2.44782608696,-3.76039248319,0.0232746036914,0.115568203864,-0.0393946325005,145,3.8,1,-0.0590525632706,OK
NGC6015,5.96,2.59130434783,-3.74420890996,0.0236543343562,0.110072437199,-0.0372432274976,152,4.1,1,-0.0136275146009,OK
NGC6015,6.27,2.72608695652,-3.7297055925,0.0239999005475,0.105179956297,-0.0353788125754,149,1.4,1,-0.0330953926022,OK
NGC6015,8.24,3.58260869565,-3.65134958683,0.025956075153,0.0790817891018,-0.0262421845472,149,4,1,-0.0330953926022,OK
NGC6015,10.3,4.47826086957,-3.59012665424,0.0275948351991,0.0585560167744,-0.0200133716688,146,4,1,-0.0525632706035,OK
NGC6015,11.13,4.83913043478,-3.57025598901,0.0281486470137,0.0516845978055,-0.01811640769,149,3.2,1,-0.0330953926022,OK
NGC6015,11.95,5.19565217391,-3.55294511727,0.0286401666743,0.0455214543449,-0.0164953082553,152,2.8,1,-0.0136275146009,OK
NGC6015,12.72,5.53043478261,-3.53860404655,0.0290538566182,0.0402267701483,-0.0151633063404,153,2.4,1,-0.00713822193381,OK
NGC6015,13.58,5.90434782609,-3.52459127718,0.0294638474553,0.0348065763807,-0.0138578062658,156,2.2,1,0.0123296560675,OK
NGC6015,14.43,6.27391304348,-3.51264773461,0.0298178600456,0.0298987286958,-0.012726397586,158,2.8,1,0.0253082414017,OK
NGC6015,15.29,6.64782608696,-3.50233360281,0.0301269968826,0.0253327625373,-0.0117170601458,158,3.1,1,0.0253082414017,OK
NGC6015,16.02,6.9652173913,-3.49487019805,0.030352688019,0.0217373925658,-0.0109516225246,159,3.8,1,0.0317975340688,OK
NGC6015,16.88,7.33913043478,-3.48748847884,0.0305775720333,0.0177966397157,-0.0101423524852,161,3.6,1,0.044776119403,OK
NGC6015,17.73,7.70869565217,-3.48158735365,0.0307585475684,0.0141828782819,-0.00942753336933,163,4,1,0.0577547047372,OK
NGC6015,18.59,8.08260869565,-3.47692769782,0.0309022062539,0.0107812959477,-0.00877854755301,162,4.8,1,0.0512654120701,OK
NGC6015,19.32,8.4,-3.47393939661,0.0309946894694,0.00807552451981,-0.00827884017792,164,5.7,1,0.0642439974043,OK
NGC6015,20.18,8.77391304348,-3.47148578867,0.031070831659,0.00508180932125,-0.00774301740086,165,7,1,0.0707332900714,OK
NGC6015,21.04,9.14782608696,-3.47011532584,0.0311134422702,0.00227881884136,-0.00725757913093,166,6.3,1,0.0772225827385,OK
NGC6015,21.89,9.51739130435,-3.46975860517,0.0311245430579,-0.000321463238131,-0.00682129711907,163,7,1,0.0577547047372,OK
NGC6015,22.63,9.83913043478,-3.47020895699,0.0311105292194,-0.00245933226916,-0.00647272950374,159,8.5,1,0.0317975340688,OK
NGC6015,23.48,10.2086956522,-3.47155128758,0.0310687966199,-0.0047823580519,-0.00610433588695,155,9.1,1,0.00584036340039,OK
NGC6015,24.34,10.5826086957,-3.47375806722,0.0310003102272,-0.00700006106478,-0.00576271471417,154,8,1,-0.00064892926671,OK
NGC6015,25.19,10.952173913,-3.47673136885,0.0309082738481,-0.00907164251579,-0.00545248811748,149,5.4,1,-0.0330953926022,OK
NGC6015,25.93,11.2739130435,-3.4799278897,0.0308096326444,-0.0107852111469,-0.00520236131218,153,3.1,1,-0.00713822193381,OK
NGC6015,26.78,11.6434782609,-3.48426280416,0.030676364584,-0.0126579048311,-0.00493572325441,156,3,1,0.0123296560675,OK
NGC6015,27.64,12.0173913043,-3.48933486809,0.0305211660229,-0.0144561965407,-0.00468628020854,151,9.4,1,-0.020116807268,OK
NGC6015,28.37,12.3347826087,-3.49415581634,0.0303743791711,-0.0159119512622,-0.00448908794326,158,7.7,1,0.0253082414017,OK
NGC6015,29.23,12.7086956522,-3.5004141697,0.0301848791706,-0.0175494563339,-0.00427234153716,152,3.4,1,-0.0136275146009,OK
NGC6195,1.33,0.0954088952654,-4.1944118399,0.0150796090788,0.289408557103,-0.13862304965,175,13.6,1,-0.304727850616,OK
NGC6195,2.34,0.167862266858,-4.17380065053,0.0153936429456,0.279628671231,-0.131436178821,237,3.65,1,-0.0584028605483,OK
NGC6195,3.33,0.238880918221,-4.1542676766,0.0156972824086,0.270528553554,-0.124920654364,247,3.81,1,-0.0186730234406,OK
NGC6195,4.34,0.311334289813,-4.13498936341,0.0160028353444,0.261703619898,-0.118760344222,242,3.56,1,-0.0385379419944,OK
NGC6195,5.35,0.383787661406,-4.11633467601,0.0163041651032,0.253308643421,-0.113044729606,240,4.2,1,-0.046483909416,OK
NGC6195,6.34,0.454806312769,-4.09862565841,0.0165954675774,0.24546758775,-0.107833552666,233,4.59,1,-0.0742947953913,OK
NGC6195,7.34,0.526542324247,-4.08128996965,0.0168856695963,0.237910068873,-0.102927189708,233,4.63,1,-0.0742947953913,OK
NGC6195,8.32,0.596843615495,-4.06481517081,0.0171661617882,0.230833755462,-0.0984367803048,247,6.41,1,-0.0186730234406,OK
NGC6195,9.34,0.670014347202,-4.04818444431,0.0174540346624,0.223792705953,-0.0940681493322,248,7.64,1,-0.0147000397298,OK
NGC6195,10.38,0.744619799139,-4.03174615255,0.0177433203437,0.216931701889,-0.0899066099044,242,9.05,1,-0.0385379419944,OK
NGC6195,11.36,0.814921090387,-4.01671467161,0.0180120433176,0.210741634293,-0.0862328137536,252,12.5,1,0.00119189511323,OK
NGC6195,12.34,0.885222381636,-4.0021094675,0.0182770433661,0.204801976061,-0.0827796816233,245,8.72,1,-0.0266189908621,OK
NGC6195,13.32,0.955523672884,-3.98791346676,0.0185383546866,0.199097833571,-0.0795298889022,247,4.44,1,-0.0186730234406,OK
NGC6195,14.3,1.02582496413,-3.9741106016,0.0187960112051,0.193615471347,-0.0764677784194,238,9.29,1,-0.0544298768375,OK
NGC6195,15.47,1.10975609756,-3.95812547561,0.0190988820776,0.187343023257,-0.0730381059841,249,9.98,1,-0.0107270560191,OK
NGC6195,16.35,1.17288378766,-3.94644284121,0.0193233157701,0.18280963866,-0.0706083121322,250,6.15,1,-0.0067540723083,OK
NGC6195,17.92,1.28550932568,-3.92629288458,0.0197166290599,0.175088413481,-0.0665645268538,253,6.96,1,0.005164878824,OK
NGC6195,19.1,1.37015781923,-3.91170697752,0.020006321557,0.169574252514,-0.0637496145058,258,15.4,1,0.0250297973778,OK
NGC6195,22.52,1.61549497848,-3.87194694525,0.0208177988291,0.154846410647,-0.0565293507351,254,6.51,1,0.00913786253476,OK
NGC6195,26.05,1.868723099,-3.83447832293,0.021612610333,0.141344502431,-0.0502912513779,256,7.73,1,0.0170838299563,OK
NGC6195,29.48,2.11477761836,-3.8011684734,0.0223446474701,0.12961721814,-0.0451689268086,255,8.5,1,0.0131108462455,OK
NGC6195,33,2.36728837877,-3.76982922269,0.0230560003928,0.118792498238,-0.0406849497018,244,5.75,1,-0.0305919745729,OK
NGC6195,36.43,2.61334289813,-3.74179209193,0.0237115717163,0.109255126569,-0.0369284380371,246,4.24,1,-0.0226460071514,OK
NGC6503,0.76,0.351851851852,-4.12448235554,0.0161718636976,0.256958003371,-0.115512032169,77,10,1,-0.337919174549,OK
NGC6503,1.52,0.703703703704,-4.04069802956,0.0175851931459,0.220656020974,-0.0921539122253,100,5,1,-0.140154772141,OK
NGC6503,2.28,1.05555555556,-3.96838791028,0.0189038833404,0.191360577327,-0.0752257799438,110,2,1,-0.0541702493551,OK
NGC6503,3.04,1.40740740741,-3.90543435839,0.0201322079983,0.167221731164,-0.0625671874049,118,2,1,0.0146173688736,OK
NGC6503,3.79,1.75462962963,-3.85093782904,0.0212597890387,0.147233072329,-0.0529670339678,121,2,1,0.0404127257094,OK
NGC6503,4.55,2.10648148148,-3.80224535181,0.0223205979532,0.129992607617,-0.0453286306464,121,2,1,0.0404127257094,OK
NGC6503,5.31,2.45833333333,-3.7591803512,0.0233028326881,0.115155136202,-0.0392308311158,117,2,1,0.00601891659501,OK
NGC6503,6.07,2.81018518519,-3.72098394914,0.0242101345811,0.102250991922,-0.0342855585703,116,2,1,-0.00257953568358,OK
NGC6503,6.83,3.16203703704,-3.68704112347,0.0250460005352,0.090925417576,-0.0302196589804,116,2,1,-0.00257953568358,OK
NGC6503,7.59,3.51388888889,-3.65684649903,0.0258137883142,0.0809054483353,-0.0268363554347,116,2,1,-0.00257953568358,OK
NGC6503,8.35,3.86574074074,-3.62997973923,0.0265167216527,0.0719776239744,-0.0239909838223,115,1,1,-0.0111779879622,OK
NGC6503,9.11,4.21759259259,-3.60608747608,0.0271578951874,0.0639726123336,-0.0215752678209,115,1,1,-0.0111779879622,OK
NGC6503,9.86,4.56481481481,-3.58513275952,0.027732985568,0.0568447345803,-0.0195321146799,116,1,1,-0.00257953568358,OK
NGC6503,10.64,4.92592592593,-3.56583771169,0.0282732906947,0.0501303328941,-0.0177004240026,117,1,1,0.00601891659501,OK
NGC6503,11.38,5.26851851852,-3.54967165494,0.0287340727963,0.0443306457361,-0.0161908455073,117,1,1,0.00601891659501,OK
NGC6503,12.12,5.61111111111,-3.5354077205,0.0291468707896,0.0390154837086,-0.0148664594385,118,1,1,0.0146173688736,OK
NGC6503,12.86,5.9537037037,-3.52289018178,0.0295140109248,0.0341265631583,-0.0136981674805,117,1,1,0.00601891659501,OK
NGC6503,13.7,6.34259259259,-3.51062416372,0.0298782596901,0.0290314053233,-0.0125314620186,116,1,1,-0.00257953568358,OK
NGC6503,14.44,6.68518518519,-3.50139534843,0.0301552769342,0.0248967868002,-0.0116228655106,115,1,1,-0.0111779879622,OK
NGC6503,15.18,7.02777777778,-3.49353163653,0.0303933441635,0.0210567112111,-0.0108096192441,117,1,1,0.00601891659501,OK
NGC6503,15.91,7.36574074074,-3.48701848936,0.0305919465484,0.017527469962,-0.010088209171,116,1,1,-0.00257953568358,OK
NGC6503,16.65,7.70833333333,-3.48159249299,0.0307583894901,0.0141862941751,-0.00942819671661,115,2,1,-0.0111779879622,OK
NGC6503,17.49,8.09722222222,-3.47677108157,0.0309070464208,0.010653185818,-0.00875455768895,115,2,1,-0.0111779879622,OK
NGC6503,18.23,8.43981481481,-3.47362441718,0.0310044536967,0.0077470938291,-0.00821918145451,115,2,1,-0.0111779879622,OK
NGC6503,18.97,8.78240740741,-3.47144290114,0.0310721642388,0.00501608643854,-0.00773145522688,114,2,1,-0.0197764402408,OK
NGC6503,19.71,9.125,-3.47016923552,0.0311117649996,0.00244480374577,-0.00728588766346,115,2,1,-0.0111779879622,OK
NGC6503,20.45,9.46759259259,-3.46975107809,0.0311247773359,1.96314704417e-05,-0.00687775626928,114,2,1,-0.0197764402408,OK
NGC6503,21.29,9.85648148148,-3.47025260241,0.0311091714169,-0.00257148434252,-0.00645469607856,116,2,1,-0.00257953568358,OK
NGC6503,22.03,10.1990740741,-3.47150555645,0.0310702174638,-0.00472358052221,-0.00611352394786,115,3,1,-0.0111779879622,OK
NGC6503,22.76,10.537037037,-3.47344506059,0.0310100150484,-0.00673653293192,-0.00580279434452,118,4,1,0.0146173688736,OK
NGC6503,23.5,10.8796296296,-3.47608767181,0.0309281758169,-0.00867396541972,-0.00551137598564,115,10,1,-0.0111779879622,OK
NGC6674,2.5,0.413907284768,-4.10875604812,0.0164281977084,0.249937913642,-0.110789469459,206,75,1,-0.146290924161,OK
NGC6674,7.49,1.24006622517,-3.93431871732,0.0195590200109,0.178149197721,-0.0681532661723,285,8,1,0.181102362205,OK
NGC6674,12.54,2.0761589404,-3.80620798697,0.02223232458,0.13137601794,-0.0459196150154,291,7,1,0.205967675093,OK
NGC6674,17.45,2.88907284768,-3.71302326378,0.0244036330132,0.0995852235573,-0.0333054583596,274,5,1,0.135515955242,OK
NGC6674,22.47,3.7201986755,-3.64071349015,0.0262336198573,0.0755498501599,-0.0251103505041,266,4,1,0.102362204724,OK
NGC6674,27.48,4.54966887417,-3.58599596999,0.0277090564938,0.057141194363,-0.0196150674308,255,2,1,0.0567757977621,OK
NGC6674,32.5,5.38079470199,-3.54479546799,0.0288745276709,0.0425384040534,-0.0157379563128,250,2,1,0.0360547036884,OK
NGC6674,37.51,6.21026490066,-3.51457663509,0.0297603997963,0.0307145984007,-0.0129111419326,242,2,1,0.00290095317033,OK
NGC6674,42.42,7.02317880795,-3.49362859006,0.0303903975643,0.0211064481057,-0.0108199639399,237,2,1,-0.0178201409034,OK
NGC6674,47.44,7.85430463576,-3.47962120823,0.030819082837,0.0128292818429,-0.00916650938491,235,2,1,-0.0261085785329,OK
NGC6674,52.45,8.68377483444,-3.47197547679,0.0310556203664,0.00578533113759,-0.00786732432778,236,2,1,-0.0219643597182,OK
NGC6674,57.47,9.51490066225,-3.46975782568,0.0311245673192,-0.00030447033285,-0.00682410433482,242,2,1,0.00290095317033,OK
NGC6674,62.48,10.3443708609,-3.47225592468,0.0310469121045,-0.00560187791024,-0.00597694891774,246,2,1,0.0194778284293,OK
NGC6674,67.4,11.1589403974,-3.47872246097,0.0308467938539,-0.0101820803313,-0.0052897295898,242,4,1,0.00290095317033,OK
NGC6674,72.41,11.988410596,-3.48891788784,0.0305338954,-0.0143201148463,-0.00470493005558,242,5,1,0.00290095317033,OK
NGC6789,0.1,0.322580645161,-4.13205364259,0.0160498842287,0.260373155316,-0.117845114988,13.9,3.84,OMITTED,OMITTED,INVALID_VFLAT
NGC6789,0.3,0.967741935484,-3.98548675989,0.0185833964687,0.19812945323,-0.0789846399286,29.9,3.92,OMITTED,OMITTED,INVALID_VFLAT
NGC6789,0.51,1.64516129032,-3.86737798245,0.020913132199,0.153181139181,-0.0557402572465,46.7,4.1,OMITTED,OMITTED,INVALID_VFLAT
NGC6789,0.71,2.29032258065,-3.7790939474,0.0228433793547,0.121973226747,-0.0419782050966,60.4,9.4,OMITTED,OMITTED,INVALID_VFLAT
NGC6946,0.19,0.077868852459,-4.19950949558,0.0150029340214,0.291855994389,-0.140451505001,153,8,1,-0.0371302706104,OK
NGC6946,0.56,0.229508196721,-4.15680876455,0.0156574448703,0.271703291618,-0.125752435944,130,9,1,-0.181875393329,OK
NGC6946,0.94,0.385245901639,-4.1159654113,0.0163101867676,0.253143877831,-0.112933961368,128,3,1,-0.194461925739,OK
NGC6946,1.22,0.5,-4.08764111883,0.0167787660293,0.240665458908,-0.104702765094,134,3,1,-0.156702328508,OK
NGC6946,1.59,0.651639344262,-4.05231257648,0.0173821306173,0.225531005025,-0.0951374621394,129,4,1,-0.188168659534,OK
NGC6946,1.96,0.803278688525,-4.019174068,0.0179677989929,0.211749035509,-0.0868254838913,131,7,1,-0.175582127124,OK
NGC6946,2.34,0.959016393443,-3.98721855844,0.0185512416206,0.198820331228,-0.0793734487936,138,8,1,-0.131529263688,OK
NGC6946,2.71,1.1106557377,-3.95795696386,0.0191021007349,0.187277331217,-0.0730026030119,139,5,1,-0.125235997483,OK
NGC6946,2.99,1.22540983607,-3.93693708,0.019507874391,0.179151915129,-0.0686778140481,143,3,1,-0.100062932662,OK
NGC6946,3.37,1.38114754098,-3.90984724621,0.020043562558,0.16887560058,-0.0633973017541,146,2,1,-0.0811831340466,OK
NGC6946,3.74,1.53278688525,-3.88494991749,0.020548857874,0.15961563023,-0.0588199461217,154,2,1,-0.0308370044053,OK
NGC6946,4.12,1.68852459016,-3.86078759414,0.0210514130227,0.150788552526,-0.0546162322218,161,1,1,0.0132158590308,OK
NGC6946,4.4,1.80327868852,-3.84383729403,0.0214112821195,0.144684807294,-0.0518005832445,167,2,1,0.0509754562618,OK
NGC6946,4.77,1.95491803279,-3.8224795909,0.0218734962733,0.1370918543,-0.0484019632347,173,2,1,0.0887350534928,OK
NGC6946,5.15,2.1106557377,-3.80170312404,0.0223327040832,0.129803562307,-0.0452481689197,176,4,1,0.107614852108,OK
NGC6946,5.52,2.26229508197,-3.78252910304,0.0227650434164,0.123156566087,-0.0424645043244,178,5,1,0.120201384519,OK
NGC6946,5.89,2.41393442623,-3.76433200874,0.0231830931678,0.116912395552,-0.0399300318654,180,3,1,0.132787916929,OK
NGC6946,6.17,2.52868852459,-3.75117479031,0.0234901336584,0.112432977118,-0.0381598974502,179,4,1,0.126494650724,OK
NGC6946,6.55,2.68442622951,-3.7341183293,0.0238942286258,0.106665504212,-0.03593986046,180,5,1,0.132787916929,OK
NGC6946,6.92,2.83606557377,-3.71834909933,0.0242740087622,0.101367900213,-0.033959305542,181,4,1,0.139081183134,OK
NGC6946,7.3,2.99180327869,-3.70296640995,0.0246502950263,0.0962267052381,-0.0320908933869,179,4,1,0.126494650724,OK
NGC6946,7.58,3.10655737705,-3.69213244388,0.0249188073869,0.0926183211466,-0.0308111069298,179,2,1,0.126494650724,OK
NGC6946,7.95,3.25819672131,-3.67843594211,0.0252624558954,0.0880672819046,-0.0292341225986,179,1,1,0.126494650724,OK
NGC6946,8.33,3.41393442623,-3.66506890088,0.0256024071946,0.0836325157675,-0.0277372781015,178,1,1,0.120201384519,OK
NGC6946,8.7,3.56557377049,-3.6527005538,0.0259210330285,0.0795300597825,-0.0263876201707,177,2,1,0.113908118313,OK
NGC6946,9.08,3.72131147541,-3.64062943383,0.0262358250516,0.0755219122905,-0.0251014970777,176,2,1,0.107614852108,OK
NGC6946,9.36,3.83606557377,-3.63212628314,0.0264598633916,0.0726928478756,-0.0242130577588,173,3,1,0.0887350534928,OK
NGC6946,9.73,3.98770491803,-3.62137726774,0.0267458149662,0.0691058345161,-0.0231096067288,172,2,1,0.0824417872876,OK
NGC6946,10.1,4.1393442623,-3.61115978722,0.0270204906668,0.0656804703218,-0.022079902792,172,2,1,0.0824417872876,OK
NGC6946,10.48,4.29508196721,-3.60119456646,0.0272911019326,0.0623195732858,-0.0210923863509,170,2,1,0.0698552548773,OK
NGC6946,10.76,4.40983606557,-3.5941804936,0.0274831966053,0.0599388132264,-0.0204065284184,171,2,1,0.0761485210824,OK
NGC6946,11.13,4.56147540984,-3.58532269605,0.0277277185611,0.0569099906767,-0.0195503589754,174,2,1,0.0950283196979,OK
NGC6946,11.51,4.71721311475,-3.57669336759,0.0279680255045,0.0539301505958,-0.0187259404575,174,2,1,0.0950283196979,OK
NGC6946,11.88,4.86885245902,-3.56872779887,0.028191696384,0.0511482870092,-0.0179723234505,175,2,1,0.101321585903,OK
NGC6946,12.26,5.02459016393,-3.56097704756,0.0284110521995,0.0484065612742,-0.0172447241012,174,2,1,0.0950283196979,OK
NGC6946,12.54,5.1393442623,-3.55553461192,0.0285660990563,0.0464570366991,-0.0167365048536,173,6,1,0.0887350534928,OK
NGC6946,12.91,5.29098360656,-3.54867984091,0.0287625857903,0.0439679537327,-0.0160986768319,173,6,1,0.0887350534928,OK
NGC6946,13.29,5.44672131148,-3.54202506891,0.0289546325459,0.0415093646851,-0.0154808271754,173,8,1,0.0887350534928,OK
NGC6946,13.66,5.59836065574,-3.53590639539,0.0291323396005,0.0392053329833,-0.0149127914006,175,9,1,0.101321585903,OK
NGC6946,14.03,5.75,-3.53013069273,0.0293010861779,0.0369850814357,-0.0143754558246,174,9,1,0.0950283196979,OK
NGC6946,14.31,5.86475409836,-3.52598029534,0.0294229500462,0.03535782794,-0.0139878959115,171,9,1,0.0761485210824,OK
NGC6946,14.69,6.02049180328,-3.52064132657,0.0295804583495,0.0332187845302,-0.0134865002269,167,8,1,0.0509754562618,OK
NGC6946,15.06,6.17213114754,-3.51575731279,0.0297252830907,0.0312090913533,-0.013023762161,165,7,1,0.0383889238515,OK
NGC6946,15.44,6.32786885246,-3.51105297442,0.0298654503192,0.0292162199313,-0.0125728739528,163,8,1,0.0258023914412,OK
NGC6946,15.72,6.44262295082,-3.50778237306,0.0299632882086,0.0277917599886,-0.0122554569926,162,8,1,0.019509125236,OK
NGC6946,16.09,6.59426229508,-3.50370739547,0.0300856370517,0.025964032834,-0.0118541228217,161,9,1,0.0132158590308,OK
NGC6946,16.47,6.75,-3.49980596827,0.0302032432415,0.024148680427,-0.0114621193837,159,10,1,0.000629326620516,OK
NGC6946,16.84,6.90163934426,-3.49627445184,0.0303100950545,0.022438339045,-0.0110988219489,158,10,1,-0.00566393958464,OK
NGC6946,17.21,7.05327868852,-3.49299817975,0.0304095620245,0.0207817849909,-0.0107525270448,157,10,1,-0.0119572057898,OK
NGC6946,17.5,7.17213114754,-3.49060353983,0.030482469234,0.0195193790231,-0.0104923118737,157,10,1,-0.0119572057898,OK
NGC6946,17.87,7.3237704918,-3.48776303188,0.0305691780203,0.0179526670284,-0.0101738036162,157,9,1,-0.0119572057898,OK
NGC6946,18.24,7.47540983607,-3.48515649274,0.030648961714,0.0164331592104,-0.00986958137362,160,11,1,0.00692259282568,OK
NGC6946,18.62,7.63114754098,-3.4827156994,0.030723860865,0.0149195122259,-0.00957112366024,159,12,1,0.000629326620516,OK
NGC6946,18.9,7.74590163934,-3.48106617519,0.030774582439,0.01383338017,-0.0093597861403,160,14,1,0.00692259282568,OK
NGC6946,19.27,7.89754098361,-3.47907506122,0.0308359191841,0.0124345892961,-0.0090910879468,158,16,1,-0.00566393958464,OK
NGC6946,19.65,8.05327868852,-3.47724769611,0.0308923191828,0.0110394803117,-0.00882699481395,155,18,1,-0.0245437382001,OK
NGC6946,20.02,8.20491803279,-3.47567420896,0.0309409661127,0.00971976240689,-0.0085807559642,157,19,1,-0.0119572057898,OK
NGC6946,20.4,8.3606557377,-3.4742635452,0.0309846442126,0.00840241961826,-0.0083384341871,154,21,1,-0.0308370044053,OK
NGC7331,2.67,0.53187250996,-4.08002332526,0.0169070712863,0.237362384402,-0.102576070471,221,20,1,-0.0753138075314,OK
NGC7331,3.21,0.639442231076,-4.05507049826,0.0173342581054,0.22669578948,-0.0958573595125,237,13,1,-0.00836820083682,OK
NGC7331,3.74,0.745019920319,-4.03165936078,0.0177448603847,0.216895732666,-0.0898850408642,249,8,1,0.0418410041841,OK
NGC7331,4.27,0.850597609562,-4.00925064251,0.0181469887248,0.207697044491,-0.0844539698606,250,5,1,0.0460251046025,OK
NGC7331,4.81,0.958167330677,-3.987387398,0.0185481097016,0.198887740393,-0.0794114361018,253,5,1,0.0585774058577,OK
NGC7331,5.35,1.06573705179,-3.9664434651,0.0189406766649,0.190596799191,-0.0748073955769,257,5,1,0.0753138075314,OK
NGC7331,5.88,1.17131474104,-3.946729765,0.0193177722465,0.182920472604,-0.0706672265055,257,5,1,0.0753138075314,OK
NGC7331,6.41,1.27689243028,-3.92780407804,0.0196868559214,0.175663271051,-0.0668614849952,257,5,1,0.0753138075314,OK
NGC7331,7.48,1.49003984064,-3.89182712944,0.0204080238509,0.162156349658,-0.0600587937878,257,5,1,0.0753138075314,OK
NGC7331,8.55,1.703187251,-3.85858249043,0.0210978847904,0.149990468018,-0.0542438426099,255,5,1,0.0669456066946,OK
NGC7331,9.62,1.91633466135,-3.82780528945,0.0217573142755,0.138975353333,-0.0492342671857,248,6,1,0.0376569037657,OK
NGC7331,10.66,2.1235059761,-3.80003884641,0.0223699028489,0.129223697583,-0.0450018119565,247,6,1,0.0334728033473,OK
NGC7331,11.74,2.33864541833,-3.77324854543,0.0229772991154,0.119964607423,-0.0411591643561,246,6,1,0.0292887029289,OK
NGC7331,12.83,2.55577689243,-3.74814311576,0.0235614561577,0.111404728851,-0.0377592272267,244,6,1,0.0209205020921,OK
NGC7331,13.91,2.77091633466,-3.7250257918,0.0241124785145,0.103607207661,-0.0347896414671,242,4,1,0.0125523012552,OK
NGC7331,15,2.98804780876,-3.70332801285,0.0246413830196,0.0963473027553,-0.0321341154434,238,3,1,-0.00418410041841,OK
NGC7331,16.08,3.203187251,-3.6833249878,0.0251392480242,0.0896907046276,-0.0297919033754,236,3,1,-0.0125523012552,OK
NGC7331,17.07,3.40039840637,-3.66620349716,0.0255733752714,0.0840088164311,-0.0278627617845,233,3,1,-0.0251046025105,OK
NGC7331,18.15,3.61553784861,-3.64875966769,0.0260233864166,0.0782222413116,-0.0259644395183,234,3,1,-0.0209205020921,OK
NGC7331,19.24,3.83266932271,-3.63237330599,0.0264533280078,0.0727751249801,-0.024238670061,236,3,1,-0.0125523012552,OK
NGC7331,20.32,4.04780876494,-3.61726523012,0.0268560211943,0.0677294342732,-0.0226930247653,237,3,1,-0.00836820083682,OK
NGC7331,21.41,4.26494023904,-3.60308259561,0.0272396241474,0.0629581295731,-0.0212782719494,238,3,1,-0.00418410041841,OK
NGC7331,22.49,4.48007968127,-3.59002018496,0.0275977733576,0.0585196255833,-0.0200030765696,240,3,1,0.00418410041841,OK
NGC7331,23.48,4.67729083665,-3.57886135923,0.0279074567392,0.0546818393301,-0.0189322318128,238,3,1,-0.00418410041841,OK
NGC7331,24.57,4.89442231076,-3.56742580667,0.0282284256582,0.0506903072797,-0.0178497388515,237,3,1,-0.00836820083682,OK
NGC7331,25.65,5.10956175299,-3.55692566079,0.0285263898416,0.0469574197629,-0.0168662239948,236,3,1,-0.0125523012552,OK
NGC7331,26.74,5.32669322709,-3.5471199954,0.0288074859902,0.0433956690319,-0.0159537807336,238,3,1,-0.00418410041841,OK
NGC7331,27.82,5.54183266932,-3.53814653041,0.0290671522679,0.0400541827318,-0.0151208315127,239,3,1,0,OK
NGC7331,28.91,5.75896414343,-3.52979973032,0.029310785341,0.0368563561393,-0.0143446046637,239,3,1,0,OK
NGC7331,29.89,5.95418326693,-3.52287381751,0.029514493904,0.0341199943895,-0.0136966299172,241,4,1,0.00836820083682,OK
NGC7331,30.98,6.17131474104,-3.51578279644,0.0297245255918,0.0312197250282,-0.0130261893402,236,4,1,-0.0125523012552,OK
NGC7331,32.06,6.38645418327,-3.50936281504,0.0299159703715,0.0284844410833,-0.0124093024447,236,5,1,-0.0125523012552,OK
NGC7331,33.15,6.60358565737,-3.50346583825,0.0300929053324,0.0258536246273,-0.0118300932625,239,5,1,0,OK
NGC7331,34.23,6.8187250996,-3.49817328434,0.0302525958688,0.0233666987933,-0.0112952909572,237,5,1,-0.00836820083682,OK
NGC7331,35.32,7.03585657371,-3.49336187622,0.0303985041852,0.0209694557931,-0.0107914830848,241,7,1,0.00836820083682,OK
NGC7331,36.31,7.23306772908,-3.48943349529,0.0305181559542,0.018883979477,-0.0103625451307,238,9,1,-0.00418410041841,OK
NGC7793,0.11,0.0909090909091,-4.19571552679,0.0150599627991,0.290033380518,-0.139088710018,9.1,8.5,OMITTED,OMITTED,INVALID_VFLAT
NGC7793,0.14,0.115702479339,-4.18856710457,0.0151680034719,0.286616494663,-0.136551757384,17.6,7.4,OMITTED,OMITTED,INVALID_VFLAT
NGC7793,0.17,0.140495867769,-4.1815026259,0.0152755368955,0.283261650576,-0.134083587315,19.3,7.4,OMITTED,OMITTED,INVALID_VFLAT
NGC7793,0.21,0.173553719008,-4.17221128318,0.0154181285522,0.278882148872,-0.130895445776,24.8,6.4,OMITTED,OMITTED,INVALID_VFLAT
NGC7793,0.24,0.198347107438,-4.16533684227,0.0155244847167,0.27566565953,-0.128578373624,30,7.2,OMITTED,OMITTED,INVALID_VFLAT
NGC7793,0.28,0.231404958678,-4.15629363419,0.0156655125732,0.271464929509,-0.125583438774,35,7.3,OMITTED,OMITTED,INVALID_VFLAT
NGC7793,0.32,0.264462809917,-4.14738767582,0.0158056520881,0.267361482588,-0.122691938224,38.3,7.6,OMITTED,OMITTED,INVALID_VFLAT
NGC7793,0.35,0.289256198347,-4.14079637193,0.0159101760404,0.264345724007,-0.120588348837,42.7,8.8,OMITTED,OMITTED,INVALID_VFLAT
NGC7793,0.39,0.322314049587,-4.13212306111,0.0160487701082,0.260404575178,-0.117866687958,47,5.3,OMITTED,OMITTED,INVALID_VFLAT
NGC7793,0.42,0.347107438017,-4.1257027721,0.0161521393257,0.257506925385,-0.115885458405,49.8,5.6,OMITTED,OMITTED,INVALID_VFLAT
NGC7793,0.46,0.380165289256,-4.11725299645,0.0162891995278,0.253718632835,-0.113320592004,52.2,6.2,OMITTED,OMITTED,INVALID_VFLAT
NGC7793,0.49,0.404958677686,-4.11099708901,0.0163914226682,0.250932286862,-0.111452413526,53.4,6.3,OMITTED,OMITTED,INVALID_VFLAT
NGC7793,0.53,0.438016528926,-4.10276226121,0.0165269605106,0.247288127211,-0.109032525238,54.6,5.9,OMITTED,OMITTED,INVALID_VFLAT
NGC7793,0.56,0.462809917355,-4.09666448064,0.0166280461752,0.244606792996,-0.107268957735,55.5,6.9,OMITTED,OMITTED,INVALID_VFLAT
NGC7793,0.6,0.495867768595,-4.08863649891,0.0167620730891,0.241098694241,-0.104983323689,55.9,7.5,OMITTED,OMITTED,INVALID_VFLAT
NGC7793,0.63,0.520661157025,-4.08269094082,0.0168620298232,0.238516545194,-0.103316700235,58.3,7.4,OMITTED,OMITTED,INVALID_VFLAT
NGC7793,0.66,0.545454545455,-4.07680889477,0.016961505332,0.235975226689,-0.101689450827,59.3,6.3,OMITTED,OMITTED,INVALID_VFLAT
NGC7793,0.7,0.578512396694,-4.06906323761,0.017093393458,0.232648659776,-0.0995789134377,59.5,6.7,OMITTED,OMITTED,INVALID_VFLAT
NGC7793,0.87,0.719008264463,-4.03733174535,0.0176444896523,0.219252168104,-0.0913035516473,59.1,5.1,OMITTED,OMITTED,INVALID_VFLAT
NGC7793,1.05,0.867768595041,-4.00569668864,0.0182115970252,0.206254087037,-0.0836173772593,62.6,5.5,OMITTED,OMITTED,INVALID_VFLAT
NGC7793,1.22,1.00826446281,-3.97752241488,0.0187319919973,0.194964836349,-0.0772158738289,65.6,4.8,OMITTED,OMITTED,INVALID_VFLAT
NGC7793,1.4,1.15702479339,-3.94935092252,0.0192672036256,0.183934154286,-0.0712071943032,70.7,4.6,OMITTED,OMITTED,INVALID_VFLAT
NGC7793,1.57,1.29752066116,-3.92419463072,0.0197580429863,0.174291354653,-0.0661538781738,73.9,4,OMITTED,OMITTED,INVALID_VFLAT
NGC7793,1.75,1.44628099174,-3.89898082047,0.0202625521041,0.16481294247,-0.0613679481337,78.5,4.2,OMITTED,OMITTED,INVALID_VFLAT
NGC7793,1.92,1.5867768595,-3.87641726029,0.0207249444088,0.156480988149,-0.0573092936627,82.4,4.6,OMITTED,OMITTED,INVALID_VFLAT
NGC7793,2.1,1.73553719008,-3.85375854975,0.0211999056084,0.148248805397,-0.0534355988366,87.1,4.9,OMITTED,OMITTED,INVALID_VFLAT
NGC7793,2.27,1.87603305785,-3.83344644264,0.02163492347,0.140977477121,-0.0501267700149,89.6,5.4,OMITTED,OMITTED,INVALID_VFLAT
NGC7793,2.45,2.02479338843,-3.81301721448,0.0220814538633,0.133760955447,-0.0469474329025,94.9,5.7,OMITTED,OMITTED,INVALID_VFLAT
NGC7793,2.62,2.1652892562,-3.79467850889,0.022490135033,0.127359894555,-0.0442145251421,98.1,5,OMITTED,OMITTED,INVALID_VFLAT
NGC7793,2.79,2.30578512397,-3.77721293882,0.0228863883849,0.121326186791,-0.0417134851149,99.3,5.7,OMITTED,OMITTED,INVALID_VFLAT
NGC7793,2.97,2.45454545455,-3.75961682648,0.023292663797,0.115303849408,-0.0392897638098,98.6,7.2,OMITTED,OMITTED,INVALID_VFLAT
NGC7793,3.16,2.61157024793,-3.74198582108,0.0237069785385,0.109320610079,-0.0369536099606,101,8.7,OMITTED,OMITTED,INVALID_VFLAT
NGC7793,3.33,2.7520661157,-3.72698500579,0.0240652832572,0.104265313882,-0.0350355742723,103,9.4,OMITTED,OMITTED,INVALID_VFLAT
NGC7793,3.51,2.90082644628,-3.71185507628,0.0244321576901,0.0991946024533,-0.0331630359359,107,9.1,OMITTED,OMITTED,INVALID_VFLAT
NGC7793,3.68,3.04132231405,-3.69824047079,0.0247670665312,0.0946515678915,-0.0315290364009,114,7.4,OMITTED,OMITTED,INVALID_VFLAT
NGC7793,3.85,3.18181818182,-3.68524841348,0.0250909410211,0.0903296866754,-0.0300128925092,112,8.1,OMITTED,OMITTED,INVALID_VFLAT
NGC7793,4.03,3.3305785124,-3.67213742907,0.0254220739536,0.0859771311024,-0.0285237438228,114,7.6,OMITTED,OMITTED,INVALID_VFLAT
NGC7793,4.2,3.47107438017,-3.66033513829,0.0257238902209,0.0820625493724,-0.0272168024022,116,7.2,OMITTED,OMITTED,INVALID_VFLAT
NGC7793,4.38,3.61983471074,-3.64842379708,0.0260321283752,0.0781107528862,-0.0259285226068,114,7.8,OMITTED,OMITTED,INVALID_VFLAT
NGC7793,4.73,3.90909090909,-3.62688193908,0.0265989925204,0.0709445473977,-0.0236720241292,114,11.4,OMITTED,OMITTED,INVALID_VFLAT
NGC7793,5.25,4.33884297521,-3.59848751018,0.0273650805684,0.0614023784361,-0.0208268151807,109,9.9,OMITTED,OMITTED,INVALID_VFLAT
NGC7793,5.78,4.77685950413,-3.57350975924,0.0280572066278,0.0528222586692,-0.0184239539081,107,12.6,OMITTED,OMITTED,INVALID_VFLAT
NGC7793,6.3,5.20661157025,-3.5524472193,0.0286544301059,0.0453409298231,-0.0164489698492,105,12.5,OMITTED,OMITTED,INVALID_VFLAT
NGC7793,6.82,5.63636363636,-3.53442721141,0.029175463577,0.03864122042,-0.0147753330946,101,5.2,OMITTED,OMITTED,INVALID_VFLAT
NGC7793,7.35,6.07438016529,-3.51887072147,0.0296328800554,0.0324965390303,-0.0133192711148,94.5,4.6,OMITTED,OMITTED,INVALID_VFLAT
NGC7793,7.87,6.5041322314,-3.50609600079,0.0300138600967,0.0270430339802,-0.0120902431048,90.8,6.1,OMITTED,OMITTED,INVALID_VFLAT
NGC7814,0.63,0.248031496063,-4.15179740276,0.0157361069286,0.269389142455,-0.124116523058,265,15,1,0.210598446779,OK
NGC7814,1.72,0.677165354331,-4.04658650274,0.0174819474856,0.223121496079,-0.0936568725852,250,15,1,0.142074006396,OK
NGC7814,2.79,1.09842519685,-3.96025293906,0.0190582930953,0.18817315284,-0.0734874894873,233,7.29,1,0.0644129739607,OK
NGC7814,3.91,1.53937007874,-3.88390041014,0.0205704353723,0.159229024402,-0.0586325699255,230,6.45,1,0.050708085884,OK
NGC7814,5.03,1.98031496063,-3.81901343079,0.0219494448624,0.135869423388,-0.0478655770623,228,5.37,1,0.0415714938328,OK
NGC7814,6.14,2.41732283465,-3.76393609091,0.0231922735848,0.116777187843,-0.039876014385,228,5.16,1,0.0415714938328,OK
NGC7814,7.26,2.85826771654,-3.71610686184,0.0243284979205,0.1006170031,-0.0336831179861,227,5.94,1,0.0370031978072,OK
NGC7814,8.37,3.29527559055,-3.6751905185,0.025344576452,0.0869901424803,-0.0288669444686,226,3,1,0.0324349017816,OK
NGC7814,9.5,3.74015748031,-3.63921059632,0.0262730758444,0.0750502576471,-0.0249522667819,223,3.92,1,0.0187300137049,OK
NGC7814,10.65,4.19291338583,-3.60767285568,0.0271148737261,0.0645070100266,-0.021732543647,219,2.9,1,0.000456829602558,OK
NGC7814,11.74,4.62204724409,-3.58191121692,0.0278224726281,0.0557357347124,-0.0192233628127,216,2.55,1,-0.0132480584742,OK
NGC7814,12.82,5.04724409449,-3.55988486493,0.0284420992087,0.0480170592198,-0.017142577641,214,2.55,1,-0.0223846505254,OK
NGC7814,14.01,5.5157480315,-3.53919648446,0.02903664911,0.0404498733405,-0.015218301692,214,3.07,1,-0.0223846505254,OK
NGC7814,15.09,5.94094488189,-3.52332671258,0.0295011299618,0.0343015970112,-0.0137391697514,214,3.61,1,-0.0223846505254,OK
NGC7814,16.18,6.37007874016,-3.50983092622,0.0299019696485,0.0286880202738,-0.0124547001311,214,4.46,1,-0.0223846505254,OK
NGC7814,17.36,6.83464566929,-3.49780270305,0.0302638089924,0.0231871750855,-0.0112571638757,214,5.07,1,-0.0223846505254,OK
NGC7814,18.44,7.25984251969,-3.48893158836,0.0305334770728,0.0186072786718,-0.0103062872989,214,4.78,1,-0.0223846505254,OK
NGC7814,19.53,7.68897637795,-3.48186886501,0.0307498899066,0.0143691390223,-0.00946373821654,214,4.87,1,-0.0223846505254,OK
PGC51017,0.33,0.622641509434,-4.05889272676,0.0172681290706,0.228314683204,-0.0968624265111,20.5,4.17,1,0.102150537634,OK
PGC51017,0.99,1.8679245283,-3.83459121255,0.0216101706314,0.141384670744,-0.050309269051,19.9,1.82,1,0.0698924731183,OK
PGC51017,1.65,3.11320754717,-3.69151719706,0.024934143321,0.0924136609459,-0.0307393004254,19.3,1.69,1,0.0376344086022,OK
PGC51017,2.31,4.35849056604,-3.59728511365,0.0273980040357,0.0609943386661,-0.0207092091698,18.8,1.9,1,0.010752688172,OK
PGC51017,2.97,5.60377358491,-3.53569439808,0.029138516233,0.0391246644229,-0.0148930957511,18.2,1.74,1,-0.0215053763441,OK
PGC51017,3.63,6.84905660377,-3.49746972192,0.0302738879478,0.0230251964992,-0.0112228183272,18.3,2.22,1,-0.0161290322581,OK
UGC00128,1.25,0.210084033613,-4.16211020619,0.0155746574803,0.274162869304,-0.127502896172,34.1,18.8,1,-0.736272235112,OK
UGC00128,3.75,0.63025210084,-4.05715791776,0.0172981119761,0.22757924483,-0.0964051903954,78.4,6.54,1,-0.393658159319,OK
UGC00128,6.25,1.05042016807,-3.96937161386,0.018885296666,0.191747435746,-0.0754381393845,96.9,2.44,1,-0.250580046404,OK
UGC00128,8.76,1.47226890756,-3.89471831017,0.0203491057781,0.163228319001,-0.0605853557241,108,1.26,1,-0.164733178654,OK
UGC00128,11.25,1.89075630252,-3.83137621793,0.021679759017,0.140241873258,-0.0497979223054,113,1,1,-0.126063418407,OK
UGC00128,13.74,2.30924369748,-3.77679357265,0.0228959881747,0.121182019473,-0.0416546167804,114,0.86,1,-0.118329466357,OK
UGC00128,16.22,2.72605042017,-3.72970943541,0.0239998083181,0.105181248919,-0.0353792988421,121,0.68,1,-0.0641918020108,OK
UGC00128,18.71,3.14453781513,-3.68863688391,0.0250060649907,0.0914558516912,-0.0304043595788,126,0.55,1,-0.0255220417633,OK
UGC00128,21.3,3.57983193277,-3.6515692794,0.0259503734223,0.0791546902181,-0.0262658090065,128,0.63,1,-0.0100541376643,OK
UGC00128,23.79,3.99831932773,-3.62064505053,0.0267654058838,0.068860934849,-0.0230352081729,129,0.61,1,-0.00232018561485,OK
UGC00128,26.28,4.41680672269,-3.59376317614,0.0274946682167,0.0597967078179,-0.0203659486933,129,0.65,1,-0.00232018561485,OK
UGC00128,28.77,4.83529411765,-3.57045440087,0.0281430625421,0.0517541339963,-0.0181351312792,131,0.73,1,0.0131477184841,OK
UGC00128,31.25,5.25210084034,-3.5504016463,0.0287131048256,0.0445970182897,-0.0162587046823,131,0.83,1,0.0131477184841,OK
UGC00128,33.74,5.67058823529,-3.53311336056,0.0292138209771,0.0381376355498,-0.014653161355,131,0.75,1,0.0131477184841,OK
UGC00128,36.23,6.08907563025,-3.51839460628,0.0296469920787,0.0323011375474,-0.0132742070598,127,1.24,1,-0.0177880897138,OK
UGC00128,38.82,6.5243697479,-3.5055511891,0.0300302164537,0.0267989007383,-0.0120366150513,126,1.4,1,-0.0255220417633,OK
UGC00128,41.31,6.94285714286,-3.49535899363,0.0303378553847,0.0219828479319,-0.0110030565812,130,1.62,1,0.00541376643465,OK
UGC00128,43.8,7.36134453782,-3.48709564119,0.0305895864148,0.0175718393682,-0.0100971240729,132,2.01,1,0.0208816705336,OK
UGC00128,46.28,7.7781512605,-3.48062491109,0.0307881651541,0.0135324694607,-0.00930165287998,134,2.1,1,0.0363495746326,OK
UGC00128,48.77,8.19663865546,-3.47575497679,0.030938467179,0.00979086025091,-0.00859393294269,129,2.66,1,-0.00232018561485,OK
UGC00128,51.26,8.61512605042,-3.47239124633,0.0310427110692,0.00632872209677,-0.00796401491748,132,4.67,1,0.0208816705336,OK
UGC00128,53.75,9.03361344538,-3.47042324092,0.0311038634471,0.00311587058683,-0.00740089905088,125,5.95,1,-0.0332559938128,OK
UGC00191,0.62,0.392405063291,-4.11415600286,0.0163397252728,0.252337305863,-0.112392504445,29.9,1.42,OMITTED,OMITTED,INVALID_VFLAT
UGC00191,0.87,0.550632911392,-4.07558829062,0.0169822212562,0.235449509626,-0.101354437654,34.4,2.31,OMITTED,OMITTED,INVALID_VFLAT
UGC00191,1.12,0.708860759494,-4.03956131829,0.0176051937983,0.220181520947,-0.0918660507306,46.3,2.05,OMITTED,OMITTED,INVALID_VFLAT
UGC00191,1.37,0.867088607595,-4.00583695816,0.0182090426724,0.206310956986,-0.0836502702839,49.8,1.87,OMITTED,OMITTED,INVALID_VFLAT
UGC00191,1.62,1.0253164557,-3.97420906659,0.0187941605472,0.193654361326,-0.0764892882742,57.6,2.76,OMITTED,OMITTED,INVALID_VFLAT
UGC00191,2.3,1.45569620253,-3.89743178767,0.0202939637845,0.164236494802,-0.0610826787944,71.3,7.5,OMITTED,OMITTED,INVALID_VFLAT
UGC00191,4.97,3.14556962025,-3.68854253548,0.0250084243851,0.0914244859602,-0.0303934221743,76.65,1.09,OMITTED,OMITTED,INVALID_VFLAT
UGC00191,7.45,4.71518987342,-3.57680251963,0.027964972904,0.0539680481852,-0.018736313915,81,0.63,OMITTED,OMITTED,INVALID_VFLAT
UGC00191,9.98,6.3164556962,-3.51138724327,0.0298554688977,0.02935989998,-0.0126051159475,83.85,1.04,OMITTED,OMITTED,INVALID_VFLAT
UGC00634,4.51,1.84081632653,-3.838442457,0.021527104638,0.142756807558,-0.0509266849162,69.75,4.15,OMITTED,OMITTED,INVALID_VFLAT
UGC00634,9.01,3.67755102041,-3.64395845315,0.0261486306996,0.0766280341511,-0.025453216355,97.7,1.63,OMITTED,OMITTED,INVALID_VFLAT
UGC00634,13.51,5.51428571429,-3.53925565128,0.0290349311547,0.0404721313402,-0.0152237937915,108,0.99,OMITTED,OMITTED,INVALID_VFLAT
UGC00634,18.01,7.35102040816,-3.48727759362,0.0305840210714,0.0176761916428,-0.0101181065235,107.5,2.32,OMITTED,OMITTED,INVALID_VFLAT
UGC00731,0.91,0.395652173913,-4.11333722781,0.0163531093108,0.25197275182,-0.112148203921,29.6,2.38,1,-0.596180081855,OK
UGC00731,1.81,0.786956521739,-4.02264187402,0.0179055980641,0.213173064429,-0.0876667251522,44.6,2.4,1,-0.391541609823,OK
UGC00731,2.73,1.18695652174,-3.9438771841,0.0193729564258,0.181819688518,-0.0700831885824,50.4,2.86,1,-0.31241473397,OK
UGC00731,3.64,1.58260869565,-3.87706999685,0.0207114208939,0.15672010127,-0.0574238351374,56.8,3.43,1,-0.225102319236,OK
UGC00731,4.55,1.97826086957,-3.81929261997,0.0219433176702,0.135967787847,-0.0479086274901,60.7,2.98,1,-0.171896316508,OK
UGC00731,5.45,2.36956521739,-3.76955885676,0.0230622347924,0.118699907695,-0.0406476063044,64.7,2.46,1,-0.117326057299,OK
UGC00731,6.36,2.7652173913,-3.72561680876,0.0240982318413,0.103805682829,-0.034863719963,68,2.38,1,-0.0723055934516,OK
UGC00731,7.28,3.1652173913,-3.68675210121,0.0250532404332,0.0908293614608,-0.0301862717965,71.5,2.52,1,-0.0245566166439,OK
UGC00731,8.19,3.56086956522,-3.65307497165,0.0259113295478,0.0796542874948,-0.0264279953651,73.4,2.68,1,0.00136425648022,OK
UGC00731,9.09,3.95217391304,-3.62384730762,0.0266798332589,0.0699314012579,-0.0233612910291,74,2.83,1,0.00954979536153,OK
UGC00731,10,4.34782608696,-3.59793676535,0.027380155896,0.0612155310564,-0.0207729203387,73.8,3.22,1,0.00682128240109,OK
UGC00731,10.91,4.74347826087,-3.57528332799,0.0280074893443,0.0534400724699,-0.0185920533492,73.9,3.42,1,0.00818553888131,OK
UGC00891,1.48,1.03496503497,-3.9723441312,0.0188292431455,0.192918312495,-0.0760826964539,24.35,2.92,OMITTED,OMITTED,INVALID_VFLAT
UGC00891,2.97,2.07692307692,-3.80610761116,0.0222345562796,0.13134093483,-0.0459045804233,43.55,1.4,OMITTED,OMITTED,INVALID_VFLAT
UGC00891,4.45,3.11188811189,-3.69163915767,0.0249311025232,0.0924542288481,-0.030753527309,54.15,0.67,OMITTED,OMITTED,INVALID_VFLAT
UGC00891,5.94,4.15384615385,-3.61020961459,0.0270461769989,0.0653609584759,-0.0219850503826,60.15,0.48,OMITTED,OMITTED,INVALID_VFLAT
UGC00891,7.39,5.16783216783,-3.55421792295,0.0286037364967,0.0459819994653,-0.0166138197182,63.75,0.95,OMITTED,OMITTED,INVALID_VFLAT
UGC01230,0.78,0.179723502304,-4.17049312841,0.015444642054,0.278076351036,-0.130313028222,19.8,10.7,1,-0.80906460945,OK
UGC01230,2.35,0.541474654378,-4.07774885651,0.0169455696566,0.236380453916,-0.101948059102,55.4,10.7,1,-0.465766634523,OK
UGC01230,3.91,0.900921658986,-3.9989043951,0.018335716589,0.203508238577,-0.0820369010972,88.5,10.7,1,-0.146576663452,OK
UGC01230,5.48,1.26267281106,-3.93030871909,0.0196376091123,0.176617524555,-0.0673558894716,105,10.7,1,0.0125361620058,OK
UGC01230,7.03,1.6198156682,-3.87127842925,0.0208317205136,0.154602415515,-0.0564133861823,106,10.7,1,0.0221793635487,OK
UGC01230,8.6,1.98156682028,-3.81884337884,0.0219531777256,0.135809518811,-0.0478393685607,103,10.7,1,-0.00675024108004,OK
UGC01230,13.27,3.05760368664,-3.69670358421,0.0248051599684,0.094139711673,-0.0313475237429,109,15.8,1,0.0511089681774,OK
UGC01230,14.85,3.42165898618,-3.66442370331,0.0256189311354,0.0834185327866,-0.0276660482463,113,14.7,1,0.0896817743491,OK
UGC01230,25.8,5.94470046083,-3.52319798709,0.0295049277537,0.0342500211787,-0.0137270815711,105,10.4,1,0.0125361620058,OK
UGC01230,32.01,7.37557603687,-3.48684658911,0.0305972057636,0.0174283473565,-0.010068307232,103,10,1,-0.00675024108004,OK
UGC01230,36.54,8.41935483871,-3.47378464499,0.0309994863191,0.00791557059202,-0.00824975794496,103,10,1,-0.00675024108004,OK
UGC01281,0.08,0.0490797546012,-4.20797039239,0.0148765312394,0.295943568368,-0.143532002033,1.41,4,1,-0.974456521739,OK
UGC01281,0.23,0.141104294479,-4.18133030676,0.0152781693897,0.283180088711,-0.134023862257,4.46,4,1,-0.919202898551,OK
UGC01281,0.38,0.233128834356,-4.15582584893,0.0156728423834,0.271248571447,-0.12543014071,7.71,4,1,-0.860326086957,OK
UGC01281,0.54,0.331288343558,-4.12979085055,0.0160862428997,0.259350053882,-0.117143729412,11,4,1,-0.800724637681,OK
UGC01281,0.69,0.423312883436,-4.10641012272,0.0164667822752,0.24889912445,-0.110099025494,14.2,4,1,-0.742753623188,OK
UGC01281,0.84,0.515337423313,-4.08396220517,0.0168406073455,0.239067518622,-0.103671201651,17.2,5.78,1,-0.688405797101,OK
UGC01281,1,0.613496932515,-4.06098462562,0.0172320436478,0.229202977236,-0.0974161382673,20.2,4.74,1,-0.634057971014,OK
UGC01281,1.15,0.705521472393,-4.04029708015,0.0175922453324,0.220488598864,-0.0920522920549,23.2,4,1,-0.579710144928,OK
UGC01281,1.3,0.79754601227,-4.02038938497,0.0179459756856,0.212247620108,-0.087119559992,26.4,7.13,1,-0.521739130435,OK
UGC01281,1.46,0.895705521472,-3.99996703921,0.0183162425967,0.203936794601,-0.0822825795158,29.3,4.38,1,-0.469202898551,OK
UGC01281,1.61,0.98773006135,-3.98154224278,0.018656843756,0.196559517426,-0.0781046686399,31.6,4.94,1,-0.427536231884,OK
UGC01281,1.76,1.07975460123,-3.96377909583,0.0189912089102,0.189552187794,-0.074237064703,34.6,4,1,-0.373188405797,OK
UGC01281,1.92,1.17791411043,-3.94552414227,0.0193410762368,0.182454930188,-0.0704199300862,37.4,7.09,1,-0.322463768116,OK
UGC01281,2.07,1.26993865031,-3.92902722026,0.0196627908172,0.176129048611,-0.0671025796278,39.9,4,1,-0.277173913043,OK
UGC01281,2.22,1.36196319018,-3.91309871903,0.0199784972954,0.170097740071,-0.0640142360041,42.2,4.37,1,-0.235507246377,OK
UGC01281,2.38,1.46012269939,-3.89670539333,0.0203087105603,0.163966407993,-0.0609492483163,44.4,4.58,1,-0.195652173913,OK
UGC01281,2.53,1.55214723926,-3.88187069154,0.0206122299688,0.158482177302,-0.0582714421546,46.7,5.91,1,-0.153985507246,OK
UGC01281,2.68,1.64417177914,-3.86752958419,0.020909961972,0.153236307677,-0.055766310164,48.5,7.72,1,-0.121376811594,OK
UGC01281,2.76,1.69325153374,-3.86007543488,0.021066410321,0.150530669559,-0.0544957636284,49.3,9.73,1,-0.106884057971,OK
UGC01281,3.07,1.88343558282,-3.83240422523,0.0216574835179,0.140607026421,-0.0499610267716,53,4,1,-0.0398550724638,OK
UGC01281,3.46,2.1226993865,-3.80014309154,0.0223675710171,0.129260001788,-0.0450172161543,54.1,4,1,-0.0199275362319,OK
UGC01281,3.83,2.34969325153,-3.77192570455,0.0230077145391,0.119510904749,-0.0409752783321,55,4,1,-0.0036231884058,OK
UGC01281,4.23,2.59509202454,-3.74379225818,0.0236641920302,0.109931474932,-0.0371888401491,55.7,4,1,0.00905797101449,OK
UGC01281,4.62,2.83435582822,-3.71852246229,0.0242698009129,0.101425980284,-0.0339807149653,56.4,4,1,0.0217391304348,OK
UGC01281,4.99,3.06134969325,-3.69635115608,0.0248139035453,0.0940223614729,-0.0313059832638,56.9,4,1,0.0307971014493,OK
UGC02023,0.76,0.490322580645,-4.08997505249,0.0167396511659,0.24168189434,-0.105361590658,15.1,8.69,OMITTED,OMITTED,INVALID_VFLAT
UGC02023,1.51,0.974193548387,-3.98421014717,0.0186071354186,0.19762079719,-0.0786989911762,28,8.69,OMITTED,OMITTED,INVALID_VFLAT
UGC02023,2.27,1.46451612903,-3.89598560625,0.0203233337698,0.163698921886,-0.0608172464517,37.6,8.69,OMITTED,OMITTED,INVALID_VFLAT
UGC02023,3.03,1.95483870968,-3.8224904656,0.0218732584067,0.137095693761,-0.0484036526466,47.9,8.69,OMITTED,OMITTED,INVALID_VFLAT
UGC02023,3.78,2.43870967742,-3.76144768926,0.0232500571413,0.115927992481,-0.0395375842215,58.8,8.69,OMITTED,OMITTED,INVALID_VFLAT
UGC02259,1.02,0.62962962963,-4.05729959797,0.0172956613496,0.227639265886,-0.0964424660957,56.1,3.4,1,-0.349187935035,OK
UGC02259,2.04,1.25925925926,-3.93091200482,0.0196257655959,0.176847651247,-0.0674753920512,71.1,3,1,-0.175174013921,OK
UGC02259,3.05,1.88271604938,-3.83250540963,0.0216552922295,0.140642980833,-0.0499771010983,80.7,1.5,1,-0.0638051044084,OK
UGC02259,4.07,2.51234567901,-3.75301737201,0.0234468910195,0.113058615783,-0.0384047203753,82.8,1.5,1,-0.0394431554524,OK
UGC02259,5.09,3.14197530864,-3.68887133998,0.0250002028543,0.0915337978877,-0.0304315483708,83.7,1.5,1,-0.0290023201856,OK
UGC02259,6.11,3.77160493827,-3.63686275397,0.0263348333546,0.0742694509676,-0.0247061995205,86,1.5,1,-0.00232018561485,OK
UGC02259,7.13,4.4012345679,-3.59469681268,0.0274690101692,0.0601145558744,-0.0204567694778,88.3,2.3,1,0.0243619489559,OK
UGC02259,8.14,5.02469135802,-3.56097214919,0.0284111913677,0.0484048162332,-0.0172442657896,90,3,1,0.0440835266821,OK
UGC02455,0.5,0.505050505051,-4.08642697062,0.0167991503103,0.240137519839,-0.104361384807,16.9,3.64,OMITTED,OMITTED,INVALID_VFLAT
UGC02455,1,1.0101010101,-3.97716448291,0.0187386979761,0.194823098079,-0.0771371221824,23.9,3.64,OMITTED,OMITTED,INVALID_VFLAT
UGC02455,1.51,1.52525252525,-3.88615419065,0.0205241263307,0.160059612165,-0.0590354995542,28.2,3.64,OMITTED,OMITTED,INVALID_VFLAT
UGC02455,2.01,2.0303030303,-3.81228095153,0.0220977176062,0.133502600327,-0.0468355422014,33,3.64,OMITTED,OMITTED,INVALID_VFLAT
UGC02455,2.52,2.54545454545,-3.74929508835,0.0235343296333,0.11179527606,-0.0379111599405,39.1,3.64,OMITTED,OMITTED,INVALID_VFLAT
UGC02455,3.02,3.05050505051,-3.69737263824,0.0247885695266,0.0943625163653,-0.0314264695599,43.8,3.64,OMITTED,OMITTED,INVALID_VFLAT
UGC02455,3.52,3.55555555556,-3.65349862866,0.0259003543563,0.0797948475448,-0.0264737159441,53.1,3.64,OMITTED,OMITTED,INVALID_VFLAT
UGC02455,4.03,4.07070707071,-3.61572027652,0.0268975445684,0.0672115887343,-0.0225372743106,61,3.64,OMITTED,OMITTED,INVALID_VFLAT
UGC02487,9.93,1.25855513308,-3.93103654461,0.0196233215594,0.176895171128,-0.0675000818629,377,10.3,1,0.135542168675,OK
UGC02487,10.05,1.27376425856,-3.92835391022,0.0196760344296,0.175872594573,-0.0669697808389,377,19.7,1,0.135542168675,OK
UGC02487,10.35,1.31178707224,-3.92171483435,0.0198070997099,0.17335102665,-0.0656710502144,378,10.8,1,0.138554216867,OK
UGC02487,15.07,1.91001267427,-3.82868487465,0.021738185278,0.139287048972,-0.0493726873595,367,10.7,1,0.105421686747,OK
UGC02487,20.09,2.54626108999,-3.74920493282,0.0235364514791,0.111764703822,-0.0378992555638,364,6.67,1,0.0963855421687,OK
UGC02487,25.12,3.18377693283,-3.68507153768,0.025095379394,0.0902709188341,-0.0299925338115,375,6.19,1,0.129518072289,OK
UGC02487,30.14,3.82002534854,-3.63329541286,0.0264289464554,0.0730822025841,-0.0243343807894,383,3.82,1,0.153614457831,OK
UGC02487,35.17,4.45754119138,-3.59134422039,0.0275612571076,0.058971906444,-0.0201312153119,378,2.21,1,0.138554216867,OK
UGC02487,40.19,5.0937896071,-3.55766838076,0.0285052105882,0.0472239823162,-0.0169355320225,364,4,1,0.0963855421687,OK
UGC02487,45.21,5.73003802281,-3.53087185683,0.0292793773106,0.0372727324193,-0.014444515944,349,3,1,0.0512048192771,OK
UGC02487,50.24,6.36755386565,-3.50990339958,0.0298998026309,0.028719475692,-0.0124617220094,338,3.08,1,0.0180722891566,OK
UGC02487,55.26,7.00380228137,-3.49403959362,0.0303779095691,0.0213165248401,-0.0108637120392,332,2.19,1,0,OK
UGC02487,60.28,7.64005069708,-3.48258324777,0.03072793056,0.0148343731752,-0.00955447224129,330,1.61,1,-0.00602409638554,OK
UGC02487,65.31,8.27756653992,-3.47499062544,0.0309621240782,0.00910055034756,-0.00846642122665,329,2.2,1,-0.00903614457831,OK
UGC02487,70.33,8.91381495564,-3.4708499929,0.0310905926436,0.00401171981117,-0.00755583868754,330,3.53,1,-0.00602409638554,OK
UGC02487,75.35,9.55006337136,-3.46977274225,0.031124103051,-0.00054372934662,-0.00678463209681,332,13.4,1,0,OK
UGC02487,80.38,10.1875792142,-3.47145166369,0.0310718919686,-0.00465324320386,-0.00612452810817,333,15.3,1,0.00301204819277,OK
UGC02885,1.7,0.149122807018,-4.17906392389,0.0153128348388,0.282108562177,-0.133240454351,305,10,1,0.0535405872193,OK
UGC02885,3.41,0.299122807018,-4.13819403238,0.0159516336408,0.263159988599,-0.119766241806,257,10,1,-0.112262521589,OK
UGC02885,6.82,0.598245614035,-4.06449163894,0.0171717164872,0.230695807919,-0.0983502382545,256,10,1,-0.115716753022,OK
UGC02885,13.67,1.19912280702,-3.94167028959,0.0194157577085,0.180969773865,-0.0696339112222,271,10,1,-0.0639032815199,OK
UGC02885,19.49,1.70964912281,-3.85761440261,0.0211183192852,0.149640477992,-0.054080937596,282,10,1,-0.0259067357513,OK
UGC02885,23.36,2.04912280702,-3.80977673415,0.0221531244412,0.1326247413,-0.0464563487503,287,10,1,-0.00863557858377,OK
UGC02885,27.24,2.38947368421,-3.76720375738,0.0231166126549,0.117893911279,-0.0403232580051,283,10,1,-0.0224525043178,OK
UGC02885,31.22,2.73859649123,-3.72839260403,0.0240314328363,0.10473842272,-0.0352129091622,280,10,1,-0.0328151986183,OK
UGC02885,35.1,3.07894736842,-3.69470141845,0.0248548737614,0.0934731589697,-0.0311119386315,280,10,1,-0.0328151986183,OK
UGC02885,38.97,3.41842105263,-3.66469395206,0.0256120085869,0.0835081618837,-0.0276958724996,281,10,1,-0.0293609671848,OK
UGC02885,42.85,3.75877192982,-3.63781789159,0.0263096919734,0.0745871466647,-0.0248061725783,282,10,1,-0.0259067357513,OK
UGC02885,46.73,4.09912280702,-3.61381948285,0.0269487198723,0.0665738958179,-0.0223462146898,287,10,1,-0.00863557858377,OK
UGC02885,50.71,4.44824561404,-3.59189326882,0.0275461287961,0.0591592848461,-0.0201844226096,292,10,1,0.00863557858377,OK
UGC02885,54.58,4.78771929825,-3.57293720573,0.0280732754795,0.0526224728179,-0.0183697580109,298,10,1,0.0293609671848,OK
UGC02885,58.46,5.12807017544,-3.55605943727,0.0285511107768,0.0466460011177,-0.0167854330804,298,10,1,0.0293609671848,OK
UGC02885,62.34,5.46842105263,-3.54112796469,0.0289806195237,0.0411743392859,-0.0153975703755,298,10,1,0.0293609671848,OK
UGC02885,66.21,5.80789473684,-3.52801343209,0.029363189936,0.0361585554883,-0.0141779418678,298,10,1,0.0293609671848,OK
UGC02885,70.19,6.15701754386,-3.51623048379,0.0297112212758,0.0314062674204,-0.013068805175,298,10,1,0.0293609671848,OK
UGC02885,74.07,6.49736842105,-3.50627919144,0.0300083623417,0.0271248709554,-0.0121082466763,298,10,1,0.0293609671848,OK
UGC02916,0.37,0.060162601626,-4.20469928548,0.0149252736409,0.294359476439,-0.142334225359,183,47.6,1,0.00164203612479,OK
UGC02916,0.74,0.120325203252,-4.18724361302,0.0151880914866,0.285986330056,-0.136086426168,196,40.7,1,0.0727969348659,OK
UGC02916,1.11,0.180487804878,-4.17028063199,0.0154479243338,0.277976779925,-0.130241149993,205,14.1,1,0.12205801861,OK
UGC02916,1.48,0.240650406504,-4.15378917498,0.015704795381,0.270307646077,-0.124764547574,211,7.89,1,0.154898741106,OK
UGC02916,1.84,0.29918699187,-4.13817714174,0.0159519030763,0.263152301591,-0.11976092134,214,1.48,1,0.171319102354,OK
UGC02916,2.21,0.359349593496,-4.12255899213,0.0162029980001,0.256094125385,-0.114925564977,214,1.5,1,0.171319102354,OK
UGC02916,2.6,0.422764227642,-4.10654669924,0.016464533453,0.248959541917,-0.110139123593,213,2.64,1,0.165845648604,OK
UGC02916,2.96,0.481300813008,-4.09215974659,0.0167031200681,0.242635233904,-0.105981397076,211,4.5,1,0.154898741106,OK
UGC02916,3.17,0.515447154472,-4.08393597264,0.016841049123,0.239056143062,-0.103663876372,210,8.68,1,0.149425287356,OK
UGC02916,3.33,0.541463414634,-4.07775151337,0.0169455246346,0.23638159979,-0.101948790842,209,3,1,0.143951833607,OK
UGC02916,3.7,0.60162601626,-4.06371235585,0.0171851033308,0.230363696634,-0.0981420427644,207,1.6,1,0.133004926108,OK
UGC02916,4.07,0.661788617886,-4.05002849035,0.0174218782771,0.224568442172,-0.0945445959394,206,1.73,1,0.127531472359,OK
UGC02916,4.44,0.721951219512,-4.03668689123,0.0176558714436,0.218983704589,-0.0911413832842,205,3.45,1,0.12205801861,OK
UGC02916,4.81,0.782113821138,-4.0236752363,0.0178871046513,0.213598217739,-0.0879186695148,205,2.77,1,0.12205801861,OK
UGC02916,5.18,0.842276422764,-4.01098185703,0.0181155995731,0.208401505289,-0.0848639123405,206,7.48,1,0.127531472359,OK
UGC02916,5.55,0.90243902439,-3.99859569316,0.0183413777342,0.203383812697,-0.0819656402476,207,5.02,1,0.133004926108,OK
UGC02916,5.92,0.962601626016,-3.9865062511,0.0185644605136,0.198536046104,-0.0792133446448,208,7.7,1,0.138478379858,OK
UGC02916,6.28,1.02113821138,-3.97501887,0.0187789471326,0.193974321995,-0.0766663717537,210,1.95,1,0.149425287356,OK
UGC02916,6.34,1.03089430894,-3.97313007964,0.0188144501452,0.193228372452,-0.0762538408378,210,4.78,1,0.149425287356,OK
UGC02916,6.65,1.08130081301,-3.96348609672,0.0189967741327,0.189437449908,-0.0741745537984,212,1.96,1,0.160372194855,OK
UGC02916,7.03,1.14308943089,-3.95192104284,0.0192177481745,0.184930156089,-0.0717397460348,214,0.76,1,0.171319102354,OK
UGC02916,7.39,1.20162601626,-3.94121750245,0.0194245509045,0.180795580678,-0.0695420085398,215,2.22,1,0.176792556103,OK
UGC02916,7.77,1.26341463415,-3.93017771866,0.019640181816,0.176567568019,-0.0673299615146,216,1.76,1,0.182266009852,OK
UGC02916,8.14,1.32357723577,-3.91967555262,0.01984753318,0.172579086561,-0.0652760057608,217,1.53,1,0.187739463602,OK
UGC02916,8.51,1.3837398374,-3.90940968352,0.0200523347922,0.168711363181,-0.0633146226474,218,7.7,1,0.193212917351,OK
UGC02916,8.88,1.44390243902,-3.8993730104,0.0202546068932,0.164958995428,-0.0614403315639,218,6.86,1,0.193212917351,OK
UGC02916,9.25,1.50406504065,-3.88955874767,0.0204543695852,0.161316898375,-0.0596480515652,218,8.37,1,0.193212917351,OK
UGC02916,9.52,1.54796747967,-3.8825336183,0.0205985700983,0.158725983915,-0.0583892088861,218,3.93,1,0.193212917351,OK
UGC02916,9.62,1.56422764228,-3.87996040668,0.0206516428327,0.157780281627,-0.0579330669013,218,4.05,1,0.193212917351,OK
UGC02916,9.99,1.6243902439,-3.87057177865,0.020846446464,0.154344628303,-0.0562909959654,217,20.2,1,0.187739463602,OK
UGC02916,10.4,1.69105691057,-3.86040592426,0.0210594492465,0.150650328529,-0.0545516451106,217,4.2,1,0.187739463602,OK
UGC02916,10.71,1.74146341463,-3.85288093152,0.0212185191987,0.147932567259,-0.0532894947333,216,3.16,1,0.182266009852,OK
UGC02916,11.12,1.8081300813,-3.84313598034,0.0214263034114,0.144433779494,-0.0516863797031,215,6.72,1,0.176792556103,OK
UGC02916,12.67,2.06016260163,-3.80831541074,0.0221855209856,0.132113090219,-0.0462360507021,212,1.82,1,0.160372194855,OK
UGC02916,12.98,2.11056910569,-3.80171436935,0.0223324529463,0.12980748232,-0.045249836635,211,16.6,1,0.154898741106,OK
UGC02916,15.86,2.57886178862,-3.74558138035,0.0236218917511,0.110536953672,-0.0374227327378,209,8.38,1,0.143951833607,OK
UGC02916,19.05,3.09756097561,-3.69296692364,0.0248980218202,0.0928959486479,-0.0309086484331,215,13.2,1,0.176792556103,OK
UGC02916,22.14,3.6,-3.6499782125,0.0259916950667,0.0786266854443,-0.0260949431817,215,13.9,1,0.176792556103,OK
UGC02916,25.34,4.12032520325,-3.61241296893,0.0269866502908,0.0661015994499,-0.0222052338884,210,10.6,1,0.149425287356,OK
UGC02916,28.53,4.63902439024,-3.58096774918,0.0278487346202,0.0554101432669,-0.0191331833941,196,12.8,1,0.0727969348659,OK
UGC02916,31.72,5.15772357724,-3.55468358573,0.0285904199022,0.0461501608718,-0.0166571981932,185,11.5,1,0.0125889436234,OK
UGC02916,34.91,5.67642276423,-3.53289109471,0.0292203149334,0.0380522015954,-0.0146324850521,182,10.8,1,-0.00383141762452,OK
UGC02916,38,6.17886178862,-3.51554755045,0.0297315189898,0.0311215003645,-0.0130037777683,181,10.3,1,-0.00930487137384,OK
UGC02953,0.09,0.0253521126761,-4.21503308352,0.0147718330548,0.299380136881,-0.146147742446,231,52.9,1,-0.127972819932,OK
UGC02953,0.17,0.0478873239437,-4.20832338665,0.014871280836,0.296114797682,-0.143661773918,231,27.9,1,-0.127972819932,OK
UGC02953,0.26,0.0732394366197,-4.20086212513,0.0149826543281,0.292507332857,-0.140940131656,231,16.4,1,-0.127972819932,OK
UGC02953,0.34,0.0957746478873,-4.19430599723,0.0150812052293,0.289357862263,-0.138585302696,231,11.9,1,-0.127972819932,OK
UGC02953,0.43,0.121126760563,-4.18701442229,0.0151915728553,0.285877281231,-0.136005982068,232,8.04,1,-0.124197810495,OK
UGC02953,0.51,0.143661971831,-4.18060646156,0.0152892324228,0.282837619584,-0.13377322865,232,6.53,1,-0.124197810495,OK
UGC02953,0.6,0.169014084507,-4.17347865645,0.0153986004055,0.279477343912,-0.131326476922,232,4.75,1,-0.124197810495,OK
UGC02953,0.69,0.194366197183,-4.16643526232,0.0155074416733,0.276178250203,-0.128946244123,232,4,1,-0.124197810495,OK
UGC02953,0.77,0.216901408451,-4.16024409329,0.0156037486847,0.273295745124,-0.126884390516,233,5.69,1,-0.120422801057,OK
UGC02953,0.86,0.242253521127,-4.15335600111,0.0157115997618,0.2701077474,-0.12462337101,233,4.83,1,-0.120422801057,OK
UGC02953,0.95,0.267605633803,-4.14654801126,0.0158189291074,0.266976307454,-0.122422252844,234,10.8,1,-0.116647791619,OK
UGC02953,1.03,0.29014084507,-4.14056256652,0.0159138963604,0.26423907868,-0.120514293254,235,10.3,1,-0.112872782182,OK
UGC02953,1.11,0.312676056338,-4.13463832513,0.0160084539384,0.261544344892,-0.118650592087,235,10.6,1,-0.112872782182,OK
UGC02953,1.2,0.338028169014,-4.12804553301,0.0161143430162,0.258562342677,-0.116605141634,236,10.2,1,-0.109097772744,OK
UGC02953,1.29,0.36338028169,-4.12152768928,0.0162197168178,0.255631528374,-0.11461213197,237,10.6,1,-0.105322763307,OK
UGC02953,1.38,0.388732394366,-4.11508351287,0.0163245770402,0.252750595189,-0.112669785675,238,14.2,1,-0.101547753869,OK
UGC02953,1.46,0.411267605634,-4.10941619023,0.0164173563421,0.25023061947,-0.110984409711,238,14.1,1,-0.101547753869,OK
UGC02953,1.55,0.43661971831,-4.10310778229,0.0165212510838,0.247440495277,-0.109133172548,239,19.6,1,-0.0977727444319,OK
UGC02953,1.63,0.459154929577,-4.09755923255,0.0166131748532,0.244999329623,-0.107526238542,240,17.8,1,-0.0939977349943,OK
UGC02953,1.72,0.484507042254,-4.09138234676,0.0167161101192,0.242295787557,-0.105760500249,241,7.14,1,-0.0902227255568,OK
UGC02953,1.8,0.507042253521,-4.085948884,0.0168071836795,0.23992979187,-0.104227214865,242,11.9,1,-0.0864477161193,OK
UGC02953,1.89,0.532394366197,-4.07989947019,0.0169091654425,0.237308863385,-0.102541790449,243,10.9,1,-0.0826727066818,OK
UGC02953,1.98,0.557746478873,-4.07391596519,0.0170106448168,0.234730147128,-0.100896919601,244,17.6,1,-0.0788976972442,OK
UGC02953,2.07,0.583098591549,-4.06799731174,0.0171116234624,0.232192631451,-0.0992913116474,246,11.4,1,-0.0713476783692,OK
UGC02953,2.15,0.605633802817,-4.06278989486,0.0172009632322,0.229970857501,-0.0978960627037,247,12.9,1,-0.0675726689317,OK
UGC02953,2.23,0.628169014085,-4.05763219433,0.0172899098322,0.227780195176,-0.096530017667,248,15.4,1,-0.0637976594941,OK
UGC02953,2.32,0.653521126761,-4.05188834456,0.0173895062363,0.225352080865,-0.0950271181251,249,17.6,1,-0.0600226500566,OK
UGC02953,2.4,0.676056338028,-4.04683400573,0.0174776211868,0.223225398342,-0.0937204786525,251,24,1,-0.0524726311816,OK
UGC02953,2.49,0.701408450704,-4.0412047338,0.0175762849109,0.220867684998,-0.0922824661418,252,10.1,1,-0.0486976217441,OK
UGC02953,2.58,0.72676056338,-4.03563477631,0.0176744572247,0.218546009835,-0.090877297997,253,12,1,-0.0449226123065,OK
UGC02953,2.67,0.752112676056,-4.03012323006,0.0177721397569,0.216259552842,-0.0895039815549,254,6.34,1,-0.041147602869,OK
UGC02953,2.75,0.774647887324,-4.02527240038,0.0178585588126,0.214256069012,-0.0883092223308,256,6.22,1,-0.033597583994,OK
UGC02953,2.83,0.797183098592,-4.02046641828,0.017944593301,0.212279240375,-0.0871382270823,257,5.6,1,-0.0298225745564,OK
UGC02953,2.92,0.822535211268,-4.01511255528,0.0180409238352,0.210086512025,-0.0858484840732,259,8.73,1,-0.0222725556814,OK
UGC02953,3,0.845070422535,-4.01039991433,0.018126144882,0.208164588372,-0.0847259339868,260,5.19,1,-0.0184975462439,OK
UGC02953,3.09,0.870422535211,-4.00514959695,0.0182215631644,0.206032341694,-0.0834891836951,262,11,1,-0.0109475273688,OK
UGC02953,3.18,0.895774647887,-3.99995294198,0.0183165008066,0.203931106814,-0.0822793164716,263,16,1,-0.00717251793129,OK
UGC02953,3.27,0.921126760563,-3.99480917177,0.0184109594064,0.201860212054,-0.0810955587864,264,13.1,1,-0.00339750849377,OK
UGC02953,3.35,0.943661971831,-3.99028071318,0.0184945217351,0.200044359584,-0.0800646452508,266,11.8,1,0.00415251038128,OK
UGC02953,3.43,0.966197183099,-3.98579291511,0.0185777079359,0.198251517934,-0.0790532654604,267,12.7,1,0.0079275198188,OK
UGC02953,4.21,1.18591549296,-3.94406650161,0.0193692891331,0.181892667247,-0.0701218335613,280,5.52,1,0.0570026425066,OK
UGC02953,4.29,1.20845070423,-3.9399852466,0.0194485016749,0.18032183079,-0.0692923695291,282,2.35,1,0.0645526613817,OK
UGC02953,4.38,1.2338028169,-3.93543587677,0.0195371816676,0.178576768588,-0.0683766938342,283,5.1,1,0.0683276708192,OK
UGC02953,4.47,1.25915492958,-3.93093045565,0.0196254034876,0.176854691124,-0.0674790494613,285,4.61,1,0.0758776896942,OK
UGC02953,4.8,1.35211267606,-3.91477738013,0.0199449883022,0.170729888699,-0.0643345159047,290,10.8,1,0.0947527368818,OK
UGC02953,5.25,1.47887323944,-3.89364161603,0.0203710273403,0.162828842592,-0.0603888603189,296,2.85,1,0.117402793507,OK
UGC02953,5.32,1.4985915493,-3.89044260862,0.0204362987539,0.161643818492,-0.0598078455195,298,1.92,1,0.124952812382,OK
UGC02953,5.41,1.52394366197,-3.88636373738,0.0205198260178,0.160136906144,-0.0590730661076,299,4.29,1,0.12872782182,OK
UGC02953,5.5,1.54929577465,-3.88232283487,0.0206029123932,0.158648450708,-0.0583517448676,300,4.92,1,0.132502831257,OK
UGC02953,5.58,1.57183098592,-3.87876242152,0.0206763980196,0.157340601257,-0.0577216043432,301,2.24,1,0.136277840695,OK
UGC02953,5.67,1.59718309859,-3.87479197958,0.0207586556489,0.155886095925,-0.0570248207823,302,4.59,1,0.140052850132,OK
UGC02953,5.76,1.62253521127,-3.87085818985,0.0208404766631,0.154449095916,-0.056340578273,303,5.07,1,0.14382785957,OK
UGC02953,6,1.69014084507,-3.86054395272,0.0210565426437,0.150700312103,-0.0545749962297,306,7.89,1,0.155152887882,OK
UGC02953,6.18,1.74084507042,-3.85297241495,0.0212165781445,0.147965523213,-0.0533047112657,307,4.41,1,0.15892789732,OK
UGC02953,6.27,1.7661971831,-3.84923824004,0.0212959526652,0.146622000141,-0.052686136129,308,3.2,1,0.162702906757,OK
UGC02953,6.36,1.79154929577,-3.84553792864,0.0213749002969,0.145294023029,-0.0520782662412,309,6.66,1,0.166477916195,OK
UGC02953,6.45,1.81690140845,-3.84187109005,0.0214534224824,0.143981323605,-0.0514808559957,310,5.83,1,0.170252925632,OK
UGC02953,6.53,1.83943661972,-3.83863946802,0.0215228639789,0.142827093336,-0.0509584125572,310,3.83,1,0.170252925632,OK
UGC02953,6.61,1.86197183099,-3.83543372484,0.0215919714647,0.141684546982,-0.0504438818247,311,2.41,1,0.17402793507,OK
UGC02953,6.7,1.88732394366,-3.83185787185,0.0216693193903,0.140412928617,-0.049874295105,312,1.25,1,0.177802944507,OK
UGC02953,6.79,1.91267605634,-3.82831407506,0.0217462472826,0.139155628417,-0.0493143014265,312,3.61,1,0.177802944507,OK
UGC02953,6.87,1.93521126761,-3.82519065374,0.0218142761612,0.138049853904,-0.0488244093726,313,13.8,1,0.181577953945,OK
UGC02953,6.96,1.96056338028,-3.82170643039,0.0218904145362,0.136818947349,-0.0482819562191,313,4.58,1,0.181577953945,OK
UGC02953,7.05,1.98591549296,-3.81825323975,0.0219661369774,0.135601678743,-0.047748493315,314,3.05,1,0.185352963382,OK
UGC02953,7.2,2.02816901408,-3.81256595492,0.0220914205791,0.133602594314,-0.0468788326393,315,1.38,1,0.18912797282,OK
UGC02953,7.39,2.08169014085,-3.80548202176,0.0222484703341,0.131122328037,-0.0458109536527,316,0.75,1,0.192902982257,OK
UGC02953,7.47,2.10422535211,-3.80253874735,0.0223140501499,0.130094924019,-0.045372208506,316,8.57,1,0.192902982257,OK
UGC02953,7.99,2.25070422535,-3.7839594502,0.0227325047775,0.123649944512,-0.042668087915,318,1.36,1,0.200453001133,OK
UGC02953,8.08,2.27605633803,-3.78083832721,0.0228035665593,0.122573853609,-0.0422246857204,318,16,1,0.200453001133,OK
UGC02953,8.16,2.2985915493,-3.77808678814,0.0228663978654,0.121626697374,-0.0418363272595,318,5.5,1,0.200453001133,OK
UGC02953,8.25,2.32394366197,-3.77501669283,0.0229367077601,0.120571529667,-0.0414057940997,319,2.94,1,0.20422801057,OK
UGC02953,8.34,2.34929577465,-3.77197321061,0.0230066215592,0.119527192785,-0.0409818727606,319,1.74,1,0.20422801057,OK
UGC02953,8.4,2.3661971831,-3.76995887277,0.0230530113741,0.118836903252,-0.0407028651098,319,2.2,1,0.20422801057,OK
UGC02953,9.59,2.7014084507,-3.73231208347,0.0239374264778,0.106057124205,-0.0357095595204,319,3.23,1,0.20422801057,OK
UGC02953,10.8,3.04225352113,-3.69815234424,0.0247692492633,0.0946222126835,-0.0315186123961,317,4.08,1,0.196677991695,OK
UGC02953,12.02,3.38591549296,-3.66742311647,0.0255422045013,0.0844133283085,-0.0279979688116,312,2.62,1,0.177802944507,OK
UGC02953,13.22,3.72394366197,-3.640430733,0.0262410386497,0.0754558680096,-0.0250805740517,308,0.76,1,0.162702906757,OK
UGC02953,14.42,4.06197183099,-3.61630824646,0.0268817342692,0.0674087157347,-0.0225965002347,303,1.86,1,0.14382785957,OK
UGC02953,15.63,4.40281690141,-3.59460171701,0.0274716224773,0.0600821937667,-0.0204475132042,298,1.34,1,0.124952812382,OK
UGC02953,16.83,4.74084507042,-3.57542411035,0.0280035466614,0.053489046471,-0.0186054112202,296,1.41,1,0.117402793507,OK
UGC02953,18.03,5.07887323944,-3.55837467755,0.0284850845579,0.0474770902627,-0.0170014732962,294,1.15,1,0.109852774632,OK
UGC02953,19.23,5.41690140845,-3.54326977419,0.0289186149821,0.0419727206171,-0.0155963451919,294,0.59,1,0.109852774632,OK
UGC02953,20.43,5.75492957746,-3.5299485465,0.0293064237462,0.0369142583722,-0.0143584777972,294,0.5,1,0.109852774632,OK
UGC02953,21.64,6.09577464789,-3.51817851809,0.0296533991358,0.0322122819807,-0.0132537401899,292,1.21,1,0.102302755757,OK
UGC02953,22.84,6.4338028169,-3.50802797712,0.029955930007,0.0278999604104,-0.0122794252184,290,1.21,1,0.0947527368818,OK
UGC02953,24.04,6.77183098592,-3.49928150589,0.0302190878607,0.0238990345459,-0.0114087268876,287,0.81,1,0.0834277085693,OK
UGC02953,25.24,7.10985915493,-3.49183948093,0.0304448179696,0.0201769506056,-0.0106274570011,283,1.08,1,0.0683276708192,OK
UGC02953,26.44,7.44788732394,-3.48561251944,0.0306349881555,0.0167055396383,-0.00992377524962,279,1.87,1,0.0532276330691,OK
UGC02953,27.65,7.78873239437,-3.48048224257,0.0307925579693,0.0134341477635,-0.00928269725983,276,1.55,1,0.0419026047565,OK
UGC02953,28.85,8.12676056338,-3.47646021634,0.0309166558403,0.010395303436,-0.00870636625294,273,1.9,1,0.0305775764439,OK
UGC02953,30.05,8.46478873239,-3.47343350117,0.0310103735082,0.00754229236559,-0.0081820889191,271,1.12,1,0.0230275575689,OK
UGC02953,31.25,8.80281690141,-3.47134213369,0.0310752954594,0.00485857401813,-0.00770378031422,270,1.41,1,0.0192525481314,OK
UGC02953,32.34,9.10985915493,-3.47020708777,0.0311105873719,0.00255526099519,-0.007304756554,268,1.76,1,0.0117025292563,OK
UGC02953,33.55,9.45070422535,-3.46975239138,0.0311247364601,0.000135948456528,-0.0068970626551,267,1.81,1,0.0079275198188,OK
UGC02953,34.75,9.78873239437,-3.47009325399,0.031114129009,-0.00213179130982,-0.00652554027275,266,2.18,1,0.00415251038128,OK
UGC02953,35.95,10.1267605634,-3.47118002282,0.0310803335108,-0.00427897629583,-0.00618324796453,265,3.01,1,0.000377500943753,OK
UGC02953,37.15,10.4647887324,-3.47297355807,0.0310246397962,-0.00631497077211,-0.00586719796026,264,2.04,1,-0.00339750849377,OK
UGC02953,38.35,10.8028169014,-3.47543772204,0.0309482841118,-0.0082481936421,-0.00557477470451,264,1.58,1,-0.00339750849377,OK
UGC02953,39.56,11.1436619718,-3.47856751266,0.0308515738827,-0.0101011716854,-0.00530150519296,264,3.23,1,-0.00339750849377,OK
UGC02953,40.76,11.4816901408,-3.48227999649,0.0307372502573,-0.0118501825696,-0.00504986824438,264,2.94,1,-0.00339750849377,OK
UGC02953,41.96,11.8197183099,-3.48656966017,0.0306056801888,-0.0135171381764,-0.00481573116986,264,1.62,1,-0.00339750849377,OK
UGC02953,43.16,12.1577464789,-3.49140973539,0.0304579043061,-0.0151076806204,-0.00459750811619,264,2.15,1,-0.00339750849377,OK
UGC02953,44.36,12.4957746479,-3.49677527391,0.0302949188906,-0.0166269463383,-0.00439378888254,262,4.45,1,-0.0109475273688,OK
UGC02953,45.57,12.8366197183,-3.50269393137,0.0301161432206,-0.0180914596635,-0.00420178121358,260,7.43,1,-0.0184975462439,OK
UGC02953,46.77,13.1746478873,-3.50904595854,0.0299254509433,-0.0194813261886,-0.00402352745541,258,7.22,1,-0.0260475651189,OK
UGC02953,47.97,13.5126760563,-3.5158578319,0.0297222952819,-0.0208128420306,-0.00385638087781,257,5.37,1,-0.0298225745564,OK
UGC02953,49.17,13.8507042254,-3.52311044419,0.0295075108136,-0.0220896062401,-0.00369943748858,258,5.43,1,-0.0260475651189,OK
UGC02953,50.37,14.1887323944,-3.53078585483,0.0292818955037,-0.0233149278461,-0.00355188342633,260,6.47,1,-0.0184975462439,OK
UGC02953,51.58,14.5295774648,-3.53893620154,0.0290442078373,-0.0245014669512,-0.00341186134629,263,5.75,1,-0.00717251793129,OK
UGC02953,52.78,14.8676056338,-3.54741078398,0.0287991103201,-0.0256324415417,-0.00328101741816,265,5.54,1,0.000377500943753,OK
UGC02953,53.98,15.2056338028,-3.55626033574,0.0285453754783,-0.026720451467,-0.00315755840548,266,4.43,1,0.00415251038128,OK
UGC02953,55.18,15.5436619718,-3.56547074484,0.0282836679591,-0.027767899371,-0.00304093884036,266,4.71,1,0.00415251038128,OK
UGC02953,57.59,16.2225352113,-3.58500535379,0.0277365191343,-0.0297578163113,-0.00282543183184,262,5.28,1,-0.0109475273688,OK
UGC02953,59.99,16.8985915493,-3.60575393553,0.0271669549573,-0.0316017060625,-0.00263280861166,263,4.7,1,-0.00717251793129,OK
UGC02953,62.39,17.5746478873,-3.62770657275,0.026577067137,-0.0333219590518,-0.00245923241867,272,5.04,1,0.0268025670064,OK
UGC03205,0.28,0.0877742946708,-4.19662540628,0.0150462662799,0.290469905629,-0.139414501149,107,30.2,1,-0.512750455373,OK
UGC03205,0.55,0.172413793103,-4.17252927324,0.0154132265201,0.279031421545,-0.131003480199,121,15.6,1,-0.448998178506,OK
UGC03205,0.83,0.260188087774,-4.14853169398,0.0157875804742,0.267886743019,-0.123060184361,134,8.69,1,-0.389799635701,OK
UGC03205,1.39,0.435736677116,-4.103326325,0.0165176408794,0.247536892484,-0.109196872074,157,12.5,1,-0.285063752277,OK
UGC03205,1.65,0.51724137931,-4.08350721897,0.0168482713329,0.238870254146,-0.103544210082,168,11.7,1,-0.234972677596,OK
UGC03205,3.04,0.952978056426,-3.98842055129,0.0185289565568,0.199300431608,-0.0796441994719,207,8.04,1,-0.0573770491803,OK
UGC03205,3.32,1.0407523511,-3.9712289247,0.018850253353,0.192478699641,-0.0758403720777,213,6.53,1,-0.0300546448087,OK
UGC03205,3.59,1.12539184953,-3.95520512955,0.0191547389436,0.186205822958,-0.0724247296403,218,11.2,1,-0.00728597449909,OK
UGC03205,3.87,1.2131661442,-3.93913571956,0.0194650307228,0.179995491854,-0.0691206687332,222,6.05,1,0.0109289617486,OK
UGC03205,4.15,1.30094043887,-3.92359897963,0.0197698153919,0.174065321908,-0.0660376562297,226,5.41,1,0.0291438979964,OK
UGC03205,4.43,1.38871473354,-3.90857114486,0.020069156502,0.168396773313,-0.063156404911,229,5.96,1,0.0428051001821,OK
UGC03205,4.7,1.47335423197,-3.89454119016,0.020352710331,0.163162581796,-0.0605529988127,232,7.41,1,0.0564663023679,OK
UGC03205,4.97,1.55799373041,-3.88094512186,0.0206313168557,0.158141973964,-0.0581073112701,234,6.1,1,0.0655737704918,OK
UGC03205,5.25,1.64576802508,-3.86728505239,0.020915075748,0.153147324474,-0.055724291508,235,3.89,1,0.0701275045537,OK
UGC03205,5.52,1.73040752351,-3.85451972028,0.0211837750047,0.148523237619,-0.0535625504299,236,9.03,1,0.0746812386157,OK
UGC03205,5.8,1.81818181818,-3.84168677715,0.0214573769892,0.14391542616,-0.0514509568776,237,10,1,0.0792349726776,OK
UGC03205,6.08,1.90595611285,-3.82925030759,0.0217258972663,0.139487513003,-0.0494618136227,237,7.36,1,0.0792349726776,OK
UGC03205,6.36,1.99373040752,-3.81719498063,0.0219893951466,0.135229164479,-0.0475858327047,237,10.2,1,0.0792349726776,OK
UGC03205,6.63,2.07836990596,-3.80591763132,0.0222387807984,0.131274539332,-0.0458761338904,236,10.4,1,0.0746812386157,OK
UGC03205,6.91,2.16614420063,-3.79456963942,0.0224925836555,0.127322100387,-0.0441986324222,236,5.83,1,0.0746812386157,OK
UGC03205,7.19,2.2539184953,-3.78356222622,0.0227415364673,0.123512888757,-0.0426114855264,235,5.43,1,0.0701275045537,OK
UGC03205,7.27,2.2789968652,-3.78047807794,0.0228117830074,0.122449765752,-0.0421737043689,234,8.36,1,0.0655737704918,OK
UGC03205,7.46,2.33855799373,-3.77325903345,0.0229770581304,0.11996820581,-0.0411606244306,234,7.88,1,0.0655737704918,OK
UGC03205,8.02,2.51410658307,-3.75281834616,0.0234515580212,0.112991012084,-0.0383782281864,231,8.17,1,0.051912568306,OK
UGC03205,8.29,2.5987460815,-3.74339081047,0.0236736938731,0.109795680481,-0.0371364842766,229,5.82,1,0.0428051001821,OK
UGC03205,8.56,2.68338557994,-3.73422935017,0.0238915760149,0.106702912392,-0.0359540454038,228,7.21,1,0.0382513661202,OK
UGC03205,8.84,2.77115987461,-3.72500056034,0.0241130869153,0.103598735378,-0.0347864810417,226,18.2,1,0.0291438979964,OK
UGC03205,9.12,2.85893416928,-3.71603981284,0.0243301291766,0.100594557639,-0.0336748796764,224,9.11,1,0.0200364298725,OK
UGC03205,9.69,3.03761755486,-3.69859134852,0.0247583778435,0.0947684522692,-0.0315705590192,221,5.56,1,0.0063752276867,OK
UGC03205,12.11,3.79623824451,-3.63504072841,0.0263828598337,0.0736632029289,-0.0245159844277,216,3.21,1,-0.016393442623,OK
UGC03205,14.58,4.57053291536,-3.58480803476,0.0277419926174,0.0567331371673,-0.0195009340182,220,1.89,1,0.00182149362477,OK
UGC03205,14.68,4.60188087774,-3.58303912037,0.0277911092561,0.0561244870539,-0.0193313136764,220,7.66,1,0.00182149362477,OK
UGC03205,15.2,4.76489028213,-3.57414332174,0.0280394362637,0.0530431379131,-0.018483964725,221,9.52,1,0.0063752276867,OK
UGC03205,15.5,4.85893416928,-3.56923598717,0.0281773733333,0.0513267790532,-0.0180202129161,221,13.6,1,0.0063752276867,OK
UGC03205,15.71,4.92476489028,-3.56589592673,0.028271644812,0.0501508868922,-0.0177058935537,221,8.15,1,0.0063752276867,OK
UGC03205,16.02,5.02194357367,-3.56110522031,0.0284074109104,0.0484522168606,-0.017256717093,221,4.11,1,0.0063752276867,OK
UGC03205,16.32,5.11598746082,-3.55662427414,0.0285349886104,0.0468491327016,-0.0168381092337,221,5.37,1,0.0063752276867,OK
UGC03205,16.53,5.18181818182,-3.55357644102,0.0286220911634,0.0457500564791,-0.0165540811156,221,5.06,1,0.0063752276867,OK
UGC03205,16.84,5.2789968652,-3.54920803112,0.0287473976856,0.0441612183411,-0.0161477572271,221,11.4,1,0.0063752276867,OK
UGC03205,16.94,5.31034482759,-3.54783158006,0.0287869943168,0.043657027502,-0.0160198725177,221,2.56,1,0.0063752276867,OK
UGC03205,19.4,6.08150470219,-3.51863953653,0.0296397315229,0.0324017233526,-0.013297394912,218,1.7,1,-0.00728597449909,OK
UGC03205,21.77,6.82445141066,-3.49803966447,0.0302566384868,0.0233020577836,-0.0112815551324,216,1.13,1,-0.016393442623,OK
UGC03205,24.23,7.59561128527,-3.48325194038,0.0307073898885,0.0152608207125,-0.00963802201721,215,1.77,1,-0.0209471766849,OK
UGC03205,26.69,8.36677115987,-3.47421231672,0.0309862315495,0.00835145503312,-0.00832912911954,212,2.47,1,-0.0346083788707,OK
UGC03205,29.06,9.10971786834,-3.47020744886,0.0311105761379,0.0025562930718,-0.00730493297384,208,1.44,1,-0.0528233151184,OK
UGC03205,31.52,9.88087774295,-3.47031725535,0.0311071601824,-0.00272864675379,-0.00642946756929,209,2.88,1,-0.0482695810565,OK
UGC03205,36.34,11.3918495298,-3.48123583559,0.0307693616539,-0.011393584264,-0.00511497069207,220,4.09,1,0.00182149362477,OK
UGC03205,40.04,12.5517241379,-3.49771240316,0.0302665419344,-0.0168718682562,-0.00436137924674,220,6.32,1,0.00182149362477,OK
UGC03546,0.63,0.166226912929,-4.1742581182,0.0153866024621,0.279843743415,-0.131592170167,262,73.6,1,0.33062468258,OK
UGC03546,0.79,0.208443271768,-4.16256021385,0.0155676503417,0.27437219383,-0.127652429298,250,55.5,1,0.26968004063,OK
UGC03546,0.95,0.250659630607,-4.15108984023,0.0157472451483,0.269063249277,-0.12388700379,241,42.9,1,0.223971559167,OK
UGC03546,1.11,0.292875989446,-4.13984028499,0.0159253948259,0.263909767373,-0.120285759749,234,31.9,1,0.188420518029,OK
UGC03546,1.27,0.335092348285,-4.12880512854,0.0161021072809,0.258905018004,-0.116839289141,228,28.8,1,0.157948197054,OK
UGC03546,1.43,0.377308707124,-4.11797822721,0.0162773903819,0.254042653997,-0.113538848285,225,24.2,1,0.142712036567,OK
UGC03546,1.59,0.419525065963,-4.10735369766,0.0164512519603,0.249316684269,-0.110376302344,222,12.2,1,0.127475876079,OK
UGC03546,1.9,0.501319261214,-4.08732370931,0.0167840926146,0.240527387551,-0.104613430432,221,6.34,1,0.122397155917,OK
UGC03546,2.06,0.543535620053,-4.07726190093,0.0169538234058,0.236170480639,-0.10181401717,221,12.2,1,0.122397155917,OK
UGC03546,2.22,0.585751978892,-4.06738156409,0.017122163149,0.231929393234,-0.0991254854591,222,16.9,1,0.127475876079,OK
UGC03546,2.38,0.627968337731,-4.05767790637,0.0172891194931,0.227799567676,-0.0965420558348,222,26,1,0.127475876079,OK
UGC03546,2.79,0.736147757256,-4.03358723904,0.0177106834093,0.217695334305,-0.0903651347072,221,13.1,1,0.122397155917,OK
UGC03546,2.86,0.754617414248,-4.02958183712,0.0177817640729,0.216035536667,-0.0893699929322,221,11.8,1,0.122397155917,OK
UGC03546,3.02,0.796833773087,-4.02054057815,0.0179432625817,0.212309683119,-0.087156200909,220,22.9,1,0.117318435754,OK
UGC03546,4.17,1.10026385224,-3.95990707765,0.0190648857633,0.188038101985,-0.0734142869986,205,8.45,1,0.0411376333164,OK
UGC03546,5.56,1.46701846966,-3.89557616612,0.020331656662,0.163546830276,-0.0607422544945,190,13.3,1,-0.0350431691214,OK
UGC03546,6.96,1.8364116095,-3.8390717547,0.0215135619423,0.14298134839,-0.0510280793313,190,8.87,1,-0.0350431691214,OK
UGC03546,8.35,2.20316622691,-3.78988605101,0.0225981767439,0.125698415109,-0.0435185587758,198,3.19,1,0.00558659217877,OK
UGC03546,9.73,2.5672823219,-3.74686385197,0.0235916167628,0.110971261829,-0.0375909548063,204,2.56,1,0.0360589131539,OK
UGC03546,11.14,2.93931398417,-3.70806176814,0.0245250123947,0.0979271224388,-0.0327030079432,204,1.09,1,0.0360589131539,OK
UGC03546,12.51,3.30079155673,-3.67471112269,0.0253567294485,0.0868310624773,-0.028812913515,201,0.57,1,0.0208227526663,OK
UGC03546,13.88,3.66226912929,-3.64513245138,0.0261179502661,0.0770179580989,-0.0255777858294,203,0.75,1,0.0309801929914,OK
UGC03546,15.35,4.05013192612,-3.61710794495,0.0268602455803,0.0676767331625,-0.0226771495368,202,0.89,1,0.0259014728288,OK
UGC03546,16.72,4.41160949868,-3.59407422821,0.0274861172731,0.0599026327791,-0.0203961928708,198,1.58,1,0.00558659217877,OK
UGC03546,18.08,4.77044854881,-3.57384877921,0.0280476962865,0.0529404766867,-0.0184560604972,195,1.5,1,-0.00964956830879,OK
UGC03546,19.45,5.13192612137,-3.55587969755,0.0285562430065,0.0465813097132,-0.0167686746087,194,2.16,1,-0.0147282884713,OK
UGC03546,20.92,5.51978891821,-3.53903315531,0.0290413920285,0.0403884085473,-0.0152031405711,192,6.21,1,-0.0248857287963,OK
UGC03546,22.92,6.04749340369,-3.51974927238,0.0296068574942,0.0328557657701,-0.0134023162616,190,3.14,1,-0.0350431691214,OK
UGC03546,25.02,6.60158311346,-3.50351763499,0.0300913466583,0.0258773200697,-0.0118352483519,191,14.6,1,-0.0299644489589,OK
UGC03546,29.23,7.71240105541,-3.48153486507,0.0307601620832,0.0141479580328,-0.00942075339165,193,18.6,1,-0.0198070086338,OK
UGC03580,0.11,0.0452674897119,-4.20909965167,0.0148597412603,0.296491541818,-0.143947508559,56.2,28.5,1,-0.554675118859,OK
UGC03580,0.23,0.0946502057613,-4.19463145104,0.0150762977922,0.289513758673,-0.13870139826,64.6,22.7,1,-0.488114104596,OK
UGC03580,0.34,0.139917695473,-4.18166642235,0.0152730350217,0.283339190407,-0.134140379508,70.2,17.2,1,-0.443740095087,OK
UGC03580,0.46,0.189300411523,-4.16783597867,0.0154857353519,0.27683265465,-0.129416653677,71.6,11.7,1,-0.43264659271,OK
UGC03580,0.57,0.234567901235,-4.15543563393,0.015678959355,0.271068161035,-0.125302384529,71,11.3,1,-0.437400950872,OK
UGC03580,0.69,0.283950617284,-4.14220057891,0.0158878505386,0.264986696198,-0.12103392555,69,9.37,1,-0.45324881141,OK
UGC03580,0.8,0.329218106996,-4.13032801766,0.0160776042194,0.259592741073,-0.117309913837,67.7,6.23,1,-0.463549920761,OK
UGC03580,0.92,0.378600823045,-4.1176500694,0.0162827328112,0.253896012489,-0.113440046534,66.9,4,1,-0.469889064976,OK
UGC03580,1.03,0.423868312757,-4.10627189383,0.0164690586176,0.248837983491,-0.110058454657,66.6,3.1,1,-0.472266244057,OK
UGC03580,1.14,0.469135802469,-4.09511926949,0.016653759879,0.243929624883,-0.106825844903,66.8,3.02,1,-0.470681458003,OK
UGC03580,1.26,0.518518518519,-4.08320223282,0.0168534106059,0.238738068099,-0.103459157146,67.4,3.09,1,-0.465927099842,OK
UGC03580,1.37,0.56378600823,-4.07250014338,0.0170347459161,0.234121944005,-0.100510906881,68.3,2.71,1,-0.458795562599,OK
UGC03580,1.49,0.61316872428,-4.06105985717,0.0172307473031,0.22923495329,-0.0974360997396,69.6,2.75,1,-0.448494453249,OK
UGC03580,1.61,0.662551440329,-4.049857212,0.0174248625231,0.224496338345,-0.0945002600173,71.2,2.61,1,-0.435816164818,OK
UGC03580,1.71,0.703703703704,-4.04069802956,0.0175851931459,0.220656020974,-0.0921539122253,72.9,4.09,1,-0.42234548336,OK
UGC03580,1.83,0.753086419753,-4.02991269111,0.0177758818784,0.216172424286,-0.0894518562698,74.9,6.17,1,-0.406497622821,OK
UGC03580,1.94,0.798353909465,-4.02021793914,0.017949052712,0.212177253239,-0.0870780259417,77,7.74,1,-0.389857369255,OK
UGC03580,2.06,0.847736625514,-4.00984520627,0.0181362023899,0.20793886701,-0.0845945802548,79.2,5.36,1,-0.372424722662,OK
UGC03580,2.18,0.897119341564,-3.99967879148,0.0183215229729,0.203820508997,-0.0822158801261,81.4,6.34,1,-0.35499207607,OK
UGC03580,2.29,0.942386831276,-3.99053586296,0.0184898034638,0.20014649011,-0.0801224527692,83.6,2.03,1,-0.337559429477,OK
UGC03580,2.4,0.987654320988,-3.98155713049,0.0186565660003,0.196565433227,-0.0781079752779,85.7,1.94,1,-0.320919175911,OK
UGC03580,2.52,1.03703703704,-3.97194456731,0.0188367681343,0.192760759035,-0.0759958050457,87.8,1.7,1,-0.304278922345,OK
UGC03580,2.63,1.08230452675,-3.9632959931,0.0190003858315,0.189363020235,-0.0741340174869,89.7,2.16,1,-0.289223454834,OK
UGC03580,2.75,1.1316872428,-3.95403432422,0.0191771785478,0.185750651956,-0.0721799470097,91.4,1.88,1,-0.275752773376,OK
UGC03580,2.86,1.17695473251,-3.94569921792,0.0193376903818,0.182522506718,-0.0704557998876,92.8,3.36,1,-0.264659270998,OK
UGC03580,2.98,1.22633744856,-3.93677092599,0.0195111159719,0.179088224214,-0.0686444358459,94.1,1.4,1,-0.254358161648,OK
UGC03580,3.09,1.27160493827,-3.92873383167,0.0196685605019,0.176017284632,-0.0670446890664,95.2,5.51,1,-0.245641838352,OK
UGC03580,3.2,1.31687242798,-3.92083413113,0.0198245515702,0.173017500646,-0.0655002202823,96.1,6.23,1,-0.238510301109,OK
UGC03580,4.52,1.86008230453,-3.83570153161,0.0215861897627,0.141779902498,-0.0504867240727,97.4,2.3,1,-0.228209191759,OK
UGC03580,4.69,1.93004115226,-3.82590504045,0.0217986978974,0.138302570436,-0.0489361549721,96.9,11.7,1,-0.232171156894,OK
UGC03580,6.03,2.48148148148,-3.75652520169,0.023364787406,0.114251159754,-0.0388735511384,96.8,2.3,1,-0.232963549921,OK
UGC03580,7.53,3.0987654321,-3.69285505693,0.0249008072358,0.0928587284072,-0.0308955625449,105,1.02,1,-0.167987321712,OK
UGC03580,8.58,3.53086419753,-3.65547696351,0.0258491654336,0.0804511562426,-0.0266877193211,110,7.12,1,-0.128367670365,OK
UGC03580,8.7,3.58024691358,-3.65153643399,0.0259512257871,0.0791437911444,-0.0262622763585,110,5.26,1,-0.128367670365,OK
UGC03580,8.82,3.62962962963,-3.64765995108,0.0260520205086,0.0778571850404,-0.0258469262102,110,5.16,1,-0.128367670365,OK
UGC03580,9.03,3.71604938272,-3.64102718485,0.0262253918004,0.0756541089068,-0.0251434035685,111,0.82,1,-0.120443740095,OK
UGC03580,9.05,3.72427983539,-3.64040536816,0.0262417042579,0.0754474370361,-0.025077903722,111,7.81,1,-0.120443740095,OK
UGC03580,10.53,4.33333333333,-3.59882613157,0.0273558157354,0.0615172180408,-0.0208599745208,112,1.43,1,-0.112519809826,OK
UGC03580,12.07,4.9670781893,-3.56378966846,0.0283312549527,0.0494058867396,-0.0175081839316,112,1.21,1,-0.112519809826,OK
UGC03580,13.58,5.58847736626,-3.53629460197,0.0291210324295,0.0393528985185,-0.0149488539747,114,1.35,1,-0.0966719492868,OK
UGC03580,15.09,6.20987654321,-3.51458856431,0.0297600447801,0.0307196127601,-0.0129122814931,118,1.36,1,-0.0649762282092,OK
UGC03580,16.6,6.83127572016,-3.49788090659,0.030261442348,0.023225124724,-0.0112652182127,122,1.44,1,-0.0332805071315,OK
UGC03580,18.11,7.45267489712,-3.48553265414,0.0306374349257,0.0166580514866,-0.00991431614137,125,1.64,1,-0.0095087163233,OK
UGC03580,19.62,8.07407407407,-3.47702003199,0.0308993530562,0.0108562774875,-0.00879260380154,128,1.97,1,0.0142630744849,OK
UGC03580,21.02,8.65020576132,-3.47217412659,0.0310494517864,0.00605021862772,-0.00791438444188,131,1.81,1,0.0380348652932,OK
UGC03580,24.04,9.89300411523,-3.47035081635,0.0311061162124,-0.00280653713511,-0.00641698251764,127,1.93,1,0.00633914421553,OK
UGC03580,27.06,11.1358024691,-3.47848828628,0.0308540182381,-0.0100594806329,-0.0053075781019,124,1.92,1,-0.0174326465927,OK
UGC04278,0.14,0.0633484162896,-4.20376223247,0.0149392659682,0.293906570334,-0.141992692822,5.23,5.31,1,-0.942778993435,OK
UGC04278,0.42,0.190045248869,-4.16762981926,0.015488928211,0.276736286115,-0.129347326716,15.4,7.78,1,-0.831509846827,OK
UGC04278,0.69,0.31221719457,-4.13475835032,0.016006532636,0.261598797719,-0.118688108362,24.4,4,1,-0.733041575492,OK
UGC04278,0.97,0.438914027149,-4.10254036446,0.0165306281964,0.247190299705,-0.10896792938,32.1,4,1,-0.648796498906,OK
UGC04278,1.25,0.565610859729,-4.07207307289,0.0170420225071,0.233938632579,-0.100394708372,34.6,4,1,-0.621444201313,OK
UGC04278,1.52,0.68778280543,-4.04422278874,0.0175233186851,0.222130319446,-0.0930511873118,37.9,4,1,-0.58533916849,OK
UGC04278,1.8,0.814479638009,-4.01680771241,0.0180103675407,0.210779706909,-0.0862551755736,40.5,4,1,-0.556892778993,OK
UGC04278,2.07,0.93665158371,-3.9916850718,0.0184685670232,0.20060675942,-0.0803832314481,43,4,1,-0.5295404814,OK
UGC04278,2.35,1.06334841629,-3.96689894488,0.0189320515341,0.190775603607,-0.0749052369277,45.1,4,1,-0.506564551422,OK
UGC04278,2.63,1.19004524887,-3.94331592682,0.0193838326906,0.18160339753,-0.0699687169446,45.6,4,1,-0.501094091904,OK
UGC04278,2.91,1.31674208145,-3.92085668391,0.0198241044763,0.173026038658,-0.0655045906237,49.2,13,1,-0.46170678337,OK
UGC04278,3.19,1.44343891403,-3.89944947962,0.0202530580985,0.16498747783,-0.0614544523324,50.3,4,1,-0.449671772429,OK
UGC04278,3.46,1.56561085973,-3.87974221765,0.0206561492862,0.157700174268,-0.0578945107751,53.7,4.19,1,-0.412472647702,OK
UGC04278,3.74,1.69230769231,-3.86021753624,0.0210634169681,0.150582116254,-0.0545197860454,58,7.53,1,-0.365426695842,OK
UGC04278,4.01,1.81447963801,-3.84221993078,0.0214459399599,0.144106066965,-0.0515374785792,64.4,4,1,-0.295404814004,OK
UGC04278,4.29,1.94117647059,-3.82436802625,0.0218322285674,0.137758989775,-0.048695953867,67.5,4,1,-0.261487964989,OK
UGC04278,4.57,2.06787330317,-3.8072980991,0.0222081020585,0.131757167951,-0.0460831125144,71.3,4,1,-0.219912472648,OK
UGC04278,4.85,2.19457013575,-3.79096817582,0.0225737359225,0.126073176645,-0.0436750579965,75.6,4,1,-0.172866520788,OK
UGC04278,5.13,2.32126696833,-3.77533957426,0.0229293031185,0.120682420691,-0.0414509355254,80,4,1,-0.124726477024,OK
UGC04278,5.4,2.44343891403,-3.76089988022,0.023262797222,0.115741185557,-0.0394633295165,82.8,4,1,-0.0940919037199,OK
UGC04278,5.68,2.57013574661,-3.74654735681,0.0235990845771,0.110864058179,-0.0375493961817,84.8,15.7,1,-0.0722100656455,OK
UGC04278,5.86,2.65158371041,-3.73764095692,0.0238102062328,0.107853254966,-0.0363916143024,86.3,16.8,1,-0.0557986870897,OK
UGC04278,6.36,2.8778280543,-3.71414518759,0.0243762693491,0.0999605066925,-0.0334425759135,90.2,8.07,1,-0.0131291028446,OK
UGC04278,6.51,2.94570135747,-3.70743693766,0.0245403411585,0.0977184771235,-0.032627588751,91.3,4,1,-0.00109409190372,OK
UGC04278,6.69,3.02714932127,-3.69958513877,0.0247337854307,0.0950995561111,-0.031688330412,92.8,8.75,1,0.0153172866521,OK
UGC04305,0.25,0.215517241379,-4.16062250185,0.0155978452097,0.273471460956,-0.127009604286,3.17,3.22,1,-0.908115942029,OK
UGC04305,0.5,0.431034482759,-4.10449150003,0.0164984061447,0.248051156483,-0.109537013104,10.5,3.32,1,-0.695652173913,OK
UGC04305,0.75,0.646551724138,-4.05346122511,0.0173621761193,0.226015789036,-0.0954367542185,17.5,4.47,1,-0.492753623188,OK
UGC04305,1,0.862068965517,-4.0068736202,0.01819017583,0.206731461891,-0.0838936869634,22.7,4.96,1,-0.342028985507,OK
UGC04305,1.26,1.08620689655,-3.96255759265,0.0190144209062,0.189074028943,-0.0739767304319,29.7,5.29,1,-0.139130434783,OK
UGC04305,1.5,1.29310344828,-3.92496515862,0.0197428247269,0.174583902787,-0.0663044528366,34.5,4.7,1,0,OK
UGC04305,1.76,1.51724137931,-3.88743834843,0.0204977870298,0.160533476538,-0.0592659958588,36,3.51,1,0.0434782608696,OK
UGC04305,2.01,1.73275862069,-3.8541706757,0.0211911703772,0.148397375343,-0.0535043081867,37.3,3.45,1,0.0811594202899,OK
UGC04305,2.26,1.94827586207,-3.82339124715,0.0218535642506,0.137413818892,-0.0485437341895,35.6,3.57,1,0.031884057971,OK
UGC04305,2.51,2.16379310345,-3.79486910825,0.0224858488363,0.127426067056,-0.0442423580358,34.9,3.88,1,0.0115942028986,OK
UGC04305,2.76,2.37931034483,-3.76840403861,0.0230888828636,0.118304568331,-0.0404883518703,32.7,3.27,1,-0.0521739130435,OK
UGC04305,3.01,2.59482758621,-3.74382132957,0.0236635040891,0.109941309588,-0.0371926333564,32.8,3.21,1,-0.0492753623188,OK
UGC04305,3.27,2.81896551724,-3.72008747166,0.024231848153,0.101950441967,-0.0341743470774,33.2,3.21,1,-0.0376811594203,OK
UGC04305,3.51,3.02586206897,-3.69970758215,0.0247307571278,0.0951403563365,-0.0317028579495,32.1,3.23,1,-0.0695652173913,OK
UGC04305,3.76,3.24137931034,-3.6799211478,0.0252249638008,0.0885603419226,-0.0294029724015,30.1,3.16,1,-0.127536231884,OK
UGC04305,4.02,3.46551724138,-3.66079159178,0.025712151141,0.0822139357101,-0.0272667752897,32.3,3.16,1,-0.063768115942,OK
UGC04305,4.26,3.6724137931,-3.64435244483,0.0261383303859,0.0767589003666,-0.025494990441,33.6,3.12,1,-0.0260869565217,OK
UGC04305,4.52,3.89655172414,-3.62777338927,0.0265752914093,0.0712419490466,-0.0237636273201,35.1,3.12,1,0.0173913043478,OK
UGC04305,4.77,4.11206896552,-3.61295947688,0.026971905901,0.06628515697,-0.0222599729384,35.3,3.12,1,0.0231884057971,OK
UGC04305,5.02,4.3275862069,-3.59918002349,0.0273461364461,0.0616372025458,-0.0208946475993,35.2,3.13,1,0.0202898550725,OK
UGC04305,5.27,4.54310344828,-3.58637154928,0.0276986515002,0.0572700941597,-0.0196511898592,34.6,3.11,1,0.00289855072464,OK
UGC04305,5.52,4.75862068966,-3.57447624408,0.0280301028625,0.0531591237041,-0.018515516047,33,3.11,1,-0.0434782608696,OK
UGC04325,0.7,0.376344086022,-4.11822333495,0.0162734011565,0.254152211576,-0.113612692294,41.3,3.05,1,-0.545654565457,OK
UGC04325,1.4,0.752688172043,-4.02999878838,0.0177743514895,0.216208052527,-0.0894731692861,68.7,3.07,1,-0.244224422442,OK
UGC04325,2.09,1.12365591398,-3.95552848002,0.0191485462511,0.186331606384,-0.0724924467379,83.8,3.05,1,-0.0781078107811,OK
UGC04325,2.79,1.5,-3.89021500058,0.0204409507493,0.161559611095,-0.0597666656902,88.7,3.05,1,-0.024202420242,OK
UGC04325,3.49,1.87634408602,-3.83340259709,0.0216358720857,0.140961887369,-0.0501197894761,90.1,3.05,1,-0.00880088008801,OK
UGC04325,4.19,2.25268817204,-3.78371421925,0.0227380801748,0.123565327976,-0.0426331378601,91.6,3.05,1,0.00770077007701,OK
UGC04325,4.89,2.62903225806,-3.74008248489,0.0237521438576,0.108677484597,-0.0367067634096,92.7,3.05,1,0.019801980198,OK
UGC04325,5.59,3.00537634409,-3.70166326983,0.0246824387541,0.0957921899542,-0.0319354046517,91.5,3.05,1,0.00660066006601,OK
UGC04483,0.08,0.444444444444,-4.10117496335,0.0165532145507,0.24658875976,-0.10857115106,5.11,2.79,OMITTED,OMITTED,INVALID_VFLAT
UGC04483,0.24,1.33333333333,-3.9179949556,0.0198809169296,0.17194383092,-0.0649518042306,10.8,1.94,OMITTED,OMITTED,INVALID_VFLAT
UGC04483,0.4,2.22222222222,-3.78749862319,0.0226521927137,0.124872409271,-0.043174613216,17.3,1.56,OMITTED,OMITTED,INVALID_VFLAT
UGC04483,0.57,3.16666666667,-3.68662049615,0.0250565377834,0.0907856242539,-0.0301710757325,20.8,1.25,OMITTED,OMITTED,INVALID_VFLAT
UGC04483,0.73,4.05555555556,-3.61674122478,0.0268700975805,0.0675538410778,-0.0226401521633,20.8,1.62,OMITTED,OMITTED,INVALID_VFLAT
UGC04483,0.89,4.94444444444,-3.56491240227,0.0282994643444,0.0498033528642,-0.0176135261492,22.9,1.76,OMITTED,OMITTED,INVALID_VFLAT
UGC04483,1.05,5.83333333333,-3.52709818738,0.0293900767425,0.0357989777083,-0.014092440475,24.3,2.23,OMITTED,OMITTED,INVALID_VFLAT
UGC04483,1.21,6.72222222222,-3.50048119584,0.0301828560624,0.0244680223308,-0.011530599674,24.2,1.23,OMITTED,OMITTED,INVALID_VFLAT
UGC04499,0.91,0.526011560694,-4.08141625814,0.0168835372652,0.237964708178,-0.10296225175,26,4.1,1,-0.642857142857,OK
UGC04499,1.82,1.05202312139,-3.96906434856,0.0188911003539,0.191626565146,-0.0753717573454,45.1,3.02,1,-0.380494505495,OK
UGC04499,2.73,1.57803468208,-3.87778743786,0.0206965670003,0.156983046882,-0.0575499250161,57,2.97,1,-0.217032967033,OK
UGC04499,3.63,2.09826589595,-3.80331484873,0.0222967389033,0.130365661383,-0.0454876199999,62,2.85,1,-0.148351648352,OK
UGC04499,4.55,2.63005780347,-3.73997105049,0.0237547908109,0.108639847539,-0.0366923430515,66.9,2.75,1,-0.081043956044,OK
UGC04499,5.45,3.15028901734,-3.68811140531,0.0250192085958,0.0912811652515,-0.0303434704835,70.6,2.86,1,-0.0302197802198,OK
UGC04499,6.37,3.68208092486,-3.6436115965,0.0261577020991,0.0765128167812,-0.0254164659238,72.8,2.66,1,0,OK
UGC04499,7.28,4.20809248555,-3.60669619725,0.027141368632,0.0641778661037,-0.0216356074403,73.3,2.66,1,0.00686813186813,OK
UGC04499,8.18,4.72832369942,-3.57609532673,0.027984756529,0.0537224102979,-0.0186691281028,74.3,2.67,1,0.0206043956044,OK
UGC05005,0.78,0.24375,-4.15295193006,0.0157179496471,0.26992134963,-0.124491801341,14.5,8.1,1,-0.853387259858,OK
UGC05005,2.34,0.73125,-4.03465454285,0.0176917908133,0.218138573382,-0.0906318135416,32.6,26.8,1,-0.670374115268,OK
UGC05005,3.91,1.221875,-3.93757078198,0.0194955161285,0.179394905038,-0.0688052311612,48.6,11.3,1,-0.508594539939,OK
UGC05005,5.47,1.709375,-3.85765542451,0.0211174529894,0.149655303755,-0.0540878333699,58.1,6.1,1,-0.412537917088,OK
UGC05005,7.04,2.2,-3.79028425895,0.022589179762,0.125836295813,-0.0435761046561,65.9,8.71,1,-0.333670374115,OK
UGC05005,8.6,2.6875,-3.73379063373,0.0239020599416,0.106555097665,-0.0358980113204,72.5,12.2,1,-0.266936299292,OK
UGC05005,10.17,3.178125,-3.68558222221,0.0250825668438,0.0904406007088,-0.0300513348143,78.6,28.4,1,-0.205257836198,OK
UGC05005,17.97,5.615625,-3.53523176034,0.0291519999289,0.0389484150751,-0.0148501088357,97.1,10,1,-0.0182002022245,OK
UGC05005,21.07,6.584375,-3.50396468936,0.0300778971968,0.0260813643512,-0.0118796859112,99.4,10,1,0.00505561172902,OK
UGC05005,22.72,7.1,-3.49203892547,0.0304387465223,0.0202818349526,-0.0106490929638,100,10,1,0.0111223458038,OK
UGC05005,28.61,8.940625,-3.47074514979,0.0310938524489,0.00380961842696,-0.00752074447875,99.1,10,1,0.00202224469161,OK
UGC05253,0.13,0.0161090458488,-4.21780653189,0.0147309208985,0.300735780476,-0.147186085636,232,33.4,1,0.0856340664483,OK
UGC05253,0.25,0.0309789343247,-4.21335083517,0.0147967038601,0.298559554749,-0.14552101061,233,16.9,1,0.0903135236313,OK
UGC05253,0.38,0.0470879801735,-4.20856013007,0.0148677605748,0.296229667628,-0.143748864829,234,14.6,1,0.0949929808142,OK
UGC05253,0.51,0.0631970260223,-4.20380672869,0.0149386012421,0.293928067872,-0.142008894654,235,10.6,1,0.0996724379972,OK
UGC05253,0.63,0.0780669144981,-4.19945169274,0.0150038012587,0.291828178342,-0.140430656612,236,9.12,1,0.10435189518,OK
UGC05253,0.76,0.094175960347,-4.19476876721,0.0150742277149,0.289579548795,-0.13875040654,237,10.3,1,0.109031352363,OK
UGC05253,0.89,0.110285006196,-4.19012184824,0.0151444394373,0.287357744059,-0.137100133282,238,9.95,1,0.113710809546,OK
UGC05253,1.01,0.125154894672,-4.18586397258,0.015209060053,0.285330243539,-0.13560279738,239,3.51,1,0.118390266729,OK
UGC05253,1.14,0.14126394052,-4.18128509989,0.0152788600836,0.283158693582,-0.134008197514,240,3.18,1,0.123069723912,OK
UGC05253,1.27,0.157372986369,-4.17674100311,0.0153484466868,0.281012604996,-0.132441560328,240,5.19,1,0.123069723912,OK
UGC05253,1.39,0.172242874845,-4.17257696671,0.0154124914272,0.279053813817,-0.131019690198,241,3.54,1,0.127749181095,OK
UGC05253,1.52,0.188351920694,-4.16809861013,0.0154816688446,0.276955447057,-0.129505016728,242,2.6,1,0.132428638278,OK
UGC05253,1.65,0.204460966543,-4.16365386084,0.0155506341344,0.274881269087,-0.12801645816,242,1.75,1,0.132428638278,OK
UGC05253,1.77,0.219330855019,-4.15958051011,0.0156141065061,0.27298775281,-0.126665066506,243,1.94,1,0.137108095461,OK
UGC05253,1.9,0.235439900867,-4.15519931022,0.0156826651027,0.270958931117,-0.12522506588,244,3.09,1,0.141787552644,OK
UGC05253,2.03,0.251548946716,-4.15085060693,0.0157510128644,0.268953109044,-0.123809482516,244,1.6,1,0.141787552644,OK
UGC05253,2.16,0.267657992565,-4.14653403288,0.015819150232,0.266969897694,-0.122417767477,244,3,1,0.141787552644,OK
UGC05253,2.28,0.282527881041,-4.14257770763,0.0158818599036,0.265158980826,-0.121153830636,245,2.19,1,0.146467009827,OK
UGC05253,2.41,0.29863692689,-4.13832191073,0.0159495939026,0.263218190422,-0.119806529306,245,3.01,1,0.146467009827,OK
UGC05253,2.54,0.314745972739,-4.13409720426,0.0160171187911,0.26129892307,-0.118481577813,246,2.64,1,0.15114646701,OK
UGC05253,2.66,0.329615861214,-4.13022477283,0.0160792642346,0.259546086916,-0.117277957416,246,2.38,1,0.15114646701,OK
UGC05253,2.79,0.345724907063,-4.12605889418,0.0161463882163,0.257667216057,-0.11599461625,246,3.72,1,0.15114646701,OK
UGC05253,2.92,0.361833952912,-4.12192311674,0.0162133043642,0.255808849239,-0.114732225291,247,3.54,1,0.155825924193,OK
UGC05253,3.04,0.376703841388,-4.11813190968,0.0162748890246,0.254111343756,-0.113585143755,247,3.74,1,0.155825924193,OK
UGC05253,3.17,0.392812887237,-4.11405310301,0.0163414067146,0.252291475775,-0.112361777479,247,5.11,1,0.155825924193,OK
UGC05253,3.3,0.408921933086,-4.11000345481,0.0164077178407,0.250491156148,-0.111158069649,247,3.63,1,0.155825924193,OK
UGC05253,3.42,0.423791821561,-4.10629092806,0.0164687451446,0.248846402208,-0.110064040557,247,3.84,1,0.155825924193,OK
UGC05253,3.55,0.43990086741,-4.10229648017,0.0165346602486,0.247082800784,-0.108896969523,248,5.12,1,0.160505381376,OK
UGC05253,3.68,0.456009913259,-4.09833029158,0.0166003700519,0.24533785051,-0.107748363218,248,2.77,1,0.160505381376,OK
UGC05253,3.8,0.470879801735,-4.0946940188,0.0166608434079,0.243743426824,-0.106704164794,248,3.24,1,0.160505381376,OK
UGC05253,3.93,0.486988847584,-4.09078134132,0.016726159612,0.242033522259,-0.105589987279,248,6.79,1,0.160505381376,OK
UGC05253,4.06,0.503097893432,-4.08689606496,0.016791271772,0.240341425714,-0.104493170023,248,8.39,1,0.160505381376,OK
UGC05253,4.18,0.517967781908,-4.08333373031,0.0168511945704,0.238795056939,-0.103495821392,248,2.73,1,0.160505381376,OK
UGC05253,4.31,0.534076827757,-4.07950035222,0.0169159155411,0.237136433662,-0.102431388782,248,13.7,1,0.160505381376,OK
UGC05253,4.44,0.550185873606,-4.07569355558,0.0169804337175,0.235494825339,-0.10138329332,248,4.89,1,0.160505381376,OK
UGC05253,4.56,0.565055762082,-4.07220294715,0.0170398093309,0.233994371249,-0.100430033213,248,5.71,1,0.160505381376,OK
UGC05253,4.69,0.581164807931,-4.06844650778,0.0171039387151,0.232384756434,-0.0994124277364,248,15.1,1,0.160505381376,OK
UGC05253,4.82,0.597273853779,-4.0647158664,0.0171678665484,0.230791409907,-0.0984102105699,248,10.5,1,0.160505381376,OK
UGC05253,4.94,0.612143742255,-4.06129487007,0.0172266983311,0.229334855504,-0.0974984781849,248,1.58,1,0.160505381376,OK
UGC05253,4.99,0.61833952912,-4.05987582915,0.0172511610736,0.228731942121,-0.0971223253409,248,4.77,1,0.160505381376,OK
UGC05253,5.07,0.628252788104,-4.0576131126,0.0172902397566,0.227772108679,-0.0965249928995,248,4.36,1,0.160505381376,OK
UGC05253,5.2,0.644361833953,-4.05395640381,0.0173535808677,0.226224926533,-0.0955660149802,248,8.45,1,0.160505381376,OK
UGC05253,5.45,0.675340768278,-4.04699376307,0.0174748292315,0.223292476575,-0.0937615535455,247,8.25,1,0.155825924193,OK
UGC05253,5.58,0.691449814126,-4.04340886009,0.0175375872223,0.221789481193,-0.0928433628858,247,2.34,1,0.155825924193,OK
UGC05253,5.7,0.706319702602,-4.04012110881,0.0175953413358,0.220415137735,-0.092007721061,247,2.34,1,0.155825924193,OK
UGC05253,5.83,0.722428748451,-4.03658233056,0.0176577176497,0.218940188214,-0.0911151103119,247,6.13,1,0.155825924193,OK
UGC05253,6.47,0.801734820322,-4.01950108411,0.0179619241938,0.211883143621,-0.0869045349095,247,6.89,1,0.155825924193,OK
UGC05253,6.59,0.816604708798,-4.01635998529,0.0180184330761,0.210596522883,-0.086147609649,246,5.95,1,0.15114646701,OK
UGC05253,6.66,0.825278810409,-4.01453648504,0.0180513196686,0.209851167385,-0.0857106279155,246,2.29,1,0.15114646701,OK
UGC05253,6.72,0.832713754647,-4.01297861885,0.0180794631253,0.209215297732,-0.0853387130458,246,4.73,1,0.15114646701,OK
UGC05253,6.85,0.848822800496,-4.00961939817,0.0181402981538,0.207847011512,-0.0845411560782,246,3.02,1,0.15114646701,OK
UGC05253,6.97,0.863692688971,-4.00653805603,0.0181962808254,0.206595305778,-0.0838148318807,246,5.81,1,0.15114646701,OK
UGC05253,7.1,0.87980173482,-4.00322084412,0.0182567419707,0.205251396394,-0.08303849317,246,6.32,1,0.15114646701,OK
UGC05253,7.23,0.895910780669,-3.99992518104,0.0183170092971,0.20391990634,-0.0822728910254,246,8.92,1,0.15114646701,OK
UGC05253,8.32,1.03097893432,-3.97311372789,0.0188147577969,0.193221919593,-0.0762502770815,246,2.13,1,0.15114646701,OK
UGC05253,10,1.23915737299,-3.93448065676,0.0195558528906,0.178211153665,-0.0681856186723,245,2.18,1,0.146467009827,OK
UGC05253,11.61,1.43866171004,-3.90023836026,0.0202370871535,0.165281406375,-0.0616002685494,245,0.94,1,0.146467009827,OK
UGC05253,13.35,1.65427509294,-3.8659842314,0.0209423002207,0.152674224214,-0.0555011553015,246,2.02,1,0.15114646701,OK
UGC05253,14.98,1.85625774473,-3.83624414678,0.0215744799459,0.141973158067,-0.0505736075783,245,1.33,1,0.146467009827,OK
UGC05253,16.61,2.05824039653,-3.80856944464,0.022179885827,0.132202002141,-0.0462742953034,245,1.36,1,0.146467009827,OK
UGC05253,18.34,2.27261462206,-3.78126044181,0.0227939428724,0.122719281835,-0.0422844739328,245,1.59,1,0.146467009827,OK
UGC05253,19.97,2.47459727385,-3.75731265239,0.02334639603,0.114519137082,-0.038979293789,245,2.03,1,0.146467009827,OK
UGC05253,21.6,2.67657992565,-3.73495636666,0.0238742127576,0.106947919367,-0.0360470196818,245,2.36,1,0.146467009827,OK
UGC05253,23.33,2.89095415118,-3.71283597268,0.0244082040246,0.0995225873872,-0.0332826003525,244,4.61,1,0.141787552644,OK
UGC05253,26.7,3.30855018587,-3.67403829914,0.0253737957941,0.0866078077883,-0.0287371712171,243,10.6,1,0.137108095461,OK
UGC05253,29.95,3.71127633209,-3.6413885723,0.0262159159854,0.0757742105434,-0.0251815062373,239,17,1,0.118390266729,OK
UGC05253,33.32,4.12887236679,-3.61184879815,0.0270018796658,0.065912049105,-0.0221487784291,231,18.3,1,0.0809546092653,OK
UGC05253,36.68,4.54522924411,-3.58624984914,0.0277020226349,0.0572283321871,-0.019639482991,219,12.1,1,0.0248011230697,OK
UGC05253,39.94,4.94919454771,-3.56467602983,0.0283061543485,0.0497197395072,-0.0175913394864,210,7.5,1,-0.017313991577,OK
UGC05253,43.3,5.36555142503,-3.54544572342,0.0288557579558,0.0427787617125,-0.0157983203076,210,3.56,1,-0.017313991577,OK
UGC05253,46.67,5.78314745973,-3.52891260791,0.0293367991323,0.0365104578909,-0.0142618685598,212,2.64,1,-0.00795507721104,OK
UGC05253,49.92,6.18587360595,-3.51532965167,0.0297379981573,0.0310303930983,-0.0129830073972,213,6.5,1,-0.00327562002808,OK
UGC05253,53.29,6.60346964064,-3.50346883778,0.0300928150679,0.0258549971333,-0.011830391829,218,6.53,1,0.0201216658868,OK
UGC05414,0.68,0.462585034014,-4.09671949134,0.0166271314799,0.244630917774,-0.107284760983,20.5,2.47,OMITTED,OMITTED,INVALID_VFLAT
UGC05414,1.37,0.931972789116,-3.99262455024,0.0184512243505,0.200983355614,-0.0805969179021,34.6,2.45,OMITTED,OMITTED,INVALID_VFLAT
UGC05414,2.05,1.39455782313,-3.90758826451,0.0200888917787,0.168028285877,-0.062971331995,46,2.45,OMITTED,OMITTED,INVALID_VFLAT
UGC05414,2.74,1.86394557823,-3.83515417358,0.0215980083712,0.141585027626,-0.0503991882004,51.8,2.46,OMITTED,OMITTED,INVALID_VFLAT
UGC05414,3.42,2.32653061224,-3.77470491878,0.0229438599452,0.120464471292,-0.0413622361993,56.8,2.44,OMITTED,OMITTED,INVALID_VFLAT
UGC05414,4.11,2.79591836735,-3.72244624085,0.0241747581736,0.102741433338,-0.0344674228987,61.4,2.44,OMITTED,OMITTED,INVALID_VFLAT
UGC05716,1.03,0.90350877193,-3.99837817071,0.0183453678294,0.203296157001,-0.0819154569071,39.15,4.06,1,-0.464432284542,OK
UGC05716,2.07,1.81578947368,-3.84203121972,0.021449987428,0.144038581404,-0.0515068421685,49.15,1.65,1,-0.327633378933,OK
UGC05716,3.09,2.71052631579,-3.73134655158,0.0239605499878,0.105732089295,-0.0355868216484,55.05,0.6,1,-0.246922024624,OK
UGC05716,4.13,3.62280701754,-3.64819174246,0.0260381699519,0.0780337222299,-0.0259037210703,59.35,0.41,1,-0.188098495212,OK
UGC05716,5.16,4.52631578947,-3.58733575353,0.027671957214,0.0576007698221,-0.0197440092211,63.85,0.46,1,-0.126538987688,OK
UGC05716,6.2,5.43859649123,-3.54236283635,0.0289448542654,0.0416352709026,-0.0155121740275,68.2,0.86,1,-0.0670314637483,OK
UGC05716,7.23,6.34210526316,-3.51063831306,0.0298778369353,0.0290375126067,-0.0125328294036,71.7,1.07,1,-0.0191518467852,OK
UGC05716,8.26,7.24561403509,-3.48919738599,0.0305253624252,0.0187541336501,-0.0103361262667,73.5,1.07,1,0.00547195622435,OK
UGC05716,9.28,8.14035087719,-3.47631974425,0.0309209990728,0.010277131039,-0.00868432737865,73.15,1,1,0.000683994528044,OK
UGC05716,10.34,9.0701754386,-3.47031425481,0.0311072535207,0.00284612740873,-0.00735456062206,72.5,0.74,1,-0.00820793433653,OK
UGC05716,11.4,10,-3.47068762693,0.0310956411078,-0.00348729308439,-0.00630838057828,73,1.07,1,-0.00136798905609,OK
UGC05716,12.37,10.850877193,-3.47584055556,0.0309358196165,-0.00851516095608,-0.00553498005999,74.7,2.09,1,0.0218878248974,OK
UGC05721,0.09,0.236842105263,-4.15481949348,0.0156886227727,0.270783427065,-0.125100884904,16.5,4.57,1,-0.792973651192,OK
UGC05721,0.27,0.710526315789,-4.03919472096,0.0176116489987,0.22002859007,-0.0917733692169,38.5,6.88,1,-0.516938519448,OK
UGC05721,0.45,1.18421052632,-3.94437672449,0.0193632812684,0.182012276636,-0.0701851942618,47.4,4.57,1,-0.405269761606,OK
UGC05721,0.63,1.65789473684,-3.86543196845,0.0209538690714,0.15247350096,-0.0554066200805,55.5,4.57,1,-0.303638644918,OK
UGC05721,0.81,2.13157894737,-3.79899709198,0.0223932189369,0.128861020358,-0.0448480694783,56.4,5.45,1,-0.29234629862,OK
UGC05721,0.99,2.60526315789,-3.7426760516,0.0236906209043,0.109553962748,-0.0370433806831,59.8,4.57,1,-0.249686323714,OK
UGC05721,1.17,3.07894736842,-3.69470141845,0.0248548737614,0.0934731589697,-0.0311119386315,67.8,4.57,1,-0.149309912171,OK
UGC05721,1.35,3.55263157895,-3.65373206014,0.025894309104,0.0798722929158,-0.0264989238203,76.4,4.57,1,-0.0414052697616,OK
UGC05721,1.53,4.02631578947,-3.61872619003,0.0268168142709,0.0682187592074,-0.0228406900186,81.2,4.57,1,0.0188205771644,OK
UGC05721,1.71,4.5,-3.58885841673,0.0276298542055,0.0581222774014,-0.0198908387738,82.2,19.2,1,0.0313676286073,OK
UGC05721,1.89,4.97368421053,-3.56346367393,0.0283404922926,0.0492903283144,-0.0174776162517,82.6,4.57,1,0.0363864491844,OK
UGC05721,2.07,5.44736842105,-3.54199821104,0.028955410216,0.0414993477001,-0.0154783346097,82.3,4.57,1,0.0326223337516,OK
UGC05721,2.25,5.92105263158,-3.52401177107,0.0294809268831,0.0345755387524,-0.0138034645221,82.1,4.57,1,0.030112923463,OK
UGC05721,2.67,7.02631578947,-3.49356243275,0.0303924081778,0.0210725171506,-0.0108129061594,81.4,4.57,1,0.0213299874529,OK
UGC05721,3.15,8.28947368421,-3.47488286362,0.0309654607928,0.00899984977737,-0.00844789981232,79.3,4.57,1,-0.00501882057716,OK
UGC05721,3.61,9.5,-3.46975404707,0.031124684927,-0.000202661340675,-0.00684093520228,78.5,4.57,1,-0.0150564617315,OK
UGC05721,4.04,10.6315789474,-3.47410775463,0.030989471704,-0.0072812174682,-0.00572010716601,78.2,4.57,1,-0.0188205771644,OK
UGC05721,4.49,11.8157894737,-3.48651659072,0.0306073044584,-0.0134982127977,-0.00481835819911,78.1,4.57,1,-0.0200752823087,OK
UGC05721,4.93,12.9736842105,-3.50521286462,0.0300403781297,-0.0186623029136,-0.00412810164612,78.2,4.57,1,-0.0188205771644,OK
UGC05721,5.38,14.1578947368,-3.530068568,0.0293029065565,-0.0232051944075,-0.00356497518441,78.3,4.57,1,-0.0175658720201,OK
UGC05721,5.86,15.4210526316,-3.56208910187,0.0283794751276,-0.0273925137879,-0.00308248081157,78.6,4.57,1,-0.0138017565872,OK
UGC05721,6.28,16.5263157895,-3.59417418295,0.0274833700426,-0.0306024883749,-0.00273634856832,78.9,4.57,1,-0.0100376411543,OK
UGC05721,6.74,17.7368421053,-3.6331433769,0.026432964911,-0.0337176496659,-0.00242014388142,79.5,4.57,1,-0.00250941028858,OK
UGC05750,0.31,0.0895953757225,-4.19609666811,0.0150542239188,0.290216193037,-0.139225101829,3.1,4.5,OMITTED,OMITTED,INVALID_VFLAT
UGC05750,1.47,0.424855491329,-4.10602629992,0.0164731038148,0.248729371713,-0.109986402411,15.7,8.5,OMITTED,OMITTED,INVALID_VFLAT
UGC05750,2.52,0.728323699422,-4.03529327016,0.0176804941914,0.218404023162,-0.0907917119451,28,10,OMITTED,OMITTED,INVALID_VFLAT
UGC05750,3.35,0.968208092486,-3.98539440904,0.0185851127405,0.19809263881,-0.078963948483,36,11,OMITTED,OMITTED,INVALID_VFLAT
UGC05750,4.09,1.18208092486,-3.94476449731,0.0193557741698,0.182161827502,-0.0702644561192,43.6,4.5,OMITTED,OMITTED,INVALID_VFLAT
UGC05750,4.82,1.39306358382,-3.9078394093,0.0200838471917,0.168122415412,-0.0630185827547,49.8,4.5,OMITTED,OMITTED,INVALID_VFLAT
UGC05750,6.6,1.90751445087,-3.82903299894,0.0217306190047,0.139410461482,-0.0494275470248,61.5,4.5,OMITTED,OMITTED,INVALID_VFLAT
UGC05750,7.86,2.27167630058,-3.78137561056,0.0227913178736,0.122758965922,-0.0423007961352,68.1,12.2,OMITTED,OMITTED,INVALID_VFLAT
UGC05750,9.43,2.72543352601,-3.72977432784,0.0239982509628,0.105203076734,-0.0353875106746,73.4,12.2,OMITTED,OMITTED,INVALID_VFLAT
UGC05750,11.43,3.30346820809,-3.67447880939,0.0253626208383,0.0867539753771,-0.0287867493628,77.6,11,OMITTED,OMITTED,INVALID_VFLAT
UGC05750,22.85,6.60404624277,-3.5034539317,0.0300932636372,0.025848176132,-0.0118289080676,78.9,11,OMITTED,OMITTED,INVALID_VFLAT
UGC05764,0.36,0.307692307692,-4.1359432716,0.0159875773873,0.262136686484,-0.119059015315,21.45,1.99,OMITTED,OMITTED,INVALID_VFLAT
UGC05764,0.73,0.623931623932,-4.05859825527,0.0172732147912,0.228189769738,-0.0967846891556,31.3,1.58,OMITTED,OMITTED,INVALID_VFLAT
UGC05764,1.09,0.931623931624,-3.99269466969,0.0184499306061,0.201011475238,-0.0806128847881,41.7,1.16,OMITTED,OMITTED,INVALID_VFLAT
UGC05764,1.45,1.23931623932,-3.93445234587,0.0195564065421,0.178200321716,-0.0681799618308,48.35,0.44,OMITTED,OMITTED,INVALID_VFLAT
UGC05764,1.81,1.54700854701,-3.88268585268,0.0205954345264,0.158781988212,-0.0584162776214,50.6,0.37,OMITTED,OMITTED,INVALID_VFLAT
UGC05764,2.17,1.8547008547,-3.83646524468,0.021569710401,0.14205192319,-0.0506090400922,54.05,0.59,OMITTED,OMITTED,INVALID_VFLAT
UGC05764,2.54,2.17094017094,-3.79395951438,0.0225063111313,0.127110338573,-0.044109637899,55.8,0.76,OMITTED,OMITTED,INVALID_VFLAT
UGC05764,2.9,2.47863247863,-3.7568508614,0.0233571796751,0.114361972858,-0.038917260076,54.55,0.71,OMITTED,OMITTED,INVALID_VFLAT
UGC05764,3.26,2.78632478632,-3.72343348714,0.0241509035105,0.103072689348,-0.0345905306629,50,2.65,OMITTED,OMITTED,INVALID_VFLAT
UGC05764,3.62,3.09401709402,-3.69329633006,0.0248898216027,0.0930055535268,-0.0309471993974,49.9,2.77,OMITTED,OMITTED,INVALID_VFLAT
UGC05829,0.63,0.316582914573,-4.13361741315,0.0160248055061,0.261081416832,-0.118331888812,14.8,5.06,OMITTED,OMITTED,INVALID_VFLAT
UGC05829,1.26,0.633165829146,-4.05649522266,0.0173095791494,0.227298600194,-0.0962309934111,27.2,5.06,OMITTED,OMITTED,INVALID_VFLAT
UGC05829,1.88,0.94472361809,-3.99006838194,0.0184984491167,0.199959384779,-0.0800165640455,34.1,5.06,OMITTED,OMITTED,INVALID_VFLAT
UGC05829,2.52,1.26633165829,-3.92966295312,0.0196502945076,0.176371313443,-0.0672281516866,38.8,5.06,OMITTED,OMITTED,INVALID_VFLAT
UGC05829,3.14,1.57788944724,-3.87781023788,0.0206960951236,0.156991405427,-0.0575539354435,42.8,5.06,OMITTED,OMITTED,INVALID_VFLAT
UGC05829,3.77,1.89447236181,-3.83085541445,0.0216910528514,0.140056974554,-0.0497154345446,47.9,5.06,OMITTED,OMITTED,INVALID_VFLAT
UGC05829,4.4,2.21105527638,-3.78889576274,0.0226205665375,0.125355659134,-0.0433756709086,51.9,5.06,OMITTED,OMITTED,INVALID_VFLAT
UGC05829,5.03,2.52763819095,-3.7512929035,0.0234873593277,0.112473065967,-0.0381755614167,57.6,5.06,OMITTED,OMITTED,INVALID_VFLAT
UGC05829,5.65,2.8391959799,-3.71803194296,0.0242817086396,0.101261655085,-0.0339201590177,60.7,5.06,OMITTED,OMITTED,INVALID_VFLAT
UGC05829,6.29,3.1608040201,-3.68715325903,0.0250431921455,0.0909626869159,-0.0302326180263,65.6,5.06,OMITTED,OMITTED,INVALID_VFLAT
UGC05829,6.91,3.47236180905,-3.66022951115,0.0257266075055,0.0820275171156,-0.0272052447254,68.6,5.06,OMITTED,OMITTED,INVALID_VFLAT
UGC05918,0.56,0.33734939759,-4.12822106461,0.0161115146881,0.258641509264,-0.116659214714,16.9,3.93,OMITTED,OMITTED,INVALID_VFLAT
UGC05918,1.11,0.668674698795,-4.04848433229,0.0174488011921,0.223918775999,-0.0941454979316,27.4,3.93,OMITTED,OMITTED,INVALID_VFLAT
UGC05918,1.67,1.00602409639,-3.97795940142,0.0187238081573,0.195137935963,-0.0773121047489,33.5,3.93,OMITTED,OMITTED,INVALID_VFLAT
UGC05918,2.23,1.34337349398,-3.91627188007,0.0199152027812,0.171293368774,-0.0646206783997,36.4,3.93,OMITTED,OMITTED,INVALID_VFLAT
UGC05918,2.79,1.68072289157,-3.86196566515,0.0210266275657,0.15121543022,-0.0548159380709,39.8,3.93,OMITTED,OMITTED,INVALID_VFLAT
UGC05918,3.34,2.01204819277,-3.81472584414,0.0220437570505,0.134360966624,-0.0472078060351,41.2,3.93,OMITTED,OMITTED,INVALID_VFLAT
UGC05918,3.9,2.34939759036,-3.77196104107,0.0230069015408,0.119523020273,-0.0409801834127,42.6,3.93,OMITTED,OMITTED,INVALID_VFLAT
UGC05918,4.46,2.68674698795,-3.73387088119,0.0239001419392,0.106582133158,-0.0359082567566,44.5,3.93,OMITTED,OMITTED,INVALID_VFLAT
UGC05986,0.63,0.377245508982,-4.11799428246,0.0162771290464,0.254049829594,-0.113543684047,29.5,2.53,1,-0.738938053097,OK
UGC05986,1.26,0.754491017964,-4.02960914392,0.0177812785164,0.216046833129,-0.0893767471724,50.8,3.76,1,-0.550442477876,OK
UGC05986,1.88,1.12574850299,-3.95513872321,0.019156010982,0.186179994907,-0.0724108286979,68.2,2.58,1,-0.396460176991,OK
UGC05986,2.51,1.50299401198,-3.88973155691,0.0204508351865,0.161380799863,-0.0596792689067,84.3,2.28,1,-0.253982300885,OK
UGC05986,3.13,1.87425149701,-3.83369768216,0.0216294886048,0.141066816647,-0.0501667824645,95.3,2.01,1,-0.156637168142,OK
UGC05986,3.77,2.25748502994,-3.7831219841,0.0227515504536,0.123361025223,-0.0425488115782,106,3.58,1,-0.0619469026549,OK
UGC05986,4.39,2.62874251497,-3.74011397498,0.0237513959122,0.108688120718,-0.0367108390738,112,4.25,1,-0.00884955752212,OK
UGC05986,5.02,3.00598802395,-3.70160468165,0.0246838848957,0.0957726578452,-0.0319284240701,115,3.18,1,0.0176991150442,OK
UGC05986,5.65,3.38323353293,-3.66764961036,0.025536420003,0.0844884514539,-0.0280231145563,116,2.32,1,0.0265486725664,OK
UGC05986,6.28,3.76047904192,-3.63769059911,0.0263130412125,0.0745448111303,-0.0247928386981,116,2.01,1,0.0265486725664,OK
UGC05986,6.9,4.13173652695,-3.6116601063,0.027006975181,0.0658486384856,-0.0221299083227,116,2.28,1,0.0265486725664,OK
UGC05986,7.54,4.51497005988,-3.58799054842,0.0276538436887,0.0578251377051,-0.0198071129401,114,3.05,1,0.00884955752212,OK
UGC05986,8.16,4.88622754491,-3.56784180165,0.028216685217,0.0508367420333,-0.0178888885145,112,3.69,1,-0.00884955752212,OK
UGC05986,8.79,5.26347305389,-3.54989552982,0.0287276406794,0.0444123885534,-0.0162116546332,109,5.1,1,-0.0353982300885,OK
UGC05986,9.41,5.63473053892,-3.53449033599,0.0291736219462,0.0386653547695,-0.0147812009223,107,6.39,1,-0.0530973451327,OK
UGC05999,3.48,1.08074534161,-3.96359133525,0.0189947750454,0.189478657985,-0.0741970015406,46.2,5,OMITTED,OMITTED,INVALID_VFLAT
UGC05999,6.94,2.15527950311,-3.79595556815,0.0224614321295,0.127803404523,-0.044401237745,81.1,5,OMITTED,OMITTED,INVALID_VFLAT
UGC05999,10.42,3.23602484472,-3.68039576286,0.0252129944937,0.0887179238108,-0.0294570392959,91.2,5,OMITTED,OMITTED,INVALID_VFLAT
UGC05999,13.89,4.31366459627,-3.60004014015,0.0273226256909,0.0619286762456,-0.0209789974921,97.7,5,OMITTED,OMITTED,INVALID_VFLAT
UGC05999,16.22,5.03726708075,-3.56036478573,0.0284284525288,0.0481883146613,-0.0171874518052,100,5,OMITTED,OMITTED,INVALID_VFLAT
UGC06399,0.87,0.424390243902,-4.10614203252,0.0164711974499,0.2487805505,-0.110020351099,24.8,6.5,1,-0.708235294118,OK
UGC06399,1.74,0.848780487805,-4.00962819281,0.018140138617,0.20785058872,-0.0845432363061,46.2,5.6,1,-0.456470588235,OK
UGC06399,2.61,1.27317073171,-3.92845830713,0.0196739804197,0.175912349042,-0.0669903581559,60.5,5.8,1,-0.288235294118,OK
UGC06399,3.5,1.70731707317,-3.85796351875,0.021110947826,0.149766665858,-0.0541396442744,69.6,3.9,1,-0.181176470588,OK
UGC06399,4.37,2.13170731707,-3.7989805505,0.022393589357,0.128855263381,-0.0448456311597,77.5,3.7,1,-0.0882352941176,OK
UGC06399,5.24,2.55609756098,-3.7481073937,0.0235622978362,0.111392621409,-0.0377545220015,82.9,4.5,1,-0.0247058823529,OK
UGC06399,6.11,2.98048780488,-3.70405731795,0.0246234184848,0.0965905664653,-0.0322213894823,84.1,4.9,1,-0.0105882352941,OK
UGC06399,6.98,3.40487804878,-3.66582744713,0.0255829939484,0.0838840944825,-0.0278211398096,85.6,4.9,1,0.00705882352941,OK
UGC06399,7.85,3.82926829268,-3.63262095661,0.0264467776359,0.0728576050979,-0.024264359149,87.6,4.9,1,0.0305882352941,OK
UGC06446,0.58,0.389261744966,-4.11494973498,0.0163267610539,0.252690963966,-0.112629757216,31.3,6.3,1,-0.619221411192,OK
UGC06446,1.16,0.778523489933,-4.0244426917,0.0178733823625,0.21391421128,-0.0881061603777,54.8,5.8,1,-0.333333333333,OK
UGC06446,1.74,1.1677852349,-3.94737582437,0.0193052958494,0.183170127255,-0.0708000217623,61.1,4.1,1,-0.256690997567,OK
UGC06446,2.33,1.56375838926,-3.88003445193,0.0206501137332,0.157807469964,-0.0579461557193,63.9,4.1,1,-0.222627737226,OK
UGC06446,2.91,1.95302013423,-3.82273986452,0.0218678039198,0.137183754689,-0.0484424086716,67.2,4.1,1,-0.182481751825,OK
UGC06446,3.49,2.34228187919,-3.77281257084,0.0229873188181,0.119815044074,-0.0410985007337,70.4,3.6,1,-0.143552311436,OK
UGC06446,4.07,2.73154362416,-3.72913218678,0.024013666174,0.104987103811,-0.0353063015305,73.7,3.6,1,-0.103406326034,OK
UGC06446,4.65,3.12080536913,-3.69081594097,0.024951634673,0.092180419914,-0.0306575682672,78,4.1,1,-0.0510948905109,OK
UGC06446,5.23,3.51006711409,-3.6571558975,0.025805802803,0.0810080750942,-0.0268699901992,80.8,4.1,1,-0.0170316301703,OK
UGC06446,5.81,3.89932885906,-3.62757563238,0.026580547376,0.0711759824881,-0.0237432935806,80.5,3.6,1,-0.0206812652068,OK
UGC06446,6.4,4.29530201342,-3.60118085378,0.0272914761692,0.0623149321345,-0.0210910382834,81.3,3.6,1,-0.0109489051095,OK
UGC06446,6.98,4.68456375839,-3.57846416287,0.0279185436811,0.054544284343,-0.0188943971294,82.1,4.6,1,-0.00121654501217,OK
UGC06446,7.62,5.11409395973,-3.55671301321,0.0285324565543,0.0468810235154,-0.0168463866657,82.8,4.6,1,0.00729927007299,OK
UGC06446,8.28,5.55704697987,-3.5375388815,0.0290848202586,0.0398245592976,-0.0150644121263,84.9,5.5,1,0.0328467153285,OK
UGC06446,8.9,5.97315436242,-3.52222898493,0.029533531949,0.033860729944,-0.01363601235,84.3,5.5,1,0.0255474452555,OK
UGC06446,9.52,6.38926174497,-3.50928289212,0.029918361439,0.0284496120939,-0.0124015439645,83.2,7,1,0.0121654501217,OK
UGC06446,10.22,6.85906040268,-3.49723994365,0.0302808450285,0.0229130445379,-0.0111990686402,80.1,10.8,1,-0.0255474452555,OK
UGC06614,3.23,0.633333333333,-4.05645715054,0.0173102381743,0.227282481937,-0.096220993543,194,16.7,1,-0.029029029029,OK
UGC06614,9.18,1.8,-3.84431194901,0.0214011215594,0.144854772103,-0.0518779792349,172,8.1,1,-0.139139139139,OK
UGC06614,10.64,2.0862745098,-3.80488138971,0.0222618374925,0.130912519591,-0.0457211849975,170,10.7,1,-0.149149149149,OK
UGC06614,11.58,2.27058823529,-3.78150920537,0.0227882732751,0.122805002252,-0.0423197349834,170,6.8,1,-0.149149149149,OK
UGC06614,12.52,2.45490196078,-3.75957572244,0.0232936212394,0.115289843352,-0.0392842115443,171,6.8,1,-0.144144144144,OK
UGC06614,13.57,2.66078431373,-3.7366501804,0.0238338085165,0.107519016801,-0.0362642035537,172,12.1,1,-0.139139139139,OK
UGC06614,15.76,3.09019607843,-3.69365193174,0.0248809723137,0.0931238827974,-0.0309888459345,174,19.6,1,-0.129129129129,OK
UGC06614,24.94,4.89019607843,-3.56764019515,0.0282223744575,0.0507657870417,-0.0178699131811,193,23.2,1,-0.034034034034,OK
UGC06614,26.3,5.1568627451,-3.55472331944,0.0285892839212,0.0461645015166,-0.0166609000855,194,23,1,-0.029029029029,OK
UGC06614,34.96,6.85490196078,-3.49733532307,0.0302779569967,0.0229596357175,-0.0112089318949,201,7.2,1,0.00600600600601,OK
UGC06614,36.84,7.22352941176,-3.48961408837,0.0305126450839,0.0189829167856,-0.01038269788,202,17.1,1,0.011011011011,OK
UGC06614,47.38,9.29019607843,-3.46986385376,0.0311212674161,0.00125793930668,-0.00708468095849,205,16,1,0.026026026026,OK
UGC06614,64.59,12.6647058824,-3.4996463148,0.0302080656788,-0.017360975071,-0.00429701652093,204,16,1,0.021021021021,OK
UGC06628,1.1,0.390070921986,-4.11474530012,0.0163300991541,0.252599851298,-0.112568610043,26.9,8.27,1,-0.356459330144,OK
UGC06628,2.2,0.780141843972,-4.02409661812,0.0178795689384,0.213771692781,-0.088021574064,38,8.27,1,-0.0909090909091,OK
UGC06628,3.3,1.17021276596,-3.94693138172,0.0193138778532,0.182998368946,-0.0707086474221,40.5,8.27,1,-0.0311004784689,OK
UGC06628,4.39,1.55673758865,-3.88114381645,0.0206272179319,0.158214987093,-0.0581425168991,41.4,8.27,1,-0.00956937799043,OK
UGC06628,5.5,1.95035460993,-3.82310570332,0.0218598052921,0.137312954904,-0.0484992983592,42.3,8.27,1,0.011961722488,OK
UGC06628,6.59,2.33687943262,-3.77346046541,0.0229724302826,0.12003731997,-0.0411886730813,42.3,8.27,1,0.011961722488,OK
UGC06628,7.69,2.72695035461,-3.72961479351,0.0240020798132,0.105149415258,-0.0353673244234,42.3,8.27,1,0.011961722488,OK
UGC06667,0.87,0.168932038835,-4.1735015868,0.0153982473143,0.279488119001,-0.131334286606,26.6,4.4,1,-0.682577565632,OK
UGC06667,1.74,0.33786407767,-4.12808796242,0.0161136593086,0.258581477644,-0.116618210224,45.2,2.7,1,-0.46062052506,OK
UGC06667,2.61,0.506796116505,-4.08600794276,0.0168061910974,0.239955448084,-0.10424378135,57,3.9,1,-0.319809069212,OK
UGC06667,3.5,0.679611650485,-4.04604096158,0.0174914872094,0.222892555028,-0.0935167974608,69.3,3,1,-0.173031026253,OK
UGC06667,4.37,0.84854368932,-4.00967741389,0.0181392457619,0.207870609808,-0.0845548794985,77.3,3.4,1,-0.0775656324582,OK
UGC06667,5.24,1.01747572816,-3.97572981224,0.0187656011305,0.194255396331,-0.0768221023764,80.7,3.9,1,-0.0369928400955,OK
UGC06667,6.11,1.18640776699,-3.94397696907,0.0193710233924,0.181858152588,-0.0701035554252,84,3,1,0.00238663484487,OK
UGC06667,6.98,1.35533980583,-3.91422674744,0.0199559736889,0.17052244267,-0.0642293246812,85,3,1,0.0143198090692,OK
UGC06667,7.85,1.52427184466,-3.8863111864,0.0205209043831,0.160117520932,-0.059063643351,85.7,3.4,1,0.0226730310263,OK
UGC06786,0.16,0.0444444444444,-4.20934372639,0.0148561148156,0.296610054141,-0.144037450739,160,36,1,-0.270738377393,OK
UGC06786,0.32,0.0888888888889,-4.19630173678,0.0150511370856,0.290314579674,-0.139298533284,177,30.9,1,-0.193254329991,OK
UGC06786,0.49,0.136111111111,-4.18274594964,0.0152565562598,0.283850519958,-0.134515191701,180,25.3,1,-0.179580674567,OK
UGC06786,0.65,0.180555555556,-4.17026179917,0.0154482152645,0.277967956214,-0.130234781304,180,32,1,-0.179580674567,OK
UGC06786,1.3,0.361111111111,-4.12210805605,0.0162103061642,0.255891802798,-0.114788428473,182,4.72,1,-0.170464904284,OK
UGC06786,1.46,0.405555555556,-4.11084733293,0.0163938775672,0.250865776636,-0.111408009751,183,10.8,1,-0.165907019143,OK
UGC06786,1.62,0.45,-4.09980669923,0.0165758792223,0.245986688827,-0.108174747159,184,7.43,1,-0.161349134002,OK
UGC06786,3.72,1.03333333333,-3.97265901764,0.0188233150056,0.193042512654,-0.0761512283679,206,8.42,1,-0.0610756608933,OK
UGC06786,3.89,1.08055555556,-3.96362729699,0.0189940919724,0.189492740269,-0.0742046735216,207,4.54,1,-0.0565177757521,OK
UGC06786,4.05,1.125,-3.95527809978,0.019153341269,0.186234205548,-0.0724400070016,209,5.36,1,-0.0474020054695,OK
UGC06786,4.22,1.17222222222,-3.94656379721,0.0193209786406,0.182856358893,-0.070633143525,210,2.43,1,-0.0428441203282,OK
UGC06786,4.26,1.18333333333,-3.94453641139,0.0193601894529,0.182073856906,-0.070217826346,210,4.6,1,-0.0428441203282,OK
UGC06786,4.38,1.21666666667,-3.93850606453,0.0194772908367,0.179753755874,-0.0689936184752,211,2.8,1,-0.0382862351869,OK
UGC06786,4.54,1.26111111111,-3.93058462483,0.0196321917307,0.176722756896,-0.067410522472,213,2.18,1,-0.0291704649043,OK
UGC06786,4.71,1.30833333333,-3.92231393544,0.0197952368087,0.173578038232,-0.0657874513747,214,7.61,1,-0.024612579763,OK
UGC06786,4.86,1.35,-3.9151382207,0.0199377926395,0.170865879563,-0.0644035205226,215,4.7,1,-0.0200546946217,OK
UGC06786,5.02,1.39444444444,-3.90760731574,0.0200885090643,0.168035425687,-0.0629749153865,215,2.34,1,-0.0200546946217,OK
UGC06786,5.18,1.43888888889,-3.90020081341,0.0202378470067,0.165267412886,-0.0615933225447,216,2.95,1,-0.0154968094804,OK
UGC06786,5.35,1.48611111111,-3.89246466168,0.0203950172243,0.162392531813,-0.0601746113986,217,4.48,1,-0.0109389243391,OK
UGC06786,5.51,1.53055555556,-3.88530621907,0.0205415375877,0.159746947986,-0.0588836598941,217,3.99,1,-0.0109389243391,OK
UGC06786,5.68,1.57777777778,-3.87782776938,0.0206957322931,0.156997832616,-0.0575570193017,218,5.14,1,-0.00638103919781,OK
UGC06786,5.84,1.62222222222,-3.87090653348,0.0208394691831,0.15446673121,-0.0563489504709,218,2.51,1,-0.00638103919781,OK
UGC06786,6,1.66666666667,-3.86409661035,0.0209818686808,0.151988479445,-0.0551785206723,219,3.95,1,-0.00182315405652,OK
UGC06786,6.15,1.70833333333,-3.8578113448,0.0211141606066,0.149711658901,-0.0541140493428,219,7.84,1,-0.00182315405652,OK
UGC06786,6.48,1.8,-3.84431194901,0.0214011215594,0.144854772103,-0.0518779792349,219,7.74,1,-0.00182315405652,OK
UGC06786,6.64,1.84444444444,-3.83792485347,0.0215382500277,0.142572190696,-0.0508433942411,219,6.69,1,-0.00182315405652,OK
UGC06786,6.81,1.89166666667,-3.83124856739,0.0216825266265,0.140196548222,-0.0497776953904,220,6.26,1,0.00273473108478,OK
UGC06786,7.1,1.97222222222,-3.82011455576,0.0219252890823,0.136257474044,-0.0480355246666,220,2.52,1,0.00273473108478,OK
UGC06786,7.13,1.98055555556,-3.81898074268,0.0219501623599,0.135857907779,-0.0478605383784,220,11.4,1,0.00273473108478,OK
UGC06786,8.52,2.36666666667,-3.76990308529,0.0230542974796,0.118817795736,-0.0406951556107,220,2.93,1,0.00273473108478,OK
UGC06786,10.66,2.96111111111,-3.70593498671,0.0245772272408,0.0972170896211,-0.0324467078037,225,1.79,1,0.0255241567912,OK
UGC06786,11.99,3.33055555556,-3.67213940284,0.0254220237763,0.08597778592,-0.0285239650071,228,5.71,1,0.0391978122151,OK
UGC06786,12.1,3.36111111111,-3.66952557378,0.0254885595196,0.0851106949799,-0.0282318301937,228,9.96,1,0.0391978122151,OK
UGC06786,12.33,3.425,-3.66414515519,0.0256260682345,0.0833261514746,-0.0276353250027,228,8.24,1,0.0391978122151,OK
UGC06786,12.78,3.55,-3.65394234216,0.0258888645687,0.0799420568114,-0.0265216417049,229,1.74,1,0.0437556973564,OK
UGC06786,14.93,4.14722222222,-3.61064304374,0.0270344569375,0.0655067291156,-0.0220282994969,228,1.64,1,0.0391978122151,OK
UGC06786,17.08,4.74444444444,-3.57523170375,0.0280089352471,0.0534221114996,-0.0185871556189,226,1.34,1,0.0300820419325,OK
UGC06786,19.23,5.34166666667,-3.54647199917,0.028826159182,0.0431572369992,-0.0158936057052,226,1.39,1,0.0300820419325,OK
UGC06786,21.27,5.90833333333,-3.52445266534,0.0294679317764,0.0347513718937,-0.013844812059,227,1.11,1,0.0346399270738,OK
UGC06786,23.42,6.50555555556,-3.50605752203,0.030015015015,0.0270258283379,-0.0120864596859,227,1.37,1,0.0346399270738,OK
UGC06786,25.57,7.10277777778,-3.49198262812,0.0304404601914,0.0202522626158,-0.0106429904367,224,2.79,1,0.02096627165,OK
UGC06786,27.72,7.7,-3.48171103966,0.0307547434018,0.0142649261067,-0.00944347304798,218,9.41,1,-0.00638103919781,OK
UGC06786,29.87,8.29722222222,-3.47481338142,0.0309676124157,0.00893443749035,-0.00843587968301,215,8.18,1,-0.0200546946217,OK
UGC06786,32.02,8.89444444444,-3.47092912109,0.0310881325985,0.00415832712186,-0.00758134766498,219,5.06,1,-0.00182315405652,OK
UGC06786,34.05,9.45833333333,-3.46975155484,0.0311247624971,8.33633379949e-05,-0.00688833118397,211,7.05,1,-0.0382862351869,OK
UGC06787,0.12,0.0223463687151,-4.21593360425,0.0147585367006,0.299819924924,-0.146484191416,134,41.1,1,-0.459895203547,OK
UGC06787,0.24,0.0446927374302,-4.20927008464,0.0148572088863,0.296574294022,-0.144010308466,208,35.5,1,-0.161628375655,OK
UGC06787,0.35,0.0651769087523,-4.20322506378,0.0149472930299,0.293647116531,-0.141797225802,252,27.1,1,0.0157194679565,OK
UGC06787,0.47,0.0875232774674,-4.19669832362,0.0150451691862,0.290504904347,-0.139440638193,272,11.6,1,0.0963321241435,OK
UGC06787,0.59,0.109869646182,-4.19024121699,0.0151426317724,0.287414698731,-0.137142313779,276,12.6,1,0.112454655381,OK
UGC06787,0.71,0.132216014898,-4.18385259612,0.0152396819842,0.284375219145,-0.13490034764,271,16.3,1,0.0923014913341,OK
UGC06787,0.83,0.154562383613,-4.17753134138,0.0153363210144,0.281385226747,-0.132712912075,266,11.9,1,0.0721483272874,OK
UGC06787,0.94,0.175046554935,-4.17179510369,0.0154245465965,0.27868684893,-0.130754166928,262,12.2,1,0.05602579605,OK
UGC06787,1.06,0.19739292365,-4.16559993652,0.0155204008513,0.275788388922,-0.128666404871,260,12.1,1,0.0479645304313,OK
UGC06787,1.18,0.219739292365,-4.15946902228,0.015615847386,0.272936025585,-0.126628249706,260,11.9,1,0.0479645304313,OK
UGC06787,1.3,0.24208566108,-4.15340134316,0.0157108873817,0.270128667925,-0.12463814219,259,8.04,1,0.0439338976219,OK
UGC06787,1.42,0.264432029795,-4.1473959053,0.0158055220164,0.267365259102,-0.122694583868,257,10.2,1,0.0358726320032,OK
UGC06787,1.53,0.284916201117,-4.14194476845,0.0158919153368,0.264869867043,-0.120952649635,254,9.68,1,0.0237807335752,OK
UGC06787,1.66,0.309124767225,-4.13556789351,0.0159935799,0.261966223517,-0.11894140812,244,4.95,1,-0.0165255945183,OK
UGC06787,1.89,0.351955307263,-4.12445577246,0.0161722936012,0.256946053447,-0.115503909456,228,9.83,1,-0.081015719468,OK
UGC06787,2.01,0.374301675978,-4.11874265505,0.0162649522461,0.254384415134,-0.113769281513,220,18.6,1,-0.113260781943,OK
UGC06787,2.13,0.396648044693,-4.1130863511,0.0163572124396,0.251861103935,-0.112073437903,215,4.11,1,-0.13341394599,OK
UGC06787,2.24,0.417132216015,-4.10795059124,0.0164414352437,0.24958100833,-0.110552004602,213,16.1,1,-0.141475211608,OK
UGC06787,3.1,0.577281191806,-4.06934975127,0.0170884966688,0.232771309473,-0.0996563354682,228,9.59,1,-0.081015719468,OK
UGC06787,3.79,0.705772811918,-4.04024166555,0.0175932202265,0.220465464249,-0.0920382544498,236,7.22,1,-0.0487706569931,OK
UGC06787,3.9,0.72625698324,-4.03574484327,0.0176725119581,0.218591780786,-0.0909048961871,236,7.24,1,-0.0487706569931,OK
UGC06787,4.14,0.77094972067,-4.02606535935,0.0178444033212,0.214583010535,-0.088503642781,237,8.26,1,-0.0447400241838,OK
UGC06787,4.25,0.791433891993,-4.02168829722,0.0179226805703,0.212781067705,-0.0874347495872,237,4.07,1,-0.0447400241838,OK
UGC06787,4.37,0.813780260708,-4.01695514805,0.0180077123664,0.210840044215,-0.0862906204199,237,4.04,1,-0.0447400241838,OK
UGC06787,4.49,0.836126629423,-4.01226508991,0.018092367949,0.208924337477,-0.0851688024841,237,1.94,1,-0.0447400241838,OK
UGC06787,4.61,0.858472998138,-4.00761756259,0.0181766484196,0.207033455394,-0.0840687194179,237,1.49,1,-0.0447400241838,OK
UGC06787,4.72,0.87895716946,-4.00339422196,0.0182535769306,0.205321544901,-0.0830789266402,236,2.38,1,-0.0487706569931,OK
UGC06787,5.16,0.960893854749,-3.98684542081,0.0185581650787,0.198671389431,-0.0792895473568,235,2.4,1,-0.0528012898025,OK
UGC06787,5.43,1.01117318436,-3.97695564293,0.0187426117741,0.194740418263,-0.0770912027442,234,4.05,1,-0.0568319226118,OK
UGC06787,5.56,1.03538175047,-3.97226374575,0.0188307568034,0.1928866113,-0.0760652091192,233,3.03,1,-0.0608625554212,OK
UGC06787,5.67,1.05586592179,-3.96832852204,0.018905006042,0.191337231773,-0.0752129743696,233,2.48,1,-0.0608625554212,OK
UGC06787,5.79,1.0782122905,-3.96407153252,0.0189856559959,0.18966673255,-0.0742994966503,233,3.03,1,-0.0608625554212,OK
UGC06787,5.91,1.10055865922,-3.9598516459,0.0190659425926,0.18801646067,-0.0734025600075,232,6.7,1,-0.0648931882306,OK
UGC06787,6.03,1.12290502793,-3.95566841426,0.0191458669012,0.186386050958,-0.072521767475,232,7.44,1,-0.0648931882306,OK
UGC06787,6.2,1.15456238361,-3.94980405975,0.0192584749161,0.184109610867,-0.0713008651294,232,1.64,1,-0.0648931882306,OK
UGC06787,6.5,1.2104283054,-3.93962877738,0.0194554357028,0.180184869417,-0.0692202823873,233,14.3,1,-0.0608625554212,OK
UGC06787,6.85,1.27560521415,-3.92803025004,0.0196824038093,0.175749364888,-0.0669060159867,235,7.57,1,-0.0528012898025,OK
UGC06787,6.98,1.29981378026,-3.92379513375,0.0197659378416,0.17413974535,-0.0660759121324,236,3.05,1,-0.0487706569931,OK
UGC06787,7.09,1.32029795158,-3.92024183967,0.0198362969608,0.17279332463,-0.0653855237529,236,2.91,1,-0.0487706569931,OK
UGC06787,7.21,1.3426443203,-3.91639679986,0.0199127151335,0.171340497207,-0.0646446412797,237,4.07,1,-0.0447400241838,OK
UGC06787,7.22,1.34450651769,-3.91607784209,0.0199190674618,0.171220173094,-0.0645834701991,238,2.02,1,-0.0407093913744,OK
UGC06787,7.33,1.36499068901,-3.91258404154,0.0199887824248,0.169904085383,-0.0639162802268,238,6.76,1,-0.0407093913744,OK
UGC06787,7.45,1.38733705773,-3.90880320097,0.0200644998719,0.1684838125,-0.0632001600149,239,3.49,1,-0.0366787585651,OK
UGC06787,7.56,1.40782122905,-3.90536516378,0.0201336010869,0.167195842187,-0.0625542366311,240,10.1,1,-0.0326481257557,OK
UGC06787,8.26,1.53817504655,-3.88409073583,0.0205665206626,0.159299112492,-0.0586665173265,247,0.85,1,-0.00443369609029,OK
UGC06787,8.98,1.67225325885,-3.86324837301,0.0209996738358,0.151680623551,-0.0550339840794,252,8.91,1,0.0157194679565,OK
UGC06787,9.09,1.69273743017,-3.86015283044,0.0210647799375,0.150558689389,-0.0545088464952,253,7.13,1,0.0197501007658,OK
UGC06787,9.3,1.73184357542,-3.85430648842,0.0211882925421,0.148446344572,-0.0535269647277,254,0.73,1,0.0237807335752,OK
UGC06787,10.32,1.9217877095,-3.82704818158,0.0217737931468,0.138707200959,-0.0491153395244,253,0.96,1,0.0197501007658,OK
UGC06787,11.38,2.11918063315,-3.80059820443,0.0223573935631,0.129418524619,-0.0450845096891,247,1.99,1,-0.00443369609029,OK
UGC06787,12.4,2.30912476723,-3.77680798515,0.0228956581886,0.121186973587,-0.0416566390212,238,3.15,1,-0.0407093913744,OK
UGC06787,13.41,2.49720670391,-3.75473337326,0.0234066906269,0.113641753945,-0.0386336170233,229,1.67,1,-0.0769850866586,OK
UGC06787,14.43,2.68715083799,-3.73382784092,0.0239011706299,0.106567632716,-0.0359027614522,223,3.52,1,-0.101168883515,OK
UGC06787,15.44,2.87523277467,-3.71440472572,0.0243699435987,0.10004734074,-0.0334743426792,220,1.13,1,-0.113260781943,OK
UGC06787,16.57,3.08566108007,-3.69407456723,0.0248704589536,0.0932645294445,-0.0310383836003,220,1.12,1,-0.113260781943,OK
UGC06787,17.58,3.27374301676,-3.67707034863,0.0252969777063,0.087614004456,-0.0290793254029,224,1.93,1,-0.0971382507054,OK
UGC06787,18.6,3.46368715084,-3.66094209639,0.0257082816347,0.082263851462,-0.0272832626124,228,2.04,1,-0.081015719468,OK
UGC06787,19.61,3.65176908752,-3.64594255473,0.0260968005952,0.0772869776769,-0.0256639071075,234,2.55,1,-0.0568319226118,OK
UGC06787,20.62,3.83985102421,-3.63185128138,0.0264671409012,0.0726012445033,-0.0241845581811,239,2.91,1,-0.0366787585651,OK
UGC06787,21.64,4.02979515829,-3.61848897001,0.0268231765106,0.0681393297902,-0.0228166877748,243,3.08,1,-0.0205562273277,OK
UGC06787,22.77,4.24022346369,-3.60464523288,0.0271970917358,0.0634859629198,-0.0214325414362,245,3.6,1,-0.012494961709,OK
UGC06787,23.78,4.42830540037,-3.59307693798,0.0275135425824,0.059562909993,-0.0202992730997,247,2.67,1,-0.00443369609029,OK
UGC06787,24.79,4.61638733706,-3.58222698407,0.0278136885923,0.0558446226072,-0.0192535689215,249,3.37,1,0.00362756952842,OK
UGC06787,25.81,4.80633147114,-3.57196096359,0.028100695176,0.0522814320162,-0.0182774283348,250,2.08,1,0.00765820233777,OK
UGC06787,26.82,4.99441340782,-3.5624456732,0.0283693576242,0.048929021506,-0.0173822151527,251,1.68,1,0.0116888351471,OK
UGC06787,27.84,5.1843575419,-3.55346031851,0.0286254150253,0.0457080334361,-0.0165432692882,251,2.78,1,0.0116888351471,OK
UGC06787,29.41,5.47672253259,-3.54078668693,0.0289905116525,0.0410466481993,-0.0153658970864,248,3.4,1,-0.000403063280935,OK
UGC06787,30.99,5.77094972067,-3.52935901496,0.0293237059011,0.0366846742215,-0.0143035098076,246,2.91,1,-0.00846432889964,OK
UGC06787,32.57,6.06517690875,-3.51917035992,0.0296240022351,0.0326192500355,-0.0133476101176,249,3.46,1,0.00362756952842,OK
UGC06787,34.03,6.33705772812,-3.51078504064,0.0298734533543,0.0291008082689,-0.0125470053239,252,3.23,1,0.0157194679565,OK
UGC06787,37.19,6.92551210428,-3.49574194412,0.0303262397123,0.0221740442383,-0.0110432043845,255,4.16,1,0.0278113663845,OK
UGC06818,0.87,0.625899280576,-4.05814944343,0.0172809689543,0.227999447206,-0.0966663057938,23.4,5.55,1,-0.671348314607,OK
UGC06818,1.74,1.25179856115,-3.93223329209,0.0195998514453,0.177352042283,-0.0677376879537,28,5.2,1,-0.606741573034,OK
UGC06818,2.61,1.87769784173,-3.83321181505,0.0216400002153,0.140894057975,-0.0500894235344,36.7,4.25,1,-0.484550561798,OK
UGC06818,3.5,2.51798561151,-3.7523803394,0.0234618322121,0.112842254888,-0.038319966169,47.6,4.25,1,-0.331460674157,OK
UGC06818,4.37,3.14388489209,-3.68869660402,0.0250045716702,0.0914757056584,-0.0304112837844,63.3,4.75,1,-0.11095505618,OK
UGC06818,5.24,3.76978417266,-3.63699802219,0.0263312713295,0.0743144480438,-0.0247203470113,71.2,5.25,1,0,OK
UGC06818,6.11,4.39568345324,-3.59503083083,0.0274598365535,0.0602282039795,-0.0204892919259,68.1,6,1,-0.0435393258427,OK
UGC06818,6.98,5.02158273381,-3.56112270492,0.0284069142221,0.0484584440671,-0.0172583532035,74.4,6,1,0.0449438202247,OK
UGC06917,1.74,0.630434782609,-4.05711634479,0.0172988311249,0.227561634358,-0.0963942548896,59.2,3.5,1,-0.455381784729,OK
UGC06917,2.61,0.945652173913,-3.98988274298,0.0185018834683,0.199885104444,-0.0799745459099,71.2,4,1,-0.344986200552,OK
UGC06917,3.5,1.26811594203,-3.92934836363,0.019656477256,0.176251414815,-0.0671659904893,84.5,4.4,1,-0.222631094756,OK
UGC06917,4.37,1.58333333333,-3.87695644664,0.0207137728138,0.15667849702,-0.0574038973899,93.5,4.5,1,-0.139834406624,OK
UGC06917,5.24,1.89855072464,-3.8302846245,0.0217034374206,0.139854401184,-0.0496251401813,97.5,3.5,1,-0.103035878565,OK
UGC06917,6.11,2.21376811594,-3.7885558525,0.0226282568066,0.125238054345,-0.0433266980482,100,3.5,1,-0.0800367985281,OK
UGC06917,6.98,2.52898550725,-3.75114140135,0.0234909179827,0.112421644948,-0.0381554701997,101,4,1,-0.0708371665133,OK
UGC06917,7.85,2.84420289855,-3.717525359,0.0242940124798,0.101091976076,-0.0338576867963,103,3.5,1,-0.0524379024839,OK
UGC06917,8.72,3.15942028986,-3.6872791558,0.025040039487,0.0910045307713,-0.0302471710026,105,4,1,-0.0340386384545,OK
UGC06917,9.6,3.47826086957,-3.65974609891,0.0257390470689,0.0818671877297,-0.0271523809331,110,4.9,1,0.0119595216191,OK
UGC06917,10.47,3.79347826087,-3.63524413104,0.0263774940362,0.0737308958982,-0.0245371871732,111,6,1,0.0211591536339,OK
UGC06923,0.93,0.645833333333,-4.05362361741,0.0173593568646,0.226084365142,-0.095479129134,40.5,7.35,1,-0.491206030151,OK
UGC06923,1.94,1.34722222222,-3.91561309673,0.0199283269074,0.171044904433,-0.0644944178938,53.9,5.9,1,-0.322864321608,OK
UGC06923,2.87,1.99305555556,-3.81728625114,0.021987388255,0.1352612826,-0.0475998463439,73,4.7,1,-0.0829145728643,OK
UGC06923,3.72,2.58333333333,-3.74508748333,0.0236335614146,0.110369760874,-0.0373580739445,78.4,3.9,1,-0.0150753768844,OK
UGC06923,4.47,3.10416666667,-3.69235395553,0.0249132881919,0.0926920125039,-0.030836982585,79.3,5.3,1,-0.00376884422111,OK
UGC06923,5.16,3.58333333333,-3.65129228807,0.0259575624464,0.079062775258,-0.0262360246364,81.1,5.1,1,0.0188442211055,OK
UGC06930,1.74,0.441624365482,-4.10187079511,0.0165417003047,0.246895223751,-0.108773205589,54.7,8.3,1,-0.48973880597,OK
UGC06930,3.5,0.888324873096,-4.00147446928,0.0182886529418,0.204545381849,-0.0826320956707,85.4,7,1,-0.203358208955,OK
UGC06930,5.24,1.32994923858,-3.91857720194,0.0198693447077,0.172163823715,-0.0650639857877,93.8,6.2,1,-0.125,OK
UGC06930,6.98,1.77157360406,-3.84845069929,0.0213127307016,0.146339086431,-0.0525563391942,98.7,5.2,1,-0.0792910447761,OK
UGC06930,8.72,2.21319796954,-3.78862726357,0.0226266409563,0.125262759838,-0.0433369835879,103,5.2,1,-0.0391791044776,OK
UGC06930,10.47,2.65736040609,-3.73701852824,0.0238250310013,0.107643263095,-0.0363115398382,107,5.2,1,-0.00186567164179,OK
UGC06930,12.19,3.09390862944,-3.69330641805,0.0248895705157,0.0930089102657,-0.0309483804313,109,5.2,1,0.0167910447761,OK
UGC06930,13.94,3.53807106599,-3.65489785514,0.0258641392372,0.0802590475375,-0.0266249890246,108,7.4,1,0.00746268656716,OK
UGC06930,15.68,3.97969543147,-3.62193151186,0.0267309953629,0.0692911562464,-0.0231659857144,108,7.4,1,0.00746268656716,OK
UGC06930,16.61,4.21573604061,-3.60620628175,0.0271546688671,0.0640126788661,-0.021587039789,108,7.4,1,0.00746268656716,OK
UGC06973,1.74,1.6261682243,-3.87029744587,0.020852166112,0.154244586217,-0.0562435345564,170,4.7,1,-0.0241102181401,OK
UGC06973,2.61,2.43925233645,-3.76138478571,0.0232515196984,0.115906539369,-0.0395290531823,174,4.2,1,-0.00114810562572,OK
UGC06973,3.5,3.27102803738,-3.67730832605,0.025290958313,0.0876929907936,-0.0291062701869,170,4.2,1,-0.0241102181401,OK
UGC06973,4.37,4.08411214953,-3.6148213221,0.0269217351067,0.0669100815568,-0.0224468381718,170,4.3,1,-0.0241102181401,OK
UGC06973,5.32,4.97196261682,-3.56354855775,0.0283380867453,0.0493204245184,-0.0174855747705,171,4.8,1,-0.0183696900115,OK
UGC06973,6.28,5.8691588785,-3.52582468753,0.0294275288432,0.0352962464151,-0.0139733331562,174,4.9,1,-0.00114810562572,OK
UGC06973,6.81,6.36448598131,-3.50999156627,0.0298971665805,0.0287577199116,-0.0124702620358,177,10.1,1,0.01607347876,OK
UGC06973,7.33,6.85046728972,-3.49743725176,0.0302748709616,0.0230093669927,-0.0112194646915,178,6.3,1,0.0218140068886,OK
UGC06973,7.85,7.33644859813,-3.487536243,0.0305761115561,0.0178238471967,-0.0101478333153,180,7.7,1,0.0332950631458,OK
UGC06983,1.74,0.542056074766,-4.07761143733,0.016947898463,0.236321190238,-0.101910217651,56.9,6.6,1,-0.477981651376,OK
UGC06983,2.61,0.81308411215,-4.01710194496,0.0180050690839,0.210900127592,-0.086325923333,87.4,4.8,1,-0.198165137615,OK
UGC06983,3.5,1.09034267913,-3.96177625577,0.0190292833799,0.188768421042,-0.0738105812978,92.1,5.7,1,-0.15504587156,OK
UGC06983,4.37,1.36137071651,-3.9131995087,0.0199764837708,0.170135672506,-0.0640334320405,93.5,5.2,1,-0.142201834862,OK
UGC06983,5.24,1.63239875389,-3.86933751101,0.0208721924436,0.153894676243,-0.0560776896582,98.2,4.4,1,-0.0990825688073,OK
UGC06983,6.11,1.90342679128,-3.82960327464,0.0217182300936,0.139612688249,-0.0495175072712,99.7,4.4,1,-0.0853211009174,OK
UGC06983,6.98,2.17445482866,-3.79351303735,0.0225163619258,0.126955422646,-0.0440445900993,102,3.5,1,-0.0642201834862,OK
UGC06983,7.85,2.44548286604,-3.7606633932,0.0232682992221,0.115660557143,-0.0394313017371,107,4.4,1,-0.0183486238532,OK
UGC06983,8.72,2.71651090343,-3.73071442542,0.0239757008663,0.105519357008,-0.035506605268,108,4.4,1,-0.00917431192661,OK
UGC06983,9.6,2.99065420561,-3.70307700266,0.0246475690342,0.0962635876119,-0.0321041089134,110,4.4,1,0.00917431192661,OK
UGC06983,10.47,3.26168224299,-3.6781291592,0.0252702071741,0.0879654464258,-0.0291993093312,113,4.4,1,0.0366972477064,OK
UGC06983,11.35,3.53582554517,-3.65507814564,0.0258594765988,0.0803188564189,-0.0266445108301,110,5.2,1,0.00917431192661,OK
UGC06983,12.19,3.79750778816,-3.63494722951,0.0263853267173,0.0736320850022,-0.0245062407669,108,5.7,1,-0.00917431192661,OK
UGC06983,13.12,4.08722741433,-3.61461298836,0.0269273443965,0.0668401863347,-0.0224258992769,109,8.6,1,0,OK
UGC06983,13.94,4.34267912773,-3.59825211448,0.0273715229489,0.061322527803,-0.0208037742709,108,9.8,1,-0.00917431192661,OK
UGC06983,14.86,4.6292834891,-3.58150840245,0.0278336821802,0.0555967691725,-0.0191848474406,108,9.8,1,-0.00917431192661,OK
UGC06983,15.68,4.88473520249,-3.5679176874,0.0282145440539,0.0508634437101,-0.0178960318913,109,12.3,1,0,OK
UGC07089,0.87,0.384955752212,-4.11603886561,0.0163089887582,0.253176648751,-0.112955988202,20.9,4.7,OMITTED,OMITTED,INVALID_VFLAT
UGC07089,1.74,0.769911504425,-4.02628819062,0.0178404274731,0.214674924844,-0.0885583394375,36.4,3.9,OMITTED,OMITTED,INVALID_VFLAT
UGC07089,2.61,1.15486725664,-3.94974793301,0.0192595558618,0.184087874926,-0.0712892576435,43.4,3.9,OMITTED,OMITTED,INVALID_VFLAT
UGC07089,3.5,1.54867256637,-3.88242171723,0.0206008752293,0.158684821474,-0.0583693177118,51.2,4.7,OMITTED,OMITTED,INVALID_VFLAT
UGC07089,4.37,1.93362831858,-3.82540924081,0.0218095083637,0.138127167497,-0.0488585821537,59.7,3.9,OMITTED,OMITTED,INVALID_VFLAT
UGC07089,5.24,2.3185840708,-3.77566350207,0.0229218768826,0.120793690082,-0.0414962556957,64.5,4.4,OMITTED,OMITTED,INVALID_VFLAT
UGC07089,6.11,2.70353982301,-3.73208611734,0.0239428361366,0.105981044481,-0.0356808117785,67.9,3.9,OMITTED,OMITTED,INVALID_VFLAT
UGC07089,6.55,2.8982300885,-3.71211273277,0.024425863397,0.09928074629,-0.0331944181842,72.8,7.3,OMITTED,OMITTED,INVALID_VFLAT
UGC07089,6.98,3.08849557522,-3.69381033402,0.0248770314231,0.0931765952088,-0.0310074073289,70.3,6.1,OMITTED,OMITTED,INVALID_VFLAT
UGC07089,7.85,3.47345132743,-3.66014015681,0.0257289063923,0.0819978818268,-0.0271954695072,73.7,6.1,OMITTED,OMITTED,INVALID_VFLAT
UGC07089,8.72,3.85840707965,-3.63050824437,0.0265027111317,0.0721537658008,-0.0240455801448,77.6,6.1,OMITTED,OMITTED,INVALID_VFLAT
UGC07089,9.16,4.05309734513,-3.61690735476,0.0268656340226,0.0676095159287,-0.0226569096571,79.1,7.3,OMITTED,OMITTED,INVALID_VFLAT
UGC07125,1.44,0.426035502959,-4.10573287292,0.0164779381774,0.24859963725,-0.109900368453,26.1,3.3,1,-0.599693251534,OK
UGC07125,2.88,0.852071005917,-4.00894471409,0.0181525412538,0.207572663577,-0.0843816927431,43,3.47,1,-0.340490797546,OK
UGC07125,4.33,1.28106508876,-3.92707167685,0.0197012798795,0.1753845816,-0.0667174379239,48.5,2.35,1,-0.256134969325,OK
UGC07125,5.76,1.70414201183,-3.85843931012,0.0211009058082,0.149938689635,-0.0542197266017,52.5,2,1,-0.194785276074,OK
UGC07125,7.2,2.13017751479,-3.79917772607,0.0223891743236,0.128923890563,-0.0448747019336,56.4,2.05,1,-0.134969325153,OK
UGC07125,8.64,2.55621301775,-3.74809453292,0.0235626008678,0.111388262491,-0.0377528280995,58.5,2.21,1,-0.102760736196,OK
UGC07125,10.08,2.98224852071,-3.70388729935,0.02462760528,0.0965338516797,-0.0322010317308,61.5,2.1,1,-0.0567484662577,OK
UGC07125,11.47,3.39349112426,-3.66678443494,0.0255585230461,0.0842014945399,-0.027927123118,64.6,2.01,1,-0.00920245398773,OK
UGC07125,13,3.84615384615,-3.63139416872,0.0264792421319,0.0724489628021,-0.0241372175429,65.6,2.12,1,0.00613496932515,OK
UGC07125,14.42,4.26627218935,-3.60299875739,0.027241907965,0.0629297934777,-0.0212700059381,65.4,2.65,1,0.00306748466258,OK
UGC07125,15.84,4.68639053254,-3.5783645543,0.0279213247458,0.0545097772115,-0.0188849118341,65.5,3.05,1,0.00460122699386,OK
UGC07125,17.26,5.10650887574,-3.55706909465,0.0285222984849,0.0470089306973,-0.0168796061011,65.1,3.22,1,-0.00153374233129,OK
UGC07125,18.68,5.52662721893,-3.53875732249,0.0290494037024,0.0402845324852,-0.0151775353133,64.9,3.48,1,-0.00460122699387,OK
UGC07151,0.5,0.4,-4.11224275308,0.0163710171737,0.251485859859,-0.111822335007,24.2,2.18,1,-0.67074829932,OK
UGC07151,1,0.8,-4.01986879411,0.0179553206288,0.212033984517,-0.0869934921729,42,2.91,1,-0.428571428571,OK
UGC07151,1.5,1.2,-3.94151157097,0.0194188395956,0.180908705622,-0.069601685285,59.4,2.4,1,-0.191836734694,OK
UGC07151,2,1.6,-3.87435308996,0.020767768407,0.155725570608,-0.0569481800756,63.9,2.01,1,-0.130612244898,OK
UGC07151,2.49,1.992,-3.81742905346,0.0219842486292,0.135311538456,-0.0476217779008,66,2,1,-0.102040816327,OK
UGC07151,3,2.4,-3.76596499967,0.0231452662807,0.117470351233,-0.0401533301714,67.2,2.07,1,-0.0857142857143,OK
UGC07151,3.49,2.792,-3.72284908426,0.024165021493,0.102876587682,-0.0345176250656,68.7,2.38,1,-0.065306122449,OK
UGC07151,4,3.2,-3.68361100596,0.0251320587708,0.0897857111673,-0.0298247092885,71.3,2.91,1,-0.0299319727891,OK
UGC07151,4.49,3.592,-3.65060806174,0.0259753293717,0.0788357151218,-0.0261625198878,72.5,3.21,1,-0.0136054421769,OK
UGC07151,5.01,4.008,-3.61997950871,0.0267832253099,0.0686382657091,-0.0229676671862,74,3.41,1,0.00680272108844,OK
UGC07151,5.5,4.4,-3.59477104377,0.0274669711902,0.0601398156056,-0.0204639957713,76.2,3.17,1,0.0367346938776,OK
UGC07232,0.21,0.724137931034,-4.03620825485,0.0176643242087,0.218784536159,-0.0910211665233,16.4,3.3,OMITTED,OMITTED,INVALID_VFLAT
UGC07232,0.41,1.41379310345,-3.90436780555,0.0201536915167,0.166822833275,-0.0623677904053,26.2,3.3,OMITTED,OMITTED,INVALID_VFLAT
UGC07232,0.62,2.13793103448,-3.79817945953,0.0224115358466,0.12857652422,-0.0447276528575,35.2,3.3,OMITTED,OMITTED,INVALID_VFLAT
UGC07232,0.82,2.8275862069,-3.71920985705,0.0242531237115,0.101656304278,-0.0340656832142,44,3.3,OMITTED,OMITTED,INVALID_VFLAT
UGC07261,0.95,0.791666666667,-4.02163876955,0.017923568261,0.212760716511,-0.0874227145624,46.8,5.66,1,-0.373493975904,OK
UGC07261,1.9,1.58333333333,-3.87695644664,0.0207137728138,0.15667849702,-0.0574038973899,63,5.66,1,-0.156626506024,OK
UGC07261,2.86,2.38333333333,-3.76792842816,0.0230998667895,0.118141815904,-0.0404228811912,66.8,5.66,1,-0.105756358768,OK
UGC07261,3.81,3.175,-3.68586499587,0.0250754751572,0.0905345620316,-0.0300839206366,69.6,5.66,1,-0.0682730923695,OK
UGC07261,4.76,3.96666666667,-3.62283625884,0.0267068215128,0.0695935801406,-0.0232581372845,73.4,5.66,1,-0.0174029451138,OK
UGC07261,5.72,4.76666666667,-3.57404912588,0.0280420775867,0.053010311212,-0.0184750398453,74.7,5.66,1,0,OK
UGC07261,6.67,5.55833333333,-3.53748766551,0.0290863099048,0.0398051841978,-0.015059656412,76.1,5.66,1,0.0187416331995,OK
UGC07323,0.58,0.256637168142,-4.14948371476,0.0157725575218,0.268324264847,-0.123367340533,23.9,3.87,OMITTED,OMITTED,INVALID_VFLAT
UGC07323,1.17,0.517699115044,-4.08339789036,0.0168501134316,0.238822865241,-0.103513714453,34.7,3.87,OMITTED,OMITTED,INVALID_VFLAT
UGC07323,1.75,0.774336283186,-4.02533916774,0.0178573664834,0.214283589079,-0.0883255792921,42.8,3.87,OMITTED,OMITTED,INVALID_VFLAT
UGC07323,2.33,1.03097345133,-3.97311478733,0.0188147378639,0.193222337673,-0.0762505079747,51.3,3.87,OMITTED,OMITTED,INVALID_VFLAT
UGC07323,2.91,1.28761061947,-3.92592511929,0.0197238814853,0.174948617642,-0.0664924114586,57.7,3.87,OMITTED,OMITTED,INVALID_VFLAT
UGC07323,3.5,1.54867256637,-3.88242171723,0.0206008752293,0.158684821474,-0.0583693177118,67.3,3.87,OMITTED,OMITTED,INVALID_VFLAT
UGC07323,4.07,1.80088495575,-3.84418377926,0.0214038647117,0.144808871639,-0.0518570720848,75.4,3.87,OMITTED,OMITTED,INVALID_VFLAT
UGC07323,4.65,2.05752212389,-3.80866441366,0.022177779525,0.132235244838,-0.0462885983879,79.5,3.87,OMITTED,OMITTED,INVALID_VFLAT
UGC07323,5.23,2.31415929204,-3.77619839389,0.0229096194367,0.120977467481,-0.0415711626971,82.8,3.87,OMITTED,OMITTED,INVALID_VFLAT
UGC07323,5.82,2.57522123894,-3.74598404373,0.0236123819951,0.110673289006,-0.0374754993461,85.6,3.87,OMITTED,OMITTED,INVALID_VFLAT
UGC07399,0.61,0.371951219512,-4.11934088898,0.0162552249098,0.254652037049,-0.113949889284,47.3,2.77,1,-0.540776699029,OK
UGC07399,1.22,0.743902439024,-4.03190179384,0.0177405589653,0.216996211181,-0.0899452995539,70.4,3.27,1,-0.316504854369,OK
UGC07399,1.84,1.12195121951,-3.95584622384,0.0191424628853,0.186455240602,-0.0725590376191,83.7,2.5,1,-0.187378640777,OK
UGC07399,2.45,1.49390243902,-3.89120123233,0.0204208011722,0.161924586046,-0.0599452513688,89.1,2.45,1,-0.134951456311,OK
UGC07399,3.07,1.87195121951,-3.83402230775,0.0216224682588,0.141182273653,-0.0502185157821,91.7,2.48,1,-0.109708737864,OK
UGC07399,3.68,2.24390243902,-3.78480147863,0.0227133714187,0.123940572059,-0.0427882379151,95.1,3.01,1,-0.0766990291262,OK
UGC07399,4.3,2.62195121951,-3.74085295544,0.0237338505784,0.108937759708,-0.0368065634176,96.9,3.62,1,-0.0592233009709,OK
UGC07399,4.91,2.99390243902,-3.70276448536,0.0246552730297,0.0961593666297,-0.0320667719373,100,3.9,1,-0.0291262135922,OK
UGC07399,5.52,3.36585365854,-3.6691222496,0.0254988417454,0.0849769107933,-0.0281868903702,103,4.82,1,0,OK
UGC07399,6.13,3.73780487805,-3.6393872288,0.0262684355758,0.07510898223,-0.0249708228372,106,4.97,1,0.0291262135922,OK
UGC07524,0.35,0.101156069364,-4.19275084463,0.0151046770511,0.288613567418,-0.138031698688,14.4,2.82,1,-0.818867924528,OK
UGC07524,0.69,0.199421965318,-4.16504061512,0.0155290841718,0.275527509298,-0.128479317367,24.4,3.97,1,-0.693081761006,OK
UGC07524,1.03,0.297687861272,-4.13857177603,0.0159456091504,0.263331932044,-0.1198852812,29.2,3.26,1,-0.632704402516,OK
UGC07524,1.38,0.398843930636,-4.11253356292,0.016366257013,0.25161518423,-0.111908843475,32.9,3.73,1,-0.586163522013,OK
UGC07524,1.72,0.49710982659,-4.08833712131,0.0167670920296,0.24096835132,-0.10489887552,37.8,3.41,1,-0.524528301887,OK
UGC07524,2.07,0.598265895954,-4.06448696,0.0171717968327,0.230693813201,-0.0983489871372,42,3.12,1,-0.471698113208,OK
UGC07524,2.41,0.696531791908,-4.04228292855,0.0175573444655,0.221318382777,-0.0925564954765,45.1,2.92,1,-0.432704402516,OK
UGC07524,2.76,0.797687861272,-4.02035927874,0.0179465159795,0.212235262802,-0.0871122653747,47.6,2.79,1,-0.401257861635,OK
UGC07524,3.1,0.895953757225,-3.99991641734,0.0183171698226,0.203916370578,-0.0822708626949,52.3,2.78,1,-0.34213836478,OK
UGC07524,3.45,0.99710982659,-3.97970199048,0.0186912086659,0.195828829384,-0.0776967886649,57.3,2.78,1,-0.279245283019,OK
UGC07524,3.79,1.09537572254,-3.96082711013,0.0190473535155,0.188397436459,-0.0736091399814,61.4,2.93,1,-0.227672955975,OK
UGC07524,4.14,1.19653179191,-3.94213941886,0.0194066513446,0.181150319824,-0.0697292296146,64.5,3.42,1,-0.188679245283,OK
UGC07524,4.48,1.29479768786,-3.92466946679,0.0197486633819,0.174471616144,-0.0662466386077,66.4,4.53,1,-0.164779874214,OK
UGC07524,4.82,1.39306358382,-3.9078394093,0.0200838471917,0.168122415412,-0.0630185827547,66.9,5.46,1,-0.158490566038,OK
UGC07524,5.17,1.49421965318,-3.89114987058,0.0204218500474,0.16190557204,-0.0599359410588,69.4,4.77,1,-0.127044025157,OK
UGC07524,5.51,1.59248554913,-3.87552489188,0.0207434469489,0.156154273675,-0.0571529736994,70.2,4.44,1,-0.116981132075,OK
UGC07524,5.86,1.6936416185,-3.86001671931,0.0210676472836,0.150509413528,-0.0544858399252,70.9,4.24,1,-0.108176100629,OK
UGC07524,6.2,1.79190751445,-3.84548588495,0.0213760127546,0.145275369147,-0.0520697527098,72.3,4.38,1,-0.0905660377358,OK
UGC07524,6.55,1.89306358382,-3.83105277298,0.0216867723596,0.140127034571,-0.0497466819584,73.9,3.51,1,-0.0704402515723,OK
UGC07524,6.89,1.99132947977,-3.81751979329,0.0219822538727,0.135343474494,-0.0476357173501,75,3.22,1,-0.0566037735849,OK
UGC07524,7.25,2.09537572254,-3.80369181816,0.0222883352985,0.130497209581,-0.0455437500486,75.5,3.23,1,-0.0503144654088,OK
UGC07524,7.58,2.19075144509,-3.7914499289,0.0225628635749,0.126240091388,-0.0437448514738,77.1,2.98,1,-0.0301886792453,OK
UGC07524,7.94,2.29479768786,-3.77854852422,0.0228558420618,0.121785541865,-0.0419013323746,77,2.79,1,-0.0314465408805,OK
UGC07524,8.27,2.3901734104,-3.76712127379,0.0231185194746,0.117865700003,-0.0403119287848,77,2.82,1,-0.0314465408805,OK
UGC07524,8.63,2.49421965318,-3.75507299937,0.0233987424535,0.113757222312,-0.0386790219788,78.2,2.93,1,-0.0163522012579,OK
UGC07524,8.97,2.59248554913,-3.74407891823,0.0236574094239,0.110028455476,-0.0372262538023,79.6,3.14,1,0.00125786163522,OK
UGC07524,9.3,2.68786127168,-3.73375214074,0.0239029800212,0.106542129618,-0.0358930974363,80.3,3.39,1,0.0100628930818,OK
UGC07524,9.66,2.79190751445,-3.722858599,0.0241647915701,0.102879780118,-0.0345188113162,81.2,3.66,1,0.0213836477987,OK
UGC07524,9.99,2.88728323699,-3.71320153591,0.0243992829134,0.0996448468345,-0.0333272241521,82.3,3.9,1,0.0352201257862,OK
UGC07524,10.35,2.99132947977,-3.70301200566,0.0246491711042,0.0962419111593,-0.0320963415747,83.8,4.1,1,0.0540880503145,OK
UGC07524,10.69,3.08959537572,-3.6937078771,0.0248795803776,0.0931424998497,-0.0309954008422,79,2.78,1,-0.0062893081761,OK
UGC07559,0.36,0.620689655172,-4.05933854833,0.017260432282,0.228503859463,-0.0969802159279,9.31,3.23,OMITTED,OMITTED,INVALID_VFLAT
UGC07559,0.72,1.24137931034,-3.93408485099,0.0195635947421,0.178059737344,-0.0681065648004,15.9,3.23,OMITTED,OMITTED,INVALID_VFLAT
UGC07559,1.08,1.86206896552,-3.83541996261,0.0215922686203,0.141679647246,-0.0504416809152,21.4,3.23,OMITTED,OMITTED,INVALID_VFLAT
UGC07559,1.45,2.5,-3.75441608886,0.0234141183831,0.11353389803,-0.0385912295553,26.1,3.23,OMITTED,OMITTED,INVALID_VFLAT
UGC07559,1.8,3.10344827586,-3.69242055258,0.0249116290957,0.0927141683037,-0.0308447643975,29.7,3.23,OMITTED,OMITTED,INVALID_VFLAT
UGC07559,2.17,3.74137931034,-3.63911891629,0.0262754846714,0.0750197761013,-0.0249426378064,31.1,3.23,OMITTED,OMITTED,INVALID_VFLAT
UGC07559,2.53,4.36206896552,-3.59706698409,0.0274039810023,0.0609202709844,-0.0206878969481,32.1,3.23,OMITTED,OMITTED,INVALID_VFLAT
UGC07577,0.19,0.211111111111,-4.16182868691,0.0155790426639,0.274031961958,-0.127409425703,3.74,3.17,OMITTED,OMITTED,INVALID_VFLAT
UGC07577,0.38,0.422222222222,-4.10668165284,0.0164623116548,0.249019248659,-0.110178757168,5.4,3.17,OMITTED,OMITTED,INVALID_VFLAT
UGC07577,0.57,0.633333333333,-4.05645715054,0.0173102381743,0.227282481937,-0.096220993543,7.31,3.17,OMITTED,OMITTED,INVALID_VFLAT
UGC07577,0.75,0.833333333333,-4.01284900989,0.0180818065376,0.209162433253,-0.0853078294612,8.85,3.17,OMITTED,OMITTED,INVALID_VFLAT
UGC07577,0.94,1.04444444444,-3.97051879194,0.0188636442896,0.192198974325,-0.0756863824827,10.7,3.17,OMITTED,OMITTED,INVALID_VFLAT
UGC07577,1.13,1.25555555556,-3.93156745921,0.0196129060165,0.177097800769,-0.0676054124352,12.4,3.17,OMITTED,OMITTED,INVALID_VFLAT
UGC07577,1.32,1.46666666667,-3.89563370615,0.0203304868117,0.163568201436,-0.0607527891993,14.1,3.17,OMITTED,OMITTED,INVALID_VFLAT
UGC07577,1.51,1.67777777778,-3.86241124963,0.0210172605137,0.15137698079,-0.0548916112053,15.9,3.17,OMITTED,OMITTED,INVALID_VFLAT
UGC07577,1.69,1.87777777778,-3.8332005527,0.0216402439341,0.140890054096,-0.0500876313608,17.8,3.17,OMITTED,OMITTED,INVALID_VFLAT
UGC07603,0.34,0.641509433962,-4.05460207679,0.017342379746,0.226497759613,-0.0957347753092,19.6,2.89,1,-0.681818181818,OK
UGC07603,0.68,1.28301886792,-3.9267291414,0.0197080294221,0.175254296209,-0.0666501501976,32.5,2.89,1,-0.472402597403,OK
UGC07603,1.02,1.92452830189,-3.82666822605,0.0217820677917,0.138572677539,-0.0490557315117,41.9,2.89,1,-0.319805194805,OK
UGC07603,1.37,2.58490566038,-3.74491399214,0.023637661985,0.11031103961,-0.0373353778225,50.6,2.89,1,-0.178571428571,OK
UGC07603,1.71,3.22641509434,-3.6812496816,0.025191473835,0.0890014662595,-0.0295544487744,57,2.89,1,-0.0746753246753,OK
UGC07603,2.05,3.8679245283,-3.62982261258,0.0265208884636,0.0719252504776,-0.0239747622792,60.5,2.89,1,-0.0178571428571,OK
UGC07603,2.39,4.50943396226,-3.58831097772,0.0276449840067,0.0579348773182,-0.0198380139942,60.5,2.89,1,-0.0178571428571,OK
UGC07603,2.74,5.16981132075,-3.55412695008,0.0286063387792,0.0459491265614,-0.0166053465187,60,2.89,1,-0.025974025974,OK
UGC07603,3.08,5.81132075472,-3.52788963542,0.0293668252262,0.0361100014132,-0.0141663814449,61.5,2.89,1,-0.00162337662338,OK
UGC07603,3.42,6.45283018868,-3.50749933391,0.0299717701926,0.0276668068193,-0.0122278068827,61.5,2.89,1,-0.00162337662338,OK
UGC07603,3.76,7.09433962264,-3.49215389898,0.0304352470742,0.0203421480674,-0.010661544558,63,2.89,1,0.0227272727273,OK
UGC07603,4.11,7.75471698113,-3.48094459269,0.0307783243173,0.0137509407644,-0.00934384157312,64,2.89,1,0.038961038961,OK
UGC07608,0.6,0.4,-4.11224275308,0.0163710171737,0.251485859859,-0.111822335007,14.6,6.69,OMITTED,OMITTED,INVALID_VFLAT
UGC07608,1.19,0.793333333333,-4.02128428974,0.0179299229304,0.212615083753,-0.0873366163279,31.5,6.69,OMITTED,OMITTED,INVALID_VFLAT
UGC07608,1.79,1.19333333333,-3.94271917752,0.0193954034312,0.181373534403,-0.0698471648292,44.8,6.69,OMITTED,OMITTED,INVALID_VFLAT
UGC07608,2.38,1.58666666667,-3.87643450372,0.0207245870427,0.156487303389,-0.0573123173587,50.6,6.69,OMITTED,OMITTED,INVALID_VFLAT
UGC07608,2.99,1.99333333333,-3.81724868039,0.021988214353,0.135248061221,-0.0475940773997,55.6,6.69,OMITTED,OMITTED,INVALID_VFLAT
UGC07608,3.59,2.39333333333,-3.76674902844,0.023127126838,0.117738398181,-0.0402608261017,61.4,6.69,OMITTED,OMITTED,INVALID_VFLAT
UGC07608,4.18,2.78666666667,-3.72339825063,0.0241517545189,0.103060864277,-0.0345861322242,66,6.69,OMITTED,OMITTED,INVALID_VFLAT
UGC07608,4.78,3.18666666667,-3.68481080394,0.0251019234593,0.0901842917471,-0.029962536547,69.3,6.69,OMITTED,OMITTED,INVALID_VFLAT
UGC07690,0.59,1.0350877193,-3.97232046372,0.0188296887915,0.192908978656,-0.0760775474182,45.3,4.31,1,-0.210801393728,OK
UGC07690,1.18,2.0701754386,-3.80699489833,0.022214836593,0.131651130788,-0.0460375978106,59.8,4.31,1,0.0418118466899,OK
UGC07690,1.77,3.10526315789,-3.69225233809,0.0249158199452,0.0926582065323,-0.0308251107582,60.7,4.31,1,0.0574912891986,OK
UGC07690,2.36,4.14035087719,-3.61109368347,0.0270222768818,0.0656582476866,-0.0220732990263,58.8,4.31,1,0.0243902439024,OK
UGC07690,2.95,5.17543859649,-3.55386864446,0.0286137289117,0.045855751408,-0.0165812902692,57.9,4.31,1,0.00871080139373,OK
UGC07690,3.54,6.21052631579,-3.51456860627,0.0297606387381,0.0307112233331,-0.012910374945,56.9,4.31,1,-0.00871080139373,OK
UGC07690,4.13,7.24561403509,-3.48919738599,0.0305253624252,0.0187541336501,-0.0103361262667,55.9,4.31,1,-0.0261324041812,OK
UGC07866,0.33,0.540983606557,-4.07786494291,0.0169436026206,0.236430523139,-0.101980035119,12.2,4.07,OMITTED,OMITTED,INVALID_VFLAT
UGC07866,0.66,1.08196721311,-3.96335987205,0.0189991721456,0.189388028947,-0.0741476366377,19.4,4.07,OMITTED,OMITTED,INVALID_VFLAT
UGC07866,1,1.6393442623,-3.86826998536,0.0208944859418,0.153505827735,-0.0558936765437,23.9,4.07,OMITTED,OMITTED,INVALID_VFLAT
UGC07866,1.33,2.18032786885,-3.79276818203,0.0225331396054,0.12669706544,-0.0439362150118,26,4.07,OMITTED,OMITTED,INVALID_VFLAT
UGC07866,1.67,2.73770491803,-3.728486,0.0240291885021,0.104769822859,-0.0352246946852,28.2,4.07,OMITTED,OMITTED,INVALID_VFLAT
UGC07866,2,3.27868852459,-3.6766374083,0.0253079321594,0.0874703136049,-0.029030339822,30.6,4.07,OMITTED,OMITTED,INVALID_VFLAT
UGC07866,2.32,3.80327868852,-3.63452271391,0.026396530078,0.0734907895753,-0.024462022633,33.1,4.07,OMITTED,OMITTED,INVALID_VFLAT
UGC08286,0.47,0.447619047619,-4.1003926886,0.0165661687787,0.2462444496,-0.108344368273,22.2,2.81,1,-0.730582524272,OK
UGC08286,0.95,0.904761904762,-3.99812347793,0.0183500408574,0.203193542856,-0.0818567293014,43.4,3.47,1,-0.473300970874,OK
UGC08286,1.42,1.35238095238,-3.91473157965,0.019945901813,0.170712630446,-0.0643257613497,60.2,3.04,1,-0.269417475728,OK
UGC08286,1.9,1.80952380952,-3.8429347291,0.0214306159156,0.144361765547,-0.0516536406674,69.6,2.05,1,-0.155339805825,OK
UGC08286,2.37,2.25714285714,-3.78316419738,0.0227505900564,0.123375585297,-0.0425548185088,72.5,2,1,-0.120145631068,OK
UGC08286,2.84,2.70476190476,-3.73195662648,0.0239459367158,0.105937449676,-0.035664344115,74.3,2.02,1,-0.0983009708738,OK
UGC08286,3.3,3.14285714286,-3.68879063417,0.0250022205972,0.0915069664347,-0.0304221877897,75.8,2.01,1,-0.0800970873786,OK
UGC08286,3.78,3.6,-3.6499782125,0.0259916950667,0.0786266854443,-0.0260949431817,77.2,2.05,1,-0.0631067961165,OK
UGC08286,4.25,4.04761904762,-3.61727807998,0.0268556761005,0.0677337396561,-0.0226943219271,79.3,2.08,1,-0.0376213592233,OK
UGC08286,4.73,4.50476190476,-3.5885818694,0.0276374962246,0.0580276226911,-0.019864148501,81.3,2.08,1,-0.0133495145631,OK
UGC08286,5.2,4.95238095238,-3.5645176919,0.0283106366413,0.04966371006,-0.0175764799916,81.6,2.03,1,-0.00970873786408,OK
UGC08286,5.67,5.4,-3.54398140303,0.0288980429822,0.0422368783854,-0.0156623938304,82.1,2.02,1,-0.00364077669903,OK
UGC08286,6.15,5.85714285714,-3.52624981771,0.0294150209716,0.0354643891147,-0.0140131133398,82.9,2,1,0.00606796116505,OK
UGC08286,6.62,6.30476190476,-3.51173143442,0.029845194678,0.0295074953537,-0.0126382795373,83.2,2,1,0.00970873786408,OK
UGC08286,7.1,6.7619047619,-3.49951929551,0.0302119029296,0.0240124003191,-0.0114329573082,83.5,2.02,1,0.0133495145631,OK
UGC08286,7.57,7.20952380952,-3.48988097484,0.0305045027583,0.0191285405432,-0.0104123959046,83.8,2,1,0.0169902912621,OK
UGC08286,8.04,7.65714285714,-3.48233109037,0.0307356798122,0.0146713389888,-0.00952262662248,84.3,2,1,0.0230582524272,OK
UGC08490,0.34,0.507462686567,-4.08584801879,0.016808879025,0.239885977252,-0.104198926351,38.8,3.69,1,-0.506361323155,OK
UGC08490,0.68,1.01492537313,-3.97622548242,0.0187563018864,0.194451458557,-0.0769308251687,50.1,3.69,1,-0.362595419847,OK
UGC08490,1.02,1.5223880597,-3.88661291821,0.0205147135076,0.160228835097,-0.0591177611332,60.2,3.69,1,-0.234096692112,OK
UGC08490,1.36,2.02985074627,-3.81234133741,0.0220963832563,0.133523785369,-0.0468447121806,68.2,3.69,1,-0.132315521628,OK
UGC08490,1.69,2.5223880597,-3.75188392836,0.023473481816,0.112673698485,-0.038254003109,72.8,3.69,1,-0.0737913486005,OK
UGC08490,2.03,3.02985074627,-3.69932835004,0.0247401376036,0.0950139936089,-0.0316578754007,75.3,3.69,1,-0.0419847328244,OK
UGC08490,2.37,3.53731343284,-3.65495866969,0.0258625663688,0.080279222006,-0.0266315732345,76.6,3.69,1,-0.0254452926209,OK
UGC08490,2.7,4.02985074627,-3.61848518232,0.0268232781087,0.0681380614672,-0.0228163046112,77.6,3.69,1,-0.0127226463104,OK
UGC08490,3.05,4.55223880597,-3.58584918578,0.0277131240444,0.0570908031147,-0.0196009549983,78.5,3.69,1,-0.00127226463104,OK
UGC08490,3.38,5.0447761194,-3.56000342205,0.0284387273951,0.0480593803496,-0.0171536616149,78.2,3.69,1,-0.00508905852417,OK
UGC08490,3.72,5.55223880597,-3.53773053911,0.0290792464657,0.0398970343813,-0.0150822081518,78.8,3.69,1,0.00254452926209,OK
UGC08490,4.06,6.05970149254,-3.51934916406,0.0296187058145,0.0326923800173,-0.0133645131509,79.2,3.69,1,0.00763358778626,OK
UGC08490,4.39,6.55223880597,-3.5048089938,0.0300525130124,0.0264644741427,-0.011963346,79.2,3.69,1,0.00763358778626,OK
UGC08490,4.74,7.07462686567,-3.49255697311,0.0304229818853,0.020552745161,-0.010705079212,79.2,3.69,1,0.00763358778626,OK
UGC08490,5.08,7.58208955224,-3.48345917499,0.0307010269136,0.0153913167033,-0.00966366152399,78.8,3.69,1,0.00254452926209,OK
UGC08490,5.41,8.07462686567,-3.47701403207,0.0308995384503,0.0108514172619,-0.0087916923493,78.5,3.69,1,-0.00127226463104,OK
UGC08490,5.75,8.58208955224,-3.47260467971,0.0310360862255,0.00659260324104,-0.00801118275911,80.1,3.69,1,0.0190839694656,OK
UGC08490,6.09,9.08955223881,-3.47026048512,0.0311089261933,0.00270385597362,-0.00733017882663,80.1,3.69,1,0.0190839694656,OK
UGC08490,6.42,9.58208955224,-3.46979362914,0.0311234529722,-0.000760443517931,-0.00674897805548,80.1,3.69,1,0.0190839694656,OK
UGC08490,6.77,10.1044776119,-3.47108621148,0.0310832493354,-0.00414095343951,-0.00620497349162,80.1,3.69,1,0.0190839694656,OK
UGC08490,7.11,10.6119402985,-3.47396586551,0.0309938690849,-0.00716871519268,-0.00573713722974,79.8,3.69,1,0.0152671755725,OK
UGC08490,7.44,11.1044776119,-3.47817578248,0.0308636617429,-0.00989284121666,-0.00533188627567,79.8,3.69,1,0.0152671755725,OK
UGC08490,7.78,11.6119402985,-3.48386605791,0.0306885377313,-0.0125018965107,-0.00495766822934,79.5,3.69,1,0.0114503816794,OK
UGC08490,8.12,12.1194029851,-3.49083383968,0.0304754499342,-0.0149309365836,-0.00462150758766,79.5,3.69,1,0.0114503816794,OK
UGC08490,8.46,12.6268656716,-3.49899245335,0.0302278240273,-0.0171979707302,-0.00431841349263,78.8,3.69,1,0.00254452926209,OK
UGC08490,8.8,13.1343283582,-3.50826375668,0.0299488678438,-0.0193186834943,-0.00404418717705,77.9,3.69,1,-0.0089058524173,OK
UGC08490,9.13,13.6268656716,-3.51825946629,0.0296509988438,-0.0212501000183,-0.00380226483535,77.2,3.69,1,-0.0178117048346,OK
UGC08490,9.47,14.1343283582,-3.52952269648,0.0293189065452,-0.0231210624715,-0.00357502886312,77.6,3.69,1,-0.0127226463104,OK
UGC08490,9.77,14.5820895522,-3.54022751926,0.0290067267424,-0.024680083045,-0.00339102691046,76.6,3.69,1,-0.0254452926209,OK
UGC08490,10.15,15.1492537313,-3.55475886389,0.0285882677488,-0.026541862307,-0.00317766091948,77.6,3.69,1,-0.0127226463104,OK
UGC08550,0.49,1.08888888889,-3.96205076348,0.0190240604118,0.188875768543,-0.0738689213804,25,2.04,1,-0.560632688928,OK
UGC08550,0.97,2.15555555556,-3.7959202894,0.0224622245548,0.127791148166,-0.0443960726736,42.5,2.7,1,-0.253075571178,OK
UGC08550,1.47,3.26666666667,-3.67769106466,0.0252812803392,0.0878200285536,-0.0291496330316,48,2.15,1,-0.156414762742,OK
UGC08550,1.95,4.33333333333,-3.59882613157,0.0273558157354,0.0615172180408,-0.0208599745208,49.2,2.08,1,-0.13532513181,OK
UGC08550,2.44,5.42222222222,-3.54304666584,0.0289250676864,0.0418897904752,-0.0155756385533,50.4,2.06,1,-0.114235500879,OK
UGC08550,2.92,6.48888888889,-3.50650963323,0.0300014479576,0.027227639112,-0.0121308739352,51.6,2.04,1,-0.0931458699473,OK
UGC08550,3.41,7.57777777778,-3.48352562874,0.0306989867832,0.0154330019011,-0.00967185889871,53.2,2,1,-0.0650263620387,OK
UGC08550,3.89,8.64444444444,-3.47220911521,0.0310483654279,0.00609583928689,-0.00792250360867,55.1,2.05,1,-0.0316344463972,OK
UGC08550,4.39,9.75555555556,-3.47002612567,0.0311162177185,-0.00191471273013,-0.00656065896558,57.8,2.24,1,0.0158172231986,OK
UGC08550,4.88,10.8444444444,-3.47578589422,0.0309375106558,-0.00847953877312,-0.00554028172784,57.3,2,1,0.00702987697715,OK
UGC08550,5.36,11.9111111111,-3.4878250567,0.0305672820315,-0.0139544875605,-0.00475522231276,57.5,2,1,0.0105448154657,OK
UGC08699,0.22,0.0711974110032,-4.2014597266,0.0149737033467,0.29279535702,-0.141156474643,152,39.4,1,-0.166666666667,OK
UGC08699,0.43,0.139158576052,-4.18188154929,0.0152697497338,0.283441047294,-0.134215000419,167,32.9,1,-0.0844298245614,OK
UGC08699,0.65,0.210355987055,-4.16203565137,0.0155758186894,0.27412819782,-0.1274781367,179,20.9,1,-0.0186403508772,OK
UGC08699,0.87,0.281553398058,-4.14283615808,0.0158777557601,0.265277083232,-0.121236060768,188,15.7,1,0.030701754386,OK
UGC08699,1.08,0.349514563107,-4.12508325627,0.0161621489319,0.257228202984,-0.115695770992,195,10.6,1,0.0690789473684,OK
UGC08699,1.31,0.423948220065,-4.10625201021,0.0164693860854,0.24882918925,-0.110052619745,199,8.88,1,0.0910087719298,OK
UGC08699,1.52,0.491909385113,-4.08959168319,0.0167460698647,0.241514792166,-0.105253137688,202,4.4,1,0.107456140351,OK
UGC08699,1.73,0.559870550162,-4.07341760913,0.0170191242874,0.234515979376,-0.100760907799,202,2.3,1,0.107456140351,OK
UGC08699,1.96,0.63430420712,-4.05623653328,0.0173140575329,0.227189091622,-0.0961630638306,202,3.38,1,0.107456140351,OK
UGC08699,2.17,0.702265372168,-4.04101550142,0.0175796112279,0.220788626752,-0.0922344397179,200,4.47,1,0.0964912280702,OK
UGC08699,2.39,0.773462783172,-4.02552637816,0.0178540237113,0.214360761508,-0.0883714559524,196,2.88,1,0.0745614035088,OK
UGC08699,2.6,0.84142394822,-4.01115954485,0.0181123809377,0.208473867585,-0.0849060778925,193,3.32,1,0.0581140350877,OK
UGC08699,2.83,0.915857605178,-3.99587393149,0.0183913665911,0.202288159294,-0.0813394774098,189,2.21,1,0.0361842105263,OK
UGC08699,3.04,0.983818770227,-3.98231164214,0.0186424947131,0.196865341819,-0.0782757009544,184,14,1,0.00877192982456,OK
UGC08699,5.87,1.8996763754,-3.83012722872,0.0217068537189,0.139798554611,-0.049600261752,170,5.45,1,-0.0679824561404,OK
UGC08699,6.08,1.96763754045,-3.82073975809,0.0219115856245,0.136477923151,-0.048132204962,172,6.66,1,-0.0570175438596,OK
UGC08699,6.3,2.03883495146,-3.81114362044,0.0221228643248,0.133103739645,-0.0466630622565,174,3.96,1,-0.0460526315789,OK
UGC08699,6.52,2.11003236246,-3.80178404916,0.0223308968796,0.129831772637,-0.0452601713018,176,5.18,1,-0.0350877192982,OK
UGC08699,6.74,2.18122977346,-3.79265393123,0.0225357141817,0.126657446655,-0.0439196076203,178,3.04,1,-0.0241228070175,OK
UGC08699,6.95,2.24919093851,-3.7841466169,0.0227282504078,0.123714533757,-0.0426947755257,180,2.75,1,-0.0131578947368,OK
UGC08699,7.16,2.31715210356,-3.77583651723,0.0229179113935,0.120853128699,-0.0415204752698,182,2.34,1,-0.00219298245614,OK
UGC08699,7.39,2.39158576052,-3.76695484636,0.0231223673508,0.117808781586,-0.0402890760577,183,3.39,1,0.00328947368421,OK
UGC08699,7.6,2.45954692557,-3.75904062871,0.0233060888455,0.115107537411,-0.0392119778114,184,7.58,1,0.00877192982456,OK
UGC08699,7.82,2.53074433657,-3.75094372987,0.0234955619262,0.112354559036,-0.0381292663474,185,6.08,1,0.0142543859649,OK
UGC08699,8.03,2.59870550162,-3.74339526599,0.0236735883946,0.109797187487,-0.037137065104,186,6.73,1,0.0197368421053,OK
UGC08699,8.26,2.67313915858,-3.73532456301,0.0238654239777,0.107072029842,-0.0360941624458,187,6.83,1,0.0252192982456,OK
UGC08699,8.47,2.74110032362,-3.72813046692,0.0240377331924,0.104650296903,-0.0351798431276,187,6.11,1,0.0252192982456,OK
UGC08699,8.68,2.80906148867,-3.72109886988,0.0242073524945,0.102289526503,-0.0342998304585,188,4.78,1,0.030701754386,OK
UGC08699,8.91,2.88349514563,-3.71357923892,0.024390068971,0.09977118077,-0.0333733665157,188,4.14,1,0.030701754386,OK
UGC08699,9.53,3.08414239482,-3.6942162425,0.0248669356743,0.0933116795953,-0.0310549993806,187,5.93,1,0.0252192982456,OK
UGC08699,9.78,3.16504854369,-3.68676743796,0.0250528562009,0.0908344584904,-0.0301880429583,187,7.63,1,0.0252192982456,OK
UGC08699,9.99,3.23300970874,-3.6806633934,0.025206247629,0.0888067867755,-0.0294875503882,186,7.89,1,0.0197368421053,OK
UGC08699,10.21,3.30420711974,-3.67441471373,0.0253642465244,0.086732707179,-0.0287795328102,186,9.86,1,0.0197368421053,OK
UGC08699,11.46,3.70873786408,-3.64158100386,0.026210871701,0.0758381587513,-0.0252018058019,182,2.51,1,-0.00219298245614,OK
UGC08699,13.39,4.33333333333,-3.59882613157,0.0273558157354,0.0615172180408,-0.0208599745208,177,3.62,1,-0.0296052631579,OK
UGC08699,15.21,4.92233009709,-3.56601808626,0.028268191372,0.0501940110528,-0.0177173719164,175,6.71,1,-0.0405701754386,OK
UGC08699,17.13,5.54368932039,-3.53807218983,0.0290693132173,0.0400261150319,-0.0151139295106,177,6.13,1,-0.0296052631579,OK
UGC08699,19.06,6.16828478964,-3.5158774505,0.029721712178,0.0312592074024,-0.01303520333,180,3.95,1,-0.0131578947368,OK
UGC08699,20.99,6.7928802589,-3.49878097225,0.0302342173169,0.0236594278487,-0.0113575987294,181,4.46,1,-0.00767543859649,OK
UGC08699,22.92,7.41747572816,-3.48612515992,0.0306192874451,0.0170082545689,-0.00998417868699,182,7.09,1,-0.00219298245614,OK
UGC08699,25.7,8.31715210356,-3.47463699247,0.0309730752423,0.00876661860188,-0.00840508050817,183,7.49,1,0.00328947368421,OK
UGC08837,0.52,0.302325581395,-4.13735180412,0.0159650742166,0.262776829039,-0.119501186571,7.31,2.12,OMITTED,OMITTED,INVALID_VFLAT
UGC08837,1.05,0.610465116279,-4.06167997493,0.0172200655231,0.229498604811,-0.09760076561,14.6,2.05,OMITTED,OMITTED,INVALID_VFLAT
UGC08837,1.57,0.912790697674,-3.99649471332,0.0183799531078,0.202537838338,-0.081481957059,21,2.05,OMITTED,OMITTED,INVALID_VFLAT
UGC08837,2.09,1.21511627907,-3.93878483546,0.0194718618909,0.179860766302,-0.0690498460068,28.1,2.06,OMITTED,OMITTED,INVALID_VFLAT
UGC08837,2.63,1.52906976744,-3.8855436342,0.0205366612949,0.159834468183,-0.0589261427778,35.3,2.5,OMITTED,OMITTED,INVALID_VFLAT
UGC08837,3.15,1.83139534884,-3.8397896289,0.0214981234532,0.143237608917,-0.0511439204091,43,3.38,OMITTED,OMITTED,INVALID_VFLAT
UGC08837,3.68,2.13953488372,-3.79797329969,0.0224161566816,0.128504812132,-0.0446973253459,46.6,3.15,OMITTED,OMITTED,INVALID_VFLAT
UGC08837,4.2,2.44186046512,-3.76108262094,0.0232585465501,0.115803495945,-0.0394880897889,48,3,OMITTED,OMITTED,INVALID_VFLAT
UGC09037,2.43,0.567757009346,-4.07157123669,0.0170505769573,0.233723316931,-0.100258308673,62.2,5.69,1,-0.591595535128,OK
UGC09037,3.65,0.852803738318,-4.00879264152,0.0181553019672,0.207510847535,-0.0843457832644,88.2,3.85,1,-0.420879842416,OK
UGC09037,4.86,1.13551401869,-3.95332402625,0.0191908048976,0.185474719166,-0.0720317571426,107,4.42,1,-0.297439264609,OK
UGC09037,6.08,1.42056074766,-3.90324023461,0.0201764290502,0.166401462427,-0.0621575054895,120,3.93,1,-0.212081418253,OK
UGC09037,7.29,1.70327102804,-3.85856992486,0.0210981498989,0.149985923718,-0.0542417258677,124,5.15,1,-0.185817465529,OK
UGC09037,8.51,1.98831775701,-3.81792762644,0.0219732906086,0.135487034434,-0.0476984036196,128,4.29,1,-0.159553512804,OK
UGC09037,9.73,2.27336448598,-3.78116843093,0.0227960402596,0.122687579122,-0.0422714367602,133,5.36,1,-0.126723571898,OK
UGC09037,10.96,2.56074766355,-3.74758981453,0.0235744963474,0.111217217493,-0.037686388972,138,6.78,1,-0.0938936309915,OK
UGC09037,12.19,2.84813084112,-3.71712853659,0.0243036548015,0.100959081078,-0.0338087978797,143,6.42,1,-0.0610636900854,OK
UGC09037,13.41,3.13317757009,-3.68967780931,0.0249800490851,0.0918019382179,-0.0305251725036,146,5.4,1,-0.0413657255417,OK
UGC09037,14.55,3.39953271028,-3.66627623371,0.0255715152201,0.0840329406012,-0.0278708160482,148,4.5,1,-0.0282337491793,OK
UGC09037,15.78,3.68691588785,-3.64324195679,0.0261673728118,0.0763900237598,-0.0253773283429,154,4.46,1,0.0111621799081,OK
UGC09037,17,3.97196261682,-3.62246802069,0.0267166577942,0.0694705056078,-0.0232206131763,158,4.02,1,0.037426132633,OK
UGC09037,18.23,4.25934579439,-3.60343514455,0.0272300225396,0.0630772669116,-0.0213130434459,159,5.07,1,0.0439921208142,OK
UGC09037,19.46,4.54672897196,-3.5861640443,0.0277043997045,0.0571988844967,-0.0196312302041,160,7.33,1,0.0505581089954,OK
UGC09037,20.69,4.83411214953,-3.57051558528,0.0281413406783,0.0517755725556,-0.0181409058607,158,7.82,1,0.037426132633,OK
UGC09037,21.92,5.1214953271,-3.55636649066,0.0285423454071,0.0467564568838,-0.0168140662717,155,8.07,1,0.0177281680893,OK
UGC09037,23.14,5.40654205607,-3.54370542199,0.028906019395,0.0421344979491,-0.0156367785942,156,7.93,1,0.0242941562705,OK
UGC09037,24.28,5.67289719626,-3.5330253413,0.0292163924691,0.038103811426,-0.0146449736623,154,9.09,1,0.0111621799081,OK
UGC09037,25.51,5.96028037383,-3.52266603872,0.029520627027,0.0340365441196,-0.0136771040767,150,13.4,1,-0.0151017728168,OK
UGC09037,26.73,6.2453271028,-3.51350762883,0.0297922308609,0.0302637017138,-0.012808876979,141,20.1,1,-0.0741956664478,OK
UGC09037,27.96,6.53271028037,-3.5053280904,0.0300369169033,0.0266986007394,-0.0120146169831,152,16,1,-0.00196979645437,OK
UGC09133,0.32,0.0459110473458,-4.20890887208,0.0148625764661,0.296398925914,-0.14387723942,284,34.7,1,0.252204585538,OK
UGC09133,0.63,0.090387374462,-4.19586686091,0.0150576838854,0.290105959507,-0.139142851371,282,18.8,1,0.243386243386,OK
UGC09133,0.95,0.136298421808,-4.18269278376,0.0152573674096,0.283825325554,-0.134496711579,281,12.6,1,0.23897707231,OK
UGC09133,1.26,0.180774748924,-4.17020087357,0.015449156485,0.277939411872,-0.130214179922,280,10.6,1,0.234567901235,OK
UGC09133,1.58,0.22668579627,-4.15757612125,0.0156454346338,0.272058570938,-0.126004537558,280,10.8,1,0.234567901235,OK
UGC09133,1.89,0.271162123386,-4.1455992864,0.0158339440401,0.266541455107,-0.122118141909,279,7.67,1,0.230158730159,OK
UGC09133,2.21,0.317073170732,-4.1334894306,0.0160268565329,0.261023413676,-0.118291986698,279,11.2,1,0.230158730159,OK
UGC09133,2.52,0.361549497848,-4.12199588751,0.0162121245526,0.255841488546,-0.114754337624,279,4.45,1,0.230158730159,OK
UGC09133,2.84,0.407460545194,-4.11036963829,0.0164017107054,0.250653680392,-0.111266468453,279,5.03,1,0.230158730159,OK
UGC09133,3.15,0.45193687231,-4.09933045725,0.016583775232,0.245777301542,-0.10803705634,279,4.26,1,0.230158730159,OK
UGC09133,3.47,0.497847919656,-4.08815929281,0.0167700739616,0.240890944691,-0.104848740445,279,4.14,1,0.230158730159,OK
UGC09133,3.79,0.543758967001,-4.07720915551,0.0169547176658,0.23614774241,-0.101799506918,279,5.73,1,0.230158730159,OK
UGC09133,4.1,0.588235294118,-4.06680591578,0.0171320223307,0.231683425717,-0.0989706641487,280,4.52,1,0.234567901235,OK
UGC09133,4.42,0.634146341463,-4.05627239983,0.0173134365485,0.22720427321,-0.0961724797338,280,4.86,1,0.234567901235,OK
UGC09133,4.73,0.67862266858,-4.04626144403,0.0174876310686,0.222985069429,-0.0935733887821,280,1.59,1,0.234567901235,OK
UGC09133,5.05,0.724533715925,-4.03612167036,0.0176658537313,0.218748515658,-0.090999433256,281,1.85,1,0.23897707231,OK
UGC09133,5.36,0.769010043042,-4.02648174777,0.0178369746651,0.214754778189,-0.0886058725338,282,4.81,1,0.243386243386,OK
UGC09133,5.68,0.814921090387,-4.01671467161,0.0180120433176,0.210741634293,-0.0862328137536,282,20.3,1,0.243386243386,OK
UGC09133,5.99,0.859397417504,-4.00742621276,0.0181801268508,0.206955761466,-0.0840236713572,283,12.8,1,0.247795414462,OK
UGC09133,6.31,0.905308464849,-3.99801243267,0.0183520786555,0.20314881023,-0.0818311347435,284,8.08,1,0.252204585538,OK
UGC09133,6.62,0.949784791966,-3.98905737658,0.018517160605,0.199554985999,-0.0797879414066,284,7.81,1,0.252204585538,OK
UGC09133,6.94,0.995695839311,-3.97997896765,0.0186860323448,0.195938734972,-0.0777580712275,285,10.4,1,0.256613756614,OK
UGC09133,7.57,1.08608321377,-3.96258097841,0.0190139762445,0.189083178898,-0.0739817078468,286,6.82,1,0.26102292769,OK
UGC09133,7.89,1.13199426112,-3.95397729877,0.0191782721662,0.185728493218,-0.0721680410229,287,13.4,1,0.265432098765,OK
UGC09133,8.2,1.17647058824,-3.9457875934,0.0193359814796,0.182556621874,-0.0704739117723,287,10.5,1,0.265432098765,OK
UGC09133,8.31,1.19225251076,-3.94291525094,0.019391600881,0.181449048365,-0.0698870851193,288,2.93,1,0.269841269841,OK
UGC09133,8.52,1.22238163558,-3.93747990297,0.0194972879422,0.179360050492,-0.0687869471573,288,5.58,1,0.269841269841,OK
UGC09133,8.83,1.2668579627,-3.92957013743,0.0196521184478,0.176335935798,-0.0672098072293,288,5.74,1,0.269841269841,OK
UGC09133,9.15,1.31276901004,-3.92154464608,0.0198104709328,0.173286557986,-0.0656380124224,288,7,1,0.269841269841,OK
UGC09133,9.78,1.40315638451,-3.90614578754,0.0201178904524,0.167487988829,-0.0627004586682,289,12.7,1,0.274250440917,OK
UGC09133,10.1,1.44906743185,-3.8985218172,0.0202718548165,0.164642062311,-0.0612833145712,289,3.89,1,0.274250440917,OK
UGC09133,11.04,1.58393113343,-3.87686279447,0.0207157127943,0.156644185879,-0.0573874572788,288,5.02,1,0.269841269841,OK
UGC09133,11.36,1.62984218077,-3.86973113734,0.0208639782159,0.154038129806,-0.0561456519343,288,3.39,1,0.269841269841,OK
UGC09133,11.67,1.67431850789,-3.86293523207,0.021006250723,0.151567019708,-0.0549806956001,288,10.7,1,0.269841269841,OK
UGC09133,13.57,1.94691535151,-3.82357824503,0.0218494780623,0.137479882958,-0.0485728498732,285,4.07,1,0.256613756614,OK
UGC09133,13.88,1.99139167862,-3.81751137517,0.0219824389226,0.135340511647,-0.0476344240402,284,8.92,1,0.252204585538,OK
UGC09133,14.2,2.03730272597,-3.81134762017,0.0221183517268,0.133175261651,-0.0466939672169,284,5.69,1,0.252204585538,OK
UGC09133,16.61,2.38307030129,-3.76795950464,0.0230991489381,0.118152448979,-0.0404271569579,278,9.14,1,0.225749559083,OK
UGC09133,19.35,2.77618364419,-3.72448054287,0.0241256294027,0.103424139708,-0.0347213833793,273,6.1,1,0.203703703704,OK
UGC09133,22.19,3.18364418938,-3.68508352082,0.0250950786744,0.0902749002378,-0.0299939128545,269,2.26,1,0.1860670194,OK
UGC09133,24.92,3.57532281205,-3.65192646461,0.0259411059881,0.0792732125356,-0.0263042402375,265,1.32,1,0.168430335097,OK
UGC09133,27.66,3.96843615495,-3.62271315022,0.0267101095551,0.0695524362422,-0.0232455895792,262,3.15,1,0.155202821869,OK
UGC09133,30.5,4.37589670014,-3.59622656996,0.0274270213756,0.0606347720594,-0.0206058501933,257,4.71,1,0.13315696649,OK
UGC09133,33.23,4.76757532281,-3.57400096537,0.0280434281402,0.0529935258266,-0.0184704770899,252,4.96,1,0.111111111111,OK
UGC09133,35.96,5.15925394548,-3.55461297849,0.028592438664,0.0461246742586,-0.0166506200971,247,2.58,1,0.0890652557319,OK
UGC09133,38.8,5.56671449067,-3.53715458056,0.0290959997306,0.0396790965313,-0.01502872591,242,2.52,1,0.0670194003527,OK
UGC09133,41.54,5.95982783357,-3.52268144303,0.0295201722857,0.0340427338874,-0.0136785518912,238,2.3,1,0.0493827160494,OK
UGC09133,44.27,6.35150645624,-3.51036587925,0.0298859777771,0.0289198129324,-0.0125064902714,235,0.63,1,0.0361552028219,OK
UGC09133,47.11,6.75896700143,-3.49958988754,0.0302097702855,0.0240459981629,-0.0114401433365,236,1.4,1,0.0405643738977,OK
UGC09133,49.84,7.1506456241,-3.49102534924,0.0304696141532,0.0197453090637,-0.0105386478439,239,2.07,1,0.0537918871252,OK
UGC09133,52.58,7.543758967,-3.48405625014,0.0306827015647,0.0157631315207,-0.00973690148155,242,2.63,1,0.0670194003527,OK
UGC09133,55.42,7.9512195122,-3.4784206437,0.0308561053541,0.0119490779661,-0.00899873937933,245,1.64,1,0.0802469135802,OK
UGC09133,58.15,8.34289813486,-3.47441406814,0.0309799806638,0.00855073071265,-0.00836554224651,247,1.31,1,0.0890652557319,OK
UGC09133,60.89,8.73601147776,-3.47168397113,0.0310646745753,0.00537626384711,-0.00779492481293,246,2.14,1,0.0846560846561,OK
UGC09133,63.62,9.12769010043,-3.47016268512,0.0311119687951,0.00242520847569,-0.00728254284438,243,4,1,0.0714285714286,OK
UGC09133,66.46,9.53515064562,-3.4697653888,0.0311243319215,-0.000442427555471,-0.00680133058866,239,4.67,1,0.0537918871252,OK
UGC09133,69.19,9.92682926829,-3.47044941225,0.0311030494282,-0.00302300600692,-0.00638234843503,234,5.12,1,0.031746031746,OK
UGC09133,71.93,10.3199426112,-3.47212086619,0.0310511055366,-0.00545559524497,-0.00599958875553,230,2.1,1,0.0141093474427,OK
UGC09133,74.77,10.7274031564,-3.47483160715,0.0309670480136,-0.00782539836082,-0.00563808898412,228,1.32,1,0.00529100529101,OK
UGC09133,77.5,11.1190817791,-3.47832082738,0.0308591854509,-0.00997062602569,-0.00532053266899,228,1.6,1,0.00529100529101,OK
UGC09133,80.23,11.5107604017,-3.48262661523,0.0307265979967,-0.0119966809201,-0.00502906865006,227,3.16,1,0.000881834215168,OK
UGC09133,83.07,11.9182209469,-3.48792439096,0.0305642458038,-0.0139882798427,-0.00475056295018,226,3.48,1,-0.00352733686067,OK
UGC09133,85.81,12.3113342898,-3.49378394323,0.0303856766864,-0.015806524065,-0.00450322644097,224,3.71,1,-0.0123456790123,OK
UGC09133,88.54,12.7030129125,-3.50031450971,0.0301878875453,-0.0175251687076,-0.00427551715863,222,1.49,1,-0.021164021164,OK
UGC09133,91.38,13.1104734577,-3.50780406325,0.0299626383063,-0.019222063236,-0.00405648543527,222,1.18,1,-0.021164021164,OK
UGC09133,94.12,13.5035868006,-3.51566881801,0.0297279137395,-0.0207777706028,-0.00386073796271,224,1.22,1,-0.0123456790123,OK
UGC09133,99.69,14.3027259684,-3.53346658033,0.0292035038999,-0.023717087559,-0.00350410958725,227,2.8,1,0.000881834215168,OK
UGC09133,108.31,15.5394548063,-3.56535394761,0.0282869716061,-0.0277551026691,-0.0030423503449,229,4.12,1,0.00970017636684,OK
UGC09992,0.78,0.75,-4.03058031627,0.0177640182131,0.216448765353,-0.0896172315879,28.1,5.66,1,-0.16369047619,OK
UGC09992,1.55,1.49038461538,-3.8917712256,0.0204091647698,0.162135644652,-0.060048645908,31.3,5.66,1,-0.0684523809524,OK
UGC09992,2.34,2.25,-3.78404653821,0.0227305251352,0.123679996832,-0.0426805041864,33,5.66,1,-0.0178571428571,OK
UGC09992,3.12,3,-3.70217874345,0.0246697188868,0.0959640507983,-0.0319968589026,33.4,5.66,1,-0.00595238095238,OK
UGC09992,3.89,3.74038461538,-3.63919355042,0.0262735236965,0.0750445903156,-0.0249504763582,34.3,5.66,1,0.0208333333333,OK
UGC10310,1.1,0.611111111111,-4.06153174038,0.0172226183209,0.229435567942,-0.0975613827347,33.2,5.06,1,-0.535014005602,OK
UGC10310,2.21,1.22777777778,-3.93651305117,0.0195161480461,0.178989390923,-0.0685926568054,54.6,5.06,1,-0.235294117647,OK
UGC10310,3.31,1.83888888889,-3.83871770647,0.0215211801293,0.142855008281,-0.0509710163591,65.7,5.06,1,-0.0798319327731,OK
UGC10310,4.42,2.45555555556,-3.75950037799,0.0232953763506,0.115264170722,-0.0392740354472,69.2,5.06,1,-0.03081232493,OK
UGC10310,5.52,3.06666666667,-3.69585168392,0.024826300495,0.0938560648371,-0.0312471635382,70.9,5.06,1,-0.00700280112045,OK
UGC10310,6.64,3.68888888889,-3.64309128857,0.0261713157002,0.0763399699967,-0.0253613834559,72.4,5.06,1,0.0140056022409,OK
UGC10310,7.74,4.3,-3.60088833171,0.027299460696,0.0622159142773,-0.0210622878484,73.2,5.06,1,0.0252100840336,OK
UGC11455,0.62,0.10455311973,-4.19177120558,0.015119481433,0.288145257835,-0.137683939466,35.1,4.01,1,-0.869710467706,OK
UGC11455,1.23,0.20741989882,-4.1628410658,0.0155632787508,0.274502877655,-0.127745829066,64.6,4.19,1,-0.760207869339,OK
UGC11455,1.83,0.308600337268,-4.13570529281,0.0159913825444,0.262028611239,-0.118984444421,80.1,6.32,1,-0.702672605791,OK
UGC11455,2.47,0.41652613828,-4.10810187703,0.0164389480762,0.249648024943,-0.110596574286,113,10.4,1,-0.580549368968,OK
UGC11455,3.08,0.519392917369,-4.08299352007,0.0168569284946,0.238647628967,-0.10340098571,136,7.59,1,-0.495174461767,OK
UGC11455,3.68,0.620573355818,-4.05936512384,0.0172599735833,0.228515138608,-0.0969872410781,150,7.75,1,-0.443207126949,OK
UGC11455,4.32,0.72849915683,-4.03525495095,0.0176811717069,0.218388093926,-0.0907821127112,171,9.19,1,-0.365256124722,OK
UGC11455,4.91,0.827993254637,-4.01396717135,0.018061599458,0.209618695409,-0.0855745632123,192,9.16,1,-0.287305122494,OK
UGC11455,5.53,0.932546374368,-3.9925092824,0.0184533513057,0.200937133937,-0.0805706757437,197,9.96,1,-0.268745360059,OK
UGC11455,6.17,1.04047217538,-3.97128285554,0.0188492367705,0.192499949912,-0.0758520768087,195,12.4,1,-0.276169265033,OK
UGC11455,6.78,1.14333895447,-3.95187490064,0.0192186349442,0.184912256527,-0.0717301578192,196,7.09,1,-0.272457312546,OK
UGC11455,7.38,1.24451939292,-3.9335260643,0.0195745296733,0.177846052216,-0.0679950786441,216,5.99,1,-0.198218262806,OK
UGC11455,8,1.34907251265,-3.91529672435,0.0199346326771,0.170925627077,-0.0644338493597,225,5.24,1,-0.164810690423,OK
UGC11455,8.62,1.45362563238,-3.89777198184,0.0202870610706,0.16436303553,-0.0611452436614,240,6.15,1,-0.109131403118,OK
UGC11455,9.23,1.55649241147,-3.88118260891,0.020626417767,0.158229243154,-0.058149392162,247,4.37,1,-0.083147735709,OK
UGC11455,9.85,1.6610455312,-3.86495183069,0.0209639322308,0.152299055472,-0.0553245264227,254,6.48,1,-0.0571640682999,OK
UGC11455,10.43,1.75885328836,-3.85031643893,0.0212730037667,0.147009574905,-0.0528642099859,257,7.41,1,-0.0460282108389,OK
UGC11455,11.05,1.86340640809,-3.83523051932,0.0215963595181,0.141612204652,-0.0504113912955,273,5.38,1,0.0133630289532,OK
UGC11455,11.67,1.96795952782,-3.82069581642,0.0219125484774,0.136462426283,-0.0481254054702,272,5.98,1,0.00965107646622,OK
UGC11455,12.19,2.05564924115,-3.80891215597,0.0221722858312,0.132321972902,-0.0463259246231,270,20.9,1,0.00222717149221,OK
UGC11455,12.91,2.17706576728,-3.7931817146,0.0225238233446,0.126840487903,-0.0439963610531,279,9.4,1,0.0356347438753,OK
UGC11455,14.56,2.45531197302,-3.7595284555,0.0232947222837,0.115273737653,-0.0392778274258,287,10.8,1,0.0653303637713,OK
UGC11455,16.63,2.80438448567,-3.72157765366,0.0241957651809,0.102450085988,-0.0343593281565,291,10,1,0.0801781737194,OK
UGC11455,17.77,2.99662731872,-3.70250258166,0.0246617311826,0.0960720311493,-0.032035500891,286,9.67,1,0.0616184112843,OK
UGC11455,18.49,3.11804384486,-3.69107061638,0.0249452809145,0.0922651224886,-0.0306872371022,288,6.96,1,0.0690423162584,OK
UGC11455,20.24,3.413153457,-3.66513422376,0.0256007348262,0.0836541805462,-0.0277444948973,289,6.63,1,0.0727542687454,OK
UGC11455,22.62,3.81450252951,-3.63369940397,0.0264182715524,0.0732167128502,-0.0243763646892,288,10,1,0.0690423162584,OK
UGC11455,24.89,4.19730185497,-3.60738997783,0.027122545008,0.0644116990904,-0.0217044513277,269,8.23,1,-0.0014847809948,OK
UGC11455,27.06,4.56323777403,-3.58522243028,0.0277304988417,0.0568755443123,-0.0195407274016,267,7.11,1,-0.00890868596882,OK
UGC11455,29.13,4.91231028668,-3.56652191091,0.0282539527476,0.0503717728418,-0.017764726057,272,5.36,1,0.00965107646622,OK
UGC11455,31.3,5.27824620573,-3.54924118571,0.0287464445933,0.0441733409644,-0.0161508383103,274,5.78,1,0.0170749814402,OK
UGC11455,33.46,5.64249578415,-3.53419053539,0.0291823695266,0.0385506833789,-0.0147533310438,259,5.81,1,-0.0386043058649,OK
UGC11455,35.53,5.9915682968,-3.52160778416,0.0295518839012,0.0336101760625,-0.0135775591013,272,6.69,1,0.00965107646622,OK
UGC11455,37.7,6.35750421585,-3.51019265001,0.0298911553507,0.0288448522896,-0.0124897298302,274,6.39,1,0.0170749814402,OK
UGC11455,39.87,6.72344013491,-3.50045140448,0.0301837552643,0.0244539809036,-0.0115275843166,272,5.59,1,0.00965107646622,OK
UGC11455,41.93,7.07082630691,-3.49263516236,0.0304206032282,0.0205934464484,-0.0107135032147,266,8.82,1,-0.0126206384558,OK
UGC11557,0.33,0.12,-4.1873366239,0.0151866788946,0.286030591114,-0.136119083842,4,7.9,OMITTED,OMITTED,INVALID_VFLAT
UGC11557,0.99,0.36,-4.12239245115,0.016205696688,0.256019393528,-0.114874901356,17,8.6,OMITTED,OMITTED,INVALID_VFLAT
UGC11557,1.76,0.64,-4.0549440693,0.0173364497962,0.226642332455,-0.0958242608826,33.3,7.9,OMITTED,OMITTED,INVALID_VFLAT
UGC11557,2.42,0.88,-4.00318015155,0.0182574848997,0.205234933692,-0.0830290055252,44.9,10.5,OMITTED,OMITTED,INVALID_VFLAT
UGC11557,3.19,1.16,-3.9488039954,0.0192777442641,0.183722466235,-0.0710942625732,53,7.9,OMITTED,OMITTED,INVALID_VFLAT
UGC11557,3.85,1.4,-3.90667475653,0.0201072515263,0.167686052127,-0.062799688233,60.8,7.9,OMITTED,OMITTED,INVALID_VFLAT
UGC11557,4.62,1.68,-3.86207499183,0.0210243289199,0.151255062907,-0.0548344978882,69,7.9,OMITTED,OMITTED,INVALID_VFLAT
UGC11557,5.28,1.92,-3.82729622826,0.0217683928994,0.138795039719,-0.0491542808584,76.6,7.9,OMITTED,OMITTED,INVALID_VFLAT
UGC11557,5.94,2.16,-3.79535276694,0.0224749759896,0.127594016893,-0.0443130389353,85,7.9,OMITTED,OMITTED,INVALID_VFLAT
UGC11557,7.04,2.56,-3.74767297813,0.0235725358891,0.111245398323,-0.0376973312453,78.1,6.7,OMITTED,OMITTED,INVALID_VFLAT
UGC11557,8.8,3.2,-3.68361100596,0.0251320587708,0.0897857111673,-0.0298247092885,81.6,6.7,OMITTED,OMITTED,INVALID_VFLAT
UGC11557,10.56,3.84,-3.63184046582,0.0264674271597,0.072597641673,-0.024183437614,84.5,6.7,OMITTED,OMITTED,INVALID_VFLAT
UGC11820,0.26,0.125,-4.18590817034,0.0152083878615,0.285351248888,-0.13561826796,16,5.09,OMITTED,OMITTED,INVALID_VFLAT
UGC11820,0.44,0.211538461538,-4.16171159086,0.0155808670149,0.27397752179,-0.127370564422,18.9,4.44,OMITTED,OMITTED,INVALID_VFLAT
UGC11820,0.61,0.293269230769,-4.13973651407,0.0159270475047,0.263862472492,-0.12025295614,25.8,3.36,OMITTED,OMITTED,INVALID_VFLAT
UGC11820,0.79,0.379807692308,-4.1173437327,0.0162877215739,0.253759160812,-0.113347879613,35.8,3.79,OMITTED,OMITTED,INVALID_VFLAT
UGC11820,1.01,0.485576923077,-4.09112317966,0.0167204429465,0.242182675781,-0.105686943245,44.1,7.91,OMITTED,OMITTED,INVALID_VFLAT
UGC11820,5.26,2.52884615385,-3.75115706806,0.0234905499602,0.112426962187,-0.0381575475059,59.65,0.98,OMITTED,OMITTED,INVALID_VFLAT
UGC11820,7.91,3.80288461538,-3.63455167655,0.0263957655758,0.0735004299956,-0.0244650383149,69.15,1.23,OMITTED,OMITTED,INVALID_VFLAT
UGC11820,10.52,5.05769230769,-3.55938410729,0.0284563453738,0.0478381945972,-0.0170957722626,76.95,0.54,OMITTED,OMITTED,INVALID_VFLAT
UGC11820,13.14,6.31730769231,-3.51136223333,0.0298562155907,0.0293491614975,-0.0126027047901,81.25,0.73,OMITTED,OMITTED,INVALID_VFLAT
UGC11820,15.82,7.60576923077,-3.4830974187,0.0307121352123,0.0151630157452,-0.00961882788513,84.45,1.31,OMITTED,OMITTED,INVALID_VFLAT
UGC11914,0.28,0.114754098361,-4.18883898763,0.0151638801093,0.286746043153,-0.136647518041,168,49.7,1,-0.416869142659,OK
UGC11914,0.37,0.151639344262,-4.17835440883,0.015323703381,0.281773565336,-0.132996004696,187,40.2,1,-0.350919819507,OK
UGC11914,0.47,0.19262295082,-4.16691690506,0.015499974425,0.276403176074,-0.129107832363,204,26.9,1,-0.291912530371,OK
UGC11914,0.56,0.229508196721,-4.15680876455,0.0156574448703,0.271703291618,-0.125752435944,218,23.5,1,-0.24331829226,OK
UGC11914,0.65,0.266393442623,-4.14687172755,0.0158138090911,0.267124769597,-0.122526165401,232,8.63,1,-0.194724054148,OK
UGC11914,0.75,0.30737704918,-4.13602591834,0.0159862561208,0.262174224936,-0.119084921956,243,4.97,1,-0.15654286706,OK
UGC11914,0.84,0.344262295082,-4.12643588545,0.0161403023162,0.257836955726,-0.116110264874,253,3.65,1,-0.12183269698,OK
UGC11914,0.93,0.381147540984,-4.11700383554,0.0162932586653,0.253607360281,-0.11324568875,262,2.86,1,-0.0905935439084,OK
UGC11914,1.03,0.422131147541,-4.10670433265,0.016461938297,0.249029283458,-0.110185419007,269,3.8,1,-0.0662964248525,OK
UGC11914,1.12,0.459016393443,-4.09759317484,0.0166126109736,0.245014226569,-0.107536008536,275,5.39,1,-0.0454703228046,OK
UGC11914,1.21,0.495901639344,-4.08862833278,0.016762209971,0.241095138416,-0.104981019447,280,5.01,1,-0.0281152377647,OK
UGC11914,1.3,0.532786885246,-4.07980632984,0.0169107404415,0.237268618837,-0.102516017732,284,10,1,-0.0142311697327,OK
UGC11914,1.41,0.577868852459,-4.06921297794,0.0170908340793,0.232712756228,-0.0996193702614,287,6.59,1,-0.00381811870878,OK
UGC11914,1.5,0.614754098361,-4.06069655643,0.0172370083837,0.229080557029,-0.0973397347453,289,3.56,1,0.00312391530718,OK
UGC11914,1.59,0.651639344262,-4.05231257648,0.0173821306173,0.225531005025,-0.0951374621394,290,6.13,1,0.00659493231517,OK
UGC11914,1.68,0.688524590164,-4.04405804146,0.0175262058421,0.222061311111,-0.0930090910648,291,10.2,1,0.0100659493232,OK
UGC11914,1.78,0.729508196721,-4.03503463486,0.0176850675827,0.218296518994,-0.0907269379146,292,8.61,1,0.0135369663311,OK
UGC11914,1.87,0.766393442623,-4.02704397869,0.0178269489849,0.214986805072,-0.0887440600419,292,11.2,1,0.0135369663311,OK
UGC11914,1.96,0.803278688525,-4.019174068,0.0179677989929,0.211749035509,-0.0868254838913,291,5.15,1,0.0100659493232,OK
UGC11914,2.05,0.840163934426,-4.01142229221,0.0181076225824,0.208580889707,-0.0849684589443,291,4.92,1,0.0100659493232,OK
UGC11914,2.16,0.885245901639,-4.00210465058,0.0182771314054,0.204800029095,-0.0827785612865,291,9.32,1,0.0100659493232,OK
UGC11914,2.25,0.922131147541,-3.9946064669,0.0184146917758,0.201778784021,-0.0810491884358,290,7.19,1,0.00659493231517,OK
UGC11914,2.34,0.959016393443,-3.98721855844,0.0185512416206,0.198820331228,-0.0793734487936,290,12.2,1,0.00659493231517,OK
UGC11914,2.43,0.995901639344,-3.9799386451,0.0186867858285,0.195922733277,-0.0777491472951,290,7.94,1,0.00659493231517,OK
UGC11914,2.46,1.00819672131,-3.97753562227,0.0187317445983,0.194970067166,-0.0772187809086,290,5.16,1,0.00659493231517,OK
UGC11914,2.53,1.0368852459,-3.97197382756,0.0188362169738,0.192772295008,-0.0760021654994,290,3.56,1,0.00659493231517,OK
UGC11914,2.62,1.0737704918,-3.96491472751,0.0189696541332,0.189997156015,-0.0744797390503,290,3.79,1,0.00659493231517,OK
UGC11914,2.71,1.1106557377,-3.95795696386,0.0191021007349,0.187277331217,-0.0730026030119,290,5.65,1,0.00659493231517,OK
UGC11914,2.8,1.14754098361,-3.95109852674,0.0192335615842,0.184611183145,-0.0715689785887,290,9.38,1,0.00659493231517,OK
UGC11914,2.99,1.22540983607,-3.93693708,0.019507874391,0.179151915129,-0.0686778140481,290,10.6,1,0.00659493231517,OK
UGC11914,3.28,1.34426229508,-3.91611965985,0.0199182345084,0.171235946817,-0.0645914876879,291,15.3,1,0.0100659493232,OK
UGC11914,3.74,1.53278688525,-3.88494991749,0.020548857874,0.15961563023,-0.0588199461217,292,18.8,1,0.0135369663311,OK
UGC11914,3.83,1.56967213115,-3.87910223158,0.0206693731651,0.157465278485,-0.0577815280954,292,15.2,1,0.0135369663311,OK
UGC11914,4.02,1.64754098361,-3.86701361609,0.0209207536293,0.153048568947,-0.055677676815,292,19.8,1,0.0135369663311,OK
UGC11914,4.09,1.6762295082,-3.86264568782,0.0210123338429,0.151461998641,-0.0549314560282,292,2.4,1,0.0135369663311,OK
UGC11914,4.12,1.68852459016,-3.86078759414,0.0210514130227,0.150788552526,-0.0546162322218,292,9,1,0.0135369663311,OK
UGC11914,4.3,1.76229508197,-3.84981077526,0.0212837634719,0.146827771075,-0.0527806415717,291,8.71,1,0.0100659493232,OK
UGC11914,4.39,1.79918032787,-3.84443069986,0.021398580309,0.144897302977,-0.0518973553353,291,7.92,1,0.0100659493232,OK
UGC11914,4.49,1.84016393443,-3.83853560125,0.0215250996053,0.142790036618,-0.0509416835851,291,8.84,1,0.0100659493232,OK
UGC11914,4.58,1.87704918033,-3.83330321813,0.0216380223432,0.140926553768,-0.0501039701406,290,4.2,1,0.00659493231517,OK
UGC11914,4.87,1.99590163934,-3.8169014789,0.0219958500195,0.135125893517,-0.0475407879486,289,10.6,1,0.00312391530718,OK
UGC11914,4.91,2.01229508197,-3.81469267331,0.0220444882724,0.134349312152,-0.0472027417533,288,2.26,1,-0.000347101700798,OK
UGC11914,4.96,2.03278688525,-3.81194949486,0.0221050432561,0.133386330135,-0.0467852304443,288,6.97,1,-0.000347101700798,OK
UGC11914,5.05,2.06967213115,-3.80706116515,0.022213364535,0.131674304357,-0.0460475427625,287,3.23,1,-0.00381811870878,OK
UGC11914,5.14,2.10655737705,-3.80223548608,0.0223208181634,0.129989167431,-0.0453271657909,287,10.2,1,-0.00381811870878,OK
UGC11914,5.24,2.14754098361,-3.79694590821,0.0224391986846,0.128147565567,-0.0445463966769,286,10.3,1,-0.00728913571677,OK
UGC11914,5.33,2.18442622951,-3.79224930054,0.0225448346684,0.126517153539,-0.0438608248308,286,17.8,1,-0.00728913571677,OK
UGC11914,5.42,2.22131147541,-3.78761236825,0.0226496162852,0.124911737855,-0.0431909585437,285,11.4,1,-0.0107601527247,OK
UGC11914,5.51,2.25819672131,-3.7830341999,0.022753547768,0.123330748046,-0.0425363217283,285,12,1,-0.0107601527247,OK
UGC11914,5.61,2.29918032787,-3.7780151842,0.0228680352483,0.121602068007,-0.0418262525189,284,4.03,1,-0.0142311697327,OK
UGC11914,5.71,2.34016393443,-3.77306642469,0.0229814841393,0.119902125818,-0.0411338160721,284,4.73,1,-0.0142311697327,OK
UGC11914,5.8,2.37704918033,-3.76867164824,0.0230827048829,0.118396160828,-0.0405252202267,283,6.44,1,-0.0177021867407,OK
UGC11914,5.89,2.41393442623,-3.76433200874,0.0231830931678,0.116912395552,-0.0399300318654,283,4.96,1,-0.0177021867407,OK
UGC11914,5.98,2.45081967213,-3.76004669637,0.0232826531341,0.115450342706,-0.0393478600351,283,5.37,1,-0.0177021867407,OK
UGC11914,6.08,2.49180327869,-3.75534799237,0.0233923088476,0.113850729752,-0.0387158109068,283,11,1,-0.0177021867407,OK
UGC11914,6.15,2.52049180328,-3.75209765537,0.0234684654348,0.112746264797,-0.0382823943289,283,1.14,1,-0.0177021867407,OK
UGC11914,6.17,2.52868852459,-3.75117479031,0.0234901336584,0.112432977118,-0.0381598974502,283,17.3,1,-0.0177021867407,OK
UGC11914,6.26,2.56557377049,-3.74705350696,0.0235871429193,0.111035509191,-0.037615871988,283,7.94,1,-0.0177021867407,OK
UGC11914,6.35,2.60245901639,-3.74298340211,0.0236833406988,0.109657893721,-0.0370833979606,283,18.3,1,-0.0177021867407,OK
UGC11914,6.73,2.75819672131,-3.72634645417,0.0240806550903,0.104050770785,-0.0349553048391,284,10.5,1,-0.0142311697327,OK
UGC11914,6.83,2.79918032787,-3.72211128565,0.0241828569909,0.102629070012,-0.0344257141132,284,9.37,1,-0.0142311697327,OK
UGC11914,6.92,2.83606557377,-3.71834909933,0.0242740087622,0.101367900213,-0.033959305542,285,12.9,1,-0.0107601527247,OK
UGC11914,7.37,3.02049180328,-3.70021896859,0.0247181133873,0.0953107720569,-0.0317635730392,288,1.24,1,-0.000347101700798,OK
UGC11914,8.6,3.52459016393,-3.65598224239,0.0258361076955,0.0806187676836,-0.0267425106864,297,2.13,1,0.0308920513711,OK
UGC11914,9.83,4.02868852459,-3.61856438926,0.026821153603,0.0681645837272,-0.0228243177248,305,5.07,1,0.0586601874349,OK
UGC12506,0.82,0.111111111111,-4.18988450737,0.0151480342583,0.287244519598,-0.13701629878,107,25.6,1,-0.542735042735,OK
UGC12506,2.46,0.333333333333,-4.12926072717,0.0160947728538,0.259110663708,-0.116979918083,159,26.5,1,-0.320512820513,OK
UGC12506,4.1,0.555555555556,-4.07443048322,0.0170018947846,0.23495135849,-0.101037500908,194,13.9,1,-0.17094017094,OK
UGC12506,5.74,0.777777777778,-4.02460223463,0.0178705310182,0.213979927661,-0.0881451774649,198,14.6,1,-0.153846153846,OK
UGC12506,7.38,1,-3.97913633554,0.0187017844314,0.195604452951,-0.0775717529913,211,13.2,1,-0.0982905982906,OK
UGC12506,9.02,1.22222222222,-3.93750849623,0.0194967304591,0.179371016509,-0.0687926994503,222,13.6,1,-0.0512820512821,OK
UGC12506,10.65,1.44308943089,-3.89950714372,0.0202518902579,0.165008956985,-0.0614651021627,230,11.6,1,-0.017094017094,OK
UGC12506,12.29,1.66531165312,-3.86430260747,0.0209775469216,0.152063270894,-0.0552136634513,239,11.6,1,0.0213675213675,OK
UGC12506,13.93,1.88753387534,-3.83182839583,0.0216699581251,0.140402458913,-0.0498696189103,237,11.6,1,0.0128205128205,OK
UGC12506,15.57,2.10975609756,-3.80181991884,0.0223300958916,0.129844277168,-0.0452654919958,240,11.6,1,0.025641025641,OK
UGC12506,17.21,2.33197831978,-3.77404927689,0.0229589078336,0.120239391301,-0.0412707346381,245,11.6,1,0.0470085470085,OK
UGC12506,18.85,2.55420054201,-3.74831877557,0.0235573177201,0.111464268863,-0.0377823700847,249,11.6,1,0.0641025641026,OK
UGC12506,20.49,2.77642276423,-3.72445581307,0.0241262260319,0.103415837499,-0.0347182894351,248,11.6,1,0.0598290598291,OK
UGC12506,22.13,2.99864498645,-3.70230880541,0.0246665105033,0.096007417487,-0.0320123753599,250,11.6,1,0.0683760683761,OK
UGC12506,23.77,3.22086720867,-3.68174390667,0.025179026653,0.0891655874944,-0.0296109052104,255,11.6,1,0.0897435897436,OK
UGC12506,25.41,3.44308943089,-3.66264234501,0.0256646083027,0.0828277429691,-0.0274698637909,244,14.9,1,0.042735042735,OK
UGC12506,27.05,3.66531165312,-3.64489824076,0.026124068084,0.0769401749248,-0.0255529120656,244,11.6,1,0.042735042735,OK
UGC12506,28.68,3.88617886179,-3.62851365201,0.0265556259911,0.0714888406674,-0.0238398072122,249,11.6,1,0.0641025641026,OK
UGC12506,30.32,4.10840108401,-3.61320275277,0.0269653450846,0.066366848618,-0.0222843560344,251,11.6,1,0.0726495726496,OK
UGC12506,31.96,4.33062330623,-3.59899292152,0.0273512534408,0.0615737712725,-0.0208763136658,249,11.6,1,0.0641025641026,OK
UGC12506,33.6,4.55284552846,-3.58581455111,0.0277140838958,0.0570789117847,-0.0195976254862,244,12.9,1,0.042735042735,OK
UGC12506,35.24,4.77506775068,-3.57360443328,0.0280545504643,0.0528552778827,-0.0184329187154,239,16.2,1,0.0213675213675,OK
UGC12506,36.88,4.9972899729,-3.56230499758,0.0283733487818,0.0488790393886,-0.0173690382033,238,18.4,1,0.017094017094,OK
UGC12506,38.52,5.21951219512,-3.55186366023,0.0286711565383,0.0451290783526,-0.0163946733293,241,24.9,1,0.0299145299145,OK
UGC12506,40.16,5.44173441734,-3.54223226429,0.0289486339012,0.0415866138628,-0.0155000561329,237,23,1,0.0128205128205,OK
UGC12506,41.8,5.66395663957,-3.53336659632,0.0292064239295,0.0382348874616,-0.0146767155481,228,14,1,-0.025641025641,OK
UGC12506,43.44,5.88617886179,-3.5252259672,0.0294451529786,0.0350588980425,-0.0139172761322,233,16.9,1,-0.0042735042735,OK
UGC12506,45.08,6.10840108401,-3.51777284725,0.0296654310955,0.0320451773829,-0.0132152923171,233,13.7,1,-0.0042735042735,OK
UGC12506,46.71,6.32926829268,-3.51101210037,0.0298666710659,0.0291986277063,-0.0125689290711,230,11.6,1,-0.017094017094,OK
UGC12506,48.35,6.55149051491,-3.50482880027,0.0300519177839,0.0264734269403,-0.011965304542,226,11.6,1,-0.034188034188,OK
UGC12506,49.99,6.77371273713,-3.49923655405,0.0302204462949,0.0238775704743,-0.0114041421229,225,11.6,1,-0.0384615384615,OK
UGC12632,0.71,0.293388429752,-4.13970506278,0.0159275484386,0.263848139055,-0.120243015387,24.1,7.55,1,-0.663877266388,OK
UGC12632,1.42,0.586776859504,-4.0671439162,0.0171262326785,0.231827834217,-0.0990615456847,33.6,5.02,1,-0.531380753138,OK
UGC12632,2.14,0.884297520661,-4.00229891626,0.0182735811308,0.204878556135,-0.0828237538964,44.8,3.38,1,-0.375174337517,OK
UGC12632,2.85,1.17768595041,-3.94556577303,0.01934027107,0.182470998173,-0.0704284581878,54.4,2.9,1,-0.241283124128,OK
UGC12632,3.55,1.46694214876,-3.89558864834,0.0203314028794,0.163551466267,-0.0607445396833,57.4,2.89,1,-0.199442119944,OK
UGC12632,4.26,1.76033057851,-3.8500993208,0.0212776230228,0.146931505646,-0.0528283163717,61.4,3.44,1,-0.143654114365,OK
UGC12632,4.97,2.05371900826,-3.80916765452,0.022166621568,0.13241142989,-0.0463644411003,63.8,3.64,1,-0.110181311018,OK
UGC12632,5.69,2.35123966942,-3.77174093973,0.023011965948,0.119447559674,-0.0409496372798,65.5,3.82,1,-0.0864714086471,OK
UGC12632,6.4,2.64462809917,-3.73839202333,0.0237923299006,0.108106717205,-0.0364883824306,67.6,3.54,1,-0.0571827057183,OK
UGC12632,7.11,2.93801652893,-3.70818885173,0.0245218958662,0.0979695630859,-0.0327183596547,69.2,2.91,1,-0.0348675034868,OK
UGC12632,7.82,3.23140495868,-3.68080594408,0.0252026547176,0.0888541199672,-0.0295038086827,70.3,2.79,1,-0.0195258019526,OK
UGC12632,8.52,3.52066115702,-3.65629920059,0.025827920027,0.0807239067463,-0.0267769088117,71.4,2.93,1,-0.00418410041841,OK
UGC12632,9.25,3.82231404959,-3.63312821326,0.026433365734,0.0730265283385,-0.0243170141023,73.2,3,1,0.0209205020921,OK
UGC12632,9.95,4.11157024793,-3.61299253722,0.0269710142153,0.066296259236,-0.0222632859282,73,2.81,1,0.0181311018131,OK
UGC12632,10.66,4.40495867769,-3.59447308128,0.0274751565368,0.0600384131763,-0.0204349943273,73.1,2.79,1,0.0195258019526,OK
UGC12732,0.96,0.484848484848,-4.09129962283,0.0167174929989,0.242259680426,-0.105737016869,34.2,3.32,OMITTED,OMITTED,INVALID_VFLAT
UGC12732,1.92,0.969696969697,-3.98509956093,0.0185905933339,0.197975120354,-0.0788979156884,49.5,4.6,OMITTED,OMITTED,INVALID_VFLAT
UGC12732,2.88,1.45454545455,-3.89762082294,0.0202901278722,0.164306805568,-0.0611174382236,59.9,4.38,OMITTED,OMITTED,INVALID_VFLAT
UGC12732,3.84,1.93939393939,-3.82461366333,0.0218268664212,0.13784582599,-0.0487342859797,65.3,4.31,OMITTED,OMITTED,INVALID_VFLAT
UGC12732,4.8,2.42424242424,-3.76312899447,0.0232109995422,0.116501642929,-0.039766043295,69.8,3.83,OMITTED,OMITTED,INVALID_VFLAT
UGC12732,5.76,2.90909090909,-3.71103641758,0.024452167478,0.0989209396437,-0.0330634388858,73.8,3.45,OMITTED,OMITTED,INVALID_VFLAT
UGC12732,6.72,3.39393939394,-3.66674669277,0.0255594876984,0.0841889765952,-0.0279229394245,76.2,3.24,OMITTED,OMITTED,INVALID_VFLAT
UGC12732,7.68,3.87878787879,-3.62904267645,0.0265415811311,0.0716652415821,-0.0238943114429,79.3,3.19,OMITTED,OMITTED,INVALID_VFLAT
UGC12732,8.64,4.36363636364,-3.59697152318,0.0274065971361,0.0608878521223,-0.0206785722025,80.3,3.31,OMITTED,OMITTED,INVALID_VFLAT
UGC12732,9.6,4.84848484848,-3.56977330187,0.0281622372832,0.0515153425387,-0.0180708737656,81.9,3.69,OMITTED,OMITTED,INVALID_VFLAT
UGC12732,10.6,5.35353535354,-3.54596089775,0.0288408960384,0.0429688826015,-0.0158461495633,84,3.89,OMITTED,OMITTED,INVALID_VFLAT
UGC12732,11.5,5.80808080808,-3.52800670427,0.0293633874869,0.0361559174395,-0.0141773136437,85.6,3.67,OMITTED,OMITTED,INVALID_VFLAT
UGC12732,12.5,6.31313131313,-3.5114849165,0.0298525529602,0.0294018198601,-0.0126145306049,87.9,3.43,OMITTED,OMITTED,INVALID_VFLAT
UGC12732,13.4,6.76767676768,-3.49938088617,0.0302160848286,0.0239464499263,-0.0114188581651,90.8,3.36,OMITTED,OMITTED,INVALID_VFLAT
UGC12732,14.4,7.27272727273,-3.48869269293,0.0305407722522,0.0184746581806,-0.0102793776527,95.5,3.18,OMITTED,OMITTED,INVALID_VFLAT
UGC12732,15.4,7.77777777778,-3.48062996588,0.0307880095267,0.0135359435925,-0.00930232301787,98,3.18,OMITTED,OMITTED,INVALID_VFLAT
UGCA281,0.09,0.0523255813953,-4.20701056629,0.0148908169771,0.29547826054,-0.143179649055,7,2.49,OMITTED,OMITTED,INVALID_VFLAT
UGCA281,0.25,0.145348837209,-4.18012954282,0.0152965258833,0.282612101294,-0.133608312777,14.9,1.35,OMITTED,OMITTED,INVALID_VFLAT
UGCA281,0.41,0.238372093023,-4.15440534452,0.0156951215452,0.270592127764,-0.124965597891,21.1,1.37,OMITTED,OMITTED,INVALID_VFLAT
UGCA281,0.58,0.337209302326,-4.1282573002,0.0161109308883,0.25865785345,-0.116670379829,26,1.24,OMITTED,OMITTED,INVALID_VFLAT
UGCA281,0.74,0.43023255814,-4.10469045359,0.0164951240546,0.24813902023,-0.109595180257,27.5,1.59,OMITTED,OMITTED,INVALID_VFLAT
UGCA281,0.9,0.523255813953,-4.0820724198,0.0168724625692,0.238248697187,-0.103144583661,28.8,2.57,OMITTED,OMITTED,INVALID_VFLAT
UGCA281,1.08,0.627906976744,-4.05769188456,0.0172888778243,0.227805491705,-0.0965457372056,29.5,1.85,OMITTED,OMITTED,INVALID_VFLAT
UGCA442,0.42,0.35593220339,-4.12343483726,0.0161888128961,0.256487326404,-0.115192315169,14.2,1.91,1,-0.748226950355,OK
UGCA442,1.26,1.06779661017,-3.96605107846,0.0189481101916,0.190442815733,-0.0747231874393,28.6,1.82,1,-0.492907801418,OK
UGCA442,2.11,1.78813559322,-3.84603422282,0.0213642946903,0.145471941343,-0.0521595021741,41,1.74,1,-0.27304964539,OK
UGCA442,2.96,2.50847457627,-3.75345532142,0.0234366247154,0.11320739727,-0.0384630562915,49,1.91,1,-0.131205673759,OK
UGCA442,3.79,3.21186440678,-3.68254784802,0.0251587923271,0.0894325822324,-0.0297028644418,54.8,2.05,1,-0.0283687943262,OK
UGCA442,4.65,3.9406779661,-3.62465278079,0.0266583520216,0.0702004341341,-0.0234436035344,56.4,3.12,1,0,OK
UGCA442,5.48,4.64406779661,-3.58068853653,0.0278565114248,0.0553137141187,-0.0191065160026,57.8,2.83,1,0.0248226950355,OK
UGCA442,6.33,5.36440677966,-3.54549470028,0.028854344726,0.0427968477887,-0.0158028671621,56.5,0.65,1,0.00177304964539,OK
UGCA444,0.12,0.144578313253,-4.18034734188,0.015293194677,0.282715078703,-0.133683604956,6.48,2.6,1,-0.824864864865,OK
UGCA444,0.19,0.228915662651,-4.15696978009,0.0156549239813,0.271777819881,-0.125805299313,8.6,2.65,1,-0.767567567568,OK
UGCA444,0.26,0.313253012048,-4.13448744537,0.0160108694723,0.261475902357,-0.118603445757,10.2,3.03,1,-0.724324324324,OK
UGCA444,0.33,0.397590361446,-4.11284906791,0.0163610941916,0.251755528562,-0.11200276133,11.7,3.55,1,-0.683783783784,OK
UGCA444,0.4,0.481927710843,-4.09200765991,0.0167056605834,0.242568807952,-0.105938151838,12.7,3.75,1,-0.656756756757,OK
UGCA444,0.47,0.566265060241,-4.0719200516,0.0170446304989,0.23387296792,-0.100353100827,14.1,3.43,1,-0.618918918919,OK
UGCA444,0.55,0.66265060241,-4.04983495094,0.0174252504233,0.224486967788,-0.0944944989192,16,3.33,1,-0.567567567568,OK
UGCA444,0.62,0.746987951807,-4.03123267715,0.0177524334417,0.216718940388,-0.0897790645211,18.1,2.66,1,-0.510810810811,OK
UGCA444,0.69,0.831325301205,-4.01326918683,0.0180742105754,0.209333834642,-0.0854079829748,21.2,3.78,1,-0.427027027027,OK
UGCA444,0.76,0.915662650602,-3.99591337003,0.0183906412766,0.20230401768,-0.0813485233084,21.6,3.33,1,-0.416216216216,OK
UGCA444,0.83,1,-3.97913633554,0.0187017844314,0.195604452951,-0.0775717529913,23.3,3.09,1,-0.37027027027,OK
UGCA444,0.9,1.0843373494,-3.96291120478,0.0190076983648,0.189212402291,-0.0740520209818,24.5,3.26,1,-0.337837837838,OK
UGCA444,0.97,1.1686746988,-3.94721292916,0.0193084408458,0.183107168092,-0.0707665210339,24.4,3.29,1,-0.340540540541,OK
UGCA444,1.04,1.25301204819,-3.93201812755,0.0196040690921,0.177269869429,-0.0676949213279,25.3,2.78,1,-0.316216216216,OK
UGCA444,1.11,1.33734939759,-3.91730494156,0.0198946397753,0.171683247013,-0.0648190491618,25.4,2.78,1,-0.313513513514,OK
UGCA444,1.19,1.43373493976,-3.901053412,0.0202205996003,0.165585268308,-0.0617511943072,25.9,2.73,1,-0.3,OK
UGCA444,1.26,1.51807228916,-3.88730498004,0.020500520969,0.160484241798,-0.0592420262734,26.7,2.67,1,-0.278378378378,OK
UGCA444,1.33,1.60240963855,-3.87397801288,0.0207755593818,0.155588424941,-0.0568827425002,27.1,3.16,1,-0.267567567568,OK
UGCA444,1.4,1.68674698795,-3.86105572252,0.0210457692981,0.15088567881,-0.0546616387059,28.6,3.34,1,-0.227027027027,OK
UGCA444,1.48,1.78313253012,-3.84676268141,0.0213487373534,0.145733197141,-0.0522789040036,28.9,3.21,1,-0.218918918919,OK
UGCA444,1.55,1.86746987952,-3.83465549812,0.021608781454,0.141407546125,-0.0503195313456,30.4,4.14,1,-0.178378378378,OK
UGCA444,1.62,1.95180722892,-3.82290629107,0.0218641648396,0.137242526433,-0.0484682830199,30.8,4.35,1,-0.167567567568,OK
UGCA444,1.69,2.03614457831,-3.81150188811,0.0221149398375,0.133229353697,-0.0467173474126,30.5,4.56,1,-0.175675675676,OK
UGCA444,1.75,2.10843373494,-3.80199165965,0.0223262612323,0.129904151408,-0.0452909728942,33,4.04,1,-0.108108108108,OK
UGCA444,1.83,2.20481927711,-3.78967832466,0.0226028714681,0.125626501546,-0.0434885600235,32.1,4.35,1,-0.132432432432,OK
UGCA444,1.9,2.28915662651,-3.77923619113,0.0228401302583,0.122022183104,-0.0419982684214,32.9,4.36,1,-0.110810810811,OK
UGCA444,1.97,2.3734939759,-3.76909282703,0.0230729849844,0.118540339458,-0.040583289859,34.2,4.9,1,-0.0756756756757,OK
UGCA444,2.04,2.4578313253,-3.75923816495,0.023301485503,0.115174832353,-0.039238633848,32.6,3.98,1,-0.118918918919,OK
UGCA444,2.11,2.5421686747,-3.74966263793,0.0235256811898,0.111919926981,-0.0379597165126,33.7,4.73,1,-0.0891891891892,OK
UGCA444,2.19,2.63855421687,-3.73904932439,0.0237766963154,0.108328600781,-0.0365731997647,33.8,4.67,1,-0.0864864864865,OK
UGCA444,2.26,2.72289156627,-3.73004186419,0.023991831417,0.105293073397,-0.0354213783415,34.9,3.74,1,-0.0567567567568,OK
UGCA444,2.33,2.80722891566,-3.72128638051,0.0242028137841,0.102352404787,-0.034323124797,36.1,5.47,1,-0.0243243243243,OK
UGCA444,2.4,2.89156626506,-3.71277505976,0.0244096908449,0.0995022169202,-0.0332751681872,37.2,5.39,1,0.00540540540541,OK
UGCA444,2.48,2.98795180723,-3.70333726249,0.0246411550968,0.0963503877328,-0.0321352214785,37.6,7.1,1,0.0162162162162,OK
UGCA444,2.55,3.07228915663,-3.69532447271,0.0248393926498,0.0936805524122,-0.0311851441461,35.6,4.73,1,-0.0378378378378,OK
UGCA444,2.62,3.15662650602,-3.68753352086,0.0250336709856,0.091089075908,-0.0302765858469,38.3,7.78,1,0.0351351351351,OK
