row_id,catalogue_id,catalogue_z,r,z_equals_r,catalogue_mu_record,catalogue_luminosity_record,catalogue_scale_record,D_record,T_record,mu_derivative_recovered,gamma_recovered,gamma_finite_status,gamma_clip_status,robust_subset_status,gamma_difference_from_extracted_record
0,2013cs,0.01029,0.01029,True,32.3353,29.3129819108808,73.23,0.007087323832550787,0.007093373109977157,0.082912607552,99.10751465834066,FINITE,CLIP_EXCLUDED,ROBUST_EXCLUDED,98.72148049834067
1,2002dj,0.01051,0.01051,True,32.901,38.03645203285563,73.23,0.009194491498207483,0.009202507175854694,0.082912607552,28.260697924421397,FINITE,CLIP_EXCLUDED,ROBUST_EXCLUDED,27.874663764421395
2,2002dj,0.01051,0.01051,True,32.8654,37.41795083367261,73.23,0.009044982179814507,0.009052867516539468,0.082912607552,32.19081212577795,FINITE,CLIP_EXCLUDED,ROBUST_EXCLUDED,31.80477796577795
3,2013E,0.01042,0.01042,True,32.7794,35.964994647266785,73.23,0.00869453574438466,0.008702050628841896,0.082912607552,40.23547056557816,FINITE,CLIP_EXCLUDED,ROBUST_EXCLUDED,39.84943640557816
4,1997do,0.01048,0.01048,True,33.1081,41.8427288412479,73.23,0.010114877072037428,0.010123669952388129,0.082912607552,6.7950205271988535,FINITE,CLIP_RETAINED,ROBUST_EXCLUDED,6.408986367198853
5,ASASSN-16jf,0.0104,0.0104,True,33.5709,51.782140649389994,73.23,0.012518577827241084,0.01252937714112535,0.082912607552,-30.717327501672806,FINITE,CLIP_EXCLUDED,ROBUST_EXCLUDED,-31.103361661672807
6,iPTF13ebh,0.01238,0.01238,True,33.7337,55.81359542592682,73.23,0.01346681128696444,0.013480641501095117,0.082912607552,-12.820867496955765,FINITE,CLIP_EXCLUDED,ROBUST_EXCLUDED,-13.206901656955765
7,iPTF13ebh,0.01238,0.01238,True,33.6369,53.38017583185706,73.23,0.012879671142967977,0.01289289837293684,0.082912607552,-6.340357768382769,FINITE,CLIP_EXCLUDED,ROBUST_EXCLUDED,-6.726391928382769
8,2010ko,0.01096,0.01096,True,33.8347,58.47092979893016,73.23,0.014127794161867224,0.01414063823672319,0.082912607552,-37.7097968639297,FINITE,CLIP_EXCLUDED,ROBUST_EXCLUDED,-38.0958310239297
9,2013ex,0.01096,0.01096,True,33.4336,48.6093708447226,73.23,0.011745036174278113,0.011755713999993868,0.082912607552,-12.066540622899346,FINITE,CLIP_EXCLUDED,ROBUST_EXCLUDED,-12.452574782899346
10,2013ex,0.01096,0.01096,True,33.4947,49.99654574248238,73.23,0.01208020651429925,0.012091189055166388,0.082912607552,-16.522292428415888,FINITE,CLIP_EXCLUDED,ROBUST_EXCLUDED,-16.90832658841589
11,2009ab,0.01189,0.01189,True,33.5833,52.078683842478206,73.23,0.012571729478496847,0.012584129188935518,0.082912607552,-9.104420412528382,FINITE,CLIP_EXCLUDED,ROBUST_EXCLUDED,-9.490454572528382
12,2011ao,0.01168,0.01168,True,33.4974,50.05874990917369,73.23,0.012086628307839893,0.01209833890090252,0.082912607552,-5.851881802861627,FINITE,CLIP_EXCLUDED,ROBUST_EXCLUDED,-6.237915962861627
13,2001cz,0.01275,0.01275,True,33.8783,59.656806315009355,73.23,0.014388849806041566,0.014404068816382114,0.082912607552,-17.29568987841493,FINITE,CLIP_EXCLUDED,ROBUST_EXCLUDED,-17.68172403841493
14,2009kk,0.01244,0.01244,True,33.7023,55.01232499534995,73.23,0.013272692598451484,0.013286389551975027,0.082912607552,-10.01948279494918,FINITE,CLIP_EXCLUDED,ROBUST_EXCLUDED,-10.40551695494918
15,2010Y,0.01142,0.01142,True,33.7403,55.98349402078891,73.23,0.013520625821460984,0.013533434050829152,0.082912607552,-25.845554641547697,FINITE,CLIP_EXCLUDED,ROBUST_EXCLUDED,-26.231588801547698
16,2008R,0.0126,0.0126,True,33.8286,58.30690645477457,73.23,0.014065345615024913,0.014080047343588673,0.082912607552,-16.07900344783685,FINITE,CLIP_EXCLUDED,ROBUST_EXCLUDED,-16.46503760783685
17,2002ha,0.0122,0.0122,True,33.708,55.156919126080226,73.23,0.013310733803797032,0.013324204873176341,0.082912607552,-13.431262579079696,FINITE,CLIP_EXCLUDED,ROBUST_EXCLUDED,-13.817296739079696
18,2002ha,0.0122,0.0122,True,33.7246,55.5801865352864,73.23,0.013412878736854077,0.013426453181561916,0.082912607552,-14.50429225567054,FINITE,CLIP_EXCLUDED,ROBUST_EXCLUDED,-14.89032641567054
19,2009kq,0.01247,0.01247,True,33.5874,52.177107523972296,73.23,0.01258827342534894,0.012601295426425177,0.082912607552,-1.6652586767431112,FINITE,CLIP_RETAINED,ROBUST_EXCLUDED,-2.0512928367431114
20,2009kq,0.01247,0.01247,True,33.5178,50.53124516130745,73.23,0.01219119190004214,0.012203803138190437,0.082912607552,3.5236680664943942,FINITE,CLIP_RETAINED,ROBUST_EXCLUDED,3.1376339064943943
21,2001bt,0.01407,0.01407,True,33.7492,56.21341891481521,73.23,0.01354067755605835,0.013556483062343295,0.082912607552,5.451622442199815,FINITE,CLIP_RETAINED,ROBUST_EXCLUDED,5.065588282199815
22,2001ep,0.01306,0.01306,True,33.6365,53.37034374568294,73.23,0.012868655161578703,0.012882597386048229,0.082912607552,2.118474801190264,FINITE,CLIP_RETAINED,ROBUST_RETAINED,1.732440641190264
23,2001ep,0.01306,0.01306,True,33.5028,50.18339051638707,73.23,0.012100217125666566,0.01211332680505247,0.082912607552,12.271987911400444,FINITE,CLIP_RETAINED,ROBUST_EXCLUDED,11.885953751400445
24,2013gy,0.01309,0.01309,True,33.7355,55.85988020572562,73.23,0.013468533246767842,0.013483158931907683,0.082912607552,-4.411466153269937,FINITE,CLIP_RETAINED,ROBUST_EXCLUDED,-4.797500313269937
25,2013gy,0.01309,0.01309,True,33.7607,56.511911833272784,73.23,0.013625746431279165,0.01364054283660764,0.082912607552,-6.082555945838076,FINITE,CLIP_EXCLUDED,ROBUST_EXCLUDED,-6.468590105838076
26,AT2017cfd,0.01222,0.01222,True,33.5752,51.88478243789646,73.23,0.012520838594710504,0.01253353103786841,0.082912607552,-4.0597430550134685,FINITE,CLIP_RETAINED,ROBUST_EXCLUDED,-4.445777215013469
27,2017cfd,0.01222,0.01222,True,33.5673,51.69636416648809,73.23,0.01247536948693459,0.012488015837807101,0.082912607552,-3.487266248073682,FINITE,CLIP_RETAINED,ROBUST_EXCLUDED,-3.873300408073682
28,2007hj,0.01288,0.01288,True,33.9682,62.178465513985024,73.23,0.014995133459979226,0.015011155532288241,0.082912607552,-20.949085384335383,FINITE,CLIP_EXCLUDED,ROBUST_EXCLUDED,-21.335119544335384
29,2007hj,0.01288,0.01288,True,33.9846,62.64984487633513,73.23,0.015108812631542729,0.015124956168319647,0.082912607552,-21.846756855604223,FINITE,CLIP_EXCLUDED,ROBUST_EXCLUDED,-22.232791015604224
30,2007hj,0.01288,0.01288,True,33.9247,60.94526924225732,73.23,0.014697732381904265,0.014713436685679215,0.082912607552,-18.510165044609565,FINITE,CLIP_EXCLUDED,ROBUST_EXCLUDED,-18.896199204609566
31,2008hv,0.0136,0.0136,True,33.797,57.464548659767246,73.23,0.013848467920845504,0.013864092419540341,0.082912607552,-2.783373126875207,FINITE,CLIP_RETAINED,ROBUST_EXCLUDED,-3.169407286875207
32,2008hv,0.0136,0.0136,True,33.7683,56.710046057272216,73.23,0.013666639205045248,0.013682058555954139,0.082912607552,-0.8802229102291903,FINITE,CLIP_RETAINED,ROBUST_RETAINED,-1.2662570702291904
33,2008hv,0.0136,0.0136,True,33.772,56.8067574106772,73.23,0.013689945819409178,0.013705391465946423,0.082912607552,-1.1279441022343946,FINITE,CLIP_RETAINED,ROBUST_RETAINED,-1.5139782622343945
34,1997E,0.01314,0.01314,True,33.7649,56.621321335575196,73.23,0.013651452711718757,0.01366633368733886,0.082912607552,-5.785734331343019,FINITE,CLIP_EXCLUDED,ROBUST_EXCLUDED,-6.17176849134302
35,2007cv,0.01361,0.01361,True,33.6741,54.30252197254557,73.23,0.013086317251297422,0.01310109271789169,0.082912607552,5.781222028324044,FINITE,CLIP_RETAINED,ROBUST_EXCLUDED,5.395187868324044
36,1992al,0.01434,0.01434,True,33.6968,54.8731636912444,73.23,0.013214318772408444,0.013230039502472687,0.082912607552,12.019535882359907,FINITE,CLIP_RETAINED,ROBUST_EXCLUDED,11.633501722359908
37,1999dk,0.014,0.014,True,33.8053,57.684615212847234,73.23,0.013896018262863337,0.01391215779977146,0.082912607552,0.9039030448157919,FINITE,CLIP_RETAINED,ROBUST_RETAINED,0.5178688848157919
38,1999dk,0.014,0.014,True,33.6651,54.07792261758548,73.23,0.013027178868037503,0.013042309291024304,0.082912607552,10.740613446883248,FINITE,CLIP_RETAINED,ROBUST_EXCLUDED,10.354579286883249
39,ASASSN-16dn,0.01406,0.01406,True,33.8206,58.09249108320999,73.23,0.013993446092128119,0.014009768481646895,0.082912607552,0.5106321358049105,FINITE,CLIP_RETAINED,ROBUST_RETAINED,0.1245979758049105
40,ASASSN-16la,0.01424,0.01424,True,33.8444,58.73270456472825,73.23,0.014145151288375865,0.01416186198540632,0.082912607552,0.776351799408485,FINITE,CLIP_RETAINED,ROBUST_RETAINED,0.39031763940848496
41,2005kc,0.01386,0.01386,True,34.0187,63.6414403274382,73.23,0.015333113205478161,0.01535074366811912,0.082912607552,-13.544291141356776,FINITE,CLIP_EXCLUDED,ROBUST_EXCLUDED,-13.930325301356776
42,2005kc,0.01386,0.01386,True,34.0249,63.82340937475665,73.23,0.015376954953686111,0.0153946358268532,0.082912607552,-13.890110950944731,FINITE,CLIP_EXCLUDED,ROBUST_EXCLUDED,-14.27614511094473
43,2007ca,0.01509,0.01509,True,34.3366,73.6749754828709,73.23,0.01772898129435389,0.01775117681350575,0.082912607552,-18.823216696467217,FINITE,CLIP_EXCLUDED,ROBUST_EXCLUDED,-19.209250856467218
44,2007ca,0.01509,0.01509,True,34.1781,68.48886986897841,73.23,0.01648100844038775,0.01650164157956293,0.082912607552,-11.005130960077635,FINITE,CLIP_EXCLUDED,ROBUST_EXCLUDED,-11.391165120077634
45,2007ca,0.01509,0.01509,True,34.252,70.85981269167699,73.23,0.017051546817606195,0.01707289423332486,0.082912607552,-14.773004982664183,FINITE,CLIP_EXCLUDED,ROBUST_EXCLUDED,-15.159039142664183
46,2006N,0.01416,0.01416,True,33.9078,60.47278918195966,73.23,0.014565381152202224,0.014582491571252076,0.082912607552,-4.052257240838873,FINITE,CLIP_RETAINED,ROBUST_EXCLUDED,-4.438291400838874
47,2006td,0.01504,0.01504,True,34.1727,68.31876389885588,73.23,0.016440884344226254,0.01646139900765339,0.082912607552,-11.141962383535787,FINITE,CLIP_EXCLUDED,ROBUST_EXCLUDED,-11.527996543535787
48,2013gq,0.01457,0.01457,True,33.7526,56.30150445982196,73.23,0.013555212017024578,0.013571597105410777,0.082912607552,10.33998734872351,FINITE,CLIP_RETAINED,ROBUST_EXCLUDED,9.95395318872351
49,2004eo,0.0142,0.0142,True,33.8826,59.775057148597014,73.23,0.014396758679146856,0.014413718815066145,0.082912607552,-2.0780012797927263,FINITE,CLIP_RETAINED,ROBUST_EXCLUDED,-2.464035439792726
50,2003gt,0.01422,0.01422,True,33.9253,60.962111369189465,73.23,0.014682369884508667,0.014699690861163812,0.082912607552,-4.539216863837943,FINITE,CLIP_RETAINED,ROBUST_EXCLUDED,-4.925251023837943
51,2005bo,0.01503,0.01503,True,33.7553,56.37155306250799,73.23,0.013565926285258026,0.01358284236169946,0.082912607552,14.663848418170812,FINITE,CLIP_RETAINED,ROBUST_EXCLUDED,14.277814258170812
52,2005bo,0.01503,0.01503,True,33.7189,55.434482806991944,73.23,0.01334041846580266,0.013357053344526235,0.082912607552,17.334781717990257,FINITE,CLIP_RETAINED,ROBUST_EXCLUDED,16.948747557990256
53,2001fe,0.01448,0.01448,True,33.8916,60.02331815102526,73.23,0.014452562017924497,0.014469923816152981,0.082912607552,0.09620375963492726,FINITE,CLIP_RETAINED,ROBUST_RETAINED,-0.28983040036507274
54,2013fa,0.01429,0.01429,True,33.7894,57.26377834572673,73.23,0.013790696076423904,0.01380704526849462,0.082912607552,4.951997656774845,FINITE,CLIP_RETAINED,ROBUST_EXCLUDED,4.565963496774844
55,2000dm,0.01472,0.01472,True,34.0109,63.413248271864106,73.23,0.015265186368918788,0.015283828499424017,0.082912607552,-4.949893275881961,FINITE,CLIP_RETAINED,ROBUST_EXCLUDED,-5.3359274358819615
56,PSNJ2043531,0.01449,0.01449,True,34.1902,68.8715726485769,73.23,0.016582903013351292,0.016602837746546646,0.082912607552,-16.786184016123304,FINITE,CLIP_EXCLUDED,ROBUST_EXCLUDED,-17.172218176123305
57,2011df,0.01402,0.01402,True,33.8524,58.949482920027194,73.23,0.014200440298964527,0.014216956982268754,0.082912607552,-1.9671033619318694,FINITE,CLIP_RETAINED,ROBUST_EXCLUDED,-2.3531375219318695
58,2005el,0.01483,0.01483,True,33.974,62.344766110500494,73.23,0.015006348705869676,0.015024811770460323,0.082912607552,-1.7410278218815969,FINITE,CLIP_RETAINED,ROBUST_EXCLUDED,-2.127061981881597
59,2005el,0.01483,0.01483,True,33.9261,60.98457477866844,73.23,0.014678951448560289,0.014697011699859909,0.082912607552,1.2239883199791002,FINITE,CLIP_RETAINED,ROBUST_RETAINED,0.8379541599791002
60,2001cn,0.01509,0.01509,True,33.8877,59.91561203881482,73.23,0.014417958853924278,0.01443600919063341,0.082912607552,6.093669728775881,FINITE,CLIP_RETAINED,ROBUST_EXCLUDED,5.70763556877588
61,2005de,0.01495,0.01495,True,34.1793,68.52672867698122,73.23,0.01649239331043875,0.01651284902433846,0.082912607552,-12.24882797286711,FINITE,CLIP_EXCLUDED,ROBUST_EXCLUDED,-12.63486213286711
62,SN2017jl,0.01529,0.01529,True,33.7706,56.77014454455643,73.23,0.013658349530516227,0.013675675661591544,0.082912607552,16.025500976268123,FINITE,CLIP_RETAINED,ROBUST_EXCLUDED,15.639466816268124
63,ASASSN-16ad,0.01522,0.01522,True,34.0334,64.07372899273545,73.23,0.015416584453450958,0.015436051382493737,0.082912607552,-1.8306093168334476,FINITE,CLIP_RETAINED,ROBUST_EXCLUDED,-2.2166434768334478
64,ATLAS16cxr,0.01518,0.01518,True,34.3426,73.87882846680746,73.23,0.01777645992233022,0.01779884769850638,0.082912607552,-18.384614890960993,FINITE,CLIP_EXCLUDED,ROBUST_EXCLUDED,-18.770649050960994
65,iPTF16auf,0.01566,0.01566,True,34.0744,65.29501109366464,73.23,0.015703627405196794,0.01572403041746493,0.082912607552,-0.5193617846089918,FINITE,CLIP_RETAINED,ROBUST_RETAINED,-0.9053959446089919
66,2008bc,0.01572,0.01572,True,34.0331,64.06487749139562,73.23,0.015406866775851158,0.01542696096564908,0.082912607552,2.4319048177357616,FINITE,CLIP_RETAINED,ROBUST_EXCLUDED,2.0458706577357617
67,2011im,0.01493,0.01493,True,34.2732,71.55500229746214,73.23,0.017221550175678994,0.017242881678544323,0.082912607552,-17.126831627997184,FINITE,CLIP_EXCLUDED,ROBUST_EXCLUDED,-17.512865787997185
68,1999ej,0.01534,0.01534,True,34.2581,71.05914865632715,73.23,0.017095304285485075,0.017117061284046067,0.082912607552,-13.050155697697107,FINITE,CLIP_EXCLUDED,ROBUST_EXCLUDED,-13.436189857697107
69,1999ej,0.01534,0.01534,True,34.2112,69.54085083667616,73.23,0.01673003445445381,0.016751326578271688,0.082912607552,-10.66705804614566,FINITE,CLIP_EXCLUDED,ROBUST_EXCLUDED,-11.05309220614566
70,2001en,0.01534,0.01534,True,33.9994,63.07830286068449,73.23,0.015175284275227081,0.015194597686244812,0.082912607552,1.251599734100201,FINITE,CLIP_RETAINED,ROBUST_RETAINED,0.865565574100201
71,2001en,0.01534,0.01534,True,33.8852,59.84667133433012,73.23,0.014397823169567248,0.014416147114713264,0.082912607552,8.530005067694196,FINITE,CLIP_RETAINED,ROBUST_EXCLUDED,8.143970907694197
72,2001V,0.01592,0.01592,True,33.7902,57.28487898795195,73.23,0.01377364295993344,0.013791835742004042,0.082912607552,20.33440336569052,FINITE,CLIP_EXCLUDED,ROBUST_EXCLUDED,19.94836920569052
73,2001V,0.01592,0.01592,True,33.8072,57.73511032012108,73.23,0.013881897105324531,0.013900232873828067,0.082912607552,19.098362372856798,FINITE,CLIP_RETAINED,ROBUST_EXCLUDED,18.712328212856796
74,2008ec,0.01506,0.01506,True,34.1732,68.33449668682312,73.23,0.01644434641985843,0.016464892706127363,0.082912607552,-10.999705995844147,FINITE,CLIP_EXCLUDED,ROBUST_EXCLUDED,-11.385740155844147
75,2008ec,0.01506,0.01506,True,34.1302,66.99463109105689,73.23,0.016121914630921608,0.016142058056798976,0.082912607552,-8.698682820505638,FINITE,CLIP_EXCLUDED,ROBUST_EXCLUDED,-9.084716980505638
76,2008eo,0.01539,0.01539,True,34.3317,73.50891287397896,73.23,0.01768379408586595,0.01770637345260371,0.082912607552,-16.225032661062617,FINITE,CLIP_EXCLUDED,ROBUST_EXCLUDED,-16.611066821062618
77,2009nq,0.01527,0.01527,True,34.1657,68.098884818216,73.23,0.016384257985060154,0.016405014830058434,0.082912607552,-8.8478607719427,FINITE,CLIP_EXCLUDED,ROBUST_EXCLUDED,-9.2338949319427
78,2005al,0.01629,0.01629,True,33.9986,63.05506823534615,73.23,0.01515551430951436,0.015175997879924573,0.082912607552,9.227642968261323,FINITE,CLIP_RETAINED,ROBUST_EXCLUDED,8.841608808261324
79,2013hn,0.01629,0.01629,True,34.0697,65.15383744897365,73.23,0.015659961100861573,0.01568112646082757,0.082912607552,4.828065228745734,FINITE,CLIP_RETAINED,ROBUST_EXCLUDED,4.442031068745734
80,2001bf,0.01556,0.01556,True,33.9926,62.881081125928546,73.23,0.015124559831681914,0.015144084923585545,0.082912607552,3.5620837867244823,FINITE,CLIP_RETAINED,ROBUST_EXCLUDED,3.1760496267244824
81,2001bf,0.01556,0.01556,True,33.9004,60.26705918756981,73.23,0.014495818555289744,0.014514531971922042,0.082912607552,9.475356446552565,FINITE,CLIP_RETAINED,ROBUST_EXCLUDED,9.089322286552566
82,ASASSN-15oh,0.01579,0.01579,True,34.3916,75.56488052053176,73.23,0.01817123304127628,0.018195038218543316,0.082912607552,-15.970037139556041,FINITE,CLIP_EXCLUDED,ROBUST_EXCLUDED,-16.356071299556042
83,1994S,0.01619,0.01619,True,34.0287,63.93519586900459,73.23,0.01536856840063843,0.015389212329702737,0.082912607552,6.537731277116829,FINITE,CLIP_RETAINED,ROBUST_EXCLUDED,6.151697117116829
84,1999aa,0.01579,0.01579,True,34.1663,68.11770383528335,73.23,0.01638039605304814,0.016401855148909236,0.082912607552,-4.665520870041,FINITE,CLIP_RETAINED,ROBUST_EXCLUDED,-5.051555030041
85,1999aa,0.01579,0.01579,True,34.1323,67.05945198200605,73.23,0.01612591618211075,0.01614704189726924,0.082912607552,-2.7799512236265373,FINITE,CLIP_RETAINED,ROBUST_EXCLUDED,-3.1659853836265373
86,2002cs,0.01538,0.01538,True,34.0329,64.05897716984383,73.23,0.01541060633063446,0.015430270407818405,0.082912607552,-0.4231946136065983,FINITE,CLIP_RETAINED,ROBUST_RETAINED,-0.8092287736065984
87,iPTF14bdn,0.01636,0.01636,True,34.1062,66.25825592012608,73.23,0.0159243152507691,0.015945930448980534,0.082912607552,3.20170415100856,FINITE,CLIP_RETAINED,ROBUST_EXCLUDED,2.8156699910085603
88,2007ss,0.01619,0.01619,True,34.4137,76.33786332418472,73.23,0.018349887853007785,0.01837453645873997,0.082912607552,-14.080298089855354,FINITE,CLIP_EXCLUDED,ROBUST_EXCLUDED,-14.466332249855354
89,2010kg,0.01595,0.01595,True,33.9999,63.09282884897219,73.23,0.015169665224127191,0.015189739711181153,0.082912607552,6.378975108812975,FINITE,CLIP_RETAINED,ROBUST_EXCLUDED,5.992940948812975
90,2013fw,0.0157,0.0157,True,34.1608,67.9453906582054,73.23,0.01634040734619383,0.01636169196134747,0.082912607552,-5.081385081397503,FINITE,CLIP_EXCLUDED,ROBUST_EXCLUDED,-5.467419241397503
91,2013Q,0.01612,0.01612,True,33.9726,62.304583908963586,73.23,0.01497763806589413,0.014997669830287283,0.082912607552,9.510586653285173,FINITE,CLIP_RETAINED,ROBUST_EXCLUDED,9.124552493285174
92,iPTF13dge,0.01581,0.01581,True,34.2793,71.75629390220533,73.23,0.017255035111060843,0.0172776686762854,0.082912607552,-10.432610351514462,FINITE,CLIP_EXCLUDED,ROBUST_EXCLUDED,-10.818644511514462
93,2007fs,0.01633,0.01633,True,34.3408,73.8176134177459,73.23,0.017741632782593313,0.01776567056429491,0.082912607552,-9.623236303597004,FINITE,CLIP_EXCLUDED,ROBUST_EXCLUDED,-10.009270463597003
94,SN2016gfr,0.0163,0.0163,True,33.8985,60.21434963870288,73.23,0.014472594887245555,0.014492167467654315,0.082912607552,15.917635826109441,FINITE,CLIP_RETAINED,ROBUST_EXCLUDED,15.531601666109442
95,ASASSN-16ip,0.01632,0.01632,True,34.1679,68.16791330988032,73.23,0.016383921524932146,0.016406106168200752,0.082912607552,-0.6420617522087607,FINITE,CLIP_RETAINED,ROBUST_RETAINED,-1.0280959122087607
96,PSNJ0107203,0.01601,0.01601,True,33.9673,62.152700036398635,73.23,0.014942743744487145,0.01496259237439826,0.082912607552,8.944191174675968,FINITE,CLIP_RETAINED,ROBUST_EXCLUDED,8.558157014675968
97,1998ef,0.0161,0.0161,True,33.841,58.640815327647644,73.23,0.014097168144742045,0.014115998921298173,0.082912607552,18.24160521006494,FINITE,CLIP_RETAINED,ROBUST_EXCLUDED,17.85557105006494
98,1998ef,0.0161,0.0161,True,33.8975,60.18662628995737,73.23,0.014468778889475186,0.014488106057847606,0.082912607552,14.315136101573318,FINITE,CLIP_RETAINED,ROBUST_EXCLUDED,13.929101941573318
99,ASASSN-15ti,0.01671,0.01671,True,34.4894,79.0460185601487,73.23,0.018991148777175084,0.019017478673270496,0.082912607552,-13.909848396705558,FINITE,CLIP_EXCLUDED,ROBUST_EXCLUDED,-14.295882556705557
100,ASASSN-15od,0.01678,0.01678,True,34.3409,73.82101292274679,73.23,0.01773459749363248,0.017759288342008496,0.082912607552,-6.449301172829146,FINITE,CLIP_EXCLUDED,ROBUST_EXCLUDED,-6.835335332829146
101,1996bv,0.01673,0.01673,True,34.0755,65.32809588303897,73.23,0.015695049618231878,0.0157168357664253,0.082912607552,7.868489485704532,FINITE,CLIP_RETAINED,ROBUST_EXCLUDED,7.482455325704532
102,1997Y,0.01661,0.01661,True,34.1973,69.09712856667998,73.23,0.016602517773405885,0.01662539815402578,0.082912607552,-0.11148664007353365,FINITE,CLIP_RETAINED,ROBUST_RETAINED,-0.49752080007353366
103,2001da,0.01658,0.01658,True,34.022,63.73823014383464,73.23,0.015315344493203488,0.015336412837863224,0.082912607552,10.038823690146325,FINITE,CLIP_RETAINED,ROBUST_EXCLUDED,9.652789530146325
104,2001da,0.01658,0.01658,True,34.2003,69.1926557502502,73.23,0.016625961480626773,0.016648832757660652,0.082912607552,-0.49803182225298026,FINITE,CLIP_RETAINED,ROBUST_RETAINED,-0.8840659822529803
105,ASASSN-15kx,0.01697,0.01697,True,34.6084,83.49875499488888,73.23,0.020055809208874373,0.02008404813474457,0.082912607552,-17.27642244474212,FINITE,CLIP_EXCLUDED,ROBUST_EXCLUDED,-17.662456604742122
106,2000dk,0.01649,0.01649,True,34.1436,67.40932835671431,73.23,0.01619888867201967,0.016221051408050326,0.082912607552,2.021995324060172,FINITE,CLIP_RETAINED,ROBUST_RETAINED,1.6359611640601721
107,2000dk,0.01649,0.01649,True,34.1517,67.66124737489511,73.23,0.016259426408106886,0.01628167196968761,0.082912607552,1.5584705141465416,FINITE,CLIP_RETAINED,ROBUST_RETAINED,1.1724363541465417
108,2007fb,0.0168,0.0168,True,34.4009,75.8892044287888,73.23,0.018231096659618255,0.01825650902876938,0.082912607552,-9.238097135673334,FINITE,CLIP_EXCLUDED,ROBUST_EXCLUDED,-9.624131295673333
109,2007fb,0.0168,0.0168,True,34.5101,79.80314371275912,73.23,0.01917135431474886,0.01919807731128985,0.082912607552,-14.223960657976653,FINITE,CLIP_EXCLUDED,ROBUST_EXCLUDED,-14.609994817976652
110,2006ef,0.01694,0.01694,True,34.361,74.5075014636251,73.23,0.017896701771966665,0.01792185605877283,0.082912607552,-6.347835750781903,FINITE,CLIP_EXCLUDED,ROBUST_EXCLUDED,-6.733869910781904
111,2008C,0.01709,0.01709,True,34.31,72.7779804536825,73.23,0.017478692696850134,0.01750347714835201,0.082912607552,-2.742549128259499,FINITE,CLIP_RETAINED,ROBUST_EXCLUDED,-3.128583288259499
112,2008C,0.01709,0.01709,True,34.2669,71.347703689321,73.23,0.017135190886551476,0.017159488259064905,0.082912607552,-0.4732685108260048,FINITE,CLIP_RETAINED,ROBUST_RETAINED,-0.8593026708260048
113,2004fz,0.01646,0.01646,True,33.7799,57.013801585025014,73.23,0.01370118209596782,0.013719893433216696,0.082912607552,25.784091325462747,FINITE,CLIP_EXCLUDED,ROBUST_EXCLUDED,25.398057165462745
114,2006ax,0.01774,0.01774,True,34.3228,73.20824571427217,73.23,0.017570798056819673,0.017596661426707964,0.082912607552,0.920838827552308,FINITE,CLIP_RETAINED,ROBUST_RETAINED,0.5348046675523079
115,2006ax,0.01774,0.01774,True,34.3133,72.88866568219981,73.23,0.017494095273523223,0.01751984574060258,0.082912607552,1.4225939761405706,FINITE,CLIP_RETAINED,ROBUST_RETAINED,1.0365598161405707
116,1998V,0.01718,0.01718,True,34.1465,67.499413612195,73.23,0.016209533593182515,0.01623263953107207,0.082912607552,6.923784094840337,FINITE,CLIP_RETAINED,ROBUST_EXCLUDED,6.5377499348403365
117,2013gs,0.01748,0.01748,True,34.2221,69.89079812955951,73.23,0.016778859981219196,0.016803195421279962,0.082912607552,4.669562927624483,FINITE,CLIP_RETAINED,ROBUST_EXCLUDED,4.283528767624483
118,2008L,0.01734,0.01734,True,34.3364,73.66819007934417,73.23,0.017688141779975644,0.017713590392452926,0.082912607552,-2.4153730182222315,FINITE,CLIP_RETAINED,ROBUST_EXCLUDED,-2.8014071782222314
119,2008L,0.01734,0.01734,True,34.2464,70.6773080847587,73.23,0.01697001439405202,0.01699442980893393,0.082912607552,2.361156143942775,FINITE,CLIP_RETAINED,ROBUST_EXCLUDED,1.975121983942775
120,2009le,0.01739,0.01739,True,34.2939,72.24037637475715,73.23,0.017344463333942323,0.017369489490304677,0.082912607552,0.13585970115507126,FINITE,CLIP_RETAINED,ROBUST_RETAINED,-0.2501744588449287
121,2009le,0.01739,0.01739,True,34.2418,70.5277452812586,73.23,0.016933271301225638,0.01695770415262908,0.082912607552,2.95657248663756,FINITE,CLIP_RETAINED,ROBUST_EXCLUDED,2.57053832663756
122,2000dr,0.01765,0.01765,True,34.2975,72.36024022802509,73.23,0.017368803196899627,0.017394239441424923,0.082912607552,1.674273829541727,FINITE,CLIP_RETAINED,ROBUST_RETAINED,1.2882396695417269
123,2007as,0.01791,0.01791,True,34.2661,71.32142306525864,73.23,0.01711508066271819,0.01714051483482437,0.082912607552,5.087069615774332,FINITE,CLIP_RETAINED,ROBUST_EXCLUDED,4.701035455774331
124,1992bo,0.01805,0.01805,True,34.6078,83.47568662342454,73.23,0.02002899798970741,0.020058995279591287,0.082912607552,-10.713968928936072,FINITE,CLIP_EXCLUDED,ROBUST_EXCLUDED,-11.100003088936072
125,2010ai,0.01918,0.01918,True,34.9792,99.04669761480669,73.23,0.023738727686480485,0.02377650855889832,0.082912607552,-18.76750068422372,FINITE,CLIP_EXCLUDED,ROBUST_EXCLUDED,-19.15353484422372
126,ASASSN-17co,0.01791,0.01791,True,34.2005,69.19902892284811,73.23,0.016605767396321365,0.016630444694327513,0.082912607552,8.80680680034288,FINITE,CLIP_RETAINED,ROBUST_EXCLUDED,8.42077264034288
127,PS15coh,0.01796,0.01796,True,34.4393,77.2431542447228,73.23,0.018535214579521692,0.018562836121563713,0.082912607552,-3.576839250942031,FINITE,CLIP_RETAINED,ROBUST_EXCLUDED,-3.9628734109420307
128,2009gf,0.01925,0.01925,True,34.492,79.14072053994839,73.23,0.018966518155414336,0.01899681417315214,0.082912607552,1.390831509369553,FINITE,CLIP_RETAINED,ROBUST_RETAINED,1.0047973493695528
129,2009gf,0.01925,0.01925,True,34.576,82.26213938831101,73.23,0.019714583713248603,0.019746074647587517,0.082912607552,-2.5881070995922224,FINITE,CLIP_RETAINED,ROBUST_EXCLUDED,-2.9741412595922223
130,2016ffh,0.01851,0.01851,True,34.6171,83.83396365296068,73.23,0.02010587757651946,0.020136758005688243,0.082912607552,-8.48721530686559,FINITE,CLIP_EXCLUDED,ROBUST_EXCLUDED,-8.87324946686559
131,ATLAS16cpu,0.01851,0.01851,True,34.5716,82.09562244306777,73.23,0.01968897165880563,0.019719211766077847,0.082912607552,-6.487486253798318,FINITE,CLIP_EXCLUDED,ROBUST_EXCLUDED,-6.873520413798318
132,2000cu,0.01902,0.01902,True,34.6066,83.42956899817392,73.23,0.019998877645014623,0.02003044071187826,0.082912607552,-5.21371258581065,FINITE,CLIP_EXCLUDED,ROBUST_EXCLUDED,-5.59974674581065
133,2011fs,0.01822,0.01822,True,34.5466,81.15588162388235,73.23,0.019469137304655517,0.01949857092833023,0.082912607552,-7.036989291582804,FINITE,CLIP_EXCLUDED,ROBUST_EXCLUDED,-7.423023451582805
134,2011fs,0.01822,0.01822,True,34.4866,78.94415854280373,73.23,0.018938549262436235,0.01896718073815151,0.082912607552,-4.266646405212803,FINITE,CLIP_RETAINED,ROBUST_EXCLUDED,-4.652680565212803
135,ASASSN-16cs,0.01839,0.01839,True,34.4286,76.86347233838467,73.23,0.01843631861934943,0.018464451075335588,0.082912607552,-0.43792319619506237,FINITE,CLIP_RETAINED,ROBUST_RETAINED,-0.8239573561950624
136,2006kf,0.01955,0.01955,True,34.7747,90.14465895539273,73.23,0.021597316971905617,0.02163235334707666,0.082912607552,-9.521077873632182,FINITE,CLIP_EXCLUDED,ROBUST_EXCLUDED,-9.907112033632181
137,2006kf,0.01955,0.01955,True,34.8085,91.55878059757862,73.23,0.021936119444476213,0.021971705443961854,0.082912607552,-10.845314461864794,FINITE,CLIP_EXCLUDED,ROBUST_EXCLUDED,-11.231348621864793
138,2008hs,0.01835,0.01835,True,34.757,89.4128627502953,73.23,0.021447232681357096,0.02147988833081732,0.082912607552,-15.069870814994516,FINITE,CLIP_EXCLUDED,ROBUST_EXCLUDED,-15.455904974994516
139,2008hs,0.01835,0.01835,True,34.7394,88.69109156358236,73.23,0.02127410328914243,0.021306495331039507,0.082912607552,-14.389597037197428,FINITE,CLIP_EXCLUDED,ROBUST_EXCLUDED,-14.775631197197427
140,2007au,0.01992,0.01992,True,34.6865,86.55656238626577,73.23,0.02073013942742327,0.020764406012411325,0.082912607552,-4.02682463757171,FINITE,CLIP_RETAINED,ROBUST_EXCLUDED,-4.41285879757171
141,2016W,0.01855,0.01855,True,34.3648,74.63800111046943,73.23,0.01789970930883219,0.017927260760548305,0.082912607552,3.788100869689477,FINITE,CLIP_RETAINED,ROBUST_EXCLUDED,3.402066709689477
142,2002kf,0.01948,0.01948,True,34.6854,86.51272664305601,73.23,0.020728583289748786,0.02076208985548653,0.082912607552,-6.206720633754094,FINITE,CLIP_EXCLUDED,ROBUST_EXCLUDED,-6.592754793754095
143,1992bc,0.01976,0.01976,True,34.5121,79.87667898343904,73.23,0.01913332102975998,0.01916469385893385,0.082912607552,3.176214042437248,FINITE,CLIP_RETAINED,ROBUST_EXCLUDED,2.790179882437248
144,2009ds,0.02033,0.02033,True,34.5072,79.69663780100663,73.23,0.019079530128558946,0.019111717959017914,0.082912607552,6.401557024199985,FINITE,CLIP_RETAINED,ROBUST_EXCLUDED,6.015522864199984
145,2009ds,0.02033,0.02033,True,34.702,87.17661466018488,73.23,0.020870251139926535,0.02090545997897035,0.082912607552,-2.6829175462016996,FINITE,CLIP_RETAINED,ROBUST_EXCLUDED,-3.0689517062016995
146,2006ej,0.01926,0.01926,True,34.5995,83.15722724645887,73.23,0.01992890102038448,0.019960750842750705,0.082912607552,-3.6023601952725786,FINITE,CLIP_RETAINED,ROBUST_EXCLUDED,-3.9883943552725785
147,2006ej,0.01926,0.01926,True,34.5012,79.47673180408431,73.23,0.01904685827069453,0.01907729843655896,0.082912607552,0.9976515975466037,FINITE,CLIP_RETAINED,ROBUST_RETAINED,0.6116174375466037
148,2006ej,0.01926,0.01926,True,34.576,82.26213938831101,73.23,0.019714390292691404,0.01974589728990306,0.082912607552,-2.534162844879562,FINITE,CLIP_RETAINED,ROBUST_EXCLUDED,-2.920197004879562
149,2006ej,0.01926,0.01926,True,34.6482,85.04327961479471,73.23,0.020380899628472116,0.02041347182260197,0.082912607552,-5.754988876918002,FINITE,CLIP_EXCLUDED,ROBUST_EXCLUDED,-6.1410230369180026
150,2002jy,0.0187,0.0187,True,34.9988,99.9447532244225,73.23,0.023965253379267814,0.024002439504548966,0.082912607552,-21.744120163112516,FINITE,CLIP_EXCLUDED,ROBUST_EXCLUDED,-22.130154323112517
151,2016hpw,0.02019,0.02019,True,34.8165,91.89671773189242,73.23,0.02200327207780418,0.022040136524338252,0.082912607552,-8.075947269029902,FINITE,CLIP_EXCLUDED,ROBUST_EXCLUDED,-8.461981429029901
152,ATLAS16dqf,0.02019,0.02019,True,34.5749,82.22047851455751,73.23,0.019686443692158263,0.019719426507094576,0.082912607552,2.38254336095805,FINITE,CLIP_RETAINED,ROBUST_EXCLUDED,1.9965092009580503
153,2005ki,0.02066,0.02066,True,34.5709,82.06916220628214,73.23,0.0196411646473625,0.019674838293818643,0.082912607552,4.926841414372465,FINITE,CLIP_RETAINED,ROBUST_EXCLUDED,4.5408072543724645
154,2005ki,0.02066,0.02066,True,34.5656,81.86909695599066,73.23,0.0195932841229907,0.01962687568104329,0.082912607552,5.183545340409282,FINITE,CLIP_RETAINED,ROBUST_EXCLUDED,4.797511180409281
155,2005ki,0.02066,0.02066,True,34.4931,79.18082090942747,73.23,0.018949913689704292,0.018982402226174415,0.082912607552,8.800219658053823,FINITE,CLIP_RETAINED,ROBUST_EXCLUDED,8.414185498053824
156,ASASSN-15lg,0.02121,0.02121,True,34.6552,85.31786910603553,73.23,0.020407662921592042,0.020443582930894464,0.082912607552,3.578698875250013,FINITE,CLIP_RETAINED,ROBUST_EXCLUDED,3.192664715250013
157,2001dl,0.01983,0.01983,True,35.1263,105.98880607155415,73.23,0.02538636663294987,0.02542814013724045,0.082912607552,-20.4413395023778,FINITE,CLIP_EXCLUDED,ROBUST_EXCLUDED,-20.827373662377802
158,PSNJ1602512,0.02039,0.02039,True,34.556,81.50795556116006,73.23,0.01951201572959736,0.019545030409821147,0.082912607552,4.300749379641523,FINITE,CLIP_RETAINED,ROBUST_EXCLUDED,3.9147152196415234
159,2007st,0.02061,0.02061,True,34.4168,76.44692129558828,73.23,0.018296520725387348,0.0183278130767262,0.082912607552,12.565360461556235,FINITE,CLIP_RETAINED,ROBUST_EXCLUDED,12.179326301556236
160,ASASSN-17bs,0.02014,0.02014,True,34.5647,81.83517208561632,73.23,0.019595148292640394,0.019627896780408032,0.082912607552,2.6132608629401193,FINITE,CLIP_RETAINED,ROBUST_EXCLUDED,2.2272267029401194
161,2010A,0.02079,0.02079,True,34.4863,78.93325275760753,73.23,0.01888825878476126,0.018920845557309437,0.082912607552,9.806513549835742,FINITE,CLIP_RETAINED,ROBUST_EXCLUDED,9.420479389835743
162,2003W,0.02087,0.02087,True,34.674,86.0597341192822,73.23,0.020591969660555626,0.02062763256543088,0.082912607552,1.130377331487591,FINITE,CLIP_RETAINED,ROBUST_RETAINED,0.7443431714875909
163,2003W,0.02087,0.02087,True,34.6349,84.52399195272275,73.23,0.020224504475775992,0.020259530973539844,0.082912607552,2.9163481595626717,FINITE,CLIP_RETAINED,ROBUST_EXCLUDED,2.530313999562672
164,2001br,0.02046,0.02046,True,34.8118,91.69802882197341,73.23,0.02194988985586712,0.021987157073299988,0.082912607552,-6.6285643180678795,FINITE,CLIP_EXCLUDED,ROBUST_EXCLUDED,-7.01459847806788
165,ASASSN-16lc,0.02001,0.02001,True,34.6956,86.92005651004673,73.23,0.02081535881626902,0.020849921851872115,0.082912607552,-3.971597323957939,FINITE,CLIP_RETAINED,ROBUST_EXCLUDED,-4.357631483957939
166,AT2016eoa,0.01993,0.01993,True,34.6693,85.87366528916394,73.23,0.020566385166376353,0.020600398148541203,0.082912607552,-3.2299113839203373,FINITE,CLIP_RETAINED,ROBUST_EXCLUDED,-3.615945543920337
167,ASASSN-16lg,0.02093,0.02093,True,34.375,74.98942093324558,73.23,0.01794206251222113,0.017973225497232653,0.082912607552,16.53811834704761,FINITE,CLIP_RETAINED,ROBUST_EXCLUDED,16.15208418704761
168,2004bw,0.02207,0.02207,True,34.8194,92.01952772713382,73.23,0.021992150062300556,0.022032429927763164,0.082912607552,0.15461582433011833,FINITE,CLIP_RETAINED,ROBUST_RETAINED,-0.23141833566988168
169,2008Z,0.02146,0.02146,True,35.118,105.58445924300814,73.23,0.025249161879183326,0.025294127820190963,0.082912607552,-13.374277996624565,FINITE,CLIP_EXCLUDED,ROBUST_EXCLUDED,-13.760312156624565
170,2008Z,0.02146,0.02146,True,35.2056,109.93095479250249,73.23,0.02628857024025423,0.02633538725161701,0.082912607552,-16.1165383089102,FINITE,CLIP_EXCLUDED,ROBUST_EXCLUDED,-16.502572468910202
171,2007bc,0.02187,0.02187,True,34.7561,89.37581189849209,73.23,0.02136449746741341,0.021403272828509373,0.082912607552,2.0085698181487515,FINITE,CLIP_RETAINED,ROBUST_RETAINED,1.6225356581487516
172,2007bc,0.02187,0.02187,True,34.7344,88.48710771347793,73.23,0.02115206059096211,0.02119045039107743,0.082912607552,2.9636819150643405,FINITE,CLIP_RETAINED,ROBUST_EXCLUDED,2.5776477550643406
173,2007bc,0.02187,0.02187,True,34.7419,88.79325975769517,73.23,0.021225243529772796,0.02126376615280533,0.082912607552,2.6317864256001715,FINITE,CLIP_RETAINED,ROBUST_EXCLUDED,2.2457522656001716
174,SN2016ajf,0.01978,0.01978,True,34.7627,89.6478750891956,73.23,0.02147345077074994,0.021508696368015986,0.082912607552,-7.9028119588630865,FINITE,CLIP_EXCLUDED,ROBUST_EXCLUDED,-8.288846118863086
175,2009dc,0.02179,0.02179,True,34.3468,74.02186106986466,73.23,0.01769565665449416,0.017727655687813627,0.082912607552,22.528435868037246,FINITE,CLIP_EXCLUDED,ROBUST_EXCLUDED,22.142401708037244
176,2018fop,0.02017,0.02017,True,34.5899,82.79040364445733,73.23,0.019823292220316386,0.019856471385236156,0.082912607552,1.5738637468197192,FINITE,CLIP_RETAINED,ROBUST_RETAINED,1.1878295868197193
177,ASASSN-15uv,0.02104,0.02104,True,34.6114,83.61419251105978,73.23,0.02000348085900245,0.020038407011705815,0.082912607552,4.829172266121504,FINITE,CLIP_RETAINED,ROBUST_EXCLUDED,4.443138106121504
178,ASASSN-18da,0.02157,0.02157,True,34.7709,89.98704693492652,73.23,0.021516924723848273,0.021555440559836835,0.082912607552,0.06264196463875717,FINITE,CLIP_RETAINED,ROBUST_RETAINED,-0.32339219536124286
179,2006et,0.0214,0.0214,True,34.7583,89.46640776512156,73.23,0.02139599450517514,0.0214339917557191,0.082912607552,-0.14813476677060244,FINITE,CLIP_RETAINED,ROBUST_RETAINED,-0.5341689267706025
180,2006et,0.0214,0.0214,True,34.7742,90.12390477010585,73.23,0.021553235671521568,0.02159151216741643,0.082912607552,-0.8264941337606545,FINITE,CLIP_RETAINED,ROBUST_RETAINED,-1.2125282937606545
181,1999dg,0.02263,0.02263,True,34.8589,93.70871876141396,73.23,0.022383593085302293,0.022425631122435875,0.082912607552,0.8078464433394995,FINITE,CLIP_RETAINED,ROBUST_RETAINED,0.4218122833394995
182,2001cp,0.02245,0.02245,True,34.9654,98.41923840012423,73.23,0.023512902984798363,0.02355671037982123,0.082912607552,-4.118768434301666,FINITE,CLIP_RETAINED,ROBUST_EXCLUDED,-4.504802594301666
183,1995ak,0.02193,0.02193,True,34.6739,86.05577101331913,73.23,0.020569663287595814,0.020607098584408526,0.082912607552,5.977343857296587,FINITE,CLIP_RETAINED,ROBUST_EXCLUDED,5.591309697296587
184,2009na,0.02209,0.02209,True,34.7477,89.03074345791536,73.23,0.021277431056590135,0.02131643722180855,0.082912607552,3.3248755757688597,FINITE,CLIP_RETAINED,ROBUST_EXCLUDED,2.93884141576886
185,ASASSN-18iu,0.02202,0.02202,True,34.8847,94.82874434987026,73.23,0.022664645811855174,0.02270606326014043,0.082912607552,-2.7163993351364457,FINITE,CLIP_RETAINED,ROBUST_EXCLUDED,-3.1024334951364456
186,ATLAS16dpb,0.02238,0.02238,True,35.0481,102.23980205879421,73.23,0.024427329242697773,0.02447269828786153,0.082912607552,-7.417494249853566,FINITE,CLIP_EXCLUDED,ROBUST_EXCLUDED,-7.803528409853566
187,SNF20080514-002,0.02292,0.02292,True,35.0136,100.62826852437786,73.23,0.024029606623509326,0.024075314871062296,0.082912607552,-4.1193165408303685,FINITE,CLIP_RETAINED,ROBUST_EXCLUDED,-4.505350700830369
188,2006dm,0.02161,0.02161,True,34.8059,91.44921882291312,73.23,0.021865690464965823,0.021904903247981063,0.082912607552,-1.2403700328295861,FINITE,CLIP_RETAINED,ROBUST_RETAINED,-1.626404192829586
189,2006dm,0.02161,0.02161,True,34.8234,92.1891901782981,73.23,0.022042619090688925,0.02208214916822641,0.082912607552,-1.9646459826485654,FINITE,CLIP_RETAINED,ROBUST_EXCLUDED,-2.3506801426485655
190,2008ia,0.02257,0.02257,True,34.9245,96.58284631620617,73.23,0.023071470924134543,0.0231146858563166,0.082912607552,-2.0715930837261567,FINITE,CLIP_RETAINED,ROBUST_EXCLUDED,-2.4576272437261566
191,2004bg,0.02214,0.02214,True,34.7727,90.06167087951103,73.23,0.021522759216433013,0.021562304510758665,0.082912607552,2.441650970009497,FINITE,CLIP_RETAINED,ROBUST_EXCLUDED,2.055616810009497
192,2004bg,0.02214,0.02214,True,34.8704,94.20631149795258,73.23,0.022513237198889136,0.02255460236876817,0.082912607552,-1.650300981063216,FINITE,CLIP_RETAINED,ROBUST_EXCLUDED,-2.036335141063216
193,2002cu,0.02217,0.02217,True,34.7814,90.42322659182162,73.23,0.021608528868039344,0.02164828560044561,0.082912607552,2.1913964537446082,FINITE,CLIP_RETAINED,ROBUST_EXCLUDED,1.8053622937446083
194,2006cp,0.02334,0.02334,True,34.7714,90.00776960390398,73.23,0.021484654851270307,0.021526271786385043,0.082912607552,7.417217010798227,FINITE,CLIP_RETAINED,ROBUST_EXCLUDED,7.031182850798227
195,2006cp,0.02334,0.02334,True,34.8603,93.76915448518922,73.23,0.022382489074835987,0.022425845163261984,0.082912607552,3.5398415778597334,FINITE,CLIP_RETAINED,ROBUST_EXCLUDED,3.1538074178597335
196,2000fa,0.02181,0.02181,True,34.759,89.4952529765287,73.23,0.021394304986400228,0.021433027822107723,0.082912607552,1.622273688061653,FINITE,CLIP_RETAINED,ROBUST_RETAINED,1.236239528061653
197,2000fa,0.02181,0.02181,True,34.7997,91.18848491054078,73.23,0.0217990808734349,0.021838536337296564,0.082912607552,-0.11977322533078393,FINITE,CLIP_RETAINED,ROBUST_RETAINED,-0.505807385330784
198,ASASSN-16bn,0.02253,0.02253,True,35.0392,101.8216194236259,73.23,0.024323847537492227,0.02436932746216726,0.082912607552,-6.527180843179284,FINITE,CLIP_EXCLUDED,ROBUST_EXCLUDED,-6.9132150031792845
199,ASASSN-17aj,0.02253,0.02253,True,34.7306,88.33239381258215,73.23,0.021101448708842962,0.021140903498893464,0.082912607552,5.957844155484771,FINITE,CLIP_RETAINED,ROBUST_EXCLUDED,5.571809995484771
200,AT2017cfb,0.02382,0.02382,True,34.8438,93.05934683894854,73.23,0.02220264536265351,0.022246538435377425,0.082912607552,6.075383417174581,FINITE,CLIP_RETAINED,ROBUST_EXCLUDED,5.68934925717458
201,2006bq,0.02226,0.02226,True,34.8693,94.15860161246627,73.23,0.022499194163010428,0.022540757799067085,0.082912607552,-1.1144323489084145,FINITE,CLIP_RETAINED,ROBUST_RETAINED,-1.5004665089084144
202,2002ef,0.02224,0.02224,True,34.6849,86.49280864481591,73.23,0.02066785759017611,0.02070600379118288,0.082912607552,6.822881622415485,FINITE,CLIP_RETAINED,ROBUST_EXCLUDED,6.436847462415485
203,2010cr,0.02368,0.02368,True,35.2685,113.16183988888636,73.23,0.02700250858367659,0.027055576592756026,0.082912607552,-10.079947441150413,FINITE,CLIP_EXCLUDED,ROBUST_EXCLUDED,-10.465981601150412
204,ASASSN-15il,0.02374,0.02374,True,34.8584,93.68714401550353,73.23,0.02235417562613185,0.022398219695482568,0.082912607552,5.145632501936491,FINITE,CLIP_RETAINED,ROBUST_EXCLUDED,4.75959834193649
205,2000cn,0.0226,0.0226,True,34.9992,99.96316542410841,73.23,0.023878252637223006,0.023923038249409577,0.082912607552,-4.802224485868111,FINITE,CLIP_RETAINED,ROBUST_EXCLUDED,-5.188258645868111
206,2000cn,0.0226,0.0226,True,34.9712,98.68246744444473,73.23,0.023572331653422155,0.023616543485828922,0.082912607552,-3.7537232853468745,FINITE,CLIP_RETAINED,ROBUST_EXCLUDED,-4.139757445346874
207,2017hoq,0.0235,0.0235,True,34.985,99.31160484209335,73.23,0.023701753887193536,0.023747980501737386,0.082912607552,-0.8855913826250976,FINITE,CLIP_RETAINED,ROBUST_RETAINED,-1.2716255426250975
208,2009jb,0.02324,0.02324,True,34.7666,89.80902881466416,73.23,0.02143931089896108,0.021480661897887453,0.082912607552,7.235851140937608,FINITE,CLIP_RETAINED,ROBUST_EXCLUDED,6.849816980937607
209,2014ai,0.02317,0.02317,True,35.0225,101.04155005282138,73.23,0.024122401035588582,0.024168786762402777,0.082912607552,-3.5173259002238555,FINITE,CLIP_RETAINED,ROBUST_EXCLUDED,-3.9033600602238554
210,ASASSN-14fa,0.02262,0.02262,True,34.883,94.75453397646622,73.23,0.022633621501537554,0.022676110309097854,0.082912607552,-0.21860135109557616,FINITE,CLIP_RETAINED,ROBUST_RETAINED,-0.6046355110955761
211,2004at,0.02287,0.02287,True,34.9168,96.24097187244479,73.23,0.02298306206933727,0.023026684157417827,0.082912607552,-0.5937028062439178,FINITE,CLIP_RETAINED,ROBUST_RETAINED,-0.9797369662439178
212,PS15cku,0.02222,0.02222,True,35.0537,102.5038080798465,73.23,0.02449423935596142,0.024539407131378175,0.082912607552,-8.230568429349242,FINITE,CLIP_EXCLUDED,ROBUST_EXCLUDED,-8.616602589349242
213,2007ci,0.02295,0.02295,True,34.6478,85.02761550652444,73.23,0.020303640939887978,0.020342312389405176,0.082912607552,11.629365945597225,FINITE,CLIP_RETAINED,ROBUST_EXCLUDED,11.243331785597226
214,2007ci,0.02295,0.02295,True,34.4301,76.91658608679211,73.23,0.018366818085218173,0.018401800553657057,0.082912607552,23.18231840371078,FINITE,CLIP_EXCLUDED,ROBUST_EXCLUDED,22.79628424371078
215,2009al,0.02328,0.02328,True,34.9851,99.31617841582052,73.23,0.02370794140974464,0.023753746801425907,0.082912607552,-1.701942332045399,FINITE,CLIP_RETAINED,ROBUST_EXCLUDED,-2.087976492045399
216,2009al,0.02328,0.02328,True,35.0081,100.37371536599169,73.23,0.023960387934099672,0.024006681070023544,0.082912607552,-2.5740036221285716,FINITE,CLIP_RETAINED,ROBUST_EXCLUDED,-2.9600377821285715
217,2009al,0.02328,0.02328,True,34.9783,99.00565469992766,73.23,0.023633815741800582,0.02367947791753597,0.082912607552,-1.4411349354306953,FINITE,CLIP_RETAINED,ROBUST_EXCLUDED,-1.8271690954306954
218,2009cz,0.02315,0.02315,True,34.8582,93.67851550801824,73.23,0.022365006185519443,0.022407975404168046,0.082912607552,2.892082386743552,FINITE,CLIP_RETAINED,ROBUST_EXCLUDED,2.506048226743552
219,2009cz,0.02315,0.02315,True,34.8582,93.67851550801824,73.23,0.022365006185519443,0.022407975404168046,0.082912607552,2.892082386743552,FINITE,CLIP_RETAINED,ROBUST_EXCLUDED,2.506048226743552
220,ASASSN-15nr,0.02309,0.02309,True,34.8331,92.601921834029,73.23,0.022109274484797298,0.022151642174465535,0.082912607552,3.720268749910037,FINITE,CLIP_RETAINED,ROBUST_EXCLUDED,3.334234589910037
221,2004bk,0.02405,0.02405,True,34.8391,92.85814422107974,73.23,0.022149665363566953,0.022193876929520684,0.082912607552,7.1435425245475805,FINITE,CLIP_RETAINED,ROBUST_EXCLUDED,6.75750836454758
222,2018enc,0.0245,0.0245,True,34.9998,99.9907900837669,73.23,0.023840555387460088,0.023889033332852836,0.082912607552,2.1054193937066046,FINITE,CLIP_RETAINED,ROBUST_RETAINED,1.7193852337066047
223,2007qe,0.0228,0.0228,True,35.0406,101.88728741425832,73.23,0.02433310957768514,0.02437915257566714,0.082912607552,-5.5565772969300795,FINITE,CLIP_EXCLUDED,ROBUST_EXCLUDED,-5.94261145693008
224,2007qe,0.0228,0.0228,True,34.9509,97.76423358373565,73.23,0.023348426177047635,0.023392605961629648,0.082912607552,-2.203271649729557,FINITE,CLIP_RETAINED,ROBUST_EXCLUDED,-2.5893058097295567
225,ATLAS17bas,0.02331,0.02331,True,34.5715,82.09184188699035,73.23,0.019595714936438736,0.019633624056758153,0.082912607552,17.0111491926907,FINITE,CLIP_RETAINED,ROBUST_EXCLUDED,16.625115032690697
226,ASASSN-15tz,0.0222,0.0222,True,34.9543,97.91742860306827,73.23,0.0233987390785139,0.023441847861089708,0.082912607552,-4.686780886812431,FINITE,CLIP_RETAINED,ROBUST_EXCLUDED,-5.072815046812432
227,2010ao,0.02422,0.02422,True,34.943,97.40920524918572,73.23,0.023231383767431005,0.02327808258964038,0.082912607552,3.385817324818484,FINITE,CLIP_RETAINED,ROBUST_EXCLUDED,2.999783164818484
228,2006sr,0.02307,0.02307,True,34.9949,99.76541190945936,73.23,0.023820067147059653,0.02386567362914744,0.082912607552,-2.8578217438151565,FINITE,CLIP_RETAINED,ROBUST_EXCLUDED,-3.2438559038151564
229,ASASSN-15jt,0.02396,0.02396,True,34.889,95.01671247555662,73.23,0.022666545662199382,0.022711619462893077,0.082912607552,4.67076112312752,FINITE,CLIP_RETAINED,ROBUST_EXCLUDED,4.28472696312752
230,ASASSN-16em,0.02296,0.02296,True,34.994,99.72407117415493,73.23,0.023812756937330138,0.023858131826728312,0.082912607552,-3.237480484682396,FINITE,CLIP_RETAINED,ROBUST_EXCLUDED,-3.623514644682396
231,2000ca,0.02454,0.02454,True,34.8993,95.46847823992331,73.23,0.022761423138042223,0.022807782392550772,0.082912607552,6.342644044976576,FINITE,CLIP_RETAINED,ROBUST_EXCLUDED,5.956609884976576
232,1998eg,0.02358,0.02358,True,35.1018,104.79969048356136,73.23,0.025009588135054512,0.02505853169144741,0.082912607552,-4.904087978453683,FINITE,CLIP_RETAINED,ROBUST_EXCLUDED,-5.290122138453683
233,PS1-14xw,0.02436,0.02436,True,35.1049,104.94940965502055,73.23,0.025026246606283897,0.025076844476247043,0.082912607552,-2.324375769470592,FINITE,CLIP_RETAINED,ROBUST_EXCLUDED,-2.710409929470592
234,2010gp,0.02436,0.02436,True,34.4711,78.38266042535649,73.23,0.018691136957412518,0.018728926552157302,0.082912607552,26.94094527566763,FINITE,CLIP_EXCLUDED,ROBUST_EXCLUDED,26.55491111566763
235,2000bh,0.02421,0.02421,True,34.8782,94.54531213984694,73.23,0.022548586338574254,0.022593893894809734,0.082912607552,6.046636160209584,FINITE,CLIP_RETAINED,ROBUST_EXCLUDED,5.660602000209583
236,2007F,0.0242,0.0242,True,34.9421,97.36884087747299,73.23,0.02322221062106279,0.023268852418114293,0.082912607552,3.3507194095772665,FINITE,CLIP_RETAINED,ROBUST_EXCLUDED,2.9646852495772666
237,2007F,0.0242,0.0242,True,35.084,103.94413751488028,73.23,0.02479040145124823,0.02484019295870556,0.082912607552,-2.1114984560296435,FINITE,CLIP_RETAINED,ROBUST_EXCLUDED,-2.4975326160296434
238,1993H,0.0245,0.0245,True,35.1803,108.65757292324916,73.23,0.0259069548642786,0.02595963467491185,0.082912607552,-4.502283651152681,FINITE,CLIP_RETAINED,ROBUST_EXCLUDED,-4.888317811152682
239,AT2016bln,0.02425,0.02425,True,35.0771,103.61437221235714,73.23,0.024710546966074536,0.024760280732602228,0.082912607552,-1.6879411094143997,FINITE,CLIP_RETAINED,ROBUST_EXCLUDED,-2.0739752694143996
240,2006ac,0.02395,0.02395,True,34.9871,99.40769413466224,73.23,0.023714260205763595,0.023761397749164654,0.082912607552,0.6645748076797743,FINITE,CLIP_RETAINED,ROBUST_RETAINED,0.27854064767977427
241,2006ac,0.02395,0.02395,True,34.953,97.85882571180136,73.23,0.023344768999635657,0.02339117209432889,0.082912607552,2.0107976412629354,FINITE,CLIP_RETAINED,ROBUST_RETAINED,1.6247634812629355
242,ASASSN-15sf,0.02349,0.02349,True,35.2317,111.26024194072798,73.23,0.026553680624749047,0.0266054474231552,0.082912607552,-9.56480682741536,FINITE,CLIP_EXCLUDED,ROBUST_EXCLUDED,-9.95084098741536
243,2005bg,0.02414,0.02414,True,35.0102,100.47083230733368,73.23,0.02396343119307836,0.024011442279859872,0.082912607552,0.4443709398960593,FINITE,CLIP_RETAINED,ROBUST_RETAINED,0.05833677989605929
244,2009D,0.02476,0.02476,True,35.008,100.36909309200986,73.23,0.02392468157131693,0.02397384738618973,0.082912607552,2.677437283935116,FINITE,CLIP_RETAINED,ROBUST_EXCLUDED,2.2914031239351162
245,2009D,0.02476,0.02476,True,35.0746,103.49515040067921,73.23,0.024669830534803542,0.024720527649304394,0.082912607552,0.12904630612704995,FINITE,CLIP_RETAINED,ROBUST_RETAINED,-0.2569878538729501
246,2009D,0.02476,0.02476,True,34.9493,97.6922247666214,73.23,0.02328660444697195,0.023334458997505594,0.082912607552,5.033206541996577,FINITE,CLIP_RETAINED,ROBUST_EXCLUDED,4.647172381996577
247,PS16ccn,0.02395,0.02395,True,35.1784,108.56254104800973,73.23,0.025898200027896078,0.025949678653720026,0.082912607552,-6.26536157081059,FINITE,CLIP_EXCLUDED,ROBUST_EXCLUDED,-6.651395730810591
248,2008bf,0.02451,0.02451,True,35.1061,105.00742287027342,73.23,0.025036414288714004,0.025087344722253012,0.082912607552,-1.863360047315953,FINITE,CLIP_RETAINED,ROBUST_EXCLUDED,-2.249394207315953
249,2008bf,0.02451,0.02451,True,35.0521,102.42830830146171,73.23,0.024421488418924782,0.02447116793686615,0.082912607552,0.12955434708883623,FINITE,CLIP_RETAINED,ROBUST_RETAINED,-0.2564798129111638
250,2008bf,0.02451,0.02451,True,34.8898,95.05172437510778,73.23,0.0226627250270851,0.022708826773025815,0.082912607552,6.638884857126963,FINITE,CLIP_RETAINED,ROBUST_EXCLUDED,6.252850697126963
251,1994M,0.02426,0.02426,True,34.9528,97.8498129959266,73.23,0.023335554146604244,0.023382539916215438,0.082912607552,3.131898716936914,FINITE,CLIP_RETAINED,ROBUST_EXCLUDED,2.745864556936914
252,2004br,0.02426,0.02426,True,34.807,91.49555587213825,73.23,0.02182016942962189,0.021864103996046002,0.082912607552,9.352416001706326,FINITE,CLIP_RETAINED,ROBUST_EXCLUDED,8.966381841706326
253,ASASSN-16hz,0.02406,0.02406,True,34.8112,91.67269522039436,73.23,0.021866683972741413,0.021910348863619443,0.082912607552,8.41392053994553,FINITE,CLIP_RETAINED,ROBUST_EXCLUDED,8.02788637994553
254,2003he,0.02404,0.02404,True,35.0862,104.04950057697928,73.23,0.024819407537601534,0.024868927389960067,0.082912607552,-2.7418747132102723,FINITE,CLIP_RETAINED,ROBUST_EXCLUDED,-3.1279088732102722
255,2001cj,0.02491,0.02491,True,35.1973,109.51156868394142,73.23,0.02610012580396936,0.026154087484290194,0.082912607552,-3.757619822117699,FINITE,CLIP_RETAINED,ROBUST_EXCLUDED,-4.143653982117699
256,Gaia16agf,0.02553,0.02553,True,35.2152,110.4180313984055,73.23,0.026300255152636523,0.026355985413988713,0.082912607552,-2.429198246093073,FINITE,CLIP_RETAINED,ROBUST_EXCLUDED,-2.815232406093073
257,2007cq,0.02481,0.02481,True,34.8369,92.76411379938868,73.23,0.022110826494389405,0.022156356643901164,0.082912607552,10.025765467848036,FINITE,CLIP_RETAINED,ROBUST_EXCLUDED,9.639731307848036
258,2007cq,0.02481,0.02481,True,34.8482,93.24810182613042,73.23,0.022226187649111273,0.02227195534788984,0.082912607552,9.52273503247683,FINITE,CLIP_RETAINED,ROBUST_EXCLUDED,9.13670087247683
259,2003it,0.02413,0.02413,True,35.079,103.70507263257612,73.23,0.02473507565422493,0.024784612192454748,0.082912607552,-2.169700471683593,FINITE,CLIP_RETAINED,ROBUST_EXCLUDED,-2.5557346316835927
260,2007cq,0.02481,0.02481,True,35.009,100.415325412088,73.23,0.0239345340199753,0.023983819509719444,0.082912607552,2.8084226036029203,FINITE,CLIP_RETAINED,ROBUST_EXCLUDED,2.4223884436029204
261,AT2017cfc,0.02499,0.02499,True,35.0276,101.27913885076734,73.23,0.024136189272636267,0.02418625096607189,0.082912607552,2.6887354108305703,FINITE,CLIP_RETAINED,ROBUST_EXCLUDED,2.3027012508305704
262,2011dn,0.02443,0.02443,True,34.4583,77.92198368758496,73.23,0.018580014265166943,0.018617687247476453,0.082912607552,27.97576294615217,FINITE,CLIP_EXCLUDED,ROBUST_EXCLUDED,27.58972878615217
263,2007sw,0.025,0.025,True,34.9117,96.01520201421147,73.23,0.022881498657869984,0.02292897696570988,0.082912607552,7.437140178284904,FINITE,CLIP_RETAINED,ROBUST_EXCLUDED,7.051106018284903
264,2012bh,0.025,0.025,True,35.1989,109.59228952472617,73.23,0.02611707076658297,0.0261712627731588,0.082912607552,-3.526077410276187,FINITE,CLIP_RETAINED,ROBUST_EXCLUDED,-3.912111570276187
265,370356,0.025,0.025,True,35.2277,111.05548165019628,73.23,0.026465765847703507,0.02652068138435275,0.082912607552,-4.4977593147129635,FINITE,CLIP_RETAINED,ROBUST_EXCLUDED,-4.883793474712964
266,2002he,0.02469,0.02469,True,35.1139,105.38529122315407,73.23,0.025122093826108634,0.025173574248014727,0.082912607552,-1.5460348825402066,FINITE,CLIP_RETAINED,ROBUST_EXCLUDED,-1.9320690425402067
267,2002he,0.02469,0.02469,True,35.1145,105.4144142785385,73.23,0.025129036276249246,0.025180530924686965,0.082912607552,-1.5676984056457142,FINITE,CLIP_RETAINED,ROBUST_EXCLUDED,-1.9537325656457143
268,2018jjd,0.02547,0.02547,True,34.9842,99.27502383363864,73.23,0.023647507482098037,0.023697498679472403,0.082912607552,6.016247234484138,FINITE,CLIP_RETAINED,ROBUST_EXCLUDED,5.630213074484137
269,2002bf,0.02494,0.02494,True,34.9441,97.45856220593951,73.23,0.023226827186080715,0.023274906251236637,0.082912607552,5.870643955003014,FINITE,CLIP_RETAINED,ROBUST_EXCLUDED,5.4846097950030135
270,2002bf,0.02494,0.02494,True,34.9063,95.77672882701498,73.23,0.02282600398118347,0.022873253350366288,0.082912607552,7.457838379358174,FINITE,CLIP_RETAINED,ROBUST_EXCLUDED,7.071804219358174
271,ASASSN-16bq,0.02582,0.02582,True,35.1882,109.0535982994187,73.23,0.025967920274397493,0.026023572038201187,0.082912607552,-0.6043493875142677,FINITE,CLIP_RETAINED,ROBUST_RETAINED,-0.9903835475142677
272,PS15ahs,0.02522,0.02522,True,35.1974,109.51661199417842,73.23,0.02609343542071801,0.026148055341188588,0.082912607552,-2.780917845602488,FINITE,CLIP_RETAINED,ROBUST_EXCLUDED,-3.166952005602488
273,PSNJ0153424,0.02474,0.02474,True,35.1828,108.78274161614202,73.23,0.025930723977067024,0.025983969170901434,0.082912607552,-3.8074394538623784,FINITE,CLIP_RETAINED,ROBUST_EXCLUDED,-4.193473613862379
274,SN2017hn,0.02492,0.02492,True,35.0621,102.9010958911519,73.23,0.024524398436591714,0.024575122696356626,0.082912607552,1.1315358378628793,FINITE,CLIP_RETAINED,ROBUST_RETAINED,0.7455016778628792
275,1992ag,0.02592,0.02592,True,34.7664,89.80075747834056,73.23,0.021381335828630638,0.02142733575741399,0.082912607552,17.236861080161837,FINITE,CLIP_RETAINED,ROBUST_EXCLUDED,16.850826920161836
276,SN2017ms,0.02538,0.02538,True,35.1181,105.58932169900739,73.23,0.025153793364714985,0.025206780776699158,0.082912607552,0.5427608204153159,FINITE,CLIP_RETAINED,ROBUST_RETAINED,0.1567266604153159
277,PSNJ2352371,0.02525,0.02525,True,35.4014,120.30398130692335,73.23,0.02866279603561634,0.02872286569866367,0.082912607552,-9.174509471505182,FINITE,CLIP_EXCLUDED,ROBUST_EXCLUDED,-9.560543631505181
278,2005M,0.02584,0.02584,True,35.2931,114.45110762279734,73.23,0.02725264769375427,0.02731109804127843,0.082912607552,-4.092843417820405,FINITE,CLIP_RETAINED,ROBUST_EXCLUDED,-4.4788775778204055
279,2005M,0.02584,0.02584,True,35.1081,105.10418283366513,73.23,0.02502699471765761,0.02508067157706484,0.082912607552,2.366713299892032,FINITE,CLIP_RETAINED,ROBUST_EXCLUDED,1.980679139892032
280,2005M,0.02584,0.02584,True,34.835,92.68298233793494,73.23,0.022069307299207554,0.02211664063341243,0.082912607552,13.72341468752277,FINITE,CLIP_RETAINED,ROBUST_EXCLUDED,13.33738052752277
281,SN2017mf,0.02618,0.02618,True,35.3111,115.40377091819087,73.23,0.027470387464378992,0.027530080881055276,0.082912607552,-3.6841213242071653,FINITE,CLIP_RETAINED,ROBUST_EXCLUDED,-4.070155484207166
282,2005mc,0.02597,0.02597,True,35.2855,114.05123700072419,73.23,0.027153990972845755,0.027212523037910972,0.082912607552,-3.462011523522421,FINITE,CLIP_RETAINED,ROBUST_EXCLUDED,-3.848045683522421
283,2005mc,0.02597,0.02597,True,35.3429,117.10623001007457,73.23,0.02788134172132979,0.027941441634796303,0.082912607552,-5.302767490091503,FINITE,CLIP_EXCLUDED,ROBUST_EXCLUDED,-5.688801650091503
284,ASASSN-15uu,0.02579,0.02579,True,35.0223,101.03224421070088,73.23,0.024058573332705543,0.024110073210466126,0.082912607552,5.526117677780984,FINITE,CLIP_RETAINED,ROBUST_EXCLUDED,5.140083517780984
285,2005ms,0.02595,0.02595,True,35.308,115.23913771994866,73.23,0.02743734823690187,0.02749644549955994,0.082912607552,-4.25179003535289,FINITE,CLIP_RETAINED,ROBUST_EXCLUDED,-4.6378241953528905
286,1999gp,0.02603,0.02603,True,35.2688,113.17747485482387,73.23,0.026944384788191406,0.0270025993655066,0.082912607552,-2.7338455926104985,FINITE,CLIP_RETAINED,ROBUST_EXCLUDED,-3.1198797526104984
287,1999gp,0.02603,0.02603,True,35.2892,114.24573604021946,73.23,0.027198707836753058,0.02725747189066198,0.082912607552,-3.4073109299674784,FINITE,CLIP_RETAINED,ROBUST_EXCLUDED,-3.7933450899674783
288,ASASSN-15mf,0.02691,0.02691,True,35.1184,105.60391041062418,73.23,0.025119786748710654,0.025175896042673885,0.082912607552,5.2341741008220835,FINITE,CLIP_RETAINED,ROBUST_EXCLUDED,4.848139940822083
289,ASASSN-17at,0.02643,0.02643,True,35.2513,112.26903765838696,73.23,0.02671769540112794,0.026776308228329212,0.082912607552,-0.9744519793698058,FINITE,CLIP_RETAINED,ROBUST_RETAINED,-1.3604861393698058
290,SNF20071021-000,0.0264,0.0264,True,35.3224,116.00587922362935,73.23,0.027607792862410524,0.02766828954874513,0.082912607552,-3.4187695244618204,FINITE,CLIP_RETAINED,ROBUST_EXCLUDED,-3.8048036844618203
291,2013fn,0.02724,0.02724,True,35.2892,114.24573604021946,73.23,0.027166670108001778,0.027228096444404885,0.082912607552,0.03210299795794789,FINITE,CLIP_RETAINED,ROBUST_RETAINED,-0.3539311620420521
292,2002eb,0.02633,0.02633,True,35.2673,113.09932162116323,73.23,0.0269179081903654,0.02697673656890483,0.082912607552,-1.8063601961457634,FINITE,CLIP_RETAINED,ROBUST_EXCLUDED,-2.1923943561457633
293,2007co,0.02655,0.02655,True,35.3437,117.14938148790526,73.23,0.027875856737232724,0.02793728828016528,0.082912607552,-3.6776912890960376,FINITE,CLIP_RETAINED,ROBUST_EXCLUDED,-4.0637254490960375
294,2007co,0.02655,0.02655,True,35.1118,105.28342387607448,73.23,0.025052335774199554,0.025107544970285642,0.082912607552,4.409095694325303,FINITE,CLIP_RETAINED,ROBUST_EXCLUDED,4.0230615343253024
295,2007co,0.02655,0.02655,True,35.227,111.01968736234767,73.23,0.026417287574366583,0.026475504789036756,0.082912607552,0.212156496043692,FINITE,CLIP_RETAINED,ROBUST_RETAINED,-0.17387766395630802
296,1992P,0.02643,0.02643,True,35.313,115.50479136828523,73.23,0.027487737469869884,0.02754803960230633,0.082912607552,-3.0290175108604913,FINITE,CLIP_RETAINED,ROBUST_EXCLUDED,-3.415051670860491
297,2007su,0.0266,0.0266,True,35.3042,115.03764965018092,73.23,0.027372034031728155,0.027432468997779756,0.082912607552,-2.258346466598121,FINITE,CLIP_RETAINED,ROBUST_EXCLUDED,-2.644380626598121
298,ASASSN-15fa,0.02721,0.02721,True,35.5236,127.26822878586822,73.23,0.03026419263034156,0.030332547301067023,0.082912607552,-7.297606921536052,FINITE,CLIP_EXCLUDED,ROBUST_EXCLUDED,-7.683641081536052
299,2005na,0.02717,0.02717,True,35.113,105.34162172541882,73.23,0.02505105407936802,0.0251075510919087,0.082912607552,6.2079121078535815,FINITE,CLIP_RETAINED,ROBUST_EXCLUDED,5.821877947853581
300,2005na,0.02717,0.02717,True,35.1538,107.33960678208796,73.23,0.025526190410901352,0.025583758986466733,0.082912607552,4.656425777790324,FINITE,CLIP_RETAINED,ROBUST_EXCLUDED,4.270391617790324
301,2005na,0.02717,0.02717,True,35.1117,105.27857550686589,73.23,0.025036061199966694,0.025092524399443348,0.082912607552,6.258134777703182,FINITE,CLIP_RETAINED,ROBUST_EXCLUDED,5.872100617703182
302,ASASSN-16av,0.02676,0.02676,True,35.3467,117.31134119162478,73.23,0.027908686028238976,0.027970676930196812,0.082912607552,-3.1876008172689354,FINITE,CLIP_RETAINED,ROBUST_EXCLUDED,-3.5736349772689353
303,2006gj,0.0277,0.0277,True,35.7258,139.68828969467302,73.23,0.033201826415697376,0.03327816799329849,0.082912607552,-11.385451630803654,FINITE,CLIP_EXCLUDED,ROBUST_EXCLUDED,-11.771485790803654
304,2010ii,0.02704,0.02704,True,35.1306,106.19889550548666,73.23,0.025258117129293132,0.025314808265275515,0.082912607552,5.152628611402373,FINITE,CLIP_RETAINED,ROBUST_EXCLUDED,4.766594451402373
305,2006ev,0.02759,0.02759,True,35.6739,136.3892056510019,73.23,0.03242115346618964,0.03249540365594097,0.082912607552,-10.362406272914292,FINITE,CLIP_EXCLUDED,ROBUST_EXCLUDED,-10.748440432914292
306,PSNJ0252467,0.02748,0.02748,True,35.3613,118.10274722744667,73.23,0.028077274902637697,0.02814132017940665,0.082912607552,-1.696828902862281,FINITE,CLIP_RETAINED,ROBUST_EXCLUDED,-2.082863062862281
307,2009aa,0.02827,0.02827,True,35.3174,115.7390731052062,73.23,0.02749420495952288,0.027558725296565917,0.082912607552,1.8414979864057908,FINITE,CLIP_RETAINED,ROBUST_RETAINED,1.4554638264057909
308,2011hb,0.02775,0.02775,True,35.2874,114.15107348963578,73.23,0.02713069041733302,0.027193185251566995,0.082912607552,1.4857711576230423,FINITE,CLIP_RETAINED,ROBUST_RETAINED,1.0997369976230424
309,2005eq,0.02831,0.02831,True,35.5061,126.24668988776114,73.23,0.029989157977730156,0.03005963288528766,0.082912607552,-4.030631162347697,FINITE,CLIP_RETAINED,ROBUST_EXCLUDED,-4.416665322347697
310,2005eq,0.02831,0.02831,True,35.5563,129.1992522036892,73.23,0.030690521774358645,0.030762644895872947,0.082912607552,-5.478677106220672,FINITE,CLIP_EXCLUDED,ROBUST_EXCLUDED,-5.864711266220672
311,2005eq,0.02831,0.02831,True,35.558,129.30043917962797,73.23,0.03071455814481251,0.030786737752107007,0.082912607552,-5.52672422472431,FINITE,CLIP_EXCLUDED,ROBUST_EXCLUDED,-5.91275838472431
312,2003U,0.02794,0.02794,True,35.2665,113.05766196570782,73.23,0.02686584873745983,0.026928157722401754,0.082912607552,2.723011525192763,FINITE,CLIP_RETAINED,ROBUST_EXCLUDED,2.3369773651927632
313,2009ad,0.02834,0.02834,True,35.372,118.68613846449192,73.23,0.028192371009014044,0.02825869373402157,0.082912607552,0.20324412681003595,FINITE,CLIP_RETAINED,ROBUST_RETAINED,-0.18279003318996406
314,2009ad,0.02834,0.02834,True,35.3421,117.06309442690785,73.23,0.027806837700208753,0.02787225345575234,0.082912607552,1.1909071137779748,FINITE,CLIP_RETAINED,ROBUST_RETAINED,0.8048729537779747
315,2002el,0.02778,0.02778,True,35.1049,104.94940965502055,73.23,0.024942970259795843,0.02500048792358284,0.082912607552,8.290375317857333,FINITE,CLIP_RETAINED,ROBUST_EXCLUDED,7.904341157857332
316,2008ar,0.02732,0.02732,True,35.4368,122.28128672123168,73.23,0.029075191786286196,0.02914112675820721,0.082912607552,-4.477570432123361,FINITE,CLIP_RETAINED,ROBUST_EXCLUDED,-4.8636045921233615
317,2008ar,0.02732,0.02732,True,35.2913,114.35627490395619,73.23,0.027190837731187256,0.02725249947827022,0.082912607552,0.18147140787655863,FINITE,CLIP_RETAINED,ROBUST_RETAINED,-0.20456275212344138
318,2008ar,0.02732,0.02732,True,35.359,117.97772030511946,73.23,0.028051919769213472,0.02811553422637368,0.082912607552,-2.051666262118138,FINITE,CLIP_RETAINED,ROBUST_EXCLUDED,-2.4377004221181378
319,AT2017ns,0.02802,0.02802,True,35.1963,109.46114835343035,73.23,0.026009186411443796,0.02606968149048741,0.082912607552,5.469835119325904,FINITE,CLIP_RETAINED,ROBUST_EXCLUDED,5.083800959325903
320,2004gs,0.02829,0.02829,True,35.5996,131.80139290554814,73.23,0.03130925392529393,0.03138277903472923,0.082912607552,-6.730386030997139,FINITE,CLIP_EXCLUDED,ROBUST_EXCLUDED,-7.11642019099714
321,SN2017ckx,0.02779,0.02779,True,35.6596,135.49398002267418,73.23,0.03220208139117047,0.032276365086108906,0.082912607552,-9.517020652808029,FINITE,CLIP_EXCLUDED,ROBUST_EXCLUDED,-9.903054812808028
322,2007is,0.02953,0.02953,True,35.3449,117.21413851995896,73.23,0.027810533804961048,0.027878708800684566,0.082912607552,4.0892815923349115,FINITE,CLIP_RETAINED,ROBUST_EXCLUDED,3.7032474323349116
323,2013bs,0.02859,0.02859,True,35.4105,120.80919765409492,73.23,0.028689701747840687,0.028757790536121427,0.082912607552,-0.40736214286074973,FINITE,CLIP_RETAINED,ROBUST_RETAINED,-0.7933963028607498
324,1998ab,0.02806,0.02806,True,34.9487,97.66523513629453,73.23,0.023205443304303113,0.02325949426366586,0.082912607552,15.659016453694695,FINITE,CLIP_RETAINED,ROBUST_EXCLUDED,15.272982293694696
325,1993ah,0.02828,0.02828,True,35.2763,113.56905184475494,73.23,0.026978446764361043,0.027041779198567758,0.082912607552,3.2869600379514194,FINITE,CLIP_RETAINED,ROBUST_EXCLUDED,2.9009258779514195
326,2006qo,0.02871,0.02871,True,35.4779,124.61777705579165,73.23,0.029590708900315864,0.029661231147103492,0.082912607552,-2.209913025670465,FINITE,CLIP_RETAINED,ROBUST_EXCLUDED,-2.595947185670465
327,ASASSN-15la,0.02845,0.02845,True,35.0558,102.60298599988585,73.23,0.02436941751616811,0.024426969502126812,0.082912607552,12.18113396250434,FINITE,CLIP_RETAINED,ROBUST_EXCLUDED,11.79509980250434
328,1996C,0.02875,0.02875,True,35.5152,126.77686262863567,73.23,0.03010221705796581,0.03017405843207973,0.082912607552,-3.230636488074557,FINITE,CLIP_RETAINED,ROBUST_EXCLUDED,-3.6166706480745567
329,PS16cvc,0.02844,0.02844,True,35.6948,137.70826290555064,73.23,0.03270765223986958,0.032784869018324565,0.082912607552,-8.88863607192422,FINITE,CLIP_EXCLUDED,ROBUST_EXCLUDED,-9.274670231924219
330,ASASSN-15fs,0.0285,0.0285,True,35.2391,111.6400442615786,73.23,0.026514536228260596,0.02657726440880598,0.082912607552,5.196423226616687,FINITE,CLIP_RETAINED,ROBUST_EXCLUDED,4.810389066616687
331,2003ch,0.02895,0.02895,True,35.6024,131.9714535207382,73.23,0.03132954298365019,0.03140483423730963,0.082912607552,-5.255654511188672,FINITE,CLIP_EXCLUDED,ROBUST_EXCLUDED,-5.641688671188672
332,ASASSN-16ay,0.02895,0.02895,True,35.6222,133.18030342138223,73.23,0.031616519552541716,0.03169250046917051,0.082912607552,-5.8005909434676335,FINITE,CLIP_EXCLUDED,ROBUST_EXCLUDED,-6.186625103467634
333,PSNJ0859349,0.02874,0.02874,True,35.472,124.27964384409158,73.23,0.02950955799889196,0.029579960418731236,0.082912607552,-1.957195880973381,FINITE,CLIP_RETAINED,ROBUST_EXCLUDED,-2.343230040973381
334,ASASSN-16fs,0.0299,0.0299,True,35.2761,113.5585922302133,73.23,0.02693352974017825,0.027000383136152165,0.082912607552,7.431768041299929,FINITE,CLIP_RETAINED,ROBUST_EXCLUDED,7.045733881299928
335,LSQ12gdj,0.02886,0.02886,True,35.0939,104.41911306572835,73.23,0.024790885993218534,0.024850278089557115,0.082912607552,11.753246971484998,FINITE,CLIP_RETAINED,ROBUST_EXCLUDED,11.367212811484999
336,2000cw,0.02896,0.02896,True,35.6079,132.30614024811536,73.23,0.03140869114528913,0.03148419871241235,0.082912607552,-5.384766324528923,FINITE,CLIP_EXCLUDED,ROBUST_EXCLUDED,-5.770800484528923
337,2002de,0.0305,0.0305,True,35.3638,118.23879634118822,73.23,0.02802724017093287,0.028098206116414896,0.082912607552,5.760480707549455,FINITE,CLIP_RETAINED,ROBUST_EXCLUDED,5.3744465475494545
338,ASASSN-16aj,0.03053,0.03053,True,35.4654,123.90248023134474,73.23,0.029368900781339476,0.029443337094706642,0.082912607552,2.447131970740933,FINITE,CLIP_RETAINED,ROBUST_EXCLUDED,2.0610978107409332
339,ASASSN-16br,0.029,0.029,True,35.5064,126.26413271741175,73.23,0.02997318929291289,0.03004534550986716,0.082912607552,-2.371310606855577,FINITE,CLIP_RETAINED,ROBUST_EXCLUDED,-2.757344766855577
340,AT2017zd,0.03048,0.03048,True,35.2781,113.66323173975147,73.23,0.02694317450740975,0.02701135076931513,0.082912607552,8.772256626091643,FINITE,CLIP_RETAINED,ROBUST_EXCLUDED,8.386222466091644
341,ASASSN-16hh,0.02935,0.02935,True,35.5015,125.97953470904977,73.23,0.02989546151962612,0.02996830026780514,0.082912607552,-1.3961794785081727,FINITE,CLIP_RETAINED,ROBUST_RETAINED,-1.7822136385081726
342,ATLAS17ajn,0.02988,0.02988,True,35.5116,126.56685830565384,73.23,0.03001937920452876,0.030093842276927248,0.082912607552,-0.4744964685027731,FINITE,CLIP_RETAINED,ROBUST_RETAINED,-0.8605306285027732
343,Gaia16bba,0.02934,0.02934,True,35.4354,122.20247447100185,73.23,0.028999431322369207,0.029070062836486863,0.082912607552,0.6349282323813541,FINITE,CLIP_RETAINED,ROBUST_RETAINED,0.24889407238135408
344,1997dg,0.02962,0.02962,True,35.861,148.66200985285977,73.23,0.035268855052639506,0.035355577272056196,0.082912607552,-10.326775085441179,FINITE,CLIP_EXCLUDED,ROBUST_EXCLUDED,-10.712809245441179
345,2004ef,0.02978,0.02978,True,35.5195,127.028157838881,73.23,0.03013171689565267,0.030206208173115878,0.082912607552,-0.9431346582342155,FINITE,CLIP_RETAINED,ROBUST_RETAINED,-1.3291688182342156
346,2004ef,0.02978,0.02978,True,35.4838,124.95683024171582,73.23,0.02964038758868833,0.029713664207595653,0.082912607552,0.15004441680113514,FINITE,CLIP_RETAINED,ROBUST_RETAINED,-0.23598974319886487
347,2004ef,0.02978,0.02978,True,35.4761,124.51452036514392,73.23,0.029535469464960835,0.029608486706511977,0.082912607552,0.38978312903810813,FINITE,CLIP_RETAINED,ROBUST_RETAINED,0.0037489690381081187
348,ASASSN-15nq,0.03025,0.03025,True,35.5185,126.96967267809462,73.23,0.03010410416290263,0.0301797032241847,0.082912607552,0.15412101588967977,FINITE,CLIP_RETAINED,ROBUST_RETAINED,-0.23191314411032024
349,AT2017lm,0.03002,0.03002,True,35.5542,129.07436584702688,73.23,0.030609953769800104,0.030686237959026034,0.082912607552,-1.4359106757358493,FINITE,CLIP_RETAINED,ROBUST_EXCLUDED,-1.8219448357358492
350,ASASSN-16fo,0.02994,0.02994,True,35.4803,124.75558585489004,73.23,0.02958805422508834,0.029661594954686416,0.082912607552,0.6289458117760309,FINITE,CLIP_RETAINED,ROBUST_RETAINED,0.2429116517760309
351,ASASSN-16es,0.02973,0.02973,True,35.5345,127.90867496387487,73.23,0.030342053208984428,0.030416938379771875,0.082912607552,-1.507754239943783,FINITE,CLIP_RETAINED,ROBUST_EXCLUDED,-1.8937883999437832
352,AT2016cyt,0.02965,0.02965,True,35.3586,117.95599000740887,73.23,0.027983285756811818,0.028052163342215372,0.082912607552,3.913722657861296,FINITE,CLIP_RETAINED,ROBUST_EXCLUDED,3.527688497861296
353,2013fy,0.03099,0.03099,True,35.3522,117.60884908306835,73.23,0.027864668345567247,0.027936357605851073,0.082912607552,7.302463813072105,FINITE,CLIP_RETAINED,ROBUST_EXCLUDED,6.916429653072105
354,ASASSN-15uw,0.03004,0.03004,True,35.6084,132.33660837037772,73.23,0.031382984406639454,0.03146124726452465,0.082912607552,-2.961639537481566,FINITE,CLIP_RETAINED,ROBUST_EXCLUDED,-3.3476736974815657
355,ASASSN-16hr,0.0298,0.0298,True,35.4648,123.86824944024485,73.23,0.02938160011801374,0.029454285808160507,0.082912607552,0.7908091615350203,FINITE,CLIP_RETAINED,ROBUST_RETAINED,0.40477500153502033
356,PS15cwx,0.03007,0.03007,True,35.4164,121.13788866689661,73.23,0.028726425720112345,0.02879813528613403,0.082912607552,2.9800882804843822,FINITE,CLIP_RETAINED,ROBUST_EXCLUDED,2.5940541204843823
357,1990O,0.03093,0.03093,True,35.4926,125.46425149506612,73.23,0.029727552410516507,0.029803886167402868,0.082912607552,2.4735931184439197,FINITE,CLIP_RETAINED,ROBUST_EXCLUDED,2.08755895844392
358,2001ba,0.03136,0.03136,True,35.6481,134.77830801267888,73.23,0.031921114602260235,0.03200422194768056,0.082912607552,-1.275083074650522,FINITE,CLIP_RETAINED,ROBUST_RETAINED,-1.661117234650522
359,2009eu,0.03072,0.03072,True,35.9224,152.92553199871014,73.23,0.03624162214233669,0.036334049943387486,0.082912607552,-9.512504322393156,FINITE,CLIP_EXCLUDED,ROBUST_EXCLUDED,-9.898538482393155
360,2009fv,0.03072,0.03072,True,35.406,120.55910077295344,73.23,0.02857114386935808,0.028644009482022413,0.082912607552,4.8297875908689445,FINITE,CLIP_RETAINED,ROBUST_EXCLUDED,4.443753430868944
361,2009fv,0.03072,0.03072,True,35.3374,116.80999356326997,73.23,0.02768264784721833,0.02775324750905833,0.082912607552,7.199036537495853,FINITE,CLIP_RETAINED,ROBUST_EXCLUDED,6.813002377495852
362,SNF20080909-030,0.03013,0.03013,True,35.565,129.71792709839545,73.23,0.030759289251704305,0.030836226842400248,0.082912607552,-1.5085505680067273,FINITE,CLIP_RETAINED,ROBUST_EXCLUDED,-1.8945847280067274
363,2008gg,0.03107,0.03107,True,35.67,136.1444682465951,73.23,0.032253747400746303,0.0323369432231674,0.082912607552,-2.4886355695278364,FINITE,CLIP_RETAINED,ROBUST_EXCLUDED,-2.8746697295278363
364,2008gg,0.03107,0.03107,True,35.5409,128.28621743626786,73.23,0.030392062971607972,0.030470456735984582,0.082912607552,1.2748263681595933,FINITE,CLIP_RETAINED,ROBUST_RETAINED,0.8887922081595933
365,1999cc,0.03132,0.03132,True,35.5877,131.08107669396855,73.23,0.031046660403735493,0.03112738785354186,0.082912607552,0.39595174438104835,FINITE,CLIP_RETAINED,ROBUST_RETAINED,0.009917584381048339
366,AT2017wb,0.03093,0.03093,True,35.5304,127.66739591866917,73.23,0.030249566374973724,0.030327240547865543,0.082912607552,1.2936303159188831,FINITE,CLIP_RETAINED,ROBUST_RETAINED,0.9075961559188831
367,MASTEROTJ08,0.03156,0.03156,True,35.6675,135.98781632845171,73.23,0.032201332086494755,0.032285704358435016,0.082912607552,-1.4136810200481553,FINITE,CLIP_RETAINED,ROBUST_EXCLUDED,-1.7997151800481554
368,2007bd,0.03141,0.03141,True,35.4957,125.64349251853538,73.23,0.029756167411397957,0.02983376194722763,0.082912607552,3.4223827212727227,FINITE,CLIP_RETAINED,ROBUST_EXCLUDED,3.036348561272723
369,2007bd,0.03141,0.03141,True,35.5793,130.57498962451356,73.23,0.03092409461982591,0.03100473473502633,0.082912607552,0.8358981888096252,FINITE,CLIP_RETAINED,ROBUST_RETAINED,0.44986402880962517
370,2007bd,0.03141,0.03141,True,35.4841,124.9740948583605,73.23,0.029597633861894602,0.029674814993100717,0.082912607552,3.79442251284965,FINITE,CLIP_RETAINED,ROBUST_EXCLUDED,3.40838835284965
371,2006bt,0.03241,0.03241,True,35.772,142.69212315793638,73.23,0.03376106427130764,0.03385190892665863,0.082912607552,-2.590625352756128,FINITE,CLIP_RETAINED,ROBUST_EXCLUDED,-2.976659512756128
372,2006bt,0.03241,0.03241,True,35.7428,140.7861718211395,73.23,0.033310114743362346,0.033399745978599626,0.082912607552,-1.810410056604616,FINITE,CLIP_RETAINED,ROBUST_EXCLUDED,-2.196444216604616
373,2006bt,0.03241,0.03241,True,35.7867,143.66136878077322,73.23,0.033990388518806994,0.03408185024244885,0.082912607552,-2.9767636136961118,FINITE,CLIP_RETAINED,ROBUST_EXCLUDED,-3.3627977736961117
374,2006bw,0.03075,0.03075,True,35.6231,133.23551347855982,73.23,0.03157439136388262,0.031654994962118876,0.082912607552,-1.8415768672400161,FINITE,CLIP_RETAINED,ROBUST_EXCLUDED,-2.227611027240016
375,ASASSN-15hg,0.03107,0.03107,True,35.6461,134.65422975244482,73.23,0.03190069761050341,0.03198298277075277,0.082912607552,-1.819868026276157,FINITE,CLIP_RETAINED,ROBUST_EXCLUDED,-2.205902186276157
376,ATLAS17axb,0.03264,0.03264,True,35.5602,129.4315046781589,73.23,0.030616771113299527,0.030699740504285204,0.082912607552,3.952535702525453,FINITE,CLIP_RETAINED,ROBUST_EXCLUDED,3.566501542525453
377,2010gn,0.03123,0.03123,True,35.9119,152.18785641919558,73.23,0.036048964351376854,0.036142429078890176,0.082912607552,-8.290913577072837,FINITE,CLIP_EXCLUDED,ROBUST_EXCLUDED,-8.676947737072837
378,CSS160428,0.03081,0.03081,True,35.7017,138.1465361489952,73.23,0.032736308757907874,0.03282004178828007,0.082912607552,-3.8927472835074766,FINITE,CLIP_RETAINED,ROBUST_EXCLUDED,-4.2787814435074765
379,2000dn,0.03081,0.03081,True,35.707,138.48412777219824,73.23,0.03281630717060306,0.032900244821159205,0.082912607552,-4.034921406949743,FINITE,CLIP_RETAINED,ROBUST_EXCLUDED,-4.420955566949743
380,2006en,0.03081,0.03081,True,35.6474,134.73486762161423,73.23,0.03192785248093308,0.032009517639374596,0.082912607552,-2.40180035109728,FINITE,CLIP_RETAINED,ROBUST_EXCLUDED,-2.7878345110972798
381,2006en,0.03081,0.03081,True,35.6847,137.06923849320054,73.23,0.03248102368404813,0.0325641037454799,0.082912607552,-3.432727833739143,FINITE,CLIP_RETAINED,ROBUST_EXCLUDED,-3.818761993739143
382,2008bq,0.03279,0.03279,True,35.7279,139.8234455906861,73.23,0.0330701608276675,0.033160191146931105,0.082912607552,-0.6783789843278144,FINITE,CLIP_RETAINED,ROBUST_RETAINED,-1.0644131443278144
383,ASASSN-16oz,0.03207,0.03207,True,35.4592,123.54921774491585,73.23,0.029241468362145202,0.029319325105643227,0.082912607552,6.028301557314925,FINITE,CLIP_RETAINED,ROBUST_EXCLUDED,5.642267397314924
384,2006az,0.03158,0.03158,True,35.4896,125.29103590658913,73.23,0.02966780512442938,0.029745588505147403,0.082912607552,3.984321257046443,FINITE,CLIP_RETAINED,ROBUST_EXCLUDED,3.598287097046443
385,010026,0.03174,0.03174,True,35.6746,136.43317942360437,73.23,0.032301155833064706,0.032386272995899724,0.082912607552,-1.2489933586979158,FINITE,CLIP_RETAINED,ROBUST_RETAINED,-1.6350275186979157
386,AT2017po,0.03201,0.03201,True,35.576,130.3767047138214,73.23,0.03085918312572515,0.030941193183297362,0.082912607552,2.1828430894576067,FINITE,CLIP_RETAINED,ROBUST_EXCLUDED,1.7968089294576068
387,2007ai,0.03212,0.03212,True,35.8562,148.33375813305705,73.23,0.03510574044127604,0.03519935699993162,0.082912607552,-5.283601720128785,FINITE,CLIP_EXCLUDED,ROBUST_EXCLUDED,-5.669635880128785
388,2007ai,0.03212,0.03212,True,35.8577,148.43625886155814,73.23,0.0351299990053082,0.035223680254332194,0.082912607552,-5.320434274379771,FINITE,CLIP_EXCLUDED,ROBUST_EXCLUDED,-5.706468434379771
389,2007ux,0.03183,0.03183,True,35.8808,150.0237441601356,73.23,0.03551568378413349,0.035609537310267364,0.082912607552,-6.424342175397314,FINITE,CLIP_EXCLUDED,ROBUST_EXCLUDED,-6.810376335397314
390,2007ux,0.03183,0.03183,True,35.6656,135.868881431898,73.23,0.03216475002709233,0.03224974839642137,0.082912607552,-0.8142532817351761,FINITE,CLIP_RETAINED,ROBUST_RETAINED,-1.200287441735176
391,ASASSN-15pr,0.03189,0.03189,True,35.9082,151.9287623564994,73.23,0.03596457458048845,0.03605979373090759,0.082912607552,-6.961221388535492,FINITE,CLIP_EXCLUDED,ROBUST_EXCLUDED,-7.347255548535492
392,2008gl,0.03246,0.03246,True,35.6638,135.75630222056776,73.23,0.0321184882809557,0.03220504658411078,0.082912607552,0.48905748412854827,FINITE,CLIP_RETAINED,ROBUST_RETAINED,0.10302332412854825
393,2008gl,0.03246,0.03246,True,35.6366,134.06641614424987,73.23,0.03171867931996778,0.03180416015070428,0.082912607552,1.2792345328089285,FINITE,CLIP_RETAINED,ROBUST_RETAINED,0.8932003728089285
394,2008gl,0.03246,0.03246,True,35.6431,134.46832650614522,73.23,0.03181376701046451,0.03189950409949899,0.082912607552,1.0889087668226167,FINITE,CLIP_RETAINED,ROBUST_RETAINED,0.7028746068226167
395,SN2016hpx,0.0337,0.0337,True,35.6329,133.83817314742197,73.23,0.031626695332387204,0.03171518879195572,0.082912607552,3.7899945533043446,FINITE,CLIP_RETAINED,ROBUST_EXCLUDED,3.4039603933043447
396,SN2017cii,0.03337,0.03337,True,35.8381,147.10248184335214,73.23,0.03477222506203283,0.034868565851843863,0.082912607552,-2.5383798442971224,FINITE,CLIP_RETAINED,ROBUST_EXCLUDED,-2.9244140042971223
397,2006te,0.03212,0.03212,True,35.7248,139.62397566995787,73.23,0.03304442030553685,0.033132539937052605,0.082912607552,-1.8832976111380149,FINITE,CLIP_RETAINED,ROBUST_EXCLUDED,-2.269331771138015
398,2006os,0.03212,0.03212,True,35.7992,144.4907349136604,73.23,0.03419622276068901,0.03428741390645705,0.082912607552,-3.851321143974024,FINITE,CLIP_RETAINED,ROBUST_EXCLUDED,-4.237355303974024
399,2004as,0.0325,0.0325,True,35.7324,140.11350588002537,73.23,0.03314807180070458,0.033237515030838743,0.082912607552,-1.3553161619481648,FINITE,CLIP_RETAINED,ROBUST_RETAINED,-1.7413503219481647
400,2004as,0.0325,0.0325,True,35.8907,150.7092817212376,73.23,0.035654821854260596,0.035751029032031804,0.082912607552,-5.421020056109417,FINITE,CLIP_EXCLUDED,ROBUST_EXCLUDED,-5.807054216109417
401,ASASSN-16bc,0.03314,0.03314,True,35.6164,132.8250536500725,73.23,0.03140430270035879,0.03149071171044103,0.082912607552,3.215000440921843,FINITE,CLIP_RETAINED,ROBUST_EXCLUDED,2.828966280921843
402,2008gp,0.03245,0.03245,True,35.6643,135.7875648634515,73.23,0.032126195849349566,0.03221274821571546,0.082912607552,0.45505020021518233,FINITE,CLIP_RETAINED,ROBUST_RETAINED,0.06901604021518232
403,2008gp,0.03245,0.03245,True,35.7268,139.75263334391184,73.23,0.03306429770490201,0.03315337744599571,0.082912607552,-1.2982897802689557,FINITE,CLIP_RETAINED,ROBUST_RETAINED,-1.6843239402689556
404,2010ag,0.03336,0.03336,True,35.8159,145.60624429185427,73.23,0.03441887607558487,0.034514209251281125,0.082912607552,-1.9822881516687791,FINITE,CLIP_RETAINED,ROBUST_EXCLUDED,-2.3683223116687793
405,2005iq,0.03292,0.03292,True,35.8647,148.91553290869155,73.23,0.03521613131637102,0.03531238445044577,0.082912607552,-4.020868444938082,FINITE,CLIP_RETAINED,ROBUST_EXCLUDED,-4.406902604938082
406,2005iq,0.03292,0.03292,True,35.8516,148.01986371176017,73.23,0.035004319939551755,0.03509999414834172,0.082912607552,-3.693492284591784,FINITE,CLIP_RETAINED,ROBUST_EXCLUDED,-4.079526444591784
407,PS15bsq,0.03309,0.03309,True,35.7797,143.19900488704448,73.23,0.03385869174108255,0.033951713256629525,0.082912607552,-1.5209423027149716,FINITE,CLIP_RETAINED,ROBUST_EXCLUDED,-1.9069764627149715
408,2004L,0.03344,0.03344,True,35.829,146.48730866134343,73.23,0.03462446439310185,0.03472059730721941,0.082912607552,-2.178457275068108,FINITE,CLIP_RETAINED,ROBUST_EXCLUDED,-2.564491435068108
409,2003gn,0.03316,0.03316,True,36.0229,160.16956644163673,73.23,0.03786873062167547,0.03797298948857915,0.082912607552,-7.307125324490993,FINITE,CLIP_EXCLUDED,ROBUST_EXCLUDED,-7.693159484490994
410,2003cq,0.03323,0.03323,True,35.8276,146.39289524179802,73.23,0.03460918112333533,0.034704667333600156,0.082912607552,-2.520695206052011,FINITE,CLIP_RETAINED,ROBUST_EXCLUDED,-2.906729366052011
411,2006S,0.0331,0.0331,True,35.9089,151.97774629782975,73.23,0.03593403360912209,0.03603278668097974,0.082912607552,-4.780764547198445,FINITE,CLIP_RETAINED,ROBUST_EXCLUDED,-5.166798707198446
412,2011dl,0.03432,0.03432,True,35.7587,141.82082257585145,73.23,0.03349295058962179,0.03358839254178392,0.082912607552,1.2784711463033245,FINITE,CLIP_RETAINED,ROBUST_RETAINED,0.8924369863033245
413,2006gr,0.03352,0.03352,True,35.9188,152.67221272460756,73.23,0.03608356561275887,0.03618398964878913,0.082912607552,-4.282261754773587,FINITE,CLIP_RETAINED,ROBUST_EXCLUDED,-4.668295914773587
414,2006gr,0.03352,0.03352,True,35.9378,154.0139289468123,73.23,0.03640067574349994,0.03650198232754491,0.082912607552,-4.7378339177783175,FINITE,CLIP_RETAINED,ROBUST_EXCLUDED,-5.123868077778318
415,ASASSN-16dw,0.03565,0.03565,True,35.7837,143.46303030397013,73.23,0.03383727038276141,0.03393743571570804,0.082912607552,2.877826787591962,FINITE,CLIP_RETAINED,ROBUST_EXCLUDED,2.491792627591962
416,2007ba,0.03533,0.03533,True,35.825,146.21771744567198,73.23,0.03449765167557619,0.0345988538838504,0.082912607552,1.2046367057772556,FINITE,CLIP_RETAINED,ROBUST_RETAINED,0.8186025457772556
417,ATLAS17ajs,0.0337,0.0337,True,35.9757,156.72562123952792,73.23,0.03703512501072374,0.03713875159273958,0.082912607552,-5.320002418951675,FINITE,CLIP_EXCLUDED,ROBUST_EXCLUDED,-5.706036578951675
418,1996bl,0.03481,0.03481,True,35.7348,140.2684506594861,73.23,0.03311065059144569,0.033206352189475756,0.082912607552,2.818648830409333,FINITE,CLIP_RETAINED,ROBUST_EXCLUDED,2.432614670409333
419,2003kc,0.0341,0.0341,True,35.8566,148.3610847378743,73.23,0.035044978112681875,0.035144201679595276,0.082912607552,-1.7252022094514634,FINITE,CLIP_RETAINED,ROBUST_EXCLUDED,-2.1112363694514635
420,2003iv,0.03351,0.03351,True,35.9118,152.1808480707793,73.23,0.035967781236662215,0.03606785312881999,0.082912607552,-4.130132612557472,FINITE,CLIP_RETAINED,ROBUST_EXCLUDED,-4.516166772557472
421,ASASSN-15jl,0.03492,0.03492,True,35.8816,150.07902513254527,73.23,0.03542269105448591,0.03552539927857158,0.082912607552,-0.9704439784050022,FINITE,CLIP_RETAINED,ROBUST_RETAINED,-1.3564781384050022
422,1992bg,0.03574,0.03574,True,35.8937,150.91763818292213,73.23,0.035592425305903654,0.035698052643853055,0.082912607552,0.06578176511718921,FINITE,CLIP_RETAINED,ROBUST_RETAINED,-0.3202523948828108
423,2005eu,0.03369,0.03369,True,35.8012,144.6238771034079,73.23,0.03417574702625295,0.034271344475641945,0.082912607552,-1.0012780677892492,FINITE,CLIP_RETAINED,ROBUST_RETAINED,-1.3873122277892493
424,2005eu,0.03369,0.03369,True,35.8038,144.79714538102039,73.23,0.03421669166791212,0.0343124036489105,0.082912607552,-1.0702862724240598,FINITE,CLIP_RETAINED,ROBUST_RETAINED,-1.45632043242406
425,2008at,0.03497,0.03497,True,35.8349,146.8858632646469,73.23,0.034667343992179356,0.034768006219660474,0.082912607552,0.33291333257349237,FINITE,CLIP_RETAINED,ROBUST_RETAINED,-0.053120827426507644
426,ASASSN-15tg,0.03445,0.03445,True,35.861,148.66200985285977,73.23,0.035104179553674585,0.03520459234061367,0.082912607552,-1.2354272842576186,FINITE,CLIP_RETAINED,ROBUST_RETAINED,-1.6214614442576187
427,2007hu,0.03518,0.03518,True,35.9905,157.7974569943442,73.23,0.037235094338715864,0.037343862656196304,0.082912607552,-3.2292703670229,FINITE,CLIP_RETAINED,ROBUST_EXCLUDED,-3.6153045270229
428,PTSS-16efw,0.03542,0.03542,True,36.234,176.52247174525593,73.23,0.04164393708900682,0.04176641528435226,0.082912607552,-8.121629785522886,FINITE,CLIP_EXCLUDED,ROBUST_EXCLUDED,-8.507663945522886
429,2016fbk,0.03495,0.03495,True,35.9591,155.53208714413284,73.23,0.03670869641939817,0.03681522499408401,0.082912607552,-2.8494460200764955,FINITE,CLIP_RETAINED,ROBUST_EXCLUDED,-3.2354801800764954
430,AT2016fbk,0.03495,0.03495,True,36.1545,170.17666170341067,73.23,0.040165110150859176,0.0402816692323255,0.082912607552,-7.224334550312669,FINITE,CLIP_EXCLUDED,ROBUST_EXCLUDED,-7.610368710312669
431,1994T,0.03564,0.03564,True,35.9325,153.63847933315967,73.23,0.03623760737095712,0.03634484806437353,0.082912607552,-1.0812096976178367,FINITE,CLIP_RETAINED,ROBUST_RETAINED,-1.4672438576178366
432,ASASSN-15mi,0.03501,0.03501,True,35.5515,128.9139750385606,73.23,0.030424523513468655,0.030512967223253657,0.082912607552,8.813964172098052,FINITE,CLIP_RETAINED,ROBUST_EXCLUDED,8.427930012098052
433,ASASSN-15ss,0.03592,0.03592,True,35.9909,157.82652703748744,73.23,0.037215350478357424,0.03732635122190484,0.082912607552,-2.0711541952546577,FINITE,CLIP_RETAINED,ROBUST_EXCLUDED,-2.4571883552546576
434,2001ck,0.03544,0.03544,True,35.8586,148.49779329366592,73.23,0.035031875846741445,0.03513496569647124,0.082912607552,0.4913566304857692,FINITE,CLIP_RETAINED,ROBUST_RETAINED,0.1053224704857692
435,PS15bbn,0.03602,0.03602,True,36.1845,172.5440548877473,73.23,0.040681802943375416,0.040803481247518224,0.082912607552,-6.244397707051055,FINITE,CLIP_EXCLUDED,ROBUST_EXCLUDED,-6.630431867051056
436,ASASSN-15lu,0.03577,0.03577,True,36.0035,158.74497982957578,73.23,0.037437341688397435,0.03754853756630706,0.082912607552,-2.605894756350527,FINITE,CLIP_RETAINED,ROBUST_EXCLUDED,-2.9919289163505267
437,2008hj,0.03643,0.03643,True,35.9282,153.33454188635542,73.23,0.03613835300545338,0.03624767414761269,0.082912607552,0.2766083419982669,FINITE,CLIP_RETAINED,ROBUST_RETAINED,-0.10942581800173312
438,2008hj,0.03643,0.03643,True,35.8836,150.21731669880575,73.23,0.03540367585548247,0.03551077454591187,0.082912607552,1.4332842397392442,FINITE,CLIP_RETAINED,ROBUST_RETAINED,1.047250079739244
439,2000dg,0.03725,0.03725,True,36.0748,164.04386762557,73.23,0.0386317949908776,0.03875129352260235,0.082912607552,-2.0528793074063825,FINITE,CLIP_RETAINED,ROBUST_EXCLUDED,-2.4389134674063824
440,2002G,0.03631,0.03631,True,35.8056,144.9172219311562,73.23,0.03415848827808073,0.03426147929893837,0.082912607552,3.3577153665549586,FINITE,CLIP_RETAINED,ROBUST_EXCLUDED,2.9716812065549587
441,2002G,0.03631,0.03631,True,35.9287,153.3698525345271,73.23,0.03615086074794048,0.0362598589571997,0.082912607552,0.07620282016976161,FINITE,CLIP_RETAINED,ROBUST_RETAINED,-0.3098313398302384
442,2006mo,0.03616,0.03616,True,36.0695,163.6439673883429,73.23,0.038578159867659265,0.03869399537364203,0.082912607552,-3.54127880771025,FINITE,CLIP_RETAINED,ROBUST_EXCLUDED,-3.92731296771025
443,2008ei,0.03654,0.03654,True,36.08,164.43717232149308,73.23,0.038750942070647824,0.0388685209787823,0.082912607552,-3.212191748397535,FINITE,CLIP_RETAINED,ROBUST_EXCLUDED,-3.5982259083975348
444,2002hu,0.03591,0.03591,True,35.9637,155.8619121639847,73.23,0.036752450871904034,0.03686204037994149,0.082912607552,-1.425944682105471,FINITE,CLIP_RETAINED,ROBUST_EXCLUDED,-1.811978842105471
445,2000cf,0.03646,0.03646,True,36.0475,161.99439939036284,73.23,0.03817822957447672,0.03829381674247789,0.082912607552,-2.584265480914579,FINITE,CLIP_RETAINED,ROBUST_EXCLUDED,-2.970299640914579
446,2001eh,0.03627,0.03627,True,36.0067,158.97908753159024,73.23,0.03747446191802441,0.03758732624924635,0.082912607552,-1.9097209956122663,FINITE,CLIP_RETAINED,ROBUST_EXCLUDED,-2.2957551556122664
447,2001eh,0.03627,0.03627,True,35.9927,157.95740851886427,73.23,0.03723363231049986,0.03734577131916344,0.082912607552,-1.5730038416298653,FINITE,CLIP_RETAINED,ROBUST_EXCLUDED,-1.9590380016298652
448,ASASSN-16db,0.03589,0.03589,True,35.8698,149.26569244643397,73.23,0.03519773284310925,0.035302627907802524,0.082912607552,0.9322912295658337,FINITE,CLIP_RETAINED,ROBUST_RETAINED,0.5462570695658336
449,AT2016hns,0.03704,0.03704,True,35.9789,156.9567509109956,73.23,0.03697028710009278,0.037084000441889434,0.082912607552,-0.0640409272743315,FINITE,CLIP_RETAINED,ROBUST_RETAINED,-0.45007508727433154
450,ASASSN-15bc,0.03639,0.03639,True,35.949,154.8103526708932,73.23,0.0364875847997928,0.03659784101639227,0.082912607552,-0.31152956021063993,FINITE,CLIP_RETAINED,ROBUST_RETAINED,-0.69756372021064
451,2007jg,0.03652,0.03652,True,36.3333,184.7821432097354,73.23,0.04354623829889156,0.043678294764116055,0.082912607552,-8.455849027453459,FINITE,CLIP_EXCLUDED,ROBUST_EXCLUDED,-8.841883187453458
452,2007jg,0.03652,0.03652,True,36.2185,175.26693824662016,73.23,0.041303860460918836,0.04142911678673869,0.082912607552,-6.222250565055885,FINITE,CLIP_EXCLUDED,ROBUST_EXCLUDED,-6.608284725055885
453,AT2016cvw,0.03761,0.03761,True,36.0063,158.9498051985117,73.23,0.037419172797058246,0.03753604074145365,0.082912607552,0.10484692703624086,FINITE,CLIP_RETAINED,ROBUST_RETAINED,-0.28118723296375914
454,2002eu,0.03672,0.03672,True,36.0624,163.10977926689742,73.23,0.03843145742073757,0.03854864224798141,0.082912607552,-2.5422134586576997,FINITE,CLIP_RETAINED,ROBUST_EXCLUDED,-2.9282476186576996
455,2008gb,0.03641,0.03641,True,36.0889,165.1125177975357,73.23,0.03891497327231396,0.03903262916641995,0.082912607552,-3.6062084308290707,FINITE,CLIP_RETAINED,ROBUST_EXCLUDED,-3.9922425908290706
456,2007O,0.03732,0.03732,True,35.8938,150.92458835703331,73.23,0.035539849128837446,0.03564999034820403,0.082912607552,2.5490298686528856,FINITE,CLIP_RETAINED,ROBUST_EXCLUDED,2.1629957086528857
457,2007O,0.03732,0.03732,True,35.8617,148.70994054784956,73.23,0.03501834199823189,0.03512686701964937,0.082912607552,3.414132544990541,FINITE,CLIP_RETAINED,ROBUST_EXCLUDED,3.028098384990541
458,2008fr,0.0379,0.0379,True,36.1141,167.03981487213454,73.23,0.039312695204791144,0.03943642524168406,0.082912607552,-2.0288604355187774,FINITE,CLIP_RETAINED,ROBUST_EXCLUDED,-2.4148945955187773
459,SN2017ciy,0.03762,0.03762,True,36.5177,201.1592464181809,73.23,0.047355453182160744,0.04750339360568578,0.082912607552,-10.234856729123369,FINITE,CLIP_EXCLUDED,ROBUST_EXCLUDED,-10.620890889123368
460,2008O,0.0394,0.0394,True,36.2254,175.82474652822367,73.23,0.04132050481892524,0.04145570957672944,0.082912607552,-2.4748509076626566,FINITE,CLIP_RETAINED,ROBUST_EXCLUDED,-2.8608850676626565
461,2009bv,0.03748,0.03748,True,36.2564,178.35282800257434,73.23,0.0419921970634283,0.0421228934942223,0.082912607552,-5.6572030754608695,FINITE,CLIP_EXCLUDED,ROBUST_EXCLUDED,-6.04323723546087
462,2008051,0.03835,0.03835,True,36.0125,159.40428807122197,73.23,0.03749942115552763,0.03761884777841754,0.082912607552,1.0201253447627427,FINITE,CLIP_RETAINED,ROBUST_RETAINED,0.6340911847627427
463,ASASSN-15np,0.03832,0.03832,True,36.026,160.398388250842,73.23,0.03773437071481677,0.03785445143699904,0.082912607552,0.6444986846132887,FINITE,CLIP_RETAINED,ROBUST_RETAINED,0.2584645246132887
464,2010dw,0.03871,0.03871,True,36.0125,159.40428807122197,73.23,0.037486424465772085,0.03760693219255513,0.082912607552,1.5301221871832629,FINITE,CLIP_RETAINED,ROBUST_RETAINED,1.1440880271832627
465,ASASSN-15pn,0.038,0.038,True,36.1962,173.4762398042989,73.23,0.040823569701905586,0.040952394505460385,0.082912607552,-3.7009346527864158,FINITE,CLIP_RETAINED,ROBUST_EXCLUDED,-4.086968812786416
466,1999aw,0.03928,0.03928,True,36.2125,174.78332624182173,73.23,0.04108050383965843,0.04121451322427057,0.082912607552,-2.351911424415066,FINITE,CLIP_RETAINED,ROBUST_EXCLUDED,-2.737945584415066
467,2008dr,0.03996,0.03996,True,36.284,180.63420831699753,73.23,0.04242791556168929,0.0425687203413487,0.082912607552,-3.0032225023577013,FINITE,CLIP_RETAINED,ROBUST_EXCLUDED,-3.389256662357701
468,PS15cze,0.03891,0.03891,True,36.5486,204.0422011822287,73.23,0.047974494201042765,0.04812951606075107,0.082912607552,-9.173297447295786,FINITE,CLIP_EXCLUDED,ROBUST_EXCLUDED,-9.559331607295785
469,2003fa,0.04015,0.04015,True,36.0167,159.71290165828643,73.23,0.03750700253338666,0.037632069193434786,0.082912607552,3.405687609372993,FINITE,CLIP_RETAINED,ROBUST_EXCLUDED,3.019653449372993
470,2003fa,0.04015,0.04015,True,36.0818,164.57353584105414,73.23,0.03864847461681916,0.038777347502141776,0.082912607552,1.7838674874889326,FINITE,CLIP_RETAINED,ROBUST_RETAINED,1.3978333274889327
471,SN2016glz,0.03975,0.03975,True,35.9918,157.89195421671715,73.23,0.037093635680045284,0.037216089679486225,0.082912607552,3.5017700353440673,FINITE,CLIP_RETAINED,ROBUST_EXCLUDED,3.1157358753440674
472,PS16axi,0.04056,0.04056,True,36.1263,167.9809372198872,73.23,0.03943312577410244,0.039565960058581935,0.082912607552,1.2491258341114377,FINITE,CLIP_RETAINED,ROBUST_RETAINED,0.8630916741114377
473,SN2017coa,0.04045,0.04045,True,36.4104,191.46085764730603,73.23,0.04494973303005212,0.04510073919966455,0.082912607552,-4.9170025457072,FINITE,CLIP_RETAINED,ROBUST_EXCLUDED,-5.303036705707201
474,2009do,0.04027,0.04027,True,36.0403,161.4581604110556,73.23,0.037912485482175934,0.03803928269081237,0.082912607552,2.968312165857429,FINITE,CLIP_RETAINED,ROBUST_EXCLUDED,2.5822780058574293
475,2001az,0.04059,0.04059,True,36.3153,183.25675834510358,73.23,0.04301784824573569,0.043162865375571235,0.082912607552,-2.8775420459989443,FINITE,CLIP_RETAINED,ROBUST_EXCLUDED,-3.263576205998944
476,2007jh,0.04023,0.04023,True,36.5601,205.12566405097326,73.23,0.04816803797978532,0.048328974302931135,0.082912607552,-7.837500905438828,FINITE,CLIP_EXCLUDED,ROBUST_EXCLUDED,-8.223535065438828
477,1992bl,0.0428,0.0428,True,36.2101,174.590255285305,73.23,0.04089660988063812,0.04104199583809724,0.082912607552,2.0297806406254746,FINITE,CLIP_RETAINED,ROBUST_RETAINED,1.6437464806254747
478,2014bj,0.04239,0.04239,True,36.5106,200.50259599793975,73.23,0.04698487705941627,0.04715030372213931,0.082912607552,-4.597429009313161,FINITE,CLIP_RETAINED,ROBUST_EXCLUDED,-4.983463169313161
479,2006cf,0.04223,0.04223,True,36.2931,181.39278134100581,73.23,0.0425132945046764,0.042662411435889204,0.082912607552,-0.4783942129391752,FINITE,CLIP_RETAINED,ROBUST_RETAINED,-0.8644283729391753
480,2006cz,0.04251,0.04251,True,35.9138,152.32107637927174,73.23,0.03569012768487096,0.035816143590686265,0.082912607552,9.309361177802845,FINITE,CLIP_RETAINED,ROBUST_EXCLUDED,8.923327017802846
481,2007kk,0.0413,0.0413,True,36.2521,177.99999905367622,73.23,0.041755382156404924,0.041898609809464846,0.082912607552,-0.6885587247292739,FINITE,CLIP_RETAINED,ROBUST_RETAINED,-1.0745928847292738
482,2007kk,0.0413,0.0413,True,36.2071,174.3492164758336,73.23,0.04089897865911168,0.04103926871091746,0.082912607552,0.30831190463068037,FINITE,CLIP_RETAINED,ROBUST_RETAINED,-0.07772225536931965
483,AT2016htm,0.04265,0.04265,True,36.2018,173.9241942300274,73.23,0.04074645060598874,0.040890794195181566,0.082912607552,2.045971485161022,FINITE,CLIP_RETAINED,ROBUST_RETAINED,1.6599373251610219
484,ASASSN-16ct,0.04252,0.04252,True,36.2457,177.47615041995934,73.23,0.04158377725550623,0.041730637257824374,0.082912607552,0.895305114041764,FINITE,CLIP_RETAINED,ROBUST_RETAINED,0.509270954041764
485,SN2016ayg,0.04328,0.04328,True,36.4165,191.99945679542867,73.23,0.044953907675199536,0.0451155126522045,0.082912607552,-1.8542216960176832,FINITE,CLIP_RETAINED,ROBUST_EXCLUDED,-2.2402558560176833
486,2007nq,0.04275,0.04275,True,36.2137,174.87994177078244,73.23,0.04096643127102332,0.0411118950059062,0.082912607552,1.8885307902817454,FINITE,CLIP_RETAINED,ROBUST_RETAINED,1.5024966302817453
487,2007nq,0.04275,0.04275,True,36.2882,180.98392394667036,73.23,0.042396317190220495,0.042546858168588095,0.082912607552,0.22372539588526666,FINITE,CLIP_RETAINED,ROBUST_RETAINED,-0.16230876411473336
488,MASTERJ0134,0.04391,0.04391,True,36.2594,178.59940182835095,73.23,0.04179124153230399,0.041943667896400194,0.082912607552,2.1681481697462788,FINITE,CLIP_RETAINED,ROBUST_EXCLUDED,1.7821140097462789
489,ASASSN-15mg,0.04307,0.04307,True,36.3298,184.48454948048774,73.23,0.04320309663091826,0.043357652675770714,0.082912607552,-0.30739312583615547,FINITE,CLIP_RETAINED,ROBUST_RETAINED,-0.6934272858361554
490,AT2016cvv,0.04404,0.04404,True,36.5469,203.88252335412145,73.23,0.0477014074452138,0.04787590615707235,0.082912607552,-3.5387208469429514,FINITE,CLIP_RETAINED,ROBUST_EXCLUDED,-3.9247550069429513
491,2005ku,0.04397,0.04397,True,36.2916,181.26752291442665,73.23,0.042413128904706075,0.042568035261090514,0.082912607552,1.5143205769136265,FINITE,CLIP_RETAINED,ROBUST_RETAINED,1.1282864169136264
492,1992bh,0.0451,0.0451,True,36.551,204.267841627554,73.23,0.047743085574004106,0.04792194829918227,0.082912607552,-2.5590751469117046,FINITE,CLIP_RETAINED,ROBUST_EXCLUDED,-2.9451093069117045
493,2006gt,0.04366,0.04366,True,36.5114,200.5764774927631,73.23,0.04694499449615497,0.047115241665573834,0.082912607552,-3.2752111491181726,FINITE,CLIP_RETAINED,ROBUST_EXCLUDED,-3.6612453091181725
494,2006hx,0.04429,0.04429,True,36.4565,195.56899320289216,73.23,0.045745377090065514,0.045913672053049324,0.082912607552,-1.5778608088645367,FINITE,CLIP_RETAINED,ROBUST_EXCLUDED,-1.9638949688645368
495,PS16cqa,0.04433,0.04433,True,36.6866,217.4302674194685,73.23,0.05085698117157237,0.05104425075947539,0.082912607552,-5.662120205680685,FINITE,CLIP_EXCLUDED,ROBUST_EXCLUDED,-6.048154365680685
496,PSNJ1204051,0.04502,0.04502,True,36.4541,195.352961769033,73.23,0.04566292517070892,0.04583369085253763,0.082912607552,-0.7839818688641522,FINITE,CLIP_RETAINED,ROBUST_RETAINED,-1.1700160288641523
497,2005hc,0.04496,0.04496,True,36.4634,196.19141523596204,73.23,0.04586154325604348,0.04603282270745094,0.082912607552,-1.028609029928298,FINITE,CLIP_RETAINED,ROBUST_RETAINED,-1.4146431899282979
498,2005hc,0.04496,0.04496,True,36.5139,200.80753267683696,73.23,0.04694060305809977,0.04711591248228639,0.082912607552,-2.0039515856170955,FINITE,CLIP_RETAINED,ROBUST_EXCLUDED,-2.3899857456170954
499,SN2016esh,0.04488,0.04488,True,36.1579,170.4433258608833,73.23,0.03984574164901589,0.03999428855746079,0.082912607552,5.656991960387166,FINITE,CLIP_RETAINED,ROBUST_EXCLUDED,5.2709578003871655
500,PS17tn,0.04549,0.04549,True,36.3811,188.89479887396487,73.23,0.04413350788069987,0.044300280300018945,0.082912607552,1.1912108647855546,FINITE,CLIP_RETAINED,ROBUST_RETAINED,0.8051767047855546
501,2008050,0.04627,0.04627,True,36.2636,178.94517798476895,73.23,0.04177770302064912,0.04193828542427222,0.082912607552,4.613231959823544,FINITE,CLIP_RETAINED,ROBUST_EXCLUDED,4.227197799823544
502,AT2016ews,0.04612,0.04612,True,36.5394,203.1795527516752,73.23,0.04744241914140962,0.047624182910061444,0.082912607552,-1.3550891653579744,FINITE,CLIP_RETAINED,ROBUST_RETAINED,-1.7411233253579743
503,2005lz,0.04541,0.04541,True,36.3247,184.05177069851908,73.23,0.04300527024629831,0.043167492931543296,0.082912607552,2.326947023925028,FINITE,CLIP_RETAINED,ROBUST_EXCLUDED,1.940912863925028
504,360156,0.04673,0.04673,True,36.5081,200.27189168317588,73.23,0.046736228147393276,0.04691765920172129,0.082912607552,-0.1709572637187528,FINITE,CLIP_RETAINED,ROBUST_RETAINED,-0.5569914237187528
505,2004gu,0.0467,0.0467,True,36.4713,196.90647610958322,73.23,0.045952178691139975,0.04613045130440041,0.082912607552,0.5309243667305394,FINITE,CLIP_RETAINED,ROBUST_RETAINED,0.14489020673053943
506,2008cf,0.04692,0.04692,True,36.4786,197.56954514755503,73.23,0.04609723057939037,0.04627691004398039,0.082912607552,0.5950825813124557,FINITE,CLIP_RETAINED,ROBUST_RETAINED,0.2090484213124557
507,2008cf,0.04692,0.04692,True,36.4857,198.2165897616274,73.23,0.04624820002535316,0.0464284679441492,0.082912607552,0.45286007123926825,FINITE,CLIP_RETAINED,ROBUST_RETAINED,0.06682591123926823
508,AT2017yk,0.04764,0.04764,True,36.7582,224.7191068055126,73.23,0.052395773891330204,0.052603144207729,0.082912607552,-3.832313798325992,FINITE,CLIP_RETAINED,ROBUST_EXCLUDED,-4.218347958325992
509,2016afk,0.04677,0.04677,True,36.5642,205.51333174023148,73.23,0.04795755833795995,0.048143890291810015,0.082912607552,-1.208599288692259,FINITE,CLIP_RETAINED,ROBUST_RETAINED,-1.5946334486922589
510,PS16fa,0.04734,0.04734,True,36.6009,209.0162251112683,73.23,0.04874843084044904,0.048940148477557587,0.082912607552,-1.366106500820779,FINITE,CLIP_RETAINED,ROBUST_RETAINED,-1.7521406608207788
511,PS15aii,0.04768,0.04768,True,36.5946,208.41069410500313,73.23,0.04859142974094258,0.0487839051376262,0.082912607552,-0.9419667087789686,FINITE,CLIP_RETAINED,ROBUST_RETAINED,-1.3280008687789686
512,PS17akj,0.0478,0.0478,True,36.5627,205.37141718120375,73.23,0.047877331566963485,0.048067456596470555,0.082912607552,-0.2323788092186936,FINITE,CLIP_RETAINED,ROBUST_RETAINED,-0.6184129692186936
513,ATLAS16agv,0.04777,0.04777,True,36.4976,199.3058287777409,73.23,0.04646461807602388,0.04664901706403331,0.082912607552,1.0140719806232008,FINITE,CLIP_RETAINED,ROBUST_RETAINED,0.6280378206232008
514,ASASSN-15pm,0.04777,0.04777,True,36.3735,188.23483601033706,73.23,0.04388361252383055,0.04405776856071763,0.082912607552,3.624065104809691,FINITE,CLIP_RETAINED,ROBUST_EXCLUDED,3.238030944809691
515,1995ac,0.04867,0.04867,True,36.3303,184.527033508807,73.23,0.04298228378171346,0.04315608305985164,0.082912607552,5.464948262217314,FINITE,CLIP_RETAINED,ROBUST_EXCLUDED,5.078914102217314
516,AT2016gmg,0.04839,0.04839,True,36.641,212.9119315929503,73.23,0.04960728529653003,0.04980671652930367,0.082912607552,-1.1643729194301347,FINITE,CLIP_RETAINED,ROBUST_RETAINED,-1.5504070794301348
517,1990af,0.05018,0.05018,True,36.5997,208.9007503864599,73.23,0.04858974143708012,0.04879232284489232,0.082912607552,1.1441841056075117,FINITE,CLIP_RETAINED,ROBUST_RETAINED,0.7581499456075117
518,PS16el,0.04896,0.04896,True,36.4691,196.70708380923512,73.23,0.04580674199284225,0.045993067869148876,0.082912607552,2.69062060775374,FINITE,CLIP_RETAINED,ROBUST_EXCLUDED,2.30458644775374
519,2006cq,0.04928,0.04928,True,36.5828,207.2812409419043,73.23,0.04825440180988315,0.04845196942630565,0.082912607552,0.69750496303609,FINITE,CLIP_RETAINED,ROBUST_RETAINED,0.31147080303609
520,1993ag,0.05019,0.05019,True,36.6402,212.83350638592546,73.23,0.049504018307316454,0.049710452754375634,0.082912607552,0.38564375606246204,FINITE,CLIP_RETAINED,ROBUST_RETAINED,-0.0003904039375379753
521,PS15asb,0.04952,0.04952,True,36.4714,196.91554419671436,73.23,0.045830818363130736,0.046019378852674875,0.082912607552,3.148222033809533,FINITE,CLIP_RETAINED,ROBUST_EXCLUDED,2.762187873809533
522,1998dx,0.0498,0.0498,True,36.5693,205.99657517250768,73.23,0.047931581944238036,0.04812990289649022,0.082912607552,1.4095008449007482,FINITE,CLIP_RETAINED,ROBUST_RETAINED,1.023466684900748
523,PS16dnp,0.04998,0.04998,True,36.8583,235.3206286944598,73.23,0.05474535855070452,0.05497269249798234,0.082912607552,-3.5208032769327238,FINITE,CLIP_RETAINED,ROBUST_EXCLUDED,-3.9068374369327237
524,2007kh,0.04944,0.04944,True,36.5403,203.2637810830167,73.23,0.04731193577658336,0.04750627487664509,0.082912607552,1.6686715232193559,FINITE,CLIP_RETAINED,ROBUST_RETAINED,1.2826373632193557
525,ASASSN-17eb,0.0497,0.0497,True,36.4621,196.07399605595916,73.23,0.045627128109642444,0.045815534320189095,0.082912607552,3.505670429265162,FINITE,CLIP_RETAINED,ROBUST_EXCLUDED,3.119636269265162
526,PS15brr,0.05063,0.05063,True,36.5461,203.8074240913271,73.23,0.047384743447512714,0.04758407631228374,0.082912607552,2.5814310479419036,FINITE,CLIP_RETAINED,ROBUST_EXCLUDED,2.1953968879419037
527,2008hu,0.05071,0.05071,True,36.7036,219.13916374051593,73.23,0.05094545737643195,0.05116010840056231,0.082912607552,-0.34597344710627354,FINITE,CLIP_RETAINED,ROBUST_RETAINED,-0.7320076071062736
528,AT2016cor,0.04995,0.04995,True,36.8523,234.67131124673205,73.23,0.05459586023708456,0.054822437017806966,0.082912607552,-3.449940925419109,FINITE,CLIP_RETAINED,ROBUST_EXCLUDED,-3.835975085419109
529,PS16fbb,0.05139,0.05139,True,36.8804,237.7278157113996,73.23,0.05523120127165769,0.05546703680842392,0.082912607552,-2.7887582920192053,FINITE,CLIP_RETAINED,ROBUST_EXCLUDED,-3.1747924520192052
530,2003ic,0.05196,0.05196,True,36.393,189.93281282184802,73.23,0.04410309875817,0.044293510908358265,0.082912607552,7.026032906168634,FINITE,CLIP_RETAINED,ROBUST_EXCLUDED,6.639998746168634
531,ASASSN-16hc,0.05165,0.05165,True,36.5862,207.60604739257937,73.23,0.048221099104952786,0.04842804568589442,0.082912607552,2.6321184975541327,FINITE,CLIP_RETAINED,ROBUST_EXCLUDED,2.246084337554133
532,1993O,0.05148,0.05148,True,36.7759,226.55831186521786,73.23,0.052631689919136596,0.05285682004533275,0.082912607552,-1.003106060443716,FINITE,CLIP_RETAINED,ROBUST_RETAINED,-1.389140220443716
533,2006ot,0.05232,0.05232,True,36.8679,236.36327562989055,73.23,0.0548656472191871,0.055104170699884755,0.082912607552,-1.898316730766935,FINITE,CLIP_RETAINED,ROBUST_EXCLUDED,-2.284350890766935
534,2006ot,0.05232,0.05232,True,36.5433,203.5447944468349,73.23,0.04724768200838785,0.047453087068543516,0.082912607552,4.050250568073664,FINITE,CLIP_RETAINED,ROBUST_EXCLUDED,3.664216408073664
535,AT2016htn,0.05229,0.05229,True,36.8411,233.46404185929322,73.23,0.054194209757505475,0.05442967883668947,0.082912607552,-1.4836065522728454,FINITE,CLIP_RETAINED,ROBUST_EXCLUDED,-1.8696407122728456
536,PS16evk,0.0532,0.0532,True,36.9144,241.47935101502327,73.23,0.05600637716767468,0.056253964183097166,0.082912607552,-2.003315848576331,FINITE,CLIP_RETAINED,ROBUST_EXCLUDED,-2.389350008576331
537,PS16n,0.05268,0.05268,True,36.7752,226.4852898647828,73.23,0.052554748172383876,0.05278480075238227,0.082912607552,-0.07532723679330215,FINITE,CLIP_RETAINED,ROBUST_RETAINED,-0.4613613967933022
538,2010dt,0.05291,0.05291,True,36.8474,234.14236461427896,73.23,0.05431966473666909,0.0545584834580268,0.082912607552,-1.1305067327062883,FINITE,CLIP_RETAINED,ROBUST_RETAINED,-1.5165408927062884
539,2006lu,0.05449,0.05449,True,36.8631,235.84137597442037,73.23,0.05463184476057877,0.05487922480764785,0.082912607552,-0.2597020316333315,FINITE,CLIP_RETAINED,ROBUST_RETAINED,-0.6457361916333315
540,PS16bby,0.0543,0.0543,True,36.8327,232.56266741419662,73.23,0.05388205175300378,0.05412518397837991,0.082912607552,0.11909096861260933,FINITE,CLIP_RETAINED,ROBUST_RETAINED,-0.2669431913873907
541,PS16ayd,0.05485,0.05485,True,36.8581,235.2989558616778,73.23,0.054487593089217905,0.05473595370994423,0.082912607552,0.07602617665735295,FINITE,CLIP_RETAINED,ROBUST_RETAINED,-0.31000798334264706
542,SN2017cpu,0.05529,0.05529,True,36.6433,213.13756507243303,73.23,0.04933515630156275,0.049561839591446596,0.082912607552,4.335894993671933,FINITE,CLIP_RETAINED,ROBUST_EXCLUDED,3.949860833671933
543,490007,0.05513,0.05513,True,36.8676,236.3306230922006,73.23,0.054711970922439214,0.054962630254529674,0.082912607552,0.11058382619378995,FINITE,CLIP_RETAINED,ROBUST_RETAINED,-0.2754503338062101
544,AT2017oz,0.05641,0.05641,True,36.8109,230.23958829201888,73.23,0.05323727622750388,0.053486855501036025,0.082912607552,1.972329575806887,FINITE,CLIP_RETAINED,ROBUST_RETAINED,1.586295415806887
545,2006py,0.05658,0.05658,True,36.9098,240.96834784153114,73.23,0.05570907475581254,0.05597103087068015,0.082912607552,0.38598067783532664,FINITE,CLIP_RETAINED,ROBUST_RETAINED,-5.348216467337963e-05
546,PS16aer,0.05668,0.05668,True,37.0393,255.77612291907764,73.23,0.05912686378291748,0.05940538362426578,0.082912607552,-1.5936897760565227,FINITE,CLIP_RETAINED,ROBUST_EXCLUDED,-1.9797239360565229
547,2005hj,0.05631,0.05631,True,36.9903,250.06908210367962,73.23,0.057827835904120356,0.05809845426199462,0.082912607552,-1.082010587332983,FINITE,CLIP_RETAINED,ROBUST_RETAINED,-1.468044747332983
548,2008eq,0.0568,0.0568,True,37.0687,259.2626764044559,73.23,0.059926032655021486,0.060208916064911876,0.082912607552,-1.955242055897091,FINITE,CLIP_RETAINED,ROBUST_EXCLUDED,-2.341276215897091
549,2006ob,0.0576,0.0576,True,36.9821,249.12654209346374,73.23,0.05753960670429311,0.05781505963872839,0.082912607552,-0.12899888254080435,FINITE,CLIP_RETAINED,ROBUST_RETAINED,-0.5150330425408044
550,2006ob,0.0576,0.0576,True,36.9324,243.48936663728898,73.23,0.05623761432746439,0.056506834379171554,0.082912607552,0.6760305222083596,FINITE,CLIP_RETAINED,ROBUST_RETAINED,0.28999636220835956
551,SN2016gmb,0.05708,0.05708,True,36.9545,245.98011487888576,73.23,0.056840838406135796,0.057110483858888714,0.082912607552,-0.01869919206497666,FINITE,CLIP_RETAINED,ROBUST_RETAINED,-0.4047333520649767
552,2001ah,0.05837,0.05837,True,36.9802,248.90865610696395,73.23,0.057447457185365626,0.057726154259057534,0.082912607552,0.3835793221546053,FINITE,CLIP_RETAINED,ROBUST_RETAINED,-0.0024548378453947417
553,2001ah,0.05837,0.05837,True,37.146,268.6581377268703,73.23,0.06200558512489851,0.06230639522117664,0.082912607552,-2.1181657456440472,FINITE,CLIP_RETAINED,ROBUST_EXCLUDED,-2.504199905644047
554,LSQ13crf,0.05934,0.05934,True,36.3001,181.97846608610013,73.23,0.041961688929846724,0.042168650583334556,0.082912607552,15.374206067459369,FINITE,CLIP_RETAINED,ROBUST_EXCLUDED,14.98817190745937
555,SN2017cjv,0.06079,0.06079,True,37.032,254.91770505091154,73.23,0.05870010987954995,0.058996720412308544,0.082912607552,1.0100726938575357,FINITE,CLIP_RETAINED,ROBUST_RETAINED,0.6240385338575357
556,2008bz,0.0613,0.0613,True,37.1631,270.7821299238384,73.23,0.062323260671633525,0.06264082765438438,0.082912607552,-0.6933502853032036,FINITE,CLIP_RETAINED,ROBUST_RETAINED,-1.0793844453032038
557,2008bz,0.0613,0.0613,True,37.1925,274.47323434785375,73.23,0.06317280588811007,0.06349470171226297,0.082912607552,-1.11459062827485,FINITE,CLIP_RETAINED,ROBUST_RETAINED,-1.50062478827485
558,SN2016hhv,0.06067,0.06067,True,37.1383,267.70716811994197,73.23,0.061652124361176265,0.061963034861580106,0.082912607552,-0.6830943594628632,FINITE,CLIP_RETAINED,ROBUST_RETAINED,-1.0691285194628632
559,2008go,0.06116,0.06116,True,36.9608,246.69480270775784,73.23,0.05678680833642061,0.05707550190932628,0.082912607552,2.3947269261846027,FINITE,CLIP_RETAINED,ROBUST_EXCLUDED,2.008692766184603
560,2008go,0.06116,0.06116,True,36.9691,247.63954648737115,73.23,0.05700427941141314,0.057294078566820845,0.082912607552,2.2550553583378097,FINITE,CLIP_RETAINED,ROBUST_EXCLUDED,1.8690211983378098
561,2006oa,0.06142,0.06142,True,37.0747,259.98003626595624,73.23,0.059830284031248585,0.060135746417617916,0.082912607552,0.7003211761704201,FINITE,CLIP_RETAINED,ROBUST_RETAINED,0.3142870161704201
562,1992bs,0.0637,0.0637,True,37.3517,295.3520570826012,73.23,0.06782490153841943,0.06818406864254424,0.082912607552,-2.018521825176469,FINITE,CLIP_RETAINED,ROBUST_EXCLUDED,-2.404555985176469
563,SN2016aqb,0.06419,0.06419,True,37.0197,253.47784137269775,73.23,0.05818206853772052,0.058492548310513925,0.082912607552,3.1303649670346867,FINITE,CLIP_RETAINED,ROBUST_EXCLUDED,2.744330807034687
564,PS16bnz,0.06398,0.06398,True,37.0786,260.4473842242888,73.23,0.0597936227079136,0.060111655642717934,0.082912607552,2.053901862332373,FINITE,CLIP_RETAINED,ROBUST_RETAINED,1.667867702332373
565,2007ae,0.06485,0.06485,True,37.0851,261.22816516450314,73.23,0.05992387590555808,0.060246947331432356,0.082912607552,2.414835455199694,FINITE,CLIP_RETAINED,ROBUST_EXCLUDED,2.028801295199694
566,PS15cms,0.06603,0.06603,True,37.3617,296.71534023638696,73.23,0.06798903929651921,0.06836228097865847,0.082912607552,-1.0214758941115367,FINITE,CLIP_RETAINED,ROBUST_RETAINED,-1.4075100541115368
567,6057,0.06652,0.06652,True,37.1627,270.7322546060013,73.23,0.06200680114526177,0.06234973497868156,0.082912607552,2.0548408751719562,FINITE,CLIP_RETAINED,ROBUST_RETAINED,1.6688067151719563
568,SN2016ixf,0.06723,0.06723,True,37.4237,305.3092764448791,73.23,0.0698795832693205,0.07027019472765167,0.082912607552,-1.2682206553328346,FINITE,CLIP_RETAINED,ROBUST_RETAINED,-1.6542548153328345
569,AT2016aj,0.06731,0.06731,True,37.2344,279.8208039352443,73.23,0.06404094807938943,0.06439935001476284,0.082912607552,1.3628809049906736,FINITE,CLIP_RETAINED,ROBUST_RETAINED,0.9768467449906736
570,PS15bjg,0.06758,0.06758,True,37.4935,315.28259759551827,73.23,0.07213863195839901,0.07254397615369589,0.082912607552,-1.977792099920758,FINITE,CLIP_RETAINED,ROBUST_EXCLUDED,-2.3638262599207582
571,CSS160129,0.06841,0.06841,True,37.2381,280.29800066741007,73.23,0.06408411439142063,0.06444863560171737,0.082912607552,1.8330565467088415,FINITE,CLIP_RETAINED,ROBUST_RETAINED,1.4470223867088414
572,2006al,0.06908,0.06908,True,37.4213,304.97202257001624,73.23,0.06968160192892157,0.070081855629201,0.082912607552,-0.4119009641742875,FINITE,CLIP_RETAINED,ROBUST_RETAINED,-0.7979351241742876
573,PTSS17-niq,0.0691,0.0691,True,37.2817,285.98285667429104,73.23,0.06534163565100391,0.06571706939974942,0.082912607552,1.5150708155721813,FINITE,CLIP_RETAINED,ROBUST_RETAINED,1.1290366555721811
574,1993B,0.07076,0.07076,True,37.2944,287.66034700028393,73.23,0.06562301686370049,0.06600915188553992,0.082912607552,2.0819436631054447,FINITE,CLIP_RETAINED,ROBUST_RETAINED,1.6959095031054447
575,2008Y,0.07028,0.07028,True,37.2961,287.8856384018515,73.23,0.06570386556732556,0.066087846094411,0.082912607552,1.8425372044072874,FINITE,CLIP_RETAINED,ROBUST_RETAINED,1.4565030444072873
576,2008Y,0.07028,0.07028,True,37.2775,285.43025137865857,73.23,0.06514347492129259,0.06552418046457335,0.082912607552,2.1142870348830956,FINITE,CLIP_RETAINED,ROBUST_RETAINED,1.7282528748830956
577,PS17yt,0.07046,0.07046,True,37.4787,313.1410474881145,73.23,0.07145586610521398,0.07187453461513157,0.082912607552,-0.5549430996806861,FINITE,CLIP_RETAINED,ROBUST_RETAINED,-0.9409772596806861
578,PS16em,0.07113,0.07113,True,37.4814,313.5306479620387,73.23,0.07150001749932677,0.07192294000999097,0.082912607552,-0.3088483023896624,FINITE,CLIP_RETAINED,ROBUST_RETAINED,-0.6948824623896623
579,2006on,0.07068,0.07068,True,37.4543,309.6420970126149,73.23,0.07064291977348619,0.07105812127639961,0.082912607552,-0.15030674034400854,FINITE,CLIP_RETAINED,ROBUST_RETAINED,-0.5363409003440085
580,470043,0.07061,0.07061,True,37.7291,351.41476111058046,73.23,0.08017833541903086,0.08064911294327168,0.082912607552,-3.3730710264981565,FINITE,CLIP_RETAINED,ROBUST_EXCLUDED,-3.7591051864981564
581,ATLAS16bwu,0.07074,0.07074,True,37.3712,298.01628733236663,73.23,0.06798675363807417,0.06838668381567975,0.082912607552,0.9839461922961734,FINITE,CLIP_RETAINED,ROBUST_RETAINED,0.5979120322961734
582,PS15bdr,0.07094,0.07094,True,37.3552,295.8284922114816,73.23,0.06747504630761614,0.06787309187883006,0.082912607552,1.2928240652956384,FINITE,CLIP_RETAINED,ROBUST_RETAINED,0.9067899052956384
583,PS15bwh,0.07149,0.07149,True,37.2494,281.7604290859691,73.23,0.06423329621851144,0.06461516472169794,0.082912607552,3.0785425721313526,FINITE,CLIP_RETAINED,ROBUST_EXCLUDED,2.6925084121313527
584,370566,0.07134,0.07134,True,37.4155,304.1585295947745,73.23,0.06934912902089707,0.06976054366443159,0.082912607552,0.6394928503313185,FINITE,CLIP_RETAINED,ROBUST_RETAINED,0.2534586903313185
585,PS15mt,0.07193,0.07193,True,37.5618,325.35688392362476,73.23,0.07414159172837011,0.0745850862182836,0.082912607552,-0.9779112940781135,FINITE,CLIP_RETAINED,ROBUST_RETAINED,-1.3639454540781135
586,2007jd,0.07196,0.07196,True,37.6319,336.0315072815845,73.23,0.07657195777335433,0.07703018164352896,0.082912607552,-1.7883240851042133,FINITE,CLIP_RETAINED,ROBUST_EXCLUDED,-2.174358245104213
587,PS15atx,0.07301,0.07301,True,37.6225,334.5800178533014,73.23,0.07616659863613798,0.07662906764700614,0.082912607552,-1.2730561735499772,FINITE,CLIP_RETAINED,ROBUST_RETAINED,-1.6590903335499774
588,Gaia16aki,0.07398,0.07398,True,37.5535,324.11564884384364,73.23,0.07371776121150489,0.07417132635622613,0.082912607552,-0.06967556801786855,FINITE,CLIP_RETAINED,ROBUST_RETAINED,-0.4557097280178686
589,1992ae,0.07478,0.07478,True,37.4346,306.84567057147746,73.23,0.06973788225434147,0.0701716146314316,0.082912607552,1.794067442186595,FINITE,CLIP_RETAINED,ROBUST_RETAINED,1.408033282186595
590,PS17bii,0.07467,0.07467,True,37.4501,309.0437749154444,73.23,0.07024464236514681,0.07068088187951597,0.082912607552,1.5395937690902533,FINITE,CLIP_RETAINED,ROBUST_RETAINED,1.1535596090902533
591,7876,0.0749,0.0749,True,37.4763,312.795142401725,73.23,0.07108210302908803,0.07152490737582959,0.082912607552,1.27953152949735,FINITE,CLIP_RETAINED,ROBUST_RETAINED,0.8934973694973499
592,2005ir,0.0749,0.0749,True,37.5656,325.9267454491938,73.23,0.07406623492317757,0.07452762885179197,0.082912607552,0.13363751823957384,FINITE,CLIP_RETAINED,ROBUST_RETAINED,-0.2523966417604262
593,2010hs,0.07514,0.07514,True,37.8142,365.46012632215223,73.23,0.08303158176054362,0.08355048767047225,0.082912607552,-2.5862886204252913,FINITE,CLIP_RETAINED,ROBUST_EXCLUDED,-2.972322780425291
594,AT2016gsu,0.07529,0.07529,True,37.5461,323.01299901537925,73.23,0.07337746843122556,0.07383695925179821,0.082912607552,0.5261599914620098,FINITE,CLIP_RETAINED,ROBUST_RETAINED,0.14012583146200974
595,370333,0.07557,0.07557,True,37.6342,336.3876167660849,73.23,0.07639582952084398,0.07687600606087068,0.082912607552,-0.44704836596158615,FINITE,CLIP_RETAINED,ROBUST_RETAINED,-0.8330825259615862
596,PS15bif,0.07855,0.07855,True,37.5715,326.81350899154785,73.23,0.07401641532710243,0.07450004151782862,0.082912607552,1.4087711836580974,FINITE,CLIP_RETAINED,ROBUST_RETAINED,1.0227370236580975
597,Gaia16acv,0.07833,0.07833,True,37.8315,368.38335597906473,73.23,0.08344813661943998,0.08399185796038858,0.082912607552,-1.6815977358028815,FINITE,CLIP_RETAINED,ROBUST_EXCLUDED,-2.0676318958028816
598,17186,0.07849,0.07849,True,38.0154,400.94056680711753,73.23,0.0908096932438334,0.0914025926711502,0.082912607552,-3.421671277154088,FINITE,CLIP_RETAINED,ROBUST_EXCLUDED,-3.807705437154088
599,2007hx,0.07849,0.07849,True,38.0942,415.75741158455827,73.23,0.09416558496563111,0.09478039511865259,0.082912607552,-4.112988910669657,FINITE,CLIP_RETAINED,ROBUST_EXCLUDED,-4.499023070669657
600,560033,0.07869,0.07869,True,37.5988,330.9481822150373,73.23,0.07494310431223698,0.075433661136647,0.082912607552,1.112737323667162,FINITE,CLIP_RETAINED,ROBUST_RETAINED,0.726703163667162
601,12779,0.07891,0.07891,True,37.7843,360.46242493363343,73.23,0.0816099501895067,0.0821456447287901,0.082912607552,-0.9850471561510683,FINITE,CLIP_RETAINED,ROBUST_RETAINED,-1.3710813161510682
602,PS15bzz,0.07901,0.07901,True,37.53,320.62693245054675,73.23,0.07258432819613579,0.0730613835661803,0.082912607552,2.1154627418957825,FINITE,CLIP_RETAINED,ROBUST_RETAINED,1.7294285818957826
603,350316,0.07966,0.07966,True,37.6003,331.1768720979076,73.23,0.07492751332509588,0.0754240338465138,0.082912607552,1.435958573606172,FINITE,CLIP_RETAINED,ROBUST_RETAINED,1.0499244136061718
604,2005ag,0.08024,0.08024,True,37.6668,341.47585413195344,73.23,0.07721613802883695,0.07773156249726884,0.082912607552,0.8129103772668049,FINITE,CLIP_RETAINED,ROBUST_RETAINED,0.4268762172668049
605,12950,0.08141,0.08141,True,37.7215,350.18698409688744,73.23,0.0791002670917395,0.07963599322019266,0.082912607552,0.5512994013398921,FINITE,CLIP_RETAINED,ROBUST_RETAINED,0.16526524133989207
606,130308,0.08221,0.08221,True,37.8192,366.30259892130437,73.23,0.0826792995281214,0.08324478698997258,0.082912607552,-0.3011538849144904,FINITE,CLIP_RETAINED,ROBUST_RETAINED,-0.6871880449144905
607,12898,0.08255,0.08255,True,37.6774,343.14683693676795,73.23,0.07742841459623383,0.07796018616764545,0.082912607552,1.453837051309119,FINITE,CLIP_RETAINED,ROBUST_RETAINED,1.0678028913091189
608,12781,0.08282,0.08282,True,37.9939,396.9903956078765,73.23,0.0895554586630908,0.09017253632748304,0.082912607552,-1.914023824816475,FINITE,CLIP_RETAINED,ROBUST_EXCLUDED,-2.300057984816475
609,SN2016glp,0.08366,0.08366,True,37.9686,392.3918694421668,73.23,0.08844948085356509,0.08906514069738107,0.082912607552,-1.420853005358204,FINITE,CLIP_RETAINED,ROBUST_EXCLUDED,-1.8068871653582042
610,3592,0.08544,0.08544,True,37.8406,369.93038120171224,73.23,0.08324966782568047,0.0838415067346408,0.082912607552,0.4491118545393669,FINITE,CLIP_RETAINED,ROBUST_RETAINED,0.0630776945393669
611,SN2016grz,0.08656,0.08656,True,37.8484,371.26157265469914,73.23,0.08346312052009625,0.0840642829330219,0.082912607552,0.6926785232923547,FINITE,CLIP_RETAINED,ROBUST_RETAINED,0.30664436329235467
612,1241,0.08848,0.08848,True,37.7772,359.285756164842,73.23,0.08062836953446559,0.08122204288544549,0.082912607552,2.078323460606012,FINITE,CLIP_RETAINED,ROBUST_RETAINED,1.6922893006060122
613,590194,0.09015,0.09015,True,37.9202,383.74258786317216,73.23,0.0859848765517982,0.08662998461531705,0.082912607552,0.9134949522513663,FINITE,CLIP_RETAINED,ROBUST_RETAINED,0.5274607922513663
614,370066,0.09066,0.09066,True,38.0269,403.06955882049493,73.23,0.09027322244218798,0.0909543501087582,0.082912607552,-0.07131579915066674,FINITE,CLIP_RETAINED,ROBUST_RETAINED,-0.4573499591506668
615,300105,0.09181,0.09181,True,38.1602,428.58799299258027,73.23,0.09588733832043449,0.09662003773195293,0.082912607552,-1.0661773745461405,FINITE,CLIP_RETAINED,ROBUST_RETAINED,-1.4522115345461404
616,iPTF17dz,0.09284,0.09284,True,38.2226,441.0826752615857,73.23,0.0985897461945856,0.09935157964958335,0.082912607552,-1.3803670644945005,FINITE,CLIP_RETAINED,ROBUST_RETAINED,-1.7664012244945004
617,010010,0.09968,0.09968,True,38.4377,487.01237859797686,73.23,0.10817876139832833,0.10907653432925139,0.082912607552,-1.6773374638808,FINITE,CLIP_RETAINED,ROBUST_EXCLUDED,-2.0633716238808
618,160099,0.10142,0.10142,True,38.2982,456.709452207509,73.23,0.10128738828475652,0.10214270473086777,0.082912607552,-0.13919768707001282,FINITE,CLIP_RETAINED,ROBUST_RETAINED,-0.5252318470700128
619,000190,0.10237,0.10237,True,38.4085,480.5073110898127,73.23,0.10647335657219428,0.10738092341405202,0.082912607552,-0.8972846809781316,FINITE,CLIP_RETAINED,ROBUST_RETAINED,-1.2833188409781315
620,140181,0.10231,0.10231,True,38.2511,446.9099254085233,73.23,0.09903406003862396,0.09987771829017343,0.082912607552,0.4798884205495038,FINITE,CLIP_RETAINED,ROBUST_RETAINED,0.0938542605495038
621,100405,0.10298,0.10298,True,38.1815,432.81270422022175,73.23,0.09585189285681708,0.09667381286187247,0.082912607552,1.2938444365121642,FINITE,CLIP_RETAINED,ROBUST_RETAINED,0.9078102765121642
622,13135,0.10338,0.10338,True,38.3338,464.25864551112227,73.23,0.1027787244692537,0.1036634792811863,0.082912607552,-0.052855792876829656,FINITE,CLIP_RETAINED,ROBUST_RETAINED,-0.4388899528768297
623,20064,0.10351,0.10351,True,38.2079,438.10680599391424,73.23,0.09697773981213537,0.09781361203347808,0.082912607552,1.14667810748027,FINITE,CLIP_RETAINED,ROBUST_RETAINED,0.7606439474802701
624,13038,0.10485,0.10485,True,38.4295,485.17677121925635,73.23,0.10726672252318643,0.10820329875507512,0.082912607552,-0.5849733577333079,FINITE,CLIP_RETAINED,ROBUST_RETAINED,-0.971007517733308
625,18697,0.10638,0.10638,True,38.2611,448.97276789754204,73.23,0.09912518589104152,0.10000336130409102,0.082912607552,1.2237555867021548,FINITE,CLIP_RETAINED,ROBUST_RETAINED,0.8377214267021548
626,20625,0.10684,0.10684,True,38.4624,492.58365851146146,73.23,0.10870849556827791,0.10967575490808494,0.082912607552,-0.47980194368602724,FINITE,CLIP_RETAINED,ROBUST_RETAINED,-0.8658361036860273
627,3256,0.10694,0.10694,True,38.4295,485.17677121925635,73.23,0.10706419352425832,0.10801771790026607,0.082912607552,-0.18597232170473782,FINITE,CLIP_RETAINED,ROBUST_RETAINED,-0.5720064817047379
628,120225,0.10728,0.10728,True,38.7801,570.1905299204249,73.23,0.12578558548099378,0.12690942200182126,0.082912607552,-2.7265977239076227,FINITE,CLIP_RETAINED,ROBUST_EXCLUDED,-3.1126318839076226
629,21034,0.10751,0.10751,True,38.4984,500.8180812437935,73.23,0.11045889006278754,0.11144791486919524,0.082912607552,-0.6494833406496631,FINITE,CLIP_RETAINED,ROBUST_RETAINED,-1.035517500649663
630,500038,0.1081,0.1081,True,38.4017,479.0049484522932,73.23,0.10559160137627119,0.10654225729489744,0.082912607552,0.27181873536436835,FINITE,CLIP_RETAINED,ROBUST_RETAINED,-0.11421542463563167
631,7147,0.10886,0.10886,True,38.4016,478.9828899671378,73.23,0.10551437086848145,0.10647104038029884,0.082912607552,0.4152897456901871,FINITE,CLIP_RETAINED,ROBUST_RETAINED,0.029255585690187103
632,020027,0.10988,0.10988,True,38.5701,517.6306691749405,73.23,0.11392323418277207,0.114965866875193,0.082912607552,-0.7931543808445496,FINITE,CLIP_RETAINED,ROBUST_RETAINED,-1.1791885408445495
633,18650,0.11243,0.11243,True,38.6214,530.0050406396651,73.23,0.11637927270583856,0.1174692167754837,0.082912607552,-0.752038078407361,FINITE,CLIP_RETAINED,ROBUST_RETAINED,-1.1380722384073612
634,18612,0.11365,0.11365,True,38.3876,475.90470670585177,73.23,0.10438536396036058,0.10537363805762466,0.082912607552,1.4174640679035824,FINITE,CLIP_RETAINED,ROBUST_RETAINED,1.0314299079035822
635,8719,0.11628,0.11628,True,38.5408,510.6931116171777,73.23,0.11175196993450166,0.11283458981954715,0.082912607552,0.5304907199895216,FINITE,CLIP_RETAINED,ROBUST_RETAINED,0.14445655998952156
636,5395,0.11635,0.11635,True,38.6302,532.1572705056367,73.23,0.11644154373191389,0.11757027717681055,0.082912607552,-0.17779280209182877,FINITE,CLIP_RETAINED,ROBUST_RETAINED,-0.5638269620918288
637,2561,0.11741,0.11741,True,38.5727,518.250822473854,73.23,0.11329109581338254,0.1143993440077504,0.082912607552,0.4521920795963117,FINITE,CLIP_RETAINED,ROBUST_RETAINED,0.06615791959631168
638,16259,0.11771,0.11771,True,38.6088,526.9385839245049,73.23,0.11515934729127356,0.11628876379916234,0.082912607552,0.20849885331998394,FINITE,CLIP_RETAINED,ROBUST_RETAINED,-0.17753530668001608
639,1371,0.11797,0.11797,True,38.4157,482.10318428317004,73.23,0.10533632960873174,0.10637170068014033,0.082912607552,1.913391402657671,FINITE,CLIP_RETAINED,ROBUST_RETAINED,1.5273572426576711
640,000137,0.11878,0.11878,True,38.5629,515.9171917785545,73.23,0.11264285182704416,0.1137576797321711,0.082912607552,0.7541612423181467,FINITE,CLIP_RETAINED,ROBUST_RETAINED,0.3681270823181467
641,5549,0.11992,0.11992,True,38.5958,523.7933736534835,73.23,0.11424608609043208,0.11538768719960711,0.082912607552,0.6635534681512912,FINITE,CLIP_RETAINED,ROBUST_RETAINED,0.2775193081512912
642,12860,0.12042,0.12042,True,38.7926,573.4822757726505,73.23,0.12502805601104497,0.12628263078297883,0.082912607552,-0.7589254143038612,FINITE,CLIP_RETAINED,ROBUST_RETAINED,-1.1449595743038612
643,490008,0.12067,0.12067,True,38.6348,533.2857757905039,73.23,0.11623865739939787,0.1174074699193033,0.082912607552,0.4647905094796465,FINITE,CLIP_RETAINED,ROBUST_RETAINED,0.07875634947964649
644,19953,0.1219,0.1219,True,38.5945,523.4798870090681,73.23,0.11397620257541173,0.11513400652922107,0.082912607552,0.9826981875084052,FINITE,CLIP_RETAINED,ROBUST_RETAINED,0.5966640275084052
645,390259,0.12208,0.12208,True,38.6119,527.6913801191387,73.23,0.11487473159199432,0.11604339491909295,0.082912607552,0.8667595324909703,FINITE,CLIP_RETAINED,ROBUST_RETAINED,0.48072537249097025
646,18835,0.12262,0.12262,True,38.6853,545.8332655348249,73.23,0.11876693698307299,0.11998056890852454,0.082912607552,0.36142499432469577,FINITE,CLIP_RETAINED,ROBUST_RETAINED,-0.024609165675304245
647,2916,0.12303,0.12303,True,38.5967,524.0105128352225,73.23,0.11397693481237307,0.11514553382769817,0.082912607552,1.1379702751844274,FINITE,CLIP_RETAINED,ROBUST_RETAINED,0.7519361151844274
648,16021,0.12336,0.12336,True,38.6164,528.7860628724685,73.23,0.11498187212638217,0.11616395304378184,0.082912607552,1.0246565396385003,FINITE,CLIP_RETAINED,ROBUST_RETAINED,0.6386223796385003
649,13894,0.12356,0.12356,True,38.8009,575.6784866648455,73.23,0.1251561115788922,0.126444886388125,0.082912607552,-0.36647003481674767,FINITE,CLIP_RETAINED,ROBUST_RETAINED,-0.7525041948167477
650,570062,0.12363,0.12363,True,38.8242,581.8888025193532,73.23,0.12649839207548236,0.1278017305450318,0.082912607552,-0.5222536822697705,FINITE,CLIP_RETAINED,ROBUST_RETAINED,-0.9082878422697706
651,6406,0.12377,0.12377,True,38.6504,537.1307303948358,73.23,0.11675376576498056,0.11795807260416986,0.082912607552,0.8090385581569989,FINITE,CLIP_RETAINED,ROBUST_RETAINED,0.42300439815699886
652,19543,0.12384,0.12384,True,38.835,584.7900841444812,73.23,0.12710535433077244,0.12841718239022254,0.082912607552,-0.5687092294587509,FINITE,CLIP_RETAINED,ROBUST_RETAINED,-0.9547433894587509
653,13044,0.12455,0.12455,True,38.7616,565.3533891523141,73.23,0.12280316536962328,0.12407789542360569,0.082912607552,0.06117582383093397,FINITE,CLIP_RETAINED,ROBUST_RETAINED,-0.32485833616906606
654,15459,0.12542,0.12542,True,39.1417,673.503721817324,73.23,0.14618193368774446,0.14770999620080627,0.082912607552,-2.2787770569790076,FINITE,CLIP_RETAINED,ROBUST_EXCLUDED,-2.6648112169790075
655,2992,0.12608,0.12608,True,38.4956,500.17271871483536,73.23,0.10849733880567743,0.10963747783412418,0.082912607552,2.492360999977306,FINITE,CLIP_RETAINED,ROBUST_EXCLUDED,2.106326839977306
656,16069,0.12688,0.12688,True,38.8125,578.7619883491209,73.23,0.1254557757331255,0.12678253089172298,0.082912607552,0.012121480086534612,FINITE,CLIP_RETAINED,ROBUST_RETAINED,-0.3739126799134654
657,744,0.12694,0.12694,True,38.6849,545.7327285916658,73.23,0.11828986524454234,0.119541432141752,0.082912607552,0.9948397736991396,FINITE,CLIP_RETAINED,ROBUST_RETAINED,0.6088056136991395
658,14871,0.12705,0.12705,True,38.7429,560.5056568127808,73.23,0.12148010199104185,0.12276654288777898,0.082912607552,0.5555644302073319,FINITE,CLIP_RETAINED,ROBUST_RETAINED,0.1695302702073319
659,18855,0.12716,0.12716,True,38.7841,571.2418276756574,73.23,0.1237949027014887,0.12510699772064166,0.082912607552,0.2595037231252944,FINITE,CLIP_RETAINED,ROBUST_RETAINED,-0.1265304368747056
660,22075,0.129,0.129,True,38.7547,563.5597917848863,73.23,0.12193107121748215,0.12324221189333166,0.082912607552,0.7354381439703557,FINITE,CLIP_RETAINED,ROBUST_RETAINED,0.34940398397035566
661,1032,0.12904,0.12904,True,38.8403,586.2191480880493,73.23,0.1268291268802039,0.12819336213911697,0.082912607552,0.10258662134889147,FINITE,CLIP_RETAINED,ROBUST_RETAINED,-0.28344753865110855
662,5751,0.12929,0.12929,True,38.833,584.2517205360292,73.23,0.12637548891592731,0.12773749236080728,0.082912607552,0.18876838578703656,FINITE,CLIP_RETAINED,ROBUST_RETAINED,-0.19726577421296346
663,18415,0.1294,0.1294,True,38.8429,586.9214745926836,73.23,0.12694060031573848,0.1283098644414877,0.082912607552,0.13168639837425822,FINITE,CLIP_RETAINED,ROBUST_RETAINED,-0.2543477616257418
664,18809,0.13153,0.13153,True,38.802,575.970181254671,73.23,0.12433753649264709,0.1257009195806078,0.082912607552,0.7158606566335475,FINITE,CLIP_RETAINED,ROBUST_RETAINED,0.32982649663354746
665,151034,0.13269,0.13269,True,38.7841,571.2418276756574,73.23,0.12319051331697993,0.12455329788170352,0.082912607552,1.0056454779447923,FINITE,CLIP_RETAINED,ROBUST_RETAINED,0.6196113179447923
666,1334084,0.13349,0.13349,True,38.8266,582.532285327172,73.23,0.12553667979544275,0.1269338378802342,0.082912607552,0.7869432872622006,FINITE,CLIP_RETAINED,ROBUST_RETAINED,0.4009091272622006
667,15508,0.13353,0.13353,True,38.8434,587.0566338166835,73.23,0.12650722010296467,0.12791560402955576,0.082912607552,0.6668816455003109,FINITE,CLIP_RETAINED,ROBUST_RETAINED,0.2808474855003109
668,14108,0.13463,0.13463,True,39.2366,703.59055361453,73.23,0.15147259611803404,0.15317288476307692,0.082912607552,-1.7227135148310475,FINITE,CLIP_RETAINED,ROBUST_EXCLUDED,-2.1087476748310476
669,15234,0.13514,0.13514,True,39.0775,653.8829300047421,73.23,0.1407080367816826,0.14229350944108896,0.082912607552,-0.7313304944040714,FINITE,CLIP_RETAINED,ROBUST_RETAINED,-1.1173646544040714
670,000014,0.13599,0.13599,True,38.9771,624.3383323163232,73.23,0.1342498542471668,0.13577212557677268,0.082912607552,0.023612978627615154,FINITE,CLIP_RETAINED,ROBUST_RETAINED,-0.3624211813723849
671,17629,0.1364,0.1364,True,38.8475,588.1661141430378,73.23,0.12642620629939513,0.12786411113239837,0.082912607552,1.0001607563880277,FINITE,CLIP_RETAINED,ROBUST_RETAINED,0.6141265963880277
672,19775,0.13687,0.13687,True,39.0095,633.7237741643974,73.23,0.13616250257127435,0.13771650945064753,0.082912607552,-0.08963444919865594,FINITE,CLIP_RETAINED,ROBUST_RETAINED,-0.47566860919865595
673,18602,0.13696,0.13696,True,38.9616,619.8976643211641,73.23,0.1331812679899397,0.13470225554677262,0.082912607552,0.24611746766955148,FINITE,CLIP_RETAINED,ROBUST_RETAINED,-0.13991669233044854
674,21062,0.13729,0.13729,True,39.3511,741.6858610118832,73.23,0.15930048965305146,0.16112417847761734,0.082912607552,-2.043030924602655,FINITE,CLIP_RETAINED,ROBUST_EXCLUDED,-2.4290650846026547
675,17366,0.13811,0.13811,True,38.8857,598.6045312628473,73.23,0.12847661685906472,0.1299562659436968,0.082912607552,0.9271981083282043,FINITE,CLIP_RETAINED,ROBUST_RETAINED,0.5411639483282042
676,15171,0.13818,0.13818,True,38.9503,616.6801934937575,73.23,0.1323479995382164,0.1338730118326495,0.082912607552,0.4705972317127888,FINITE,CLIP_RETAINED,ROBUST_RETAINED,0.08456307171278876
677,190340,0.13824,0.13824,True,39.0229,637.646529048604,73.23,0.1368404481125951,0.1384179143415865,0.082912607552,-0.018587831856274325,FINITE,CLIP_RETAINED,ROBUST_RETAINED,-0.40462199185627434
678,20084,0.13834,0.13834,True,39.0401,642.7173148616706,73.23,0.1379165340522989,0.139507561849274,0.082912607552,-0.12065566421596316,FINITE,CLIP_RETAINED,ROBUST_RETAINED,-0.5066898242159632
679,12928,0.13868,0.13868,True,38.9999,630.9282884897219,73.23,0.13534637812600572,0.1369116157052103,0.082912607552,0.187072673557884,FINITE,CLIP_RETAINED,ROBUST_RETAINED,-0.198961486442116
680,190230,0.13864,0.13864,True,39.0467,644.6737695185552,73.23,0.1382999091636281,0.1398988394088703,0.082912607552,-0.12941635006010893,FINITE,CLIP_RETAINED,ROBUST_RETAINED,-0.515450510060109
681,090275,0.13959,0.13959,True,39.0213,637.1768667742642,73.23,0.13657767068132898,0.1381675721805562,0.082912607552,0.14800709064650994,FINITE,CLIP_RETAINED,ROBUST_RETAINED,-0.23802706935349008
682,1794,0.1407,0.1407,True,39.1775,684.6994830911343,73.23,0.1466212405320782,0.14834171099297022,0.082912607552,-0.7194613538865324,FINITE,CLIP_RETAINED,ROBUST_RETAINED,-1.1054955138865323
683,17208,0.14084,0.14084,True,39.2835,718.9521718666376,73.23,0.15393720299183133,0.15574532764039736,0.082912607552,-1.3142317475629566,FINITE,CLIP_RETAINED,ROBUST_RETAINED,-1.7002659075629567
684,340229,0.14108,0.14108,True,39.0407,642.8949287557919,73.23,0.137623385686431,0.1392426613063778,0.082912607552,0.1878793949547835,FINITE,CLIP_RETAINED,ROBUST_RETAINED,-0.1981547650452165
685,1317666,0.1412,0.1412,True,39.1237,667.9439184419122,73.23,0.14297054352691085,0.14465417299327088,0.082912607552,-0.33551328467166197,FINITE,CLIP_RETAINED,ROBUST_RETAINED,-0.721547444671662
686,2635,0.14311,0.14311,True,39.047,644.7628406439198,73.23,0.13777813673542313,0.13942269777601576,0.082912607552,0.37283272477948914,FINITE,CLIP_RETAINED,ROBUST_RETAINED,-0.013201435220510871
687,17568,0.14335,0.14335,True,39.5154,799.9816034925046,73.23,0.17091065363592667,0.17295413589060624,0.082912607552,-2.2433949281541885,FINITE,CLIP_RETAINED,ROBUST_EXCLUDED,-2.6294290881541884
688,190260,0.14344,0.14344,True,39.1135,664.8137604740006,73.23,0.1420217796799214,0.1437209264292359,0.082912607552,-0.027236360029394186,FINITE,CLIP_RETAINED,ROBUST_RETAINED,-0.4132705200293942
689,17497,0.14388,0.14388,True,39.0756,653.3110442230737,73.23,0.13951081137168303,0.1411850674841547,0.082912607552,0.26700899214014323,FINITE,CLIP_RETAINED,ROBUST_RETAINED,-0.11902516785985678
690,8921,0.1441,0.1441,True,39.016,635.6235799378429,73.23,0.13570765486392522,0.13733877479586865,0.082912607552,0.694312069544282,FINITE,CLIP_RETAINED,ROBUST_RETAINED,0.308277909544282
691,17605,0.14533,0.14533,True,39.1518,676.6436336223449,73.23,0.14431042135146369,0.1460598358686019,0.082912607552,-0.06865053713271431,FINITE,CLIP_RETAINED,ROBUST_RETAINED,-0.4546846971327143
692,1296657,0.14624,0.14624,True,39.1857,687.2899604138807,73.23,0.1464646342355803,0.14825134858147768,0.082912607552,-0.18470345858635567,FINITE,CLIP_RETAINED,ROBUST_RETAINED,-0.5707376185863557
693,440008,0.14656,0.14656,True,39.158,678.5783509504078,73.23,0.14456779089464314,0.1463352482690352,0.082912607552,0.020969631807257957,FINITE,CLIP_RETAINED,ROBUST_RETAINED,-0.36506452819274204
694,1316385,0.14741,0.14741,True,39.0154,635.4479749141011,73.23,0.13527878706702093,0.13694232967651784,0.082912607552,1.0628617278636352,FINITE,CLIP_RETAINED,ROBUST_RETAINED,0.6768275678636352
695,13796,0.14729,0.14729,True,38.9672,621.4983786469111,73.23,0.13232293432395487,0.1339487956572437,0.082912607552,1.3958996150298546,FINITE,CLIP_RETAINED,ROBUST_RETAINED,1.0098654550298547
696,14024,0.14759,0.14759,True,39.134,671.1197196984211,73.23,0.14285043789896834,0.14460924835388464,0.082912607552,0.28122658406679124,FINITE,CLIP_RETAINED,ROBUST_RETAINED,-0.10480757593320877
697,180166,0.14757,0.14757,True,39.161,679.5164894815254,73.23,0.14464024371214196,0.1464208479026848,0.082912607552,0.10664444363011674,FINITE,CLIP_RETAINED,ROBUST_RETAINED,-0.2793897163698833
698,1293758,0.14812,0.14812,True,39.2285,700.970917584382,73.23,0.14913550490736016,0.15097833308327682,0.082912607552,-0.25400809536274943,FINITE,CLIP_RETAINED,ROBUST_RETAINED,-0.6400422553627494
699,14437,0.14792,0.14792,True,39.0382,642.1551945230974,73.23,0.1366459324756665,0.138332136378136,0.082912607552,0.9583008275884356,FINITE,CLIP_RETAINED,ROBUST_RETAINED,0.5722666675884356
700,1255502,0.14819,0.14819,True,39.0239,637.9402437521995,73.23,0.1357171000032827,0.13739491790369143,0.082912607552,1.087461691078722,FINITE,CLIP_RETAINED,ROBUST_RETAINED,0.701427531078722
701,13736,0.14882,0.14882,True,39.1606,679.3913294464152,73.23,0.14445625229519357,0.1462497480956028,0.082912607552,0.2375588934151583,FINITE,CLIP_RETAINED,ROBUST_RETAINED,-0.14847526658484173
702,2308,0.14923,0.14923,True,39.1104,663.8653476556727,73.23,0.1411046665322873,0.14286140711050338,0.082912607552,0.6061998261194294,FINITE,CLIP_RETAINED,ROBUST_RETAINED,0.22016566611942934
703,000038,0.15036,0.15036,True,39.1058,662.4605182240999,73.23,0.14066775588238795,0.14243240100585677,0.082912607552,0.7538259065003546,FINITE,CLIP_RETAINED,ROBUST_RETAINED,0.3677917465003546
704,460003,0.15067,0.15067,True,39.1687,681.9303192397709,73.23,0.14476298871646195,0.14658277516310614,0.082912607552,0.37353387289842627,FINITE,CLIP_RETAINED,ROBUST_RETAINED,-0.012500287101573748
705,2031,0.15186,0.15186,True,39.0477,644.9707211312498,73.23,0.1367756017568704,0.13850864578709296,0.082912607552,1.3090430784221243,FINITE,CLIP_RETAINED,ROBUST_RETAINED,0.9230089184221243
706,18323,0.15272,0.15272,True,39.3239,732.4534011626937,73.23,0.15521171686397114,0.1571895675461059,0.082912607552,-0.3688077470996297,FINITE,CLIP_RETAINED,ROBUST_RETAINED,-0.7548419070996297
707,15132,0.15304,0.15304,True,39.2175,697.4289968817341,73.23,0.14774879840462968,0.14963551978677678,0.082912607552,0.2995696840601274,FINITE,CLIP_RETAINED,ROBUST_RETAINED,-0.08646447593987261
708,18740,0.15317,0.15317,True,39.0991,660.4196702280165,73.23,0.13989268172465105,0.14168060924899364,0.082912607552,1.0867474726059843,FINITE,CLIP_RETAINED,ROBUST_RETAINED,0.7007133126059842
709,19353,0.15325,0.15325,True,39.2564,710.0353971631944,73.23,0.150392046076613,0.15231517321601903,0.082912607552,0.08026075879161551,FINITE,CLIP_RETAINED,ROBUST_RETAINED,-0.3057734012083845
710,16073,0.15339,0.15339,True,39.3639,746.0707265752663,73.23,0.1580054799733298,0.16002782088881015,0.082912607552,-0.5332495543392615,FINITE,CLIP_RETAINED,ROBUST_RETAINED,-0.9192837143392615
711,5550,0.15493,0.15493,True,39.2076,694.2565726746541,73.23,0.1468360417214468,0.14873441296540718,0.082912607552,0.5450962619342361,FINITE,CLIP_RETAINED,ROBUST_RETAINED,0.1590621019342361
712,16116,0.15509,0.15509,True,39.278,717.1334826577211,73.23,0.15165352421943581,0.15361621619623142,0.082912607552,0.12411525275645102,FINITE,CLIP_RETAINED,ROBUST_RETAINED,-0.261918907243549
713,18030,0.15518,0.15518,True,39.3994,758.3680012542671,73.23,0.16036096831149838,0.1624375637006642,0.082912607552,-0.567129378362972,FINITE,CLIP_RETAINED,ROBUST_RETAINED,-0.953163538362972
714,19940,0.15591,0.15591,True,38.9704,622.4149276765997,73.23,0.131529845596516,0.13324115651419988,0.082912607552,2.2997264972660867,FINITE,CLIP_RETAINED,ROBUST_EXCLUDED,1.9136923372660868
715,13354,0.15654,0.15654,True,39.2087,694.6083504306254,73.23,0.14670593153839936,0.14862245883514655,0.082912607552,0.6925060808792683,FINITE,CLIP_RETAINED,ROBUST_RETAINED,0.30647192087926833
716,16206,0.15838,0.15838,True,39.0794,654.4553163953473,73.23,0.13800578145005563,0.13982998302136684,0.082912607552,1.746220049582754,FINITE,CLIP_RETAINED,ROBUST_RETAINED,1.360185889582754
717,440042,0.15906,0.15906,True,39.4267,767.9624757238594,73.23,0.16184616493773615,0.1639947416638596,0.082912607552,-0.37452486679358293,FINITE,CLIP_RETAINED,ROBUST_RETAINED,-0.7605590267935829
718,14782,0.15922,0.15922,True,38.9503,616.6801934937575,73.23,0.12994586542192782,0.1316726988549586,0.082912607552,2.7995503089052023,FINITE,CLIP_RETAINED,ROBUST_EXCLUDED,2.4135161489052024
719,15425,0.15935,0.15935,True,39.0908,657.9001720936019,73.23,0.1386161284578356,0.140459693826733,0.082912607552,1.76044977889058,FINITE,CLIP_RETAINED,ROBUST_RETAINED,1.37441561889058
720,1299775,0.16009,0.16009,True,39.0428,643.5169640053329,73.23,0.13549917408072013,0.1373097090356508,0.082912607552,2.1813726640225655,FINITE,CLIP_RETAINED,ROBUST_EXCLUDED,1.7953385040225656
721,3317,0.15991,0.15991,True,39.2286,701.0031992313988,73.23,0.14762640316873812,0.1495967490715846,0.082912607552,0.881612434379666,FINITE,CLIP_RETAINED,ROBUST_RETAINED,0.49557827437966595
722,2689,0.16036,0.16036,True,39.2057,693.6493761192407,73.23,0.14602108860862345,0.14797552959941634,0.082912607552,1.0721478605011483,FINITE,CLIP_RETAINED,ROBUST_RETAINED,0.6861137005011483
723,390627,0.16045,0.16045,True,39.4242,767.078835011656,73.23,0.161466301789105,0.16362869254899634,0.082912607552,-0.24056888622066303,FINITE,CLIP_RETAINED,ROBUST_RETAINED,-0.6266030462206631
724,5103,0.1606,0.1606,True,39.2162,697.0115905399449,73.23,0.1466985310083009,0.1486649975868978,0.082912607552,1.0258296272517022,FINITE,CLIP_RETAINED,ROBUST_RETAINED,0.6397954672517022
725,120336,0.16134,0.16134,True,39.3106,727.9809253128756,73.23,0.15311895148587507,0.15518100349877606,0.082912607552,0.4984178562316199,FINITE,CLIP_RETAINED,ROBUST_RETAINED,0.11238369623161987
726,17825,0.1622,0.1622,True,39.3252,732.8920318811206,73.23,0.154037854194335,0.1561234130230585,0.082912607552,0.4860693036643727,FINITE,CLIP_RETAINED,ROBUST_RETAINED,0.10003514366437266
727,19174,0.16357,0.16357,True,39.2807,718.0257181118469,73.23,0.15073559368245643,0.15279379724506248,0.082912607552,0.8821674181453527,FINITE,CLIP_RETAINED,ROBUST_RETAINED,0.4961332581453527
728,3087,0.16431,0.16431,True,39.2634,712.3279740646626,73.23,0.1494444199354099,0.15149428799655337,0.082912607552,1.0579524350460061,FINITE,CLIP_RETAINED,ROBUST_RETAINED,0.6719182750460061
729,19616,0.16455,0.16455,True,39.3293,734.2771270216504,73.23,0.15401754319815575,0.1561332457915783,0.082912607552,0.6667784969152177,FINITE,CLIP_RETAINED,ROBUST_RETAINED,0.2807443369152177
730,20764,0.16478,0.16478,True,39.3182,730.5332710227265,73.23,0.1532019969602884,0.15530945829532972,0.082912607552,0.7548669323896889,FINITE,CLIP_RETAINED,ROBUST_RETAINED,0.3688327723896889
731,20430,0.16593,0.16593,True,39.4938,792.0634990489717,73.23,0.16594182196524568,0.16824057444221513,0.082912607552,-0.1647753995527457,FINITE,CLIP_RETAINED,ROBUST_RETAINED,-0.5508095595527457
732,12843,0.16595,0.16595,True,39.1817,686.025090865522,73.23,0.143723705084297,0.14571491691975816,0.082912607552,1.7477085146412605,FINITE,CLIP_RETAINED,ROBUST_RETAINED,1.3616743546412606
733,12853,0.16817,0.16817,True,39.2757,716.3743047864231,73.23,0.14979671253423638,0.15190001955761914,0.082912607552,1.3177605397282262,FINITE,CLIP_RETAINED,ROBUST_RETAINED,0.9317263797282261
734,350233,0.16935,0.16935,True,39.5155,800.0184448551003,73.23,0.16711822383114935,0.1694813242232128,0.082912607552,-0.009148619616236765,FINITE,CLIP_RETAINED,ROBUST_RETAINED,-0.39518277961623677
735,17389,0.1696,0.1696,True,39.6721,859.8446630594963,73.23,0.17957710734320687,0.18212015495441802,0.082912607552,-0.7916745740506658,FINITE,CLIP_RETAINED,ROBUST_RETAINED,-1.1777087340506658
736,12856,0.17029,0.17029,True,39.4742,784.9463963943144,73.23,0.16383807520249305,0.1661677435891318,0.082912607552,0.2937490976958802,FINITE,CLIP_RETAINED,ROBUST_RETAINED,-0.09228506230411981
737,590005,0.17137,0.17137,True,39.5424,809.9906393740059,73.23,0.16890956135925714,0.17132668377030613,0.082912607552,0.0029509199891276515,FINITE,CLIP_RETAINED,ROBUST_RETAINED,-0.38308324001087235
738,310039,0.17156,0.17156,True,39.4603,779.9378554770975,73.23,0.16261619534036814,0.16494585712989573,0.082912607552,0.4736280353007561,FINITE,CLIP_RETAINED,ROBUST_RETAINED,0.08759387530075607
739,19282,0.17239,0.17239,True,39.5021,795.0967898016412,73.23,0.165659454058042,0.16804427797013968,0.082912607552,0.3025883361017863,FINITE,CLIP_RETAINED,ROBUST_RETAINED,-0.0834458238982137
740,1303279,0.17274,0.17274,True,39.2676,713.7070717909717,73.23,0.14865742055311276,0.15080186029288156,0.082912607552,1.7623082005674726,FINITE,CLIP_RETAINED,ROBUST_RETAINED,1.3762740405674725
741,100090,0.17282,0.17282,True,39.7263,881.5764903274554,73.23,0.1836102694182744,0.18626015273633942,0.082912607552,-0.814479383287199,FINITE,CLIP_RETAINED,ROBUST_RETAINED,-1.2005135432871992
742,3080,0.17315,0.17315,True,39.3871,754.0844755591487,73.23,0.15701270160858521,0.15928308405431232,0.082912607552,1.0339500615006367,FINITE,CLIP_RETAINED,ROBUST_RETAINED,0.6479159015006367
743,15897,0.17357,0.17357,True,39.5403,809.2076876296528,73.23,0.16842995480456865,0.17087137938939875,0.082912607552,0.18293477449661563,FINITE,CLIP_RETAINED,ROBUST_RETAINED,-0.20309938550338438
744,120143,0.1736,0.1736,True,39.3493,741.0713096266961,73.23,0.15424398264592099,0.15648016806115567,0.082912607552,1.3048059521408018,FINITE,CLIP_RETAINED,ROBUST_RETAINED,0.9187717921408017
745,15648,0.17383,0.17383,True,39.5986,831.2276860137888,73.23,0.17297491524081837,0.17548600286095806,0.082912607552,-0.10823090403780634,FINITE,CLIP_RETAINED,ROBUST_RETAINED,-0.49426506403780635
746,14421,0.174,0.174,True,39.5734,821.6370223219841,73.23,0.17095438079497752,0.17343858081511518,0.082912607552,0.037246899836711124,FINITE,CLIP_RETAINED,ROBUST_RETAINED,-0.34878726016328887
747,16165,0.17405,0.17405,True,39.3317,735.0891287397895,73.23,0.15294022977596716,0.15516330289201474,0.082912607552,1.4532655823033895,FINITE,CLIP_RETAINED,ROBUST_RETAINED,1.0672314223033896
748,5350,0.17431,0.17431,True,39.5053,796.2693514948637,73.23,0.1656325057267715,0.1680436908089983,0.082912607552,0.43310891481982783,FINITE,CLIP_RETAINED,ROBUST_RETAINED,0.04707475481982781
749,15583,0.17427,0.17427,True,39.5546,814.5542237671572,73.23,0.1694417255195167,0.17190779295225858,0.082912607552,0.15841833290021534,FINITE,CLIP_RETAINED,ROBUST_RETAINED,-0.22761582709978467
750,19969,0.17428,0.17428,True,39.4849,788.8237901040881,73.23,0.16408794160002485,0.16647622769448803,0.082912607552,0.5462182099596744,FINITE,CLIP_RETAINED,ROBUST_RETAINED,0.1601840499596744
751,18604,0.17483,0.17483,True,39.7434,888.5461715823368,73.23,0.1847452594489256,0.1874427586127893,0.082912607552,-0.7520949868706489,FINITE,CLIP_RETAINED,ROBUST_RETAINED,-1.138129146870649
752,14979,0.17654,0.17654,True,39.5164,800.3500934769202,73.23,0.1661657967513368,0.16861591856270566,0.082912607552,0.5406111557619763,FINITE,CLIP_RETAINED,ROBUST_RETAINED,0.15457699576197625
753,17218,0.17697,0.17697,True,39.5095,797.8109633536671,73.23,0.16557811649147294,0.16802556334354182,0.082912607552,0.6120902809592121,FINITE,CLIP_RETAINED,ROBUST_RETAINED,0.22605612095921213
754,14451,0.17729,0.17729,True,39.4771,785.995392110211,73.23,0.16308156711559968,0.165496502818464,0.082912607552,0.8225518940579578,FINITE,CLIP_RETAINED,ROBUST_RETAINED,0.4365177340579578
755,17220,0.17769,0.17769,True,39.3394,737.7003678213736,73.23,0.15300912930696703,0.1552800606617709,0.082912607552,1.699016516626638,FINITE,CLIP_RETAINED,ROBUST_RETAINED,1.3129823566266379
756,370428,0.1778,0.1778,True,39.6477,850.2369993028564,73.23,0.1763342931365034,0.17895304409141716,0.082912607552,-0.07232180997512838,FINITE,CLIP_RETAINED,ROBUST_RETAINED,-0.4583559699751284
757,5635,0.17839,0.17839,True,39.9669,984.8724748828802,73.23,0.2041546531103775,0.2071967013581318,0.082912607552,-1.4829084674414539,FINITE,CLIP_RETAINED,ROBUST_EXCLUDED,-1.868942627441454
758,6936,0.1789,0.1789,True,39.641,847.6176666354914,73.23,0.17562703258896153,0.17825153646421915,0.082912607552,0.04071904830897232,FINITE,CLIP_RETAINED,ROBUST_RETAINED,-0.3453151116910277
759,300179,0.17896,0.17896,True,39.7672,898.3384739503589,73.23,0.1861269499706264,0.18890930041095072,0.082912607552,-0.5780713710668521,FINITE,CLIP_RETAINED,ROBUST_RETAINED,-0.9641055310668522
760,13045,0.17916,0.17916,True,39.5355,807.4209243845892,73.23,0.1672613480887,0.16976449796340937,0.082912607552,0.6290127636630075,FINITE,CLIP_RETAINED,ROBUST_RETAINED,0.2429786036630075
761,1347120,0.17955,0.17955,True,39.5509,813.1674760457038,73.23,0.1683960794919916,0.17092173801243607,0.082912607552,0.5716095461202353,FINITE,CLIP_RETAINED,ROBUST_RETAINED,0.18557538612023528
762,2372,0.17959,0.17959,True,39.5519,813.5420397472562,73.23,0.16846793365550025,0.17099523697328065,0.082912607552,0.568979498278871,FINITE,CLIP_RETAINED,ROBUST_RETAINED,0.18294533827887094
763,1303496,0.17979,0.17979,True,39.5962,830.3094867331592,73.23,0.1719109817417215,0.1744928300985329,0.082912607552,0.3410829267273143,FINITE,CLIP_RETAINED,ROBUST_RETAINED,-0.04495123327268574
764,13254,0.1799,0.1799,True,39.9979,999.0333817376478,73.23,0.20682504623267212,0.20993316679564425,0.082912607552,-1.5107247557021286,FINITE,CLIP_RETAINED,ROBUST_EXCLUDED,-1.8967589157021285
765,14284,0.18037,0.18037,True,39.3688,747.7561609862663,73.23,0.154742699240512,0.15707425883074078,0.082912607552,1.7220509863576634,FINITE,CLIP_RETAINED,ROBUST_RETAINED,1.3360168263576635
766,420159,0.18059,0.18059,True,39.5035,795.6095729300225,73.23,0.16461493351492382,0.167098289308666,0.082912607552,0.9176348714732011,FINITE,CLIP_RETAINED,ROBUST_RETAINED,0.5316007114732011
767,330023,0.18064,0.18064,True,39.7166,877.6472573558285,73.23,0.1815811817504182,0.18432125190496906,0.082912607552,-0.21964217530510233,FINITE,CLIP_RETAINED,ROBUST_RETAINED,-0.6056763353051023
768,350548,0.18067,0.18067,True,39.6391,846.8763405209892,73.23,0.1752103684688903,0.17785474508736282,0.082912607552,0.17614476172095375,FINITE,CLIP_RETAINED,ROBUST_RETAINED,-0.20988939827904626
769,360112,0.18071,0.18071,True,39.6151,837.567852663794,73.23,0.17327866355124463,0.1758944691112337,0.082912607552,0.30573820816223196,FINITE,CLIP_RETAINED,ROBUST_RETAINED,-0.08029595183776805
770,17215,0.1808,0.1808,True,39.6213,839.9626982774321,73.23,0.17376087174241858,0.17638527289756353,0.082912607552,0.27915907337382884,FINITE,CLIP_RETAINED,ROBUST_RETAINED,-0.10687508662617118
771,370595,0.18138,0.18138,True,39.6585,854.4762576841813,73.23,0.17667647142007226,0.1793535331798953,0.082912607552,0.12505372707483872,FINITE,CLIP_RETAINED,ROBUST_RETAINED,-0.26098043292516127
772,15443,0.18123,0.18123,True,39.4868,789.5142990336267,73.23,0.16326528955305095,0.16573707927416492,0.082912607552,1.0627896888112407,FINITE,CLIP_RETAINED,ROBUST_RETAINED,0.6767555288112407
773,1339392,0.18148,0.18148,True,39.3953,756.9374625725964,73.23,0.15649553707177796,0.15886812768788117,0.082912607552,1.6396652492414225,FINITE,CLIP_RETAINED,ROBUST_RETAINED,1.2536310892414226
774,17332,0.18203,0.18203,True,39.5863,826.5326235300829,73.23,0.17080470597255476,0.17340214169633764,0.082912607552,0.5556030130032376,FINITE,CLIP_RETAINED,ROBUST_RETAINED,0.16956885300323754
775,1580,0.18216,0.18216,True,39.5259,803.8592249193537,73.23,0.16610093260828285,0.16862865539238361,0.082912607552,0.9039793313836717,FINITE,CLIP_RETAINED,ROBUST_RETAINED,0.5179451713836717
776,1250017,0.18217,0.18217,True,39.6885,866.3632065076606,73.23,0.17901457722057756,0.1817389704389024,0.082912607552,0.026058838940772266,FINITE,CLIP_RETAINED,ROBUST_RETAINED,-0.35997532105922775
777,15453,0.18243,0.18243,True,39.7821,904.523802948965,73.23,0.18685851423389677,0.18970637254014028,0.082912607552,-0.41505448957162744,FINITE,CLIP_RETAINED,ROBUST_RETAINED,-0.8010886495716274
778,17391,0.18345,0.18345,True,39.5995,831.5722724645887,73.23,0.17163996496714762,0.1742706192171931,0.082912607552,0.5841603809672962,FINITE,CLIP_RETAINED,ROBUST_RETAINED,0.19812622096729615
779,1257695,0.18383,0.18383,True,39.68,862.9785477669702,73.23,0.1780651745531144,0.1808000016523027,0.082912607552,0.18334266344562325,FINITE,CLIP_RETAINED,ROBUST_RETAINED,-0.20269149655437677
780,17168,0.18376,0.18376,True,39.752,892.0721887252703,73.23,0.1840791797270778,0.18690528858821934,0.082912607552,-0.18212143947731807,FINITE,CLIP_RETAINED,ROBUST_RETAINED,-0.5681555994773181
781,20048,0.18388,0.18388,True,39.796,910.3323996799097,73.23,0.187828135473565,0.19071369835402666,0.082912607552,-0.385023433976388,FINITE,CLIP_RETAINED,ROBUST_RETAINED,-0.771057593976388
782,1296321,0.18444,0.18444,True,39.9384,972.0307411291928,73.23,0.20046348011255136,0.2035526079944119,0.082912607552,-0.9852547229272167,FINITE,CLIP_RETAINED,ROBUST_RETAINED,-1.3712888829272167
783,15421,0.18443,0.18443,True,39.7891,907.4443480172165,73.23,0.1871453032856681,0.1900290414576766,0.082912607552,-0.31634631510889694,FINITE,CLIP_RETAINED,ROBUST_RETAINED,-0.7023804751088969
784,8213,0.18468,0.18468,True,39.6548,853.0215442117039,73.23,0.17588438094681547,0.17859830056643056,0.082912607552,0.3729109323730273,FINITE,CLIP_RETAINED,ROBUST_RETAINED,-0.013123227626972711
785,15461,0.18482,0.18482,True,39.613,836.7582442814502,73.23,0.17251066712432112,0.1751745632599318,0.082912607552,0.606583425319815,FINITE,CLIP_RETAINED,ROBUST_RETAINED,0.220549265319815
786,1336453,0.18492,0.18492,True,39.7435,888.5870915879284,73.23,0.18318052581329675,0.18601072732352494,0.082912607552,-0.06329551602063177,FINITE,CLIP_RETAINED,ROBUST_RETAINED,-0.4493296760206318
787,6422,0.18501,0.18501,True,39.6347,845.1620736386702,73.23,0.17421530915816835,0.17690831512650856,0.082912607552,0.502508984472702,FINITE,CLIP_RETAINED,ROBUST_RETAINED,0.11647482447270197
788,16281,0.18507,0.18507,True,39.5427,810.1025514467428,73.23,0.16697995016161396,0.16956195607101304,0.082912607552,1.0176278045981482,FINITE,CLIP_RETAINED,ROBUST_RETAINED,0.6315936445981482
789,370563,0.18538,0.18538,True,39.7882,907.068321738403,73.23,0.1869178322668387,0.18981301572690515,0.082912607552,-0.24998814873364855,FINITE,CLIP_RETAINED,ROBUST_RETAINED,-0.6360223087336485
790,15365,0.18651,0.18651,True,39.7559,893.675804610833,73.23,0.18398267475326002,0.18684990073206062,0.082912607552,-0.019495012543855952,FINITE,CLIP_RETAINED,ROBUST_RETAINED,-0.40552917254385595
791,18807,0.18714,0.18714,True,39.7694,899.2490754973023,73.23,0.18503180808895625,0.18792519999530727,0.082912607552,-0.044591543573446,FINITE,CLIP_RETAINED,ROBUST_RETAINED,-0.43062570357344604
792,5994,0.18801,0.18801,True,39.7451,889.2420680256266,73.23,0.18283874637215208,0.185711240391103,0.082912607552,0.13221639901660015,FINITE,CLIP_RETAINED,ROBUST_RETAINED,-0.25381776098339986
793,12927,0.18892,0.18892,True,39.4384,772.1114626988875,73.23,0.15863378930276245,0.16113816805572048,0.082912607552,1.9245288721447082,FINITE,CLIP_RETAINED,ROBUST_RETAINED,1.5384947121447081
794,16100,0.18893,0.18893,True,39.8089,915.7564790173391,73.23,0.18814472457515327,0.19111515596716333,0.082912607552,-0.12057344067455389,FINITE,CLIP_RETAINED,ROBUST_RETAINED,-0.5066076006745539
795,1273127,0.18937,0.18937,True,39.9359,970.9122933358071,73.23,0.1994028454350658,0.2025584096970521,0.082912607552,-0.6723817738024869,FINITE,CLIP_RETAINED,ROBUST_RETAINED,-1.058415933802487
796,18787,0.18915,0.18915,True,40.1408,1066.98914215558,73.23,0.21917534104373876,0.22263974530181224,0.082912607552,-1.5064453125842872,FINITE,CLIP_RETAINED,ROBUST_EXCLUDED,-1.892479472584287
797,18749,0.18931,0.18931,True,39.7413,887.6872866259413,73.23,0.18231955856774695,0.18520385724931135,0.082912607552,0.23594725036843858,FINITE,CLIP_RETAINED,ROBUST_RETAINED,-0.15008690963156143
798,440643,0.18955,0.18955,True,39.7624,896.3549063305519,73.23,0.18406263283124272,0.18697822762643018,0.082912607552,0.1457891712905381,FINITE,CLIP_RETAINED,ROBUST_RETAINED,-0.24024498870946193
799,6304,0.18979,0.18979,True,39.7286,882.5107412614175,73.23,0.18118323797334204,0.1840568850024042,0.082912607552,0.3316160575400676,FINITE,CLIP_RETAINED,ROBUST_RETAINED,-0.054418102459932394
800,762,0.19009,0.19009,True,39.8807,946.5422413577428,73.23,0.19428019256307547,0.19736647232762541,0.082912607552,-0.38307201119452833,FINITE,CLIP_RETAINED,ROBUST_RETAINED,-0.7691061711945284
801,20687,0.19026,0.19026,True,39.6892,866.6425340281388,73.23,0.17785516929351103,0.1806830725557739,0.082912607552,0.5668489218196611,FINITE,CLIP_RETAINED,ROBUST_RETAINED,0.18081476181966105
802,2440,0.1903,0.1903,True,39.9182,963.0304072653644,73.23,0.19762955721222272,0.20077253977921397,0.082912607552,-0.5384983868747296,FINITE,CLIP_RETAINED,ROBUST_RETAINED,-0.9245325468747296
803,16276,0.19397,0.19397,True,39.7983,911.2971246969075,73.23,0.1864382065102108,0.18946085064618368,0.082912607552,0.2473292836060496,FINITE,CLIP_RETAINED,ROBUST_RETAINED,-0.1387048763939504
804,2246,0.19422,0.19422,True,39.8787,945.6708450902208,73.23,0.1934300709114925,0.19657014569444803,0.082912607552,-0.12262303958114532,FINITE,CLIP_RETAINED,ROBUST_RETAINED,-0.5086571995811453
805,20821,0.19534,0.19534,True,40.1343,1063.8000343306787,73.23,0.21738865650326683,0.22093818225522557,0.082912607552,-1.1385677856085228,FINITE,CLIP_RETAINED,ROBUST_RETAINED,-1.5246019456085227
806,1253920,0.19556,0.19556,True,39.7111,875.4271269234456,73.23,0.17886153552333595,0.18178530565041492,0.082912607552,0.7940452887738494,FINITE,CLIP_RETAINED,ROBUST_RETAINED,0.4080111287738494
807,14984,0.19549,0.19549,True,39.9082,958.6056844661915,73.23,0.19586750152170346,0.1990681052549976,0.082912607552,-0.18278106003124583,FINITE,CLIP_RETAINED,ROBUST_RETAINED,-0.5688152200312458
808,15674,0.19555,0.19555,True,39.958,980.8441360309052,73.23,0.20040132443513123,0.20367702705633772,0.082912607552,-0.4025940795636058,FINITE,CLIP_RETAINED,ROBUST_RETAINED,-0.7886282395636058
809,000236,0.19602,0.19602,True,39.7288,882.5920272478071,73.23,0.18025606624792917,0.1832096195946528,0.082912607552,0.7296693424000429,FINITE,CLIP_RETAINED,ROBUST_RETAINED,0.34363518240004287
810,15129,0.19611,0.19611,True,39.7747,901.4465895539273,73.23,0.18409297237466765,0.18711079089721114,0.082912607552,0.49823659955205624,FINITE,CLIP_RETAINED,ROBUST_RETAINED,0.11220243955205622
811,1298893,0.19616,0.19616,True,39.8397,928.8380541957958,73.23,0.1896789146144436,0.1927891021855891,0.082912607552,0.1793048146269098,FINITE,CLIP_RETAINED,ROBUST_RETAINED,-0.2067293453730902
812,1334620,0.19624,0.19624,True,39.8927,951.7875069450504,73.23,0.19435244606307675,0.1975405763655024,0.082912607552,-0.06695233721902599,FINITE,CLIP_RETAINED,ROBUST_RETAINED,-0.452986497219026
813,13070,0.19719,0.19719,True,39.8018,912.7671464984888,73.23,0.18623669272480523,0.1893066038679468,0.082912607552,0.42815279165519676,FINITE,CLIP_RETAINED,ROBUST_RETAINED,0.04211863165519675
814,18804,0.19726,0.19726,True,39.6932,868.2404198273618,73.23,0.17714131245399856,0.18006234111453345,0.082912607552,0.9982506491328234,FINITE,CLIP_RETAINED,ROBUST_RETAINED,0.6122164891328233
815,1302058,0.19786,0.19786,True,39.492,791.4072053994844,73.23,0.16138466623734057,0.16405403169648325,0.082912607552,2.2170487126598393,FINITE,CLIP_RETAINED,ROBUST_EXCLUDED,1.8310145526598394
816,15222,0.19801,0.19801,True,39.7561,893.7581189849209,73.23,0.18223336221755865,0.18524987717546243,0.082912607552,0.7113471831737797,FINITE,CLIP_RETAINED,ROBUST_RETAINED,0.32531302317377964
817,1316431,0.19815,0.19815,True,39.8879,949.6859217024543,73.23,0.1936141701626452,0.1968213566590459,0.082912607552,0.06828826265012046,FINITE,CLIP_RETAINED,ROBUST_RETAINED,-0.31774589734987957
818,13370,0.19846,0.19846,True,40.3246,1161.2346868031939,73.23,0.23668175868560953,0.2406085368758142,0.082912607552,-1.6556986096627948,FINITE,CLIP_RETAINED,ROBUST_EXCLUDED,-2.041732769662795
819,360145,0.1986,0.1986,True,39.8881,949.7733950365414,73.23,0.19355930669370336,0.1967729259792886,0.082912607552,0.0937949624418009,FINITE,CLIP_RETAINED,ROBUST_RETAINED,-0.2922391975581991
820,19658,0.19863,0.19863,True,39.889,950.1671247555662,73.23,0.19363470041852512,0.19685006108819836,0.082912607552,0.09131829405027904,FINITE,CLIP_RETAINED,ROBUST_RETAINED,-0.294715865949721
821,18768,0.19892,0.19892,True,40.0216,1009.9968051211047,73.23,0.20577761349623974,0.209199640851743,0.082912607552,-0.4858195041671044,FINITE,CLIP_RETAINED,ROBUST_RETAINED,-0.8718536641671044
822,110460,0.19956,0.19956,True,39.8511,933.7271779962957,73.23,0.19013687670717278,0.19330906023455777,0.082912607552,0.3275341311779928,FINITE,CLIP_RETAINED,ROBUST_RETAINED,-0.05850002882200722
823,500504,0.19948,0.19948,True,39.6764,861.5490343532921,73.23,0.17545078683919274,0.17837676910857264,0.082912607552,1.2311826416499831,FINITE,CLIP_RETAINED,ROBUST_RETAINED,0.8451484816499831
824,560150,0.19957,0.19957,True,39.8965,953.4545596724566,73.23,0.19415238740494514,0.19739172810561934,0.082912607552,0.11099582430894851,FINITE,CLIP_RETAINED,ROBUST_RETAINED,-0.2750383356910515
825,19101,0.20062,0.20062,True,39.6837,864.4502415693323,73.23,0.17587445215418987,0.1788244016149466,0.082912607552,1.2625267659184944,FINITE,CLIP_RETAINED,ROBUST_RETAINED,0.8764926059184944
826,470232,0.20068,0.20068,True,39.9838,992.5673838264382,73.23,0.20193009735381046,0.20531810063425732,0.082912607552,-0.2234246925338331,FINITE,CLIP_RETAINED,ROBUST_RETAINED,-0.6094588525338331
827,370308,0.20074,0.20074,True,39.7672,898.3384739503589,73.23,0.18275082777068283,0.18581796375311688,0.082912607552,0.8209498070483441,FINITE,CLIP_RETAINED,ROBUST_RETAINED,0.43491564704834407
828,590002,0.20139,0.20139,True,39.8575,936.4832198943213,73.23,0.190407617330907,0.19361369260015454,0.082912607552,0.40413810235844855,FINITE,CLIP_RETAINED,ROBUST_RETAINED,0.018103942358448533
829,13152,0.20216,0.20216,True,39.6184,838.8416773645226,73.23,0.1704457033262981,0.17332672604060542,0.082912607552,1.73230642091849,FINITE,CLIP_RETAINED,ROBUST_RETAINED,1.3462722609184898
830,19913,0.20237,0.20237,True,39.9949,997.6541190945941,73.23,0.2026796751095115,0.20610913334408548,0.082912607552,-0.17819981051645112,FINITE,CLIP_RETAINED,ROBUST_RETAINED,-0.5642339705164512
831,6780,0.20268,0.20268,True,39.8373,927.8120315457609,73.23,0.18844223317253,0.19163571112306355,0.082912607552,0.5794168960692386,FINITE,CLIP_RETAINED,ROBUST_RETAINED,0.19338273606923861
832,14212,0.20308,0.20308,True,39.9658,984.3736956371117,73.23,0.19986365443501714,0.20325742895472357,0.082912607552,-0.008594378629153226,FINITE,CLIP_RETAINED,ROBUST_RETAINED,-0.39462853862915326
833,15203,0.20314,0.20314,True,39.8822,947.196315457376,73.23,0.19230570372946987,0.19557211377659062,0.082912607552,0.385831918400305,FINITE,CLIP_RETAINED,ROBUST_RETAINED,-0.00020224159969500777
834,16032,0.20318,0.20318,True,39.9277,967.2528098235668,73.23,0.19637116968777926,0.1997072960680013,0.082912607552,0.17215455566942384,FINITE,CLIP_RETAINED,ROBUST_RETAINED,-0.21387960433057618
835,7243,0.20323,0.20323,True,39.9335,969.8397942067522,73.23,0.1968881959387517,0.2002339361104522,0.082912607552,0.1479808761462744,FINITE,CLIP_RETAINED,ROBUST_RETAINED,-0.23805328385372562
836,15901,0.20368,0.20368,True,39.9041,956.7974297536637,73.23,0.19416783434755938,0.19747471492856286,0.082912607552,0.3117530342841224,FINITE,CLIP_RETAINED,ROBUST_RETAINED,-0.07428112571587764
837,18965,0.20454,0.20454,True,39.8809,946.6294251348356,73.23,0.19196723285262116,0.195250556710536,0.082912607552,0.4724734208759444,FINITE,CLIP_RETAINED,ROBUST_RETAINED,0.08643926087594439
838,110033,0.20471,0.20471,True,39.8427,930.1221782274408,73.23,0.18859310720546368,0.19182142522076054,0.082912607552,0.6708285546820282,FINITE,CLIP_RETAINED,ROBUST_RETAINED,0.28479439468202816
839,17801,0.20515,0.20515,True,40.1661,1079.4934213489978,73.23,0.2187999538753043,0.22255346862849704,0.082912607552,-0.7419500521152467,FINITE,CLIP_RETAINED,ROBUST_RETAINED,-1.1279842121152468
840,15872,0.20549,0.20549,True,39.8126,917.3181784803561,73.23,0.18587659966887465,0.18907064392876535,0.082912607552,0.8690093009522903,FINITE,CLIP_RETAINED,ROBUST_RETAINED,0.4829751409522903
841,1327978,0.20699,0.20699,True,39.9225,964.9393118055814,73.23,0.195283099385962,0.19866348796500466,0.082912607552,0.41055293826552347,FINITE,CLIP_RETAINED,ROBUST_RETAINED,0.024518778265523455
842,15201,0.20736,0.20736,True,40.316,1156.6447741656473,73.23,0.23400845415150423,0.2380664893945309,0.082912607552,-1.1881123488620795,FINITE,CLIP_RETAINED,ROBUST_RETAINED,-1.5741465088620794
843,1283373,0.20754,0.20754,True,40.0725,1033.9511009823702,73.23,0.20915430375405528,0.21278450875295105,0.082912607552,-0.23554849098899536,FINITE,CLIP_RETAINED,ROBUST_RETAINED,-0.6215826509889953
844,20376,0.20831,0.20831,True,39.7299,883.0392340226558,73.23,0.17851304640339108,0.18162301866952216,0.082912607552,1.4766724349944826,FINITE,CLIP_RETAINED,ROBUST_RETAINED,1.0906382749944825
845,15467,0.20847,0.20847,True,39.8758,944.4087452419164,73.23,0.19089407882081766,0.1942223242841382,0.082912607552,0.7205729397911802,FINITE,CLIP_RETAINED,ROBUST_RETAINED,0.3345387797911802
846,200132,0.20856,0.20856,True,40.1034,1048.7693820479737,73.23,0.21197278948407025,0.2156701524164531,0.082912607552,-0.3126331286054996,FINITE,CLIP_RETAINED,ROBUST_RETAINED,-0.6986672886054996
847,15259,0.20857,0.20857,True,39.8639,939.2473966813409,73.23,0.1898351026821729,0.1931464862778224,0.082912607552,0.7855872662398137,FINITE,CLIP_RETAINED,ROBUST_RETAINED,0.39955310623981366
848,140152,0.20864,0.20864,True,39.8798,946.1500137158656,73.23,0.19121914326736633,0.1945557985141018,0.082912607552,0.7102918496048041,FINITE,CLIP_RETAINED,ROBUST_RETAINED,0.32425768960480406
849,16482,0.20937,0.20937,True,39.8413,929.5226995678628,73.23,0.18774532867248458,0.19103293016089762,0.082912607552,0.9453720429702731,FINITE,CLIP_RETAINED,ROBUST_RETAINED,0.5593378829702731
850,550154,0.21003,0.21003,True,40.1479,1070.4835551087003,73.23,0.21609871946487144,0.21989484895532194,0.082912607552,-0.42070714915909857,FINITE,CLIP_RETAINED,ROBUST_RETAINED,-0.8067413091590986
851,19149,0.21023,0.21023,True,39.4543,777.7857821101611,73.23,0.15698581677189985,0.15974617985814413,0.082912607552,3.29403948787829,FINITE,CLIP_RETAINED,ROBUST_EXCLUDED,2.90800532787829
852,460105,0.21071,0.21071,True,39.9632,983.1957667882987,73.23,0.1983664410892159,0.20186245474040795,0.082912607552,0.4220089115310488,FINITE,CLIP_RETAINED,ROBUST_RETAINED,0.03597475153104879
853,14157,0.21083,0.21083,True,39.806,914.534303120459,73.23,0.1844952369209351,0.18774865222392492,0.082912607552,1.2121618781874466,FINITE,CLIP_RETAINED,ROBUST_RETAINED,0.8261277181874466
854,18940,0.21099,0.21099,True,39.9552,979.5802039249157,73.23,0.19759127987296632,0.20107830015437822,0.082912607552,0.4748059402827445,FINITE,CLIP_RETAINED,ROBUST_RETAINED,0.08877178028274446
855,1257366,0.21137,0.21137,True,40.1415,1067.3331542618384,73.23,0.21522440566535714,0.21902950985632902,0.082912607552,-0.32698821226943214,FINITE,CLIP_RETAINED,ROBUST_RETAINED,-0.7130223722694322
856,7847,0.2116,0.2116,True,39.9676,985.190011436056,73.23,0.19862278475642955,0.20213823189161376,0.082912607552,0.4492211176585107,FINITE,CLIP_RETAINED,ROBUST_RETAINED,0.06318695765851068
857,17811,0.21186,0.21186,True,39.9136,960.9925038495536,73.23,0.19370279186283962,0.19713540914426686,0.082912607552,0.7222476880842946,FINITE,CLIP_RETAINED,ROBUST_RETAINED,0.3362135280842946
858,18927,0.21214,0.21214,True,39.9374,971.5832074866383,73.23,0.19579227300067134,0.19926654411112257,0.082912607552,0.6219133516714284,FINITE,CLIP_RETAINED,ROBUST_RETAINED,0.23587919167142835
859,13305,0.21339,0.21339,True,40.0218,1010.0898335486536,73.23,0.20334238812967248,0.2069720832447505,0.082912607552,0.29360191495908877,FINITE,CLIP_RETAINED,ROBUST_RETAINED,-0.09243224504091124
860,8495,0.21353,0.21353,True,40.0084,1003.8758346518788,73.23,0.20206812614230044,0.20567746291286565,0.082912607552,0.36209141354507796,FINITE,CLIP_RETAINED,ROBUST_RETAINED,-0.02394274645492206
861,6933,0.21383,0.21383,True,39.8874,949.4672736115767,73.23,0.19106910278434716,0.19448681278525826,0.082912607552,0.9601118362856156,FINITE,CLIP_RETAINED,ROBUST_RETAINED,0.5740776762856156
862,110567,0.21442,0.21442,True,40.0179,1008.277323805669,73.23,0.2028053559839046,0.20644309447128312,0.082912607552,0.3649949631450378,FINITE,CLIP_RETAINED,ROBUST_RETAINED,-0.021039196854962194
863,1249851,0.21511,0.21511,True,39.8825,947.3271845042499,73.23,0.1904376160467551,0.19386460385377802,0.082912607552,1.054836217966469,FINITE,CLIP_RETAINED,ROBUST_RETAINED,0.668802057966469
864,14019,0.21513,0.21513,True,40.4641,1238.2832546972281,73.23,0.24892332189722546,0.2534031995063571,0.082912607552,-1.3296202072479195,FINITE,CLIP_RETAINED,ROBUST_RETAINED,-1.7156543672479194
865,1316,0.21566,0.21566,True,40.2253,1109.3280640119133,73.23,0.22290314919551749,0.22692471296559508,0.082912607552,-0.452614613788974,FINITE,CLIP_RETAINED,ROBUST_RETAINED,-0.8386487737889741
866,100206,0.21653,0.21653,True,39.8253,922.698893912575,73.23,0.18527017339673513,0.18862637815595248,0.082912607552,1.430642335870946,FINITE,CLIP_RETAINED,ROBUST_RETAINED,1.044608175870946
867,17435,0.21674,0.21674,True,40.0672,1031.4305721960866,73.23,0.20706683510204302,0.21082156129134333,0.082912607552,0.2614514049653527,FINITE,CLIP_RETAINED,ROBUST_RETAINED,-0.12458275503464733
868,7473,0.21677,0.21677,True,40.0932,1043.8545774557308,73.23,0.20955587343560608,0.2133562638529525,0.082912607552,0.1484066222837116,FINITE,CLIP_RETAINED,ROBUST_RETAINED,-0.23762753771628842
869,20364,0.21729,0.21729,True,40.1395,1066.350556670108,73.23,0.21398053887945181,0.2178705657933643,0.082912607552,-0.024505121754406813,FINITE,CLIP_RETAINED,ROBUST_RETAINED,-0.41053928175440685
870,13641,0.21781,0.21781,True,39.9942,997.3325652353734,73.23,0.20004550408191202,0.20369098299067734,0.082912607552,0.6508569878188523,FINITE,CLIP_RETAINED,ROBUST_RETAINED,0.26482282781885225
871,1290816,0.21848,0.21848,True,40.2216,1107.43947498957,73.23,0.22200866540594744,0.2260669424557693,0.082912607552,-0.3037430986160033,FINITE,CLIP_RETAINED,ROBUST_RETAINED,-0.6897772586160034
872,1304678,0.21884,0.21884,True,40.1416,1067.3823079018375,73.23,0.2139151939554735,0.21783202572537844,0.082912607552,0.04235447788768506,FINITE,CLIP_RETAINED,ROBUST_RETAINED,-0.343679682112315
873,9467,0.21885,0.21885,True,40.1925,1092.6976271889107,73.23,0.21898686663357853,0.22299674667922792,0.082912607552,-0.16887879684374854,FINITE,CLIP_RETAINED,ROBUST_RETAINED,-0.5549129568437485
874,5533,0.21887,0.21887,True,40.1292,1061.3044861429692,73.23,0.21269189629493637,0.21658686796259605,0.082912607552,0.09666309554762285,FINITE,CLIP_RETAINED,ROBUST_RETAINED,-0.28937106445237715
875,1342255,0.21886,0.21886,True,40.0296,1013.724633558327,73.23,0.20315827022681832,0.20687848353848512,0.082912607552,0.5392742302775029,FINITE,CLIP_RETAINED,ROBUST_RETAINED,0.15324007027750286
876,1302187,0.21943,0.21943,True,40.0048,1002.2129266050734,73.23,0.20075735077334675,0.20444326049363268,0.082912607552,0.6840816309671699,FINITE,CLIP_RETAINED,ROBUST_RETAINED,0.2980474709671699
877,15433,0.21935,0.21935,True,40.1098,1051.864989015839,73.23,0.2107171814793055,0.2145845305817487,0.082912607552,0.2039761221018824,FINITE,CLIP_RETAINED,ROBUST_RETAINED,-0.18205803789811761
878,000220,0.21982,0.21982,True,40.0616,1028.7740476585295,73.23,0.20601202995897724,0.20980119971818825,0.082912607552,0.4412890920243807,FINITE,CLIP_RETAINED,ROBUST_RETAINED,0.0552549320243807
879,18466,0.21967,0.21967,True,40.0882,1041.453778549046,73.23,0.2085767948736324,0.21241049649290228,0.082912607552,0.31466972084244654,FINITE,CLIP_RETAINED,ROBUST_RETAINED,-0.07136443915755347
880,14331,0.21976,0.21976,True,40.2387,1116.1948129941968,73.23,0.22352903535803373,0.22763926213640323,0.082912607552,-0.31132959801815124,FINITE,CLIP_RETAINED,ROBUST_RETAINED,-0.6973637580181513
881,19230,0.22005,0.22005,True,39.9228,965.0726323073256,73.23,0.19321938788718346,0.19677701565335054,0.082912607552,1.1157395765757547,FINITE,CLIP_RETAINED,ROBUST_RETAINED,0.7297054165757547
882,7512,0.22055,0.22055,True,40.1876,1090.2346983923721,73.23,0.2181889519268906,0.22221554070588478,0.082912607552,-0.06779764935888714,FINITE,CLIP_RETAINED,ROBUST_RETAINED,-0.4538318093588872
883,15354,0.22069,0.22069,True,40.0798,1037.4328603200202,73.23,0.20759789445416663,0.21143148378779497,0.082912607552,0.4025530051138016,FINITE,CLIP_RETAINED,ROBUST_RETAINED,0.016518845113801583
884,370098,0.22141,0.22141,True,40.0441,1020.5164273783378,73.23,0.20409241273970238,0.20787367746604776,0.082912607552,0.6007108496366151,FINITE,CLIP_RETAINED,ROBUST_RETAINED,0.21467668963661513
885,480464,0.22141,0.22141,True,40.0588,1027.4483522693454,73.23,0.20547872386413044,0.20928567307959609,0.082912607552,0.5332154503088291,FINITE,CLIP_RETAINED,ROBUST_RETAINED,0.1471812903088291
886,1331123,0.22157,0.22157,True,40.1937,1093.3016410929504,73.23,0.21862004163556628,0.22267341688663306,0.082912607552,-0.04465510888680171,FINITE,CLIP_RETAINED,ROBUST_RETAINED,-0.4306892688868017
887,13025,0.22287,0.22287,True,40.3257,1161.8230809911033,73.23,0.2320748296765332,0.23640314619366343,0.082912607552,-0.5037219964213532,FINITE,CLIP_RETAINED,ROBUST_RETAINED,-0.8897561564213532
888,14846,0.22335,0.22335,True,40.1511,1072.0622409065104,73.23,0.21406102709328018,0.2180620550767403,0.082912607552,0.21888672397784265,FINITE,CLIP_RETAINED,ROBUST_RETAINED,-0.16714743602215737
889,330083,0.22373,0.22373,True,40.0162,1007.4882736373105,73.23,0.20110493321952103,0.2048702527483486,0.082912607552,0.8474387373472893,FINITE,CLIP_RETAINED,ROBUST_RETAINED,0.46140457734728924
890,1304442,0.22451,0.22451,True,40.1293,1061.3533621461518,73.23,0.21172200351878784,0.21570005740427037,0.082912607552,0.36873298943485877,FINITE,CLIP_RETAINED,ROBUST_RETAINED,-0.017301170565141244
891,550096,0.22451,0.22451,True,39.9449,974.9447388191161,73.23,0.19448494797763713,0.1981391340806968,0.082912607552,1.2360294006178134,FINITE,CLIP_RETAINED,ROBUST_RETAINED,0.8499952406178134
892,1292560,0.22482,0.22482,True,40.1126,1053.2221886871437,73.23,0.21004679628479303,0.2139988749518491,0.082912607552,0.45729517628359084,FINITE,CLIP_RETAINED,ROBUST_RETAINED,0.07126101628359083
893,030066,0.22552,0.22552,True,40.1491,1071.0752896702506,73.23,0.21348527638549353,0.21751467477446285,0.082912607552,0.3303446799292359,FINITE,CLIP_RETAINED,ROBUST_RETAINED,-0.05568948007076413
894,13727,0.22534,0.22534,True,40.1329,1063.114398149145,73.23,0.2119296497373467,0.21592646409705704,0.082912607552,0.3924783983214485,FINITE,CLIP_RETAINED,ROBUST_RETAINED,0.00644423832144847
895,15229,0.22536,0.22536,True,40.1856,1089.2310174097438,73.23,0.21713239957037547,0.22122770025266325,0.082912607552,0.16679558710840914,FINITE,CLIP_RETAINED,ROBUST_RETAINED,-0.21923857289159088
896,020096,0.22563,0.22563,True,39.9865,993.8023056811182,73.23,0.19806555192116163,0.20180575338673545,0.082912607552,1.0860940165932391,FINITE,CLIP_RETAINED,ROBUST_RETAINED,0.7000598565932391
897,19992,0.22632,0.22632,True,40.3912,1197.4020573346204,73.23,0.2385088618577502,0.24302668390380025,0.082912607552,-0.5932456893213788,FINITE,CLIP_RETAINED,ROBUST_RETAINED,-0.9792798493213788
898,1315192,0.22714,0.22714,True,40.097,1045.6828853581378,73.23,0.20814894717744475,0.21210611360285567,0.082912607552,0.638508342728141,FINITE,CLIP_RETAINED,ROBUST_RETAINED,0.25247418272814104
899,1315259,0.22806,0.22806,True,40.2236,1108.4599343069135,73.23,0.22047976905645725,0.22468849800335283,0.082912607552,0.1322450833453843,FINITE,CLIP_RETAINED,ROBUST_RETAINED,-0.2537890766546157
900,180561,0.22853,0.22853,True,40.1604,1076.6635241146687,73.23,0.21407333014441954,0.21816826846839,0.082912607552,0.42212815051799824,FINITE,CLIP_RETAINED,ROBUST_RETAINED,0.03609399051799822
901,13072,0.22917,0.22917,True,40.2229,1108.1026666298283,73.23,0.22020966650173227,0.2244338938452681,0.082912607552,0.18545061698285356,FINITE,CLIP_RETAINED,ROBUST_RETAINED,-0.20058354301714645
902,3452,0.22967,0.22967,True,40.1351,1064.1920249497412,73.23,0.21139745445201802,0.2154615713755216,0.082912607552,0.5866048762082529,FINITE,CLIP_RETAINED,ROBUST_RETAINED,0.20057071620825284
903,21033,0.23006,0.23006,True,40.1283,1060.8647033866112,73.23,0.21066967981127058,0.21472674853838686,0.082912607552,0.6352147821759071,FINITE,CLIP_RETAINED,ROBUST_RETAINED,0.24918062217590708
904,000006,0.23044,0.23044,True,40.3062,1151.4365204948308,73.23,0.22858508530005586,0.23299450902221236,0.082912607552,-0.09480646417254497,FINITE,CLIP_RETAINED,ROBUST_RETAINED,-0.480840624172545
905,040780,0.23066,0.23066,True,40.0717,1033.570249479397,73.23,0.20514939767634935,0.20911055950116814,0.082912607552,0.9232356540087692,FINITE,CLIP_RETAINED,ROBUST_RETAINED,0.5372014940087692
906,19008,0.23075,0.23075,True,40.1049,1049.4940965502055,73.23,0.2082948281422951,0.2123183083848904,0.082912607552,0.7735974576532322,FINITE,CLIP_RETAINED,ROBUST_RETAINED,0.38756329765323216
907,360140,0.23083,0.23083,True,40.2958,1145.9350417581607,73.23,0.2274208393677986,0.23181530053627455,0.082912607552,-0.03677458250418565,FINITE,CLIP_RETAINED,ROBUST_RETAINED,-0.42280874250418565
908,17875,0.23111,0.23111,True,40.3169,1157.1242626671365,73.23,0.22958920922976472,0.23403100297885052,0.082912607552,-0.10756021306953499,FINITE,CLIP_RETAINED,ROBUST_RETAINED,-0.493594373069535
909,430004,0.2315,0.2315,True,40.201,1096.983259299195,73.23,0.21758748632578218,0.22180425846029456,0.082912607552,0.3830747466462339,FINITE,CLIP_RETAINED,ROBUST_RETAINED,-0.002959413353766094
910,1302648,0.23171,0.23171,True,40.0875,1041.1181076233386,73.23,0.20647138158053788,0.21047639206127453,0.082912607552,0.8991159449831828,FINITE,CLIP_RETAINED,ROBUST_RETAINED,0.5130817849831828
911,1275946,0.23212,0.23212,True,40.2045,1098.7528131180725,73.23,0.21782881255788972,0.2220616764818603,0.082912607552,0.3960791976271642,FINITE,CLIP_RETAINED,ROBUST_RETAINED,0.010045037627164188
912,15369,0.23269,0.23269,True,39.8341,926.44576415815,73.23,0.18358384366005528,0.18716010209082762,0.082912607552,2.2480978789452744,FINITE,CLIP_RETAINED,ROBUST_EXCLUDED,1.8620637189452744
913,1292336,0.23356,0.23356,True,40.1857,1089.2811795068283,73.23,0.21569896087923698,0.21991669258447913,0.082912607552,0.5420077557102969,FINITE,CLIP_RETAINED,ROBUST_RETAINED,0.1559735957102969
914,350047,0.23364,0.23364,True,40.4148,1210.486638476462,73.23,0.23968446617579092,0.2443728262830641,0.082912607552,-0.3703756910895577,FINITE,CLIP_RETAINED,ROBUST_RETAINED,-0.7564098510895577
915,1336687,0.23381,0.23381,True,40.1788,1085.8254084909695,73.23,0.21497108347082802,0.21917912554681632,0.082912607552,0.5834336843078892,FINITE,CLIP_RETAINED,ROBUST_RETAINED,0.1973995243078892
916,12971,0.23381,0.23381,True,40.1389,1066.0559538253865,73.23,0.2110571383228746,0.215188565229977,0.082912607552,0.7609797370893252,FINITE,CLIP_RETAINED,ROBUST_RETAINED,0.3749455770893252
917,110536,0.23475,0.23475,True,40.1912,1092.0436553562424,73.23,0.21603757631852705,0.220283662674534,0.082912607552,0.5714883451447885,FINITE,CLIP_RETAINED,ROBUST_RETAINED,0.1854541851447885
918,1279500,0.23471,0.23471,True,40.2784,1136.789359803184,73.23,0.22489684642814214,0.22931629578688464,0.082912607552,0.20198360334505755,FINITE,CLIP_RETAINED,ROBUST_RETAINED,-0.18405055665494247
919,1319366,0.23483,0.23483,True,40.158,1075.474208972789,73.23,0.21274588038636552,0.2169287093584384,0.082912607552,0.7216398058081359,FINITE,CLIP_RETAINED,ROBUST_RETAINED,0.3356056458081359
920,1298281,0.23508,0.23508,True,40.1629,1077.9037926240162,73.23,0.2131833301604778,0.2173792657225443,0.082912607552,0.7110792118467625,FINITE,CLIP_RETAINED,ROBUST_RETAINED,0.32504505184676247
921,19341,0.23543,0.23543,True,40.2336,1113.5763528956807,73.23,0.22017610675859983,0.22451619139250092,0.082912607552,0.41953460151445193,FINITE,CLIP_RETAINED,ROBUST_RETAINED,0.03350044151445192
922,15287,0.2363,0.2363,True,40.3805,1191.516333217999,73.23,0.23542059985939995,0.2400784992772778,0.082912607552,-0.13250609388345988,FINITE,CLIP_RETAINED,ROBUST_RETAINED,-0.5185402538834599
923,310574,0.23649,0.23649,True,40.2636,1129.0677430880542,73.23,0.22304768640340916,0.2274643656310031,0.082912607552,0.3399495472982714,FINITE,CLIP_RETAINED,ROBUST_RETAINED,-0.04608461270172859
924,13511,0.23653,0.23653,True,40.4674,1240.1665120253504,73.23,0.2449873577645619,0.2498393040321325,0.082912607552,-0.4422972291187594,FINITE,CLIP_RETAINED,ROBUST_RETAINED,-0.8283313891187594
925,12881,0.23671,0.23671,True,40.119,1056.3309388106873,73.23,0.20864138582916425,0.2127766798417453,0.082912607552,0.9847321415511269,FINITE,CLIP_RETAINED,ROBUST_RETAINED,0.5986979815511269
926,16350,0.23684,0.23684,True,40.2279,1110.657107091163,73.23,0.21934857083984644,0.22369849352759322,0.082912607552,0.5056153475849999,FINITE,CLIP_RETAINED,ROBUST_RETAINED,0.11958118758499992
927,1317277,0.23711,0.23711,True,40.2245,1108.9194477242881,73.23,0.21895759476878227,0.22330476290700466,0.082912607552,0.5319968463010664,FINITE,CLIP_RETAINED,ROBUST_RETAINED,0.14596268630106635
928,20768,0.23735,0.23735,True,40.7365,1403.7830687072383,73.23,0.27712503983480113,0.2826326842497174,0.082912607552,-1.2737866149928565,FINITE,CLIP_RETAINED,ROBUST_RETAINED,-1.6598207749928564
929,17884,0.23776,0.23776,True,40.2317,1112.6024194072797,73.23,0.21956943658402603,0.22394082074617425,0.082912607552,0.5295509967648947,FINITE,CLIP_RETAINED,ROBUST_RETAINED,0.14351683676489468
930,470008,0.23954,0.23954,True,39.9059,957.5908772642612,73.23,0.18870690213067187,0.19249225419835342,0.082912607552,2.1947748264288367,FINITE,CLIP_RETAINED,ROBUST_EXCLUDED,1.8087406664288368
931,18486,0.23971,0.23971,True,40.13,1061.6955571987264,73.23,0.209193519587331,0.21339282921544028,0.082912607552,1.0696263942393847,FINITE,CLIP_RETAINED,ROBUST_RETAINED,0.6835922342393846
932,510251,0.24004,0.24004,True,40.3847,1193.8231603058425,73.23,0.2351649736475505,0.23989219278285256,0.082912607552,0.005134699965499217,FINITE,CLIP_RETAINED,ROBUST_RETAINED,-0.3808994600345008
933,580300,0.24072,0.24072,True,40.4016,1203.1506222336993,73.23,0.2368724479314441,0.24164761407404747,0.082912607552,-0.031852671307549575,FINITE,CLIP_RETAINED,ROBUST_RETAINED,-0.4178868313075496
934,510550,0.24106,0.24106,True,40.3291,1163.6436395208311,73.23,0.2290316769166806,0.2336553658724275,0.082912607552,0.2656739812653681,FINITE,CLIP_RETAINED,ROBUST_RETAINED,-0.1203601787346319
935,460064,0.24153,0.24153,True,40.1214,1057.499084331873,73.23,0.20806120673025497,0.21226981583172483,0.082912607552,1.1916070438061843,FINITE,CLIP_RETAINED,ROBUST_RETAINED,0.8055728838061843
936,17223,0.24151,0.24151,True,40.172,1082.4304476091288,73.23,0.21296984224204707,0.2172773816715518,0.082912607552,0.9567150996531948,FINITE,CLIP_RETAINED,ROBUST_RETAINED,0.5706809396531948
937,14481,0.24207,0.24207,True,40.564,1296.5820353826284,73.23,0.2549894774314627,0.26015898742881555,0.082912607552,-0.5608328737781568,FINITE,CLIP_RETAINED,ROBUST_RETAINED,-0.9468670337781568
938,20111,0.24267,0.24267,True,40.4217,1214.3391589715839,73.23,0.23870005402199304,0.2435514374081813,0.082912607552,-0.029791324887777536,FINITE,CLIP_RETAINED,ROBUST_RETAINED,-0.41582548488777754
939,480064,0.24271,0.24271,True,40.5734,1302.2069233521331,73.23,0.25596379357944354,0.2611669145133999,0.082912607552,-0.5682962957505884,FINITE,CLIP_RETAINED,ROBUST_RETAINED,-0.9543304557505884
940,20088,0.24316,0.24316,True,40.2516,1122.8454927061762,73.23,0.22062834306432583,0.22512157957319545,0.082912607552,0.6762007490507609,FINITE,CLIP_RETAINED,ROBUST_RETAINED,0.29016658905076087
941,13506,0.24341,0.24341,True,40.538,1281.1500562783951,73.23,0.25168305412650205,0.2568140628002497,0.082912607552,-0.42125956313686475,FINITE,CLIP_RETAINED,ROBUST_RETAINED,-0.8072937231368648
942,19023,0.24405,0.24405,True,40.2956,1145.829502100729,73.23,0.22498341035639044,0.22958228134146758,0.082912607552,0.5270583792483693,FINITE,CLIP_RETAINED,ROBUST_RETAINED,0.14102421924836928
943,15466,0.24436,0.24436,True,40.2064,1099.7146231424806,73.23,0.21587496937308548,0.22029331742567157,0.082912607552,0.9255922829299148,FINITE,CLIP_RETAINED,ROBUST_RETAINED,0.5395581229299148
944,3377,0.24449,0.24449,True,40.1263,1059.8880607155415,73.23,0.20803524562898268,0.21229542502607204,0.082912607552,1.3002877007040763,FINITE,CLIP_RETAINED,ROBUST_RETAINED,0.9142535407040763
945,000174,0.24497,0.24497,True,40.3336,1166.0575895514667,73.23,0.22878599972903693,0.23348040830420716,0.082912607552,0.4082488102199488,FINITE,CLIP_RETAINED,ROBUST_RETAINED,0.022214650219948784
946,420407,0.24512,0.24512,True,40.4957,1256.434925185354,73.23,0.24648876116189583,0.2515495372001022,0.082912607552,-0.20675653971021637,FINITE,CLIP_RETAINED,ROBUST_RETAINED,-0.5927906997102164
947,20039,0.24539,0.24539,True,40.3582,1179.3426371219816,73.23,0.23131455302660842,0.2360690649789292,0.082912607552,0.3259862002633029,FINITE,CLIP_RETAINED,ROBUST_RETAINED,-0.06004795973669713
948,000010,0.24594,0.24594,True,40.4318,1220.0004756607707,73.23,0.23918349216156062,0.24411087643389234,0.082912607552,0.06108539970001538,FINITE,CLIP_RETAINED,ROBUST_RETAINED,-0.32494876029998465
949,13835,0.24604,0.24604,True,40.3473,1173.4375999169727,73.23,0.2300362859443141,0.23477717654485752,0.082912607552,0.39609423666253324,FINITE,CLIP_RETAINED,ROBUST_RETAINED,0.010060076662533224
950,15219,0.24637,0.24637,True,40.378,1190.1453387038553,73.23,0.23324983445136044,0.23806346769348943,0.082912607552,0.2865062012601119,FINITE,CLIP_RETAINED,ROBUST_RETAINED,-0.09952795873988812
951,12977,0.24643,0.24643,True,40.2829,1139.1476012928663,73.23,0.2232443302173999,0.22785261095737377,0.082912607552,0.6792217468209776,FINITE,CLIP_RETAINED,ROBUST_RETAINED,0.29318758682097756
952,05D3mq,0.24649,0.24649,True,40.3907,1197.1263770619507,73.23,0.23459542181042695,0.23943920655592302,0.082912607552,0.24125407672118543,FINITE,CLIP_RETAINED,ROBUST_RETAINED,-0.1447800832788146
953,1334645,0.24701,0.24701,True,40.1983,1095.620122392204,73.23,0.21461417096808008,0.21905483914876392,0.082912607552,1.0754856484666167,FINITE,CLIP_RETAINED,ROBUST_RETAINED,0.6894514884666166
954,3451,0.24835,0.24835,True,40.203,1097.9940836496055,73.23,0.21484832174488172,0.219318200366748,0.082912607552,1.1111012172992392,FINITE,CLIP_RETAINED,ROBUST_RETAINED,0.7250670572992391
955,420087,0.24848,0.24848,True,40.4912,1253.833877729961,73.23,0.24531648970833067,0.25042295199524817,0.082912607552,-0.06228721815635993,FINITE,CLIP_RETAINED,ROBUST_RETAINED,-0.44832137815636
956,450082,0.24848,0.24848,True,40.4276,1217.6430660895628,73.23,0.23823564508528408,0.24319471383143265,0.082912607552,0.17618353799382533,FINITE,CLIP_RETAINED,ROBUST_RETAINED,-0.2098506220061747
957,560152,0.24851,0.24851,True,40.3657,1183.4229847400386,73.23,0.23153481635928103,0.23635498980820727,0.082912607552,0.4208582471887979,FINITE,CLIP_RETAINED,ROBUST_RETAINED,0.03482408718879787
958,15161,0.24853,0.24853,True,40.3256,1161.7695782929202,73.23,0.22729472092513578,0.23202700733117038,0.082912607552,0.5856265217220878,FINITE,CLIP_RETAINED,ROBUST_RETAINED,0.19959236172208783
959,19990,0.24883,0.24883,True,40.427,1217.3066653544745,73.23,0.23810307720772117,0.24306643998863683,0.082912607552,0.1920815272769963,FINITE,CLIP_RETAINED,ROBUST_RETAINED,-0.19395263272300373
960,120585,0.24899,0.24899,True,40.3167,1157.0176924918305,73.23,0.22628166725602164,0.2310016720281239,0.082912607552,0.6413241335821689,FINITE,CLIP_RETAINED,ROBUST_RETAINED,0.25528997358216887
961,3199,0.24961,0.24961,True,40.6733,1363.5152512678476,73.23,0.26653475009678945,0.27210838071289606,0.082912607552,-0.6437049720538774,FINITE,CLIP_RETAINED,ROBUST_RETAINED,-1.0297391320538773
962,16106,0.24973,0.24973,True,40.2961,1146.0933694714836,73.23,0.22401243970233678,0.22869914218306467,0.082912607552,0.7583754523999675,FINITE,CLIP_RETAINED,ROBUST_RETAINED,0.3723412923999675
963,15868,0.24974,0.24974,True,40.3915,1197.5674959701066,73.23,0.23407156608677226,0.2389689198929809,0.082912607552,0.3663039390697153,FINITE,CLIP_RETAINED,ROBUST_RETAINED,-0.019730220930284703
964,520077,0.25004,0.25004,True,40.5965,1316.133671185729,73.23,0.2571842809057503,0.26257174071605255,0.082912607552,-0.3755821406668603,FINITE,CLIP_RETAINED,ROBUST_RETAINED,-0.7616163006668604
965,390449,0.25008,0.25008,True,40.3764,1189.2687302050927,73.23,0.23238630159288165,0.23725508370869666,0.082912607552,0.4399573466107769,FINITE,CLIP_RETAINED,ROBUST_RETAINED,0.053923186610776885
966,13689,0.2503,0.2503,True,40.4145,1210.3194151187658,73.23,0.236458047966832,0.24141654181892439,0.082912607552,0.29758789277490705,FINITE,CLIP_RETAINED,ROBUST_RETAINED,-0.08844626722509297
967,5717,0.25037,0.25037,True,40.5692,1299.6906660833513,73.23,0.25390414221810426,0.25922998288491106,0.082912607552,-0.26987411186626786,FINITE,CLIP_RETAINED,ROBUST_RETAINED,-0.6559082718662679
968,500004,0.25052,0.25052,True,40.3009,1148.6295899806819,73.23,0.224366332632483,0.22907544329561796,0.082912607552,0.7699769894277333,FINITE,CLIP_RETAINED,ROBUST_RETAINED,0.3839428294277333
969,16213,0.25077,0.25077,True,40.3873,1195.2534336943245,73.23,0.23342688532146,0.23833110342163857,0.082912607552,0.42336986616549566,FINITE,CLIP_RETAINED,ROBUST_RETAINED,0.03733570616549564
970,17552,0.25191,0.25191,True,40.4698,1241.5379524549749,73.23,0.24224522358713518,0.24735809119735155,0.082912607552,0.1469913422568179,FINITE,CLIP_RETAINED,ROBUST_RETAINED,-0.23904281774318212
971,310161,0.25247,0.25247,True,40.4622,1237.2002525961727,73.23,0.24129093096914536,0.246395097242112,0.082912607552,0.196903451323596,FINITE,CLIP_RETAINED,ROBUST_RETAINED,-0.18913070867640402
972,9032,0.25249,0.25249,True,40.4066,1205.9241708615184,73.23,0.23518740709384853,0.24016286025516875,0.082912607552,0.4134165571123908,FINITE,CLIP_RETAINED,ROBUST_RETAINED,0.027382397112390766
973,000034,0.25319,0.25319,True,40.3688,1185.1136491679904,73.23,0.23099969714069904,0.2359002491421824,0.082912607552,0.5927638012016332,FINITE,CLIP_RETAINED,ROBUST_RETAINED,0.20672964120163317
974,17464,0.25345,0.25345,True,40.0303,1014.051472447847,73.23,0.19761564151189664,0.2018123166525011,0.082912607552,2.178163100763068,FINITE,CLIP_RETAINED,ROBUST_EXCLUDED,1.7921289407630683
975,5736,0.25394,0.25394,True,40.4546,1232.8777078440041,73.23,0.24016602762765724,0.24527629099989223,0.082912607552,0.28143115338098984,FINITE,CLIP_RETAINED,ROBUST_RETAINED,-0.10460300661901017
976,1336480,0.25605,0.25605,True,40.6458,1346.3562786811917,73.23,0.2618312043455502,0.26744924528415787,0.082912607552,-0.3281215569959353,FINITE,CLIP_RETAINED,ROBUST_RETAINED,-0.7141557169959354
977,1112,0.25609,0.25609,True,40.5593,1293.7787092400958,73.23,0.2515982251243717,0.2569975521430773,0.082912607552,-0.027546590527168367,FINITE,CLIP_RETAINED,ROBUST_RETAINED,-0.41358075052716836
978,17340,0.25625,0.25625,True,40.3729,1187.3533994791308,73.23,0.23087252696453278,0.23583020660978854,0.082912607552,0.6947636828621746,FINITE,CLIP_RETAINED,ROBUST_RETAINED,0.3087295228621746
979,9457,0.25672,0.25672,True,40.5023,1260.2595583539505,73.23,0.24495697177359238,0.25022684697072334,0.082912607552,0.20389217322886402,FINITE,CLIP_RETAINED,ROBUST_RETAINED,-0.182141986771136
980,19207,0.25721,0.25721,True,40.5776,1304.7280522036751,73.23,0.2535014830533922,0.2589657011950381,0.082912607552,-0.05259757303744954,FINITE,CLIP_RETAINED,ROBUST_RETAINED,-0.43863173303744957
981,18325,0.25723,0.25723,True,40.4941,1255.5094907045927,73.23,0.2439347067400788,0.2491931264817044,0.082912607552,0.2534279454275318,FINITE,CLIP_RETAINED,ROBUST_RETAINED,-0.13260621457246824
982,8046,0.2576,0.2576,True,40.6088,1323.6098791988356,73.23,0.25709036598341367,0.2626404349890473,0.082912607552,-0.14804213972125682,FINITE,CLIP_RETAINED,ROBUST_RETAINED,-0.5340762997212568
983,6108,0.258,0.258,True,40.528,1275.2637064597302,73.23,0.2476211237079567,0.25297516042383106,0.082912607552,0.15498934879009044,FINITE,CLIP_RETAINED,ROBUST_RETAINED,-0.23104481120990958
984,550041,0.25847,0.25847,True,40.4663,1239.5384415560554,73.23,0.2405943720226693,0.24580605569730252,0.082912607552,0.405385537894269,FINITE,CLIP_RETAINED,ROBUST_RETAINED,0.019351377894268995
985,1297026,0.25855,0.25855,True,40.51,1264.7363474711497,73.23,0.24546968043350925,0.25078863506547583,0.082912607552,0.24183982256913686,FINITE,CLIP_RETAINED,ROBUST_RETAINED,-0.14419433743086316
986,1303883,0.25911,0.25911,True,40.5418,1283.393986441327,73.23,0.24898011204663464,0.25438694357381875,0.082912607552,0.14419069346181754,FINITE,CLIP_RETAINED,ROBUST_RETAINED,-0.24184346653818248
987,1289664,0.25908,0.25908,True,40.2879,1141.773607719717,73.23,0.22151085113129357,0.22632059951400507,0.082912607552,1.1688738879915106,FINITE,CLIP_RETAINED,ROBUST_RETAINED,0.7828397279915106
988,1335694,0.25912,0.25912,True,40.4255,1216.4660700648528,73.23,0.2359941344347784,0.2411191634639449,0.082912607552,0.5902167318716899,FINITE,CLIP_RETAINED,ROBUST_RETAINED,0.20418257187168987
989,12972,0.25935,0.25935,True,40.5238,1272.7995116275185,73.23,0.24687771250993562,0.2522439078607033,0.082912607552,0.21926820216318346,FINITE,CLIP_RETAINED,ROBUST_RETAINED,-0.16676595783681655
990,1330426,0.25954,0.25954,True,40.442,1225.7446320498061,73.23,0.23771487962716378,0.24288573560874896,0.082912607552,0.5401926529757116,FINITE,CLIP_RETAINED,ROBUST_RETAINED,0.1541584929757116
991,020176,0.26051,0.26051,True,40.5033,1260.8400629842986,73.23,0.24433294844567893,0.24966784172688003,0.082912607552,0.3381522933760769,FINITE,CLIP_RETAINED,ROBUST_RETAINED,-0.04788186662392313
992,370498,0.26086,0.26086,True,40.6128,1326.050305726083,73.23,0.2568984381899567,0.26251531087037305,0.082912607552,-0.04824271262656083,FINITE,CLIP_RETAINED,ROBUST_RETAINED,-0.43427687262656084
993,15440,0.2613,0.2613,True,40.447,1228.5702652493894,73.23,0.23793040041595934,0.24314142259261592,0.082912607552,0.5855159078538775,FINITE,CLIP_RETAINED,ROBUST_RETAINED,0.1994817478538775
994,1337649,0.26151,0.26151,True,40.4182,1212.3834520368537,73.23,0.23475650417346167,0.23990219045750014,0.082912607552,0.7089248955511093,FINITE,CLIP_RETAINED,ROBUST_RETAINED,0.32289073555110925
995,2017,0.26162,0.26162,True,40.6874,1372.397758299876,73.23,0.2657172603972794,0.2715440597837267,0.082912607552,-0.2759424744570542,FINITE,CLIP_RETAINED,ROBUST_RETAINED,-0.6619766344570542
996,19702,0.26162,0.26162,True,40.681,1368.3588330503062,73.23,0.2649352625065261,0.2707449137979523,0.082912607552,-0.25472089413907073,FINITE,CLIP_RETAINED,ROBUST_RETAINED,-0.6407550541390707
997,1253,0.26166,0.26166,True,40.392,1197.843277825857,73.23,0.23191348220265054,0.23699979910239136,0.082912607552,0.8219909171521257,FINITE,CLIP_RETAINED,ROBUST_RETAINED,0.4359567571521257
998,13655,0.26173,0.26173,True,40.6935,1376.258454802492,73.23,0.26644151956907625,0.2722866842716036,0.082912607552,-0.2923839900239932,FINITE,CLIP_RETAINED,ROBUST_RETAINED,-0.6784181500239932
999,18945,0.26187,0.26187,True,40.7216,1394.1836970883612,73.23,0.2698818731400547,0.2758057134095412,0.082912607552,-0.3792843858299686,FINITE,CLIP_RETAINED,ROBUST_RETAINED,-0.7653185458299686
1000,13956,0.2629,0.2629,True,41.2641,1789.8638637880792,73.23,0.34619386548482695,0.35382295026959043,0.082912607552,-1.7711263936626511,FINITE,CLIP_RETAINED,ROBUST_EXCLUDED,-2.157160553662651
1001,520019,0.26309,0.26309,True,40.6388,1342.023126793251,73.23,0.2595338650424105,0.26525739942304105,0.082912607552,-0.06194544552471474,FINITE,CLIP_RETAINED,ROBUST_RETAINED,-0.4479796055247148
1002,04D3ez,0.26348,0.26348,True,40.3997,1202.0983471206973,73.23,0.23240205260209418,0.23753492634833248,0.082912607552,0.8582461088290942,FINITE,CLIP_RETAINED,ROBUST_RETAINED,0.47221194882909423
1003,350235,0.26384,0.26384,True,40.5588,1293.480839977923,73.23,0.2499978275521968,0.2555269517571437,0.082912607552,0.24925704712569882,FINITE,CLIP_RETAINED,ROBUST_RETAINED,-0.1367771128743012
1004,330022,0.26386,0.26386,True,40.3035,1150.005718699235,73.23,0.2222641209085788,0.22718024407043252,0.082912607552,1.2863706497641936,FINITE,CLIP_RETAINED,ROBUST_RETAINED,0.9003364897641936
1005,12983,0.26395,0.26395,True,40.6342,1339.1832231998026,73.23,0.25880844117466223,0.2645348396301428,0.082912607552,-0.016739475347818333,FINITE,CLIP_RETAINED,ROBUST_RETAINED,-0.40277363534781835
1006,2943,0.26405,0.26405,True,40.5074,1263.2229289021343,73.23,0.24410916110040223,0.24951239188477012,0.082912607552,0.44971969902879133,FINITE,CLIP_RETAINED,ROBUST_RETAINED,0.06368553902879132
1007,110478,0.26462,0.26462,True,40.5153,1267.8270105335002,73.23,0.24488844035736013,0.2503207500131902,0.082912607552,0.43980984905578047,FINITE,CLIP_RETAINED,ROBUST_RETAINED,0.05377568905578045
1008,13099,0.26451,0.26451,True,40.6719,1362.6364438226815,73.23,0.2632243506687383,0.26906094808199144,0.082912607552,-0.1271655898844114,FINITE,CLIP_RETAINED,ROBUST_RETAINED,-0.5131997498844114
1009,2422,0.2657,0.2657,True,40.6087,1323.5489261148057,73.23,0.2554333217292058,0.2611229276755452,0.082912607552,0.13270787758033872,FINITE,CLIP_RETAINED,ROBUST_RETAINED,-0.25332628241966126
1010,6315,0.26576,0.26576,True,40.3244,1161.1277380612694,73.23,0.2240768362513542,0.2290691370718625,0.082912607552,1.2665602393870286,FINITE,CLIP_RETAINED,ROBUST_RETAINED,0.8805260793870285
1011,1334087,0.26629,0.26629,True,40.2901,1142.930967494012,73.23,0.22047286920211856,0.22539478020411624,0.082912607552,1.4405281821162699,FINITE,CLIP_RETAINED,ROBUST_RETAINED,1.0544940221162697
1012,18463,0.26687,0.26687,True,40.5463,1286.0563556131851,73.23,0.24796836541984416,0.2535162863223558,0.082912607552,0.4015662084026886,FINITE,CLIP_RETAINED,ROBUST_RETAINED,0.01553204840268857
1013,1309288,0.26794,0.26794,True,40.5103,1264.911089325229,73.23,0.24368546644577854,0.24915966748704796,0.082912607552,0.5764163588611866,FINITE,CLIP_RETAINED,ROBUST_RETAINED,0.19038219886118657
1014,520023,0.26804,0.26804,True,40.4623,1237.2572290852663,73.23,0.23833914537411618,0.24369526607861666,0.082912607552,0.769429586449019,FINITE,CLIP_RETAINED,ROBUST_RETAINED,0.38339542644901903
1015,530037,0.2685,0.2685,True,40.579,1305.5695126910994,73.23,0.2514072859364179,0.2570668871490451,0.082912607552,0.3361267616497652,FINITE,CLIP_RETAINED,ROBUST_RETAINED,-0.04990739835023483
1016,06D3fp,0.26848,0.26848,True,40.4553,1233.27520472591,73.23,0.237489660731008,0.24283555008913404,0.082912607552,0.8134449550591286,FINITE,CLIP_RETAINED,ROBUST_RETAINED,0.4274107950591286
1017,14298,0.26879,0.26879,True,40.6039,1320.6264766492682,73.23,0.2542486081561193,0.2599784233315026,0.082912607552,0.2550106491578519,FINITE,CLIP_RETAINED,ROBUST_RETAINED,-0.13102351084214814
1018,510638,0.27006,0.27006,True,40.6363,1340.4789546376542,73.23,0.25781257281415876,0.2636504671298552,0.082912607552,0.18148667606117183,FINITE,CLIP_RETAINED,ROBUST_RETAINED,-0.20454748393882818
1019,19002,0.2701,0.2701,True,40.5089,1264.0958338436747,73.23,0.24311424981867993,0.2486201406312609,0.082912607552,0.6576491130506019,FINITE,CLIP_RETAINED,ROBUST_RETAINED,0.2716149530506019
1020,310051,0.27045,0.27045,True,40.5139,1267.0098756939676,73.23,0.24360755539005888,0.24913184781610243,0.082912607552,0.6503496414215948,FINITE,CLIP_RETAINED,ROBUST_RETAINED,0.2643154814215948
1021,160039,0.27085,0.27085,True,40.4887,1252.3911787756188,73.23,0.24072103274112458,0.24618803214822152,0.082912607552,0.7636228862162414,FINITE,CLIP_RETAINED,ROBUST_RETAINED,0.3775887262162414
1022,380378,0.27129,0.27129,True,40.5677,1298.7931815932316,73.23,0.2495535201866441,0.2552304246612145,0.082912607552,0.4734026068274627,FINITE,CLIP_RETAINED,ROBUST_RETAINED,0.0873684468274627
1023,1292332,0.27265,0.27265,True,40.5415,1283.216691257028,73.23,0.2462971289545317,0.2519283623747429,0.082912607552,0.6194585341098774,FINITE,CLIP_RETAINED,ROBUST_RETAINED,0.23342437410987738
1024,15356,0.2734,0.2734,True,40.4721,1242.8536726498255,73.23,0.23840946089212214,0.24387551879959163,0.082912607552,0.919989280907272,FINITE,CLIP_RETAINED,ROBUST_RETAINED,0.5339551209072719
1025,420258,0.27444,0.27444,True,40.7399,1405.9827747394515,73.23,0.2694814883427918,0.2756837113206098,0.082912607552,-0.03282740103585458,FINITE,CLIP_RETAINED,ROBUST_RETAINED,-0.4188615610358546
1026,100213,0.27511,0.27511,True,40.7769,1430.144762619819,73.23,0.2739685300130528,0.28028959408867293,0.082912607552,-0.1335095092107678,FINITE,CLIP_RETAINED,ROBUST_RETAINED,-0.5195436692107678
1027,150254,0.27508,0.27508,True,40.5286,1275.6161235297195,73.23,0.24437169290183114,0.2500092701690391,0.082912607552,0.7526836641064784,FINITE,CLIP_RETAINED,ROBUST_RETAINED,0.36664950410647834
1028,20227,0.27574,0.27574,True,40.6631,1357.1254661222924,73.23,0.25985205662936706,0.26586130911625433,0.082912607552,0.272807194407468,FINITE,CLIP_RETAINED,ROBUST_RETAINED,-0.11322696559253204
1029,19051,0.27619,0.27619,True,40.6749,1364.5202966601096,73.23,0.2611758362690659,0.26722567222867777,0.082912607552,0.24560546879470918,FINITE,CLIP_RETAINED,ROBUST_RETAINED,-0.14042869120529083
1030,4000,0.27656,0.27656,True,40.8504,1479.3808750984522,73.23,0.28307863917063353,0.2896447136960766,0.082912607552,-0.32169743306595566,FINITE,CLIP_RETAINED,ROBUST_RETAINED,-0.7077315930659557
1031,4046,0.27764,0.27764,True,40.6186,1329.5969187701508,73.23,0.25420250802372957,0.26012208575635654,0.082912607552,0.4957775945043689,FINITE,CLIP_RETAINED,ROBUST_RETAINED,0.10974343450436891
1032,1297465,0.27784,0.27784,True,40.9187,1526.6518207127317,73.23,0.29183128843619877,0.29863207427044647,0.082912607552,-0.48927272585940185,FINITE,CLIP_RETAINED,ROBUST_RETAINED,-0.8753068858594019
1033,5957,0.27924,0.27924,True,40.7037,1382.7383242401133,73.23,0.2640318389268244,0.27021615543745053,0.082912607552,0.24181762436808701,FINITE,CLIP_RETAINED,ROBUST_RETAINED,-0.144216535631913
1034,6196,0.2798,0.2798,True,40.5056,1262.176238596221,73.23,0.2409052282452928,0.24655930676691568,0.082912607552,1.0051510248709998,FINITE,CLIP_RETAINED,ROBUST_RETAINED,0.6191168648709998
1035,040201,0.27987,0.27987,True,40.5664,1298.015863023035,73.23,0.24773220706667684,0.2535479872696319,0.082912607552,0.766703188785536,FINITE,CLIP_RETAINED,ROBUST_RETAINED,0.380669028785536
1036,520188,0.28049,0.28049,True,40.6663,1359.12687444752,73.23,0.25926992378570124,0.26537020552856366,0.082912607552,0.41383513592370735,FINITE,CLIP_RETAINED,ROBUST_RETAINED,0.02780097592370734
1037,18485,0.28122,0.28122,True,40.6224,1331.9257034553978,73.23,0.2539362031713859,0.2599267213552604,0.082912607552,0.598097204239716,FINITE,CLIP_RETAINED,ROBUST_RETAINED,0.212063044239716
1038,1317286,0.28198,0.28198,True,40.5986,1317.4071009484583,73.23,0.2510192810351734,0.2569571784337922,0.082912607552,0.7124204342554878,FINITE,CLIP_RETAINED,ROBUST_RETAINED,0.32638627425548783
1039,06D3dt,0.28256,0.28256,True,40.744,1408.6399463612563,73.23,0.2682814469683302,0.27464089037279055,0.082912607552,0.20603714997327485,FINITE,CLIP_RETAINED,ROBUST_RETAINED,-0.17999701002672516
1040,15584,0.28333,0.28333,True,40.6596,1354.939800226742,73.23,0.25789919376178455,0.2640293881799043,0.082912607552,0.5282848929420974,FINITE,CLIP_RETAINED,ROBUST_RETAINED,0.14225073294209734
1041,310238,0.28395,0.28395,True,40.5735,1302.2668935779839,73.23,0.2477537402433303,0.25365581901151185,0.082912607552,0.8734315347401526,FINITE,CLIP_RETAINED,ROBUST_RETAINED,0.48739737474015254
1042,14261,0.28436,0.28436,True,40.5431,1284.162548680788,73.23,0.2442314341762834,0.25005810367461384,0.082912607552,1.0070222203806727,FINITE,CLIP_RETAINED,ROBUST_RETAINED,0.6209880603806727
1043,16072,0.28434,0.28434,True,40.6919,1375.2447636013083,73.23,0.2615581895472649,0.2677977822219109,0.082912607552,0.4432562612095402,FINITE,CLIP_RETAINED,ROBUST_RETAINED,0.05722210120954019
1044,17791,0.28468,0.28468,True,41.1135,1669.9366644155034,73.23,0.31752166860748415,0.3251054608788671,0.082912607552,-0.8357794717491156,FINITE,CLIP_RETAINED,ROBUST_RETAINED,-1.2218136317491157
1045,440050,0.28547,0.28547,True,40.7046,1383.311540098478,73.23,0.2628611391053516,0.2691570307261834,0.082912607552,0.43302622389101286,FINITE,CLIP_RETAINED,ROBUST_RETAINED,0.04699206389101285
1046,350080,0.28577,0.28577,True,40.671,1362.0717952990892,73.23,0.2587647071725939,0.2649690742251069,0.082912607552,0.5634293963218778,FINITE,CLIP_RETAINED,ROBUST_RETAINED,0.17739523632187781
1047,20040,0.28655,0.28655,True,40.6389,1342.0849306652487,73.23,0.2548130475812199,0.2609395411089803,0.082912607552,0.7067358406261239,FINITE,CLIP_RETAINED,ROBUST_RETAINED,0.3207016806261239
1048,20245,0.28723,0.28723,True,40.5691,1299.630814494428,73.23,0.2466222061467333,0.25256600593565887,0.082912607552,0.9975010616944117,FINITE,CLIP_RETAINED,ROBUST_RETAINED,0.6114669016944116
1049,17809,0.28746,0.28746,True,40.5379,1281.0910584964524,73.23,0.2430606115941533,0.24892332089684072,0.082912607552,1.1300202142483464,FINITE,CLIP_RETAINED,ROBUST_RETAINED,0.7439860542483464
1050,19128,0.28763,0.28763,True,40.8753,1496.4423829693333,73.23,0.28388160019765196,0.29073302431044284,0.082912607552,-0.07394915858634782,FINITE,CLIP_RETAINED,ROBUST_RETAINED,-0.45998331858634783
1051,1334644,0.28806,0.28806,True,40.7075,1385.1601859244638,73.23,0.26268316330670305,0.2690325589903341,0.082912607552,0.5023587138079232,FINITE,CLIP_RETAINED,ROBUST_RETAINED,0.11632455380792317
1052,1313594,0.28835,0.28835,True,40.749,1411.88719680366,73.23,0.2676914310548548,0.2741684753289505,0.082912607552,0.36485114832079024,FINITE,CLIP_RETAINED,ROBUST_RETAINED,-0.021183011679209773
1053,091869,0.28843,0.28843,True,40.7458,1409.80809525465,73.23,0.2672806401360221,0.27374956071721096,0.082912607552,0.3783876170277991,FINITE,CLIP_RETAINED,ROBUST_RETAINED,-0.007646542972200909
1054,2165,0.28882,0.28882,True,40.9433,1544.045165812935,73.23,0.2926416011560789,0.2997340181913672,0.082912607552,-0.2490473928726032,FINITE,CLIP_RETAINED,ROBUST_RETAINED,-0.6350815528726033
1055,2789,0.2889,0.2889,True,40.7428,1407.861718211395,73.23,0.2668143033764817,0.27328258665728894,0.082912607552,0.40301765058076977,FINITE,CLIP_RETAINED,ROBUST_RETAINED,0.016983490580769756
1056,1334597,0.28896,0.28896,True,40.6763,1365.4003190616997,73.23,0.2587550836866287,0.2650293086534455,0.082912607552,0.643228835177473,FINITE,CLIP_RETAINED,ROBUST_RETAINED,0.25719467517747296
1057,1310395,0.28899,0.28899,True,40.702,1381.6562311673272,73.23,0.26182962462867443,0.26817906731462443,0.082912607552,0.5505939114278208,FINITE,CLIP_RETAINED,ROBUST_RETAINED,0.16455975142782076
1058,350180,0.28952,0.28952,True,40.9765,1567.8337172957306,73.23,0.29698892128297527,0.30420435445421423,0.082912607552,-0.32800396890122846,FINITE,CLIP_RETAINED,ROBUST_RETAINED,-0.7140381289012285
1059,1289288,0.29001,0.29001,True,40.7393,1405.5943410086531,73.23,0.26615538305104797,0.27263278241993816,0.082912607552,0.4487073203658677,FINITE,CLIP_RETAINED,ROBUST_RETAINED,0.06267316036586768
1060,570056,0.28998,0.28998,True,40.7298,1399.4584217525983,73.23,0.26499968287044934,0.2714482808736921,0.082912607552,0.4813374637754911,FINITE,CLIP_RETAINED,ROBUST_RETAINED,0.09530330377549107
1061,19596,0.29036,0.29036,True,40.7861,1436.216791612058,73.23,0.27188011150019226,0.2785049149968656,0.082912607552,0.2973030400641588,FINITE,CLIP_RETAINED,ROBUST_RETAINED,-0.08873111993584121
1062,19027,0.29114,0.29114,True,40.484,1249.6833972112204,73.23,0.23642586969619042,0.24220243578552936,0.082912607552,1.4757321835174855,FINITE,CLIP_RETAINED,ROBUST_RETAINED,1.0896980235174856
1063,1291090,0.29199,0.29199,True,40.7606,1419.4496759481726,73.23,0.2683670417872488,0.27494339901183584,0.082912607552,0.4332751916733753,FINITE,CLIP_RETAINED,ROBUST_RETAINED,0.04724103167337529
1064,1263715,0.29186,0.29186,True,40.7653,1422.5253026810778,73.23,0.26897559684863587,0.27556389654708807,0.082912607552,0.41307935650482464,FINITE,CLIP_RETAINED,ROBUST_RETAINED,0.02704519650482462
1065,12841,0.29208,0.29208,True,40.7505,1412.8628308606353,73.23,0.26710309914418456,0.27365052535606854,0.082912607552,0.4712798313074783,FINITE,CLIP_RETAINED,ROBUST_RETAINED,0.08524567130747829
1066,390264,0.29208,0.29208,True,40.4229,1215.0104130477248,73.23,0.22969890617040017,0.23532945349059176,0.082912607552,1.7744187932295572,FINITE,CLIP_RETAINED,ROBUST_RETAINED,1.388384633229557
1067,21006,0.29241,0.29241,True,40.6378,1341.4052445875623,73.23,0.2535292207086008,0.25975102109241893,0.082912607552,0.8945841134226344,FINITE,CLIP_RETAINED,ROBUST_RETAINED,0.5085499534226344
1068,420414,0.29246,0.29246,True,40.6952,1377.3363204153056,73.23,0.2603102205307411,0.2666995374558946,0.082912607552,0.6811451982400734,FINITE,CLIP_RETAINED,ROBUST_RETAINED,0.29511103824007334
1069,150509,0.2928,0.2928,True,40.7458,1409.80809525465,73.23,0.2663771621058594,0.27292308584324787,0.082912607552,0.5092641222953186,FINITE,CLIP_RETAINED,ROBUST_RETAINED,0.12322996229531857
1070,130755,0.29291,0.29291,True,40.8268,1463.3897203970027,73.23,0.27647765464043295,0.2832743703552902,0.082912607552,0.2348609207448821,FINITE,CLIP_RETAINED,ROBUST_RETAINED,-0.1511732392551179
1071,6249,0.29354,0.29354,True,40.857,1483.884163769017,73.23,0.2802131216514389,0.28711666436804695,0.082912607552,0.15355637047957837,FINITE,CLIP_RETAINED,ROBUST_RETAINED,-0.23247778952042164
1072,1303004,0.29496,0.29496,True,40.762,1420.3651240480121,73.23,0.2679242215192958,0.27455732893596274,0.082912607552,0.5160550123236426,FINITE,CLIP_RETAINED,ROBUST_RETAINED,0.13002085232364258
1073,19794,0.29568,0.29568,True,41.0209,1600.22112734586,73.23,0.3016828179909568,0.30917015652494456,0.082912607552,-0.2907832026261919,FINITE,CLIP_RETAINED,ROBUST_RETAINED,-0.676817362626192
1074,580270,0.29576,0.29576,True,40.9989,1584.0905384614125,73.23,0.29862334923859285,0.30603678604677226,0.082912607552,-0.22450689395801138,FINITE,CLIP_RETAINED,ROBUST_RETAINED,-0.6105410539580114
1075,1119,0.29639,0.29639,True,40.9938,1580.3744507148017,73.23,0.2977780344034221,0.3051864269325166,0.082912607552,-0.19260774767374497,FINITE,CLIP_RETAINED,ROBUST_RETAINED,-0.578641907673745
1076,13610,0.29683,0.29683,True,40.6595,1354.8774043797546,73.23,0.25520271042463527,0.26156141734700117,0.082912607552,0.9476314969472649,FINITE,CLIP_RETAINED,ROBUST_RETAINED,0.5615973369472649
1077,1293319,0.29687,0.29687,True,40.7505,1412.8628308606353,73.23,0.2661165516529937,0.27274809567040786,0.082912607552,0.6128852732575061,FINITE,CLIP_RETAINED,ROBUST_RETAINED,0.22685111325750607
1078,420196,0.29842,0.29842,True,41.2705,1795.1469271031556,73.23,0.3377171648962293,0.34617746052914095,0.082912607552,-0.879971859513104,FINITE,CLIP_RETAINED,ROBUST_RETAINED,-1.266006019513104
1079,570025,0.29845,0.29845,True,40.6539,1351.3878189756172,73.23,0.2542278358570316,0.26059725317536425,0.082912607552,1.0183792696485052,FINITE,CLIP_RETAINED,ROBUST_RETAINED,0.6323451096485052
1080,6137,0.29888,0.29888,True,40.9195,1527.2143636465362,73.23,0.28720983109128484,0.29441607488429755,0.082912607552,0.10196871678060115,FINITE,CLIP_RETAINED,ROBUST_RETAINED,-0.28406544321939886
1081,10550,0.29923,0.29923,True,41.0113,1593.1622234192985,73.23,0.29953135495921523,0.3070556626295964,0.082912607552,-0.16888521128898473,FINITE,CLIP_RETAINED,ROBUST_RETAINED,-0.5549193712889847
1082,120444,0.29947,0.29947,True,41.0213,1600.5159261220613,73.23,0.30085835287688756,0.30842213232843974,0.082912607552,-0.19195245473938458,FINITE,CLIP_RETAINED,ROBUST_RETAINED,-0.5779866147393846
1083,14735,0.29936,0.29936,True,40.7335,1401.8450097984844,73.23,0.2635353253550755,0.2701583150670311,0.082912607552,0.7472737965077679,FINITE,CLIP_RETAINED,ROBUST_RETAINED,0.3612396365077679
1084,170428,0.30007,0.30007,True,40.9837,1573.0408468093194,73.23,0.2955572346287773,0.30300281371256255,0.082912607552,-0.06430388473929981,FINITE,CLIP_RETAINED,ROBUST_RETAINED,-0.45033804473929984
1085,5391,0.30022,0.30022,True,40.8795,1499.3395600605613,73.23,0.2816770664775855,0.2887765724643188,0.082912607552,0.26743003423403283,FINITE,CLIP_RETAINED,ROBUST_RETAINED,-0.11860412576596718
1086,350078,0.30078,0.30078,True,41.1729,1716.2478255375115,73.23,0.322288255997731,0.33042668500821626,0.082912607552,-0.5781985458483843,FINITE,CLIP_RETAINED,ROBUST_RETAINED,-0.9642327058483843
1087,350192,0.3015,0.3015,True,40.8585,1484.9095487502373,73.23,0.27869177958629393,0.2857463672807236,0.082912607552,0.3723153050774505,FINITE,CLIP_RETAINED,ROBUST_RETAINED,-0.01371885492254954
1088,570022,0.30141,0.30141,True,41.1086,1666.1726449861144,73.23,0.31273334615065407,0.32064724295363434,0.082912607552,-0.3899707848570284,FINITE,CLIP_RETAINED,ROBUST_RETAINED,-0.7760049448570284
1089,460037,0.30254,0.30254,True,40.8894,1506.1908327775702,73.23,0.282460199933314,0.2896351524047045,0.082912607552,0.2988539238071982,FINITE,CLIP_RETAINED,ROBUST_RETAINED,-0.0871802361928018
1090,1339002,0.30296,0.30296,True,40.8204,1459.0830085447508,73.23,0.27353773586302244,0.2804958107275244,0.082912607552,0.5424505085450287,FINITE,CLIP_RETAINED,ROBUST_RETAINED,0.15641634854502873
1091,150457,0.30339,0.30339,True,40.9204,1527.8474722232047,73.23,0.2863346766497189,0.2936287401526593,0.082912607552,0.22154917162856994,FINITE,CLIP_RETAINED,ROBUST_RETAINED,-0.16448498837143008
1092,7143,0.30354,0.30354,True,41.0778,1642.7065923010273,73.23,0.3078250572269936,0.3156704906647297,0.082912607552,-0.24991137498832716,FINITE,CLIP_RETAINED,ROBUST_RETAINED,-0.6359455349883272
1093,1287626,0.30396,0.30396,True,40.719,1392.5153782328046,73.23,0.2608579409663986,0.2675156549632998,0.082912607552,0.9353516778175169,FINITE,CLIP_RETAINED,ROBUST_RETAINED,0.5493175178175169
1094,19818,0.30395,0.30395,True,40.7052,1383.6938160131572,73.23,0.25920739801077997,0.2658227658319649,0.082912607552,0.9868799223746585,FINITE,CLIP_RETAINED,ROBUST_RETAINED,0.6008457623746585
1095,1335717,0.30478,0.30478,True,41.0411,1615.1765475417417,73.23,0.30237859175848664,0.3101170949734453,0.082912607552,-0.11228188545803279,FINITE,CLIP_RETAINED,ROBUST_RETAINED,-0.4983160454580328
1096,1259412,0.30477,0.30477,True,40.9018,1514.8164058680345,73.23,0.2835922567360498,0.2908497370317498,0.082912607552,0.3190097509997848,FINITE,CLIP_RETAINED,ROBUST_RETAINED,-0.06702440900021522
1097,12883,0.30519,0.30519,True,40.5924,1313.650997702977,73.23,0.24585247999674756,0.25215293288001317,0.082912607552,1.4688658812980122,FINITE,CLIP_RETAINED,ROBUST_RETAINED,1.082831721298012
1098,350630,0.30525,0.30525,True,40.9054,1517.329844204221,73.23,0.2839583404386484,0.291236779699599,0.082912607552,0.3202349755649367,FINITE,CLIP_RETAINED,ROBUST_RETAINED,-0.06579918443506333
1099,440005,0.30551,0.30551,True,41.0041,1587.88848748909,73.23,0.29710374655938243,0.30472569873902944,0.082912607552,0.01686360858085742,FINITE,CLIP_RETAINED,ROBUST_RETAINED,-0.36917055141914257
1100,350027,0.30568,0.30568,True,40.9451,1545.3256027737402,73.23,0.28910232173365624,0.29652318344977213,0.082912607552,0.20410399290474765,FINITE,CLIP_RETAINED,ROBUST_RETAINED,-0.18193016709525237
1101,560087,0.30641,0.30641,True,40.8959,1510.706159733381,73.23,0.2824677269480625,0.2897358237569098,0.082912607552,0.3827090725631295,FINITE,CLIP_RETAINED,ROBUST_RETAINED,-0.0033250874368704886
1102,340334,0.30668,0.30668,True,41.16,1706.0823890031209,73.23,0.3189327277932916,0.32714641872599554,0.082912607552,-0.39929434777619016,FINITE,CLIP_RETAINED,ROBUST_RETAINED,-0.7853285077761902
1103,1281668,0.30697,0.30697,True,40.9573,1554.032152529186,73.23,0.29044420264388315,0.29793137283043464,0.082912607552,0.19963962628792878,FINITE,CLIP_RETAINED,ROBUST_RETAINED,-0.18639453371207124
1104,520062,0.30805,0.30805,True,41.2018,1739.241942300274,73.23,0.3247909997655607,0.3331934081316665,0.082912607552,-0.47728770140733895,FINITE,CLIP_RETAINED,ROBUST_RETAINED,-0.863321861407339
1105,5966,0.30822,0.30822,True,40.9533,1551.1721544786965,73.23,0.28963266935462534,0.29712971271128336,0.082912607552,0.24517184477188916,FINITE,CLIP_RETAINED,ROBUST_RETAINED,-0.14086231522811085
1106,1319821,0.30881,0.30881,True,40.9954,1581.5393427526838,73.23,0.2951696678801427,0.3028248479209607,0.082912607552,0.12884144088570088,FINITE,CLIP_RETAINED,ROBUST_RETAINED,-0.25719271911429914
1107,6699,0.30915,0.30915,True,41.046,1618.8253626421067,73.23,0.3020500563897487,0.30989241408354895,0.082912607552,-0.015486339293219681,FINITE,CLIP_RETAINED,ROBUST_RETAINED,-0.4015204992932197
1108,5844,0.3093,0.3093,True,40.9757,1567.2562123952794,73.23,0.29239447585415984,0.2999898692098061,0.082912607552,0.20273260055563416,FINITE,CLIP_RETAINED,ROBUST_RETAINED,-0.18330155944436585
1109,16211,0.30939,0.30939,True,41.0177,1597.8646910582036,73.23,0.29808444337425105,0.3058299244673682,0.082912607552,0.07554024396356818,FINITE,CLIP_RETAINED,ROBUST_RETAINED,-0.31049391603643184
1110,21042,0.30955,0.30955,True,40.72,1393.1568029453022,73.23,0.2598640761080129,0.2666199690983341,0.082912607552,1.09336879328503,FINITE,CLIP_RETAINED,ROBUST_RETAINED,0.70733463328503
1111,1300516,0.31043,0.31043,True,40.6197,1330.270621604003,73.23,0.2479673519838097,0.2544325198854337,0.082912607552,1.5150503502175605,FINITE,CLIP_RETAINED,ROBUST_RETAINED,1.1290161902175604
1112,15213,0.31053,0.31053,True,40.9962,1582.1221107222602,73.23,0.2948908954085322,0.30258199357412774,0.082912607552,0.17064555577825904,FINITE,CLIP_RETAINED,ROBUST_RETAINED,-0.21538860422174097
1113,500100,0.31077,0.31077,True,41.046,1618.8253626421067,73.23,0.30167674826448543,0.30955098908142464,0.082912607552,0.025376707336809697,FINITE,CLIP_RETAINED,ROBUST_RETAINED,-0.3606574526631903
1114,000420,0.31152,0.31152,True,41.0123,1593.8960706981861,73.23,0.29686118277649176,0.3046286722882248,0.082912607552,0.14632364953515942,FINITE,CLIP_RETAINED,ROBUST_RETAINED,-0.2397105104648406
1115,1338128,0.31185,0.31185,True,41.0377,1612.6495510105249,73.23,0.3002784404253716,0.3081437748823831,0.082912607552,0.07744500635041587,FINITE,CLIP_RETAINED,ROBUST_RETAINED,-0.30858915364958417
1116,1337838,0.31195,0.31195,True,40.9503,1549.0306106176733,73.23,0.2884104866448758,0.29596741213801403,0.082912607552,0.3523394674150003,FINITE,CLIP_RETAINED,ROBUST_RETAINED,-0.03369469258499974
1117,1263369,0.31252,0.31252,True,40.9565,1553.459731376583,73.23,0.2891095257934672,0.2966987892043626,0.082912607552,0.34721318597522255,FINITE,CLIP_RETAINED,ROBUST_RETAINED,-0.038820974024777466
1118,1294743,0.31258,0.31258,True,41.0352,1610.7939879552519,73.23,0.29976612135211406,0.30763665590997125,0.082912607552,0.10336160697022559,FINITE,CLIP_RETAINED,ROBUST_RETAINED,-0.28267255302977445
1119,20142,0.31259,0.31259,True,40.6239,1332.8460829875544,73.23,0.24803858204248008,0.2545511909055595,0.082912607552,1.5620548448949634,FINITE,CLIP_RETAINED,ROBUST_RETAINED,1.1760206848949633
1120,1283878,0.31287,0.31287,True,41.0195,1599.1897591676761,73.23,0.2975408550385819,0.30536030612528675,0.082912607552,0.15848668337257008,FINITE,CLIP_RETAINED,ROBUST_RETAINED,-0.22754747662742994
1121,1341894,0.31294,0.31294,True,41.0061,1589.3516605460024,73.23,0.2956946394892613,0.30346733283460847,0.082912607552,0.20154815846396515,FINITE,CLIP_RETAINED,ROBUST_RETAINED,-0.18448600153603487
1122,19632,0.31377,0.31377,True,41.0228,1601.6219053035366,73.23,0.29778923268695096,0.3056380174724479,0.082912607552,0.17108380931108438,FINITE,CLIP_RETAINED,ROBUST_RETAINED,-0.21495035068891563
1123,530112,0.31444,0.31444,True,41.1251,1678.8813316848834,73.23,0.3119949499702029,0.32023594172663333,0.082912607552,-0.11442003491998334,FINITE,CLIP_RETAINED,ROBUST_RETAINED,-0.5004541949199833
1124,15383,0.31495,0.31495,True,41.0194,1599.1161154533895,73.23,0.2970565219050319,0.30491582529846334,0.082912607552,0.2112404808768995,FINITE,CLIP_RETAINED,ROBUST_RETAINED,-0.1747936791231005
1125,6649,0.31509,0.31509,True,40.8837,1502.2423462117813,73.23,0.27903125718230043,0.28641698599546284,0.082912607552,0.6559613700706808,FINITE,CLIP_RETAINED,ROBUST_RETAINED,0.26992721007068077
1126,110716,0.31577,0.31577,True,41.2033,1740.443783124433,73.23,0.3231084761652039,0.33167959261799457,0.082912607552,-0.29887114733081915,FINITE,CLIP_RETAINED,ROBUST_RETAINED,-0.6849053073308191
1127,15776,0.31582,0.31582,True,40.933,1536.7385997357248,73.23,0.28528034298648763,0.2928492044961836,0.082912607552,0.5093923294794631,FINITE,CLIP_RETAINED,ROBUST_RETAINED,0.1233581694794631
1128,6100,0.31613,0.31613,True,41.1979,1736.121038731971,73.23,0.3222178107713199,0.3307751735020747,0.082912607552,-0.27591198834718905,FINITE,CLIP_RETAINED,ROBUST_RETAINED,-0.6619461483471891
1129,100163,0.31773,0.31773,True,41.0738,1639.6834002493883,73.23,0.3039498251067943,0.3120634278661722,0.082912607552,0.11498850057982325,FINITE,CLIP_RETAINED,ROBUST_RETAINED,-0.2710456594201768
1130,1345553,0.31795,0.31795,True,41.0772,1642.2527583979893,73.23,0.30437529310668315,0.31250595355981375,0.082912607552,0.11021351363720744,FINITE,CLIP_RETAINED,ROBUST_RETAINED,-0.2758206463627926
1131,080646,0.31813,0.31813,True,41.0199,1599.4843679413405,73.23,0.29640811311568804,0.3043304912220862,0.082912607552,0.2893096232881796,FINITE,CLIP_RETAINED,ROBUST_RETAINED,-0.09672453671182041
1132,550059,0.31839,0.31839,True,41.3345,1848.8428581619833,73.23,0.3425503621278111,0.35171360937923035,0.082912607552,-0.5757419273625466,FINITE,CLIP_RETAINED,ROBUST_RETAINED,-0.9617760873625466
1133,310188,0.31893,0.31893,True,41.141,1691.2195877396516,73.23,0.31321790795994664,0.32161090901727085,0.082912607552,-0.052128368133809486,FINITE,CLIP_RETAINED,ROBUST_RETAINED,-0.4381625281338095
1134,440509,0.31892,0.31892,True,40.8941,1509.454407998752,73.23,0.27955668200810757,0.2870474573520991,0.082912607552,0.7211889325221398,FINITE,CLIP_RETAINED,ROBUST_RETAINED,0.33515477252213977
1135,170078,0.32089,0.32089,True,41.2315,1763.1935968238297,73.23,0.32606311928223797,0.3348547335858191,0.082912607552,-0.2562616432073488,FINITE,CLIP_RETAINED,ROBUST_RETAINED,-0.6422958032073488
1136,330128,0.32095,0.32095,True,40.9546,1552.1010760393622,73.23,0.28701325366717434,0.29475343583078456,0.082912607552,0.5697727175789153,FINITE,CLIP_RETAINED,ROBUST_RETAINED,0.18373855757891533
1137,1266657,0.32108,0.32108,True,41.1921,1731.4900491176631,73.23,0.320154207276594,0.3287916795939034,0.082912607552,-0.14494695712109532,FINITE,CLIP_RETAINED,ROBUST_RETAINED,-0.5309811171210953
1138,120085,0.32214,0.32214,True,40.7271,1397.7194221750578,73.23,0.2582324922051925,0.2652226810883242,0.082912607552,1.4214570729147074,FINITE,CLIP_RETAINED,ROBUST_RETAINED,1.0354229129147074
1139,580104,0.32214,0.32214,True,40.8628,1487.852914357425,73.23,0.2748849018005246,0.28232586079177324,0.082912607552,0.9148723013949153,FINITE,CLIP_RETAINED,ROBUST_RETAINED,0.5288381413949153
1140,1261579,0.32214,0.32214,True,40.8774,1497.8902710603397,73.23,0.27673933094805164,0.28423048815371127,0.082912607552,0.8633350595672751,FINITE,CLIP_RETAINED,ROBUST_RETAINED,0.47730089956727506
1141,7475,0.32265,0.32265,True,40.9316,1535.7481470646114,73.23,0.28362427251194305,0.29131411877734475,0.082912607552,0.6898652851868075,FINITE,CLIP_RETAINED,ROBUST_RETAINED,0.30383112518680744
1142,05D2ab,0.32454,0.32454,True,41.0699,1636.7411449769825,73.23,0.30184449040674066,0.3100769244173617,0.082912607552,0.2918449379055945,FINITE,CLIP_RETAINED,ROBUST_RETAINED,-0.0941892220944055
1143,050291,0.32535,0.32535,True,41.2273,1759.7865740037878,73.23,0.32433793610447964,0.3332062280576909,0.082912607552,-0.14378914958628528,FINITE,CLIP_RETAINED,ROBUST_RETAINED,-0.5298233095862853
1144,500301,0.3255,0.3255,True,41.2625,1788.545529107773,73.23,0.3296010595579152,0.3386174711161749,0.082912607552,-0.23490949334380962,FINITE,CLIP_RETAINED,ROBUST_RETAINED,-0.6209436533438096
1145,18617,0.3257,0.3257,True,41.1639,1709.1492941882252,73.23,0.31492205368896725,0.32354227836921556,0.082912607552,0.04104297673284697,FINITE,CLIP_RETAINED,ROBUST_RETAINED,-0.34499118326715306
1146,1305626,0.32573,0.32573,True,41.0478,1620.1678128976548,73.23,0.2985198722866225,0.30669189003267233,0.082912607552,0.38887617973945665,FINITE,CLIP_RETAINED,ROBUST_RETAINED,0.002842019739456636
1147,1308326,0.32622,0.32622,True,41.0504,1622.1088733366792,73.23,0.29876709079453084,0.3069583467752254,0.082912607552,0.3925933611998468,FINITE,CLIP_RETAINED,ROBUST_RETAINED,0.006559201199846765
1148,14456,0.32794,0.32794,True,41.0002,1585.0391732412315,73.23,0.2915613002590603,0.29959771856775874,0.082912607552,0.5945852170823898,FINITE,CLIP_RETAINED,ROBUST_RETAINED,0.20855105708238975
1149,050303,0.32829,0.32829,True,41.3079,1826.3331410884055,73.23,0.33585779170242197,0.34512518673833475,0.082912607552,-0.2922634465404984,FINITE,CLIP_RETAINED,ROBUST_RETAINED,-0.6782976065404984
1150,530219,0.32838,0.32838,True,41.351,1862.9448569616536,73.23,0.3425673774717604,0.35202253835578645,0.082912607552,-0.3996812779813606,FINITE,CLIP_RETAINED,ROBUST_RETAINED,-0.7857154379813607
1151,430003,0.32843,0.32843,True,40.934,1537.4464569916856,73.23,0.28270250482394493,0.2905065469058852,0.082912607552,0.828120890365559,FINITE,CLIP_RETAINED,ROBUST_RETAINED,0.442086730365559
1152,1337687,0.3287,0.3287,True,41.0716,1638.023016845665,73.23,0.3011351116625728,0.3094549159328335,0.082912607552,0.38608763768044335,FINITE,CLIP_RETAINED,ROBUST_RETAINED,5.3477680443336784e-05
1153,1306073,0.32859,0.32859,True,41.1,1659.5869074375614,73.23,0.3051246905176607,0.31355185972028976,0.082912607552,0.29651155470981033,FINITE,CLIP_RETAINED,ROBUST_RETAINED,-0.08952260529018968
1154,6924,0.3286,0.3286,True,40.9276,1532.921798395114,73.23,0.2818344533431873,0.28961861493001584,0.082912607552,0.8544078380046964,FINITE,CLIP_RETAINED,ROBUST_RETAINED,0.4683736780046964
1155,1316465,0.3291,0.3291,True,41.0566,1626.7469457123082,73.23,0.29897210773752886,0.30724234176008886,0.082912607552,0.44235633166324034,FINITE,CLIP_RETAINED,ROBUST_RETAINED,0.05632217166324033
1156,13934,0.32931,0.32931,True,41.4109,1915.04948214896,73.23,0.35190226274830827,0.36164295942781605,0.082912607552,-0.5263028984801523,FINITE,CLIP_RETAINED,ROBUST_RETAINED,-0.9123370584801523
1157,540163,0.32943,0.32943,True,41.2391,1769.375461562332,73.23,0.32510440674998026,0.3341066597555298,0.082912607552,-0.08458178405908134,FINITE,CLIP_RETAINED,ROBUST_RETAINED,-0.47061594405908136
1158,1301933,0.3296,0.3296,True,41.1031,1661.9578302484865,73.23,0.30532848637780824,0.3137875601858615,0.082912607552,0.3108297738657255,FINITE,CLIP_RETAINED,ROBUST_RETAINED,-0.07520438613427449
1159,13830,0.32985,0.32985,True,40.8444,1475.2988368200172,73.23,0.2709852631987428,0.2784986365493131,0.082912607552,1.1828244409559903,FINITE,CLIP_RETAINED,ROBUST_RETAINED,0.7967902809559902
1160,120369,0.33055,0.33055,True,41.2306,1762.4629656523534,73.23,0.32356171740457046,0.3325521328731695,0.082912607552,-0.03635396643417977,FINITE,CLIP_RETAINED,ROBUST_RETAINED,-0.4223881264341798
1161,1338675,0.33048,0.33048,True,41.1674,1711.9063386872401,73.23,0.31429681546668414,0.32302792356463683,0.082912607552,0.14067719606887458,FINITE,CLIP_RETAINED,ROBUST_RETAINED,-0.24535696393112544
1162,4241,0.33052,0.33052,True,41.1689,1713.0892902220062,73.23,0.3145045436484075,0.3232424944306332,0.082912607552,0.13724906661743866,FINITE,CLIP_RETAINED,ROBUST_RETAINED,-0.24878509338256136
1163,480184,0.3308,0.3308,True,41.1586,1704.9827915441788,73.23,0.312950420195093,0.3216526596646698,0.082912607552,0.17355276738757566,FINITE,CLIP_RETAINED,ROBUST_RETAINED,-0.21248139261242435
1164,370394,0.3308,0.3308,True,40.996,1581.9763986011556,73.23,0.2903725369759096,0.2984469512891342,0.082912607552,0.6782775661034048,FINITE,CLIP_RETAINED,ROBUST_RETAINED,0.2922434061034048
1165,03D1fc,0.33094,0.33094,True,41.0098,1592.0620859611506,73.23,0.29219303112183403,0.30032155411543443,0.082912607552,0.6363965198292377,FINITE,CLIP_RETAINED,ROBUST_RETAINED,0.2503623598292377
1166,580235,0.33154,0.33154,True,41.0301,1607.01525709636,73.23,0.29480450366165284,0.30302074942440105,0.082912607552,0.5850297343986093,FINITE,CLIP_RETAINED,ROBUST_RETAINED,0.19899557439860927
1167,20106,0.33137,0.33137,True,41.2335,1764.8183062321539,73.23,0.3237945723201782,0.33281408455214107,0.082912607552,-0.026150393610175814,FINITE,CLIP_RETAINED,ROBUST_RETAINED,-0.4121845536101758
1168,370344,0.33155,0.33155,True,41.1012,1660.5042825119756,73.23,0.30461469629747717,0.3131046132044389,0.082912607552,0.3622138000423803,FINITE,CLIP_RETAINED,ROBUST_RETAINED,-0.02382035995761972
1169,470041,0.33179,0.33179,True,41.0149,1595.8056559782488,73.23,0.2926931655116876,0.3008568041042163,0.082912607552,0.640317765970859,FINITE,CLIP_RETAINED,ROBUST_RETAINED,0.254283605970859
1170,1306141,0.3324,0.3324,True,40.977,1568.1947659159637,73.23,0.287497258145837,0.2955309219139137,0.082912607552,0.7806222464408147,FINITE,CLIP_RETAINED,ROBUST_RETAINED,0.39458808644081467
1171,130862,0.3329,0.3329,True,41.3299,1844.9304550358509,73.23,0.33810435379823456,0.3475665626773703,0.082912607552,-0.24989956705648195,FINITE,CLIP_RETAINED,ROBUST_RETAINED,-0.635933727056482
1172,1309492,0.33353,0.33353,True,41.0025,1586.7189189515732,73.23,0.29064679673419724,0.2987964627616892,0.082912607552,0.7230742923765756,FINITE,CLIP_RETAINED,ROBUST_RETAINED,0.3370401323765756
1173,1346956,0.33353,0.33353,True,41.0366,1611.832840068494,73.23,0.29524703225095245,0.30352568777198297,0.082912607552,0.6116828311786254,FINITE,CLIP_RETAINED,ROBUST_RETAINED,0.22564867117862542
1174,16093,0.33439,0.33439,True,41.1204,1675.2514403252212,73.23,0.30666594635286715,0.31528726617650515,0.082912607552,0.369556260883975,FINITE,CLIP_RETAINED,ROBUST_RETAINED,-0.01647789911602504
1175,500511,0.3349,0.3349,True,41.0251,1603.3192245688574,73.23,0.2933861432950366,0.30164688214443464,0.082912607552,0.6816828512612363,FINITE,CLIP_RETAINED,ROBUST_RETAINED,0.2956486912612363
1176,1346966,0.33513,0.33513,True,41.0242,1602.654842049878,73.23,0.29321405004734385,0.30147569240263977,0.082912607552,0.6901133539445823,FINITE,CLIP_RETAINED,ROBUST_RETAINED,0.30407919394458227
1177,1314897,0.33663,0.33663,True,41.0367,1611.9070694230759,73.23,0.29457584136736087,0.3029135244385843,0.082912607552,0.6849735872612913,FINITE,CLIP_RETAINED,ROBUST_RETAINED,0.2989394272612913
1178,470015,0.33752,0.33752,True,41.1678,1712.221712534637,73.23,0.31270011894574784,0.3215745209124047,0.082912607552,0.2986014445045245,FINITE,CLIP_RETAINED,ROBUST_RETAINED,-0.08743271549547549
1179,040782,0.33739,0.33739,True,41.0098,1592.0620859611506,73.23,0.2907838348135501,0.29903303137109805,0.082912607552,0.791565033488324,FINITE,CLIP_RETAINED,ROBUST_RETAINED,0.40553087348832395
1180,04D3kr,0.33753,0.33753,True,41.1477,1696.44584350121,73.23,0.30981668265073653,0.31860951711543106,0.082912607552,0.3587083514554007,FINITE,CLIP_RETAINED,ROBUST_RETAINED,-0.027325808544599317
1181,1300912,0.3378,0.3378,True,41.1537,1701.1397785180575,73.23,0.3106112201353291,0.31943375507472405,0.082912607552,0.34681839360282857,FINITE,CLIP_RETAINED,ROBUST_RETAINED,-0.03921576639717145
1182,380318,0.33825,0.33825,True,41.145,1694.3378004473304,73.23,0.30926521801210405,0.31806138825707314,0.082912607552,0.3830854553558012,FINITE,CLIP_RETAINED,ROBUST_RETAINED,-0.0029487046441988296
1183,580276,0.33851,0.33851,True,41.1131,1669.6290790444543,73.23,0.3046959706387604,0.31336893693571705,0.082912607552,0.4863580460694097,FINITE,CLIP_RETAINED,ROBUST_RETAINED,0.10032388606940967
1184,1343337,0.339,0.339,True,41.0555,1625.9230952795556,73.23,0.2966113422579334,0.30506657877665205,0.082912607552,0.6797148649741478,FINITE,CLIP_RETAINED,ROBUST_RETAINED,0.2936807049741478
1185,04D3nh,0.34051,0.34051,True,41.1737,1716.8802310891997,73.23,0.3128515227041632,0.3218099911034557,0.082912607552,0.3477910767416633,FINITE,CLIP_RETAINED,ROBUST_RETAINED,-0.038243083258336696
1186,320258,0.3409,0.3409,True,41.0587,1628.3209104413106,73.23,0.2966278612601542,0.305131633478221,0.082912607552,0.7136015327516262,FINITE,CLIP_RETAINED,ROBUST_RETAINED,0.3275673727516262
1187,2533,0.34101,0.34101,True,41.0641,1632.3752447461811,73.23,0.2973420386850214,0.30586907468066526,0.082912607552,0.6986810809667905,FINITE,CLIP_RETAINED,ROBUST_RETAINED,0.3126469209667905
1188,1336009,0.34176,0.34176,True,41.2122,1747.591807008849,73.23,0.3181511449413985,0.3272952868056943,0.082912607552,0.2623849918778389,FINITE,CLIP_RETAINED,ROBUST_RETAINED,-0.12364916812216109
1189,1346387,0.34448,0.34448,True,41.3081,1826.5013603336945,73.23,0.33184401172574984,0.34145870501950104,0.082912607552,0.05152241305105807,FINITE,CLIP_RETAINED,ROBUST_RETAINED,-0.3345117469489419
1190,350606,0.3445,0.3445,True,41.2914,1812.508283274084,73.23,0.32929681080541545,0.3388382645690632,0.082912607552,0.09754315493198158,FINITE,CLIP_RETAINED,ROBUST_RETAINED,-0.28849100506801845
1191,1329312,0.34479,0.34479,True,41.2333,1764.6557679444834,73.23,0.32053382066125696,0.3298292952286194,0.082912607552,0.267029720713927,FINITE,CLIP_RETAINED,ROBUST_RETAINED,-0.11900443928607302
1192,470110,0.34547,0.34547,True,41.2033,1740.443783124433,73.23,0.315976156795685,0.3251577912653958,0.082912607552,0.3690232760855486,FINITE,CLIP_RETAINED,ROBUST_RETAINED,-0.017010883914451436
1193,03D1bp,0.34594,0.34594,True,41.3318,1846.5454430338827,73.23,0.33512176223295514,0.34487316873836527,0.082912607552,0.017902458063089537,FINITE,CLIP_RETAINED,ROBUST_RETAINED,-0.36813170193691047
1194,310090,0.34686,0.34686,True,41.4163,1919.817738062898,73.23,0.34818164763627707,0.35834040501131026,0.082912607552,-0.18273574203104287,FINITE,CLIP_RETAINED,ROBUST_RETAINED,-0.5687699020310428
1195,050301,0.34704,0.34704,True,41.1174,1672.938592955358,73.23,0.30336665226710424,0.31222252001448847,0.082912607552,0.6657079407376896,FINITE,CLIP_RETAINED,ROBUST_RETAINED,0.27967378073768956
1196,330089,0.34872,0.34872,True,41.3721,1881.1351563994008,73.23,0.340695606872628,0.3506900253668011,0.082912607552,-0.032157777510314164,FINITE,CLIP_RETAINED,ROBUST_RETAINED,-0.4181919375103142
1197,160198,0.34899,0.34899,True,41.2499,1778.1975191313281,73.23,0.32198793655290137,0.3314409790293388,0.082912607552,0.3086967432355027,FINITE,CLIP_RETAINED,ROBUST_RETAINED,-0.07733741676449729
1198,1258906,0.34918,0.34918,True,41.282,1804.6791465567192,73.23,0.32673708981271754,0.3363348580841455,0.082912607552,0.22149976229412344,FINITE,CLIP_RETAINED,ROBUST_RETAINED,-0.16453439770587658
1199,070955,0.3492,0.3492,True,41.1406,1690.9080822703095,73.23,0.30613430493640537,0.3151273973955881,0.082912607552,0.6408155950251262,FINITE,CLIP_RETAINED,ROBUST_RETAINED,0.2547814350251262
1200,380279,0.34946,0.34946,True,41.2033,1740.443783124433,73.23,0.31504189800652876,0.32430365359963365,0.082912607552,0.4551365391077629,FINITE,CLIP_RETAINED,ROBUST_RETAINED,0.0691023791077629
1201,04D2mc,0.34957,0.34957,True,41.005,1588.5467485977806,73.23,0.2875232147609119,0.29597866209062906,0.082912607552,1.0949702574840403,FINITE,CLIP_RETAINED,ROBUST_RETAINED,0.7089360974840403
1202,05D2ie,0.34956,0.34956,True,41.3756,1884.1696328798819,73.23,0.3410327865355754,0.35106154569510317,0.082912607552,-0.024436727609404303,FINITE,CLIP_RETAINED,ROBUST_RETAINED,-0.4104708876094043
1203,440185,0.34952,0.34952,True,41.1526,1700.2782525466096,73.23,0.3077577555136626,0.3168069443614485,0.082912607552,0.6105288507707126,FINITE,CLIP_RETAINED,ROBUST_RETAINED,0.2244946907707126
1204,20186,0.34957,0.34957,True,41.4873,1983.6269496288842,73.23,0.35903179931413387,0.3695901623016882,0.082912607552,-0.30421575427876757,FINITE,CLIP_RETAINED,ROBUST_RETAINED,-0.6902499142787676
1205,1248677,0.35017,0.35017,True,41.1867,1727.1895431357998,73.23,0.312478310071737,0.3216836363538877,0.082912607552,0.5202832697711853,FINITE,CLIP_RETAINED,ROBUST_RETAINED,0.13424910977118532
1206,000196,0.35066,0.35066,True,41.2342,1765.3873081448291,73.23,0.3192730733646342,0.3286919207357667,0.082912607552,0.38950354531449544,FINITE,CLIP_RETAINED,ROBUST_RETAINED,0.003469385314495421
1207,050296,0.35087,0.35087,True,41.2532,1780.9019112775163,73.23,0.32202884486313627,0.3315347625275044,0.082912607552,0.33877327933442897,FINITE,CLIP_RETAINED,ROBUST_RETAINED,-0.04726088066557105
1208,05D2hc,0.35157,0.35157,True,41.4798,1976.7875628640497,73.23,0.35726443715399064,0.3678318165056071,0.082912607552,-0.2477379414253973,FINITE,CLIP_RETAINED,ROBUST_RETAINED,-0.6337721014253973
1209,120400,0.35156,0.35156,True,41.3343,1848.6725812834648,73.23,0.33411271313524693,0.3439950118513484,0.082912607552,0.12601890639721833,FINITE,CLIP_RETAINED,ROBUST_RETAINED,-0.26001525360278166
1210,160197,0.35361,0.35361,True,41.3657,1875.5990323164983,73.23,0.33846578813697614,0.34853607690784316,0.082912607552,0.08273587279637382,FINITE,CLIP_RETAINED,ROBUST_RETAINED,-0.30329828720362617
1211,05D2mp,0.35527,0.35527,True,41.4647,1963.0890473260126,73.23,0.3538201043419559,0.3643973766358516,0.082912607552,-0.1398202341051784,FINITE,CLIP_RETAINED,ROBUST_RETAINED,-0.5258543941051784
1212,1688,0.35767,0.35767,True,41.3574,1868.4436302655577,73.23,0.33616625002404815,0.3462846697308401,0.082912607552,0.18584153665845712,FINITE,CLIP_RETAINED,ROBUST_RETAINED,-0.2001926233415429
1213,1334423,0.35791,0.35791,True,41.3539,1865.434480689956,73.23,0.3355655314062388,0.34567274829468875,0.082912607552,0.20012943277116932,FINITE,CLIP_RETAINED,ROBUST_RETAINED,-0.1859047272288307
1214,04D3fk,0.35833,0.35833,True,41.2423,1771.9848317846333,73.23,0.31865668849713275,0.32826604299589285,0.082912607552,0.5263200567976264,FINITE,CLIP_RETAINED,ROBUST_RETAINED,0.14028589679762637
1215,04D2fs,0.35858,0.35858,True,41.1484,1696.9928011830823,73.23,0.30511468764789357,0.3143221872248777,0.082912607552,0.8205776710082097,FINITE,CLIP_RETAINED,ROBUST_RETAINED,0.43454351100820965
1216,1280217,0.35901,0.35901,True,41.1532,1700.748121701433,73.23,0.3056931300602856,0.3149293131880418,0.082912607552,0.8145427258919413,FINITE,CLIP_RETAINED,ROBUST_RETAINED,0.4285085658919413
1217,160070,0.35897,0.35897,True,41.4429,1943.479661040916,73.23,0.349332073474517,0.35988556591988546,0.082912607552,-0.01416212009313724,FINITE,CLIP_RETAINED,ROBUST_RETAINED,-0.40019628009313724
1218,1307830,0.35949,0.35949,True,41.4213,1924.2433750153111,73.23,0.34574213844177565,0.35620253438061983,0.082912607552,0.05150356948220429,FINITE,CLIP_RETAINED,ROBUST_RETAINED,-0.3345305905177957
1219,050293,0.36005,0.36005,True,41.187,1727.4281796735324,73.23,0.31025119033481835,0.3196526524377271,0.082912607552,0.7304035378369004,FINITE,CLIP_RETAINED,ROBUST_RETAINED,0.34436937783690036
1220,160126,0.36023,0.36023,True,41.0791,1643.6903293846399,73.23,0.29517256019825955,0.3041216372058969,0.082912607552,1.0837304779748074,FINITE,CLIP_RETAINED,ROBUST_RETAINED,0.6976963179748074
1221,470244,0.36081,0.36081,True,41.4328,1934.461095835696,73.23,0.34724087279162485,0.3577857683901153,0.082912607552,0.04698529040686001,FINITE,CLIP_RETAINED,ROBUST_RETAINED,-0.33904886959314
1222,420417,0.36138,0.36138,True,41.1159,1671.7833669625263,73.23,0.29996388178683014,0.309087692607381,0.082912607552,0.9863559941449502,FINITE,CLIP_RETAINED,ROBUST_RETAINED,0.6003218341449502
1223,1294014,0.36272,0.36272,True,41.2452,1774.352897305686,73.23,0.31805461477932584,0.32776509355960176,0.082912607552,0.6082318888475404,FINITE,CLIP_RETAINED,ROBUST_RETAINED,0.2221977288475404
1224,1346137,0.36326,0.36326,True,41.364,1874.1312399767514,73.23,0.33580691821975467,0.3460748843693437,0.082912607552,0.27784983481097464,FINITE,CLIP_RETAINED,ROBUST_RETAINED,-0.10818432518902538
1225,560121,0.36491,0.36491,True,41.4626,1961.1914896022438,73.23,0.35098157263755664,0.3617630220007396,0.082912607552,0.04781538156513844,FINITE,CLIP_RETAINED,ROBUST_RETAINED,-0.3382187784348616
1226,100358,0.36613,0.36613,True,41.136,1687.3298906258067,73.23,0.3017006895187227,0.3109997861661367,0.082912607552,1.022424955978129,FINITE,CLIP_RETAINED,ROBUST_RETAINED,0.6363907959781291
1227,190209,0.36648,0.36648,True,41.2327,1764.168242893798,73.23,0.31535887055560696,0.3250883769267,0.082912607552,0.7231579705073305,FINITE,CLIP_RETAINED,ROBUST_RETAINED,0.33712381050733053
1228,1308582,0.36705,0.36705,True,41.2088,1744.8576424736923,73.23,0.311776898164305,0.32141108249289085,0.082912607552,0.8087066260575377,FINITE,CLIP_RETAINED,ROBUST_RETAINED,0.4226724660575377
1229,350083,0.3678,0.3678,True,41.2627,1788.7102678250944,73.23,0.3194373775432096,0.3293287560121775,0.082912607552,0.6590422285176575,FINITE,CLIP_RETAINED,ROBUST_RETAINED,0.27300806851765747
1230,04D1hd,0.36791,0.36791,True,41.4699,1967.7956672808132,73.23,0.35139113984082954,0.36227527064222,0.082912607552,0.0849878925607796,FINITE,CLIP_RETAINED,ROBUST_RETAINED,-0.3010462674392204
1231,1343533,0.36844,0.36844,True,41.5479,2039.7643634852705,73.23,0.3641015861937863,0.3753959113998467,0.082912607552,-0.09995860012476203,FINITE,CLIP_RETAINED,ROBUST_RETAINED,-0.48599276012476206
1232,1283936,0.36862,0.36862,True,41.463,1961.5527877010825,73.23,0.35009462979446787,0.3609598503125778,0.082912607552,0.11594964378543517,FINITE,CLIP_RETAINED,ROBUST_RETAINED,-0.27008451621456486
1233,15704,0.36952,0.36952,True,41.4498,1949.665020703734,73.23,0.3477442457417177,0.358563277341011,0.082912607552,0.16705680474187676,FINITE,CLIP_RETAINED,ROBUST_RETAINED,-0.21897735525812326
1234,18091,0.36977,0.36977,True,41.2185,1752.6693824662016,73.23,0.3125508475506953,0.3222816211008381,0.082912607552,0.8343304117412039,FINITE,CLIP_RETAINED,ROBUST_RETAINED,0.4482962517412039
1235,510578,0.37012,0.37012,True,41.3794,1887.4697498728697,73.23,0.33650360817411956,0.3469901821364041,0.082912607552,0.3680299162734377,FINITE,CLIP_RETAINED,ROBUST_RETAINED,-0.01800424372656234
1236,04D2cf,0.37059,0.37059,True,41.3759,1884.4299585166877,73.23,0.33584645800459756,0.3463260486684349,0.082912607552,0.38673564675875066,FINITE,CLIP_RETAINED,ROBUST_RETAINED,0.0007014867587506468
1237,05D4bm,0.37051,0.37051,True,41.3833,1890.8627224514069,73.23,0.33701258772713055,0.34752626058727476,0.082912607552,0.36469749775864435,FINITE,CLIP_RETAINED,ROBUST_RETAINED,-0.021336662241355664
1238,13136,0.37046,0.37046,True,41.6395,2127.6490802699523,73.23,0.37922937214162283,0.39105844720397615,0.082912607552,-0.2792857155487699,FINITE,CLIP_RETAINED,ROBUST_RETAINED,-0.6653198755487699
1239,05D3jr,0.37053,0.37053,True,41.273,1797.2148565476632,73.23,0.3203168498865262,0.3303102189423703,0.082912607552,0.6828916104916987,FINITE,CLIP_RETAINED,ROBUST_RETAINED,0.29685745049169865
1240,390471,0.37053,0.37053,True,41.0698,1636.6657719972952,73.23,0.291702253903202,0.30080289371877494,0.082912607552,1.3411266914128208,FINITE,CLIP_RETAINED,ROBUST_RETAINED,0.9550925314128208
1241,320469,0.37087,0.37087,True,41.4098,1914.0796236539002,73.23,0.3410609981558543,0.3517114658853304,0.082912607552,0.29899353803517714,FINITE,CLIP_RETAINED,ROBUST_RETAINED,-0.08704062196482287
1242,1291957,0.37143,0.37143,True,41.334,1848.4171953696596,73.23,0.3292264247585638,0.33952309290475596,0.082912607552,0.5213962710103139,FINITE,CLIP_RETAINED,ROBUST_RETAINED,0.13536211101031392
1243,000199,0.3716,0.3716,True,41.3842,1891.6465818986346,73.23,0.3368843643620345,0.34742543414455124,0.082912607552,0.3829905984761933,FINITE,CLIP_RETAINED,ROBUST_RETAINED,-0.0030435615238066926
1244,05D4fo,0.3715,0.3715,True,41.4289,1930.9898901397544,73.23,0.3439161095186691,0.35467426102195526,0.082912607552,0.2593731075568265,FINITE,CLIP_RETAINED,ROBUST_RETAINED,-0.1266610524431735
1245,05D4cw,0.37351,0.37351,True,41.3114,1829.2792159322623,73.23,0.3253243011393369,0.33555679358410745,0.082912607552,0.627649412260122,FINITE,CLIP_RETAINED,ROBUST_RETAINED,0.24161525226012204
1246,16232,0.37426,0.37426,True,41.4722,1969.8810392935363,73.23,0.35013814402555193,0.36117357007988404,0.082912607552,0.19593593613794713,FINITE,CLIP_RETAINED,ROBUST_RETAINED,-0.19009822386205288
1247,1299643,0.37678,0.37678,True,41.4155,1919.1105813411912,73.23,0.34048954624514854,0.3512942657526418,0.082912607552,0.39419010851748826,FINITE,CLIP_RETAINED,ROBUST_RETAINED,0.008155948517488243
1248,1282736,0.37798,0.37798,True,41.3598,1870.5098521076843,73.23,0.33157777804196326,0.3421337402792934,0.082912607552,0.5730985149771637,FINITE,CLIP_RETAINED,ROBUST_RETAINED,0.18706435497716367
1249,590031,0.37859,0.37859,True,41.4271,1929.3898967002888,73.23,0.3418638720927382,0.3527651390741444,0.082912607552,0.3959492526011375,FINITE,CLIP_RETAINED,ROBUST_RETAINED,0.009915092601137487
1250,7779,0.37986,0.37986,True,41.2959,1816.2682870049002,73.23,0.32152393317437933,0.33181154301757143,0.082912607552,0.7975565535485184,FINITE,CLIP_RETAINED,ROBUST_RETAINED,0.4115223935485184
1251,320099,0.37989,0.37989,True,41.4154,1919.0222050678149,73.23,0.3397065055161142,0.35057676431591145,0.082912607552,0.4521426752324546,FINITE,CLIP_RETAINED,ROBUST_RETAINED,0.06610851523245459
1252,500057,0.38052,0.38052,True,41.4614,1960.1079945413303,73.23,0.3468211935124969,0.3579378113837432,0.082912607552,0.3384282662638522,FINITE,CLIP_RETAINED,ROBUST_RETAINED,-0.04760589373614782
1253,110425,0.38083,0.38083,True,41.4511,1950.832580260917,73.23,0.34510250937363157,0.35617319303882045,0.082912607552,0.3717604264095586,FINITE,CLIP_RETAINED,ROBUST_RETAINED,-0.014273733590441429
1254,1299785,0.38131,0.38131,True,41.4549,1954.2494571897553,73.23,0.34558682343877,0.3566872387863752,0.082912607552,0.37022289160229155,FINITE,CLIP_RETAINED,ROBUST_RETAINED,-0.015811268397708467
1255,000011,0.3816,0.3816,True,41.6775,2165.209879307931,73.23,0.38281240856534526,0.39511802801350504,0.082912607552,-0.1772428870166603,FINITE,CLIP_RETAINED,ROBUST_RETAINED,-0.5632770470166604
1256,040150,0.38174,0.38174,True,41.5615,2052.579560952533,73.23,0.3628624270220527,0.3745310957862566,0.082912607552,0.10148540752113601,FINITE,CLIP_RETAINED,ROBUST_RETAINED,-0.284548752478864
1257,580275,0.3825,0.3825,True,41.3726,1881.5683536480633,73.23,0.33244759172102384,0.3431598251505821,0.082912607552,0.6215051535947796,FINITE,CLIP_RETAINED,ROBUST_RETAINED,0.23547099359477963
1258,1343401,0.38284,0.38284,True,41.3678,1877.4137747571776,73.23,0.3316319753388578,0.3423275778910222,0.082912607552,0.6417191209406004,FINITE,CLIP_RETAINED,ROBUST_RETAINED,0.25568496094060034
1259,1281886,0.38394,0.38394,True,41.5182,2012.0557037943172,73.23,0.35513303205311064,0.3666200127248942,0.082912607552,0.2499079177674552,FINITE,CLIP_RETAINED,ROBUST_RETAINED,-0.13612624223254483
1260,360139,0.38594,0.38594,True,41.5217,2015.3013694179822,73.23,0.3551925940757427,0.3667423113957663,0.082912607552,0.275920408285814,FINITE,CLIP_RETAINED,ROBUST_RETAINED,-0.11011375171418603
1261,1338170,0.38677,0.38677,True,41.3791,1887.2090043023825,73.23,0.3324175108887411,0.343250276776059,0.082912607552,0.6822224238186125,FINITE,CLIP_RETAINED,ROBUST_RETAINED,0.2961882638186125
1262,550218,0.38735,0.38735,True,41.5567,2048.047382411544,73.23,0.3605971523067229,0.3723661380059218,0.082912607552,0.21051879964976508,FINITE,CLIP_RETAINED,ROBUST_RETAINED,-0.17551536035023493
1263,050251,0.38772,0.38772,True,41.6302,2118.556252504711,73.23,0.3729121072830348,0.38509483582255416,0.082912607552,0.03524390873696249,FINITE,CLIP_RETAINED,ROBUST_RETAINED,-0.35079025126303753
1264,420352,0.38886,0.38886,True,41.383,1890.6015081568137,73.23,0.3325139431294745,0.34340935487568075,0.082912607552,0.7094967090648889,FINITE,CLIP_RETAINED,ROBUST_RETAINED,0.3234625490648889
1265,1290779,0.38951,0.38951,True,41.544,2036.1042011319664,73.23,0.3579370500831545,0.3696854182133865,0.082912607552,0.28018481279476304,FINITE,CLIP_RETAINED,ROBUST_RETAINED,-0.10584934720523698
1266,120086,0.39262,0.39262,True,41.4742,1971.6962025652183,73.23,0.34584038280508067,0.35728382546349396,0.082912607552,0.5198921488828232,FINITE,CLIP_RETAINED,ROBUST_RETAINED,0.1338579888828232
1267,1291794,0.39512,0.39512,True,41.4677,1965.8030293926852,73.23,0.3441888256647818,0.3556513325907047,0.082912607552,0.5817802761638091,FINITE,CLIP_RETAINED,ROBUST_RETAINED,0.1957461161638091
1268,1296273,0.39698,0.39698,True,41.259,1785.6650563267428,73.23,0.31223252607479135,0.32268055274720936,0.082912607552,1.2429009540719547,FINITE,CLIP_RETAINED,ROBUST_RETAINED,0.8568667940719547
1269,1333438,0.39946,0.39946,True,41.7119,2199.783802928758,73.23,0.3839616430411508,0.39689149456725065,0.082912607552,0.032471266547642354,FINITE,CLIP_RETAINED,ROBUST_RETAINED,-0.35356289345235764
1270,05D4ff,0.40048,0.40048,True,41.4918,1987.7419348126646,73.23,0.3466980668502101,0.3584033821613501,0.082912607552,0.6083895678035725,FINITE,CLIP_RETAINED,ROBUST_RETAINED,0.22235540780357244
1271,110734,0.40212,0.40212,True,41.4795,1976.5144784340364,73.23,0.3443365683872693,0.3560105599806042,0.082912607552,0.6708488875174774,FINITE,CLIP_RETAINED,ROBUST_RETAINED,0.2848147275174774
1272,580312,0.40286,0.40286,True,41.5478,2039.6704310278337,73.23,0.35515178266171155,0.3672149707644706,0.082912607552,0.49700684300717973,FINITE,CLIP_RETAINED,ROBUST_RETAINED,0.11097268300717972
1273,1329615,0.40361,0.40361,True,41.616,2104.7474886559753,73.23,0.36628731397108394,0.378752286521389,0.082912607552,0.3321812584127209,FINITE,CLIP_RETAINED,ROBUST_RETAINED,-0.05385290158727912
1274,06D3ed,0.40454,0.40454,True,41.6747,2162.4197537598116,73.23,0.3760747878543012,0.3889028205371705,0.082912607552,0.20141526649445984,FINITE,CLIP_RETAINED,ROBUST_RETAINED,-0.18461889350554017
1275,350050,0.40472,0.40472,True,41.3373,1851.2283819179734,73.23,0.32191303704426427,0.3328985631151372,0.082912607552,1.137805298345678,FINITE,CLIP_RETAINED,ROBUST_RETAINED,0.7517711383456779
1276,05D4dt,0.40547,0.40547,True,41.7807,2270.5966878114514,73.23,0.39462695939514486,0.4081192809954995,0.082912607552,-0.0319498913605755,FINITE,CLIP_RETAINED,ROBUST_RETAINED,-0.41798405136057554
1277,1308314,0.40648,0.40648,True,41.6914,2179.1142464298923,73.23,0.37845545570817746,0.3914276499953687,0.082912607552,0.1916046098670297,FINITE,CLIP_RETAINED,ROBUST_RETAINED,-0.1944295501329703
1278,1341370,0.409,0.409,True,41.7002,2187.963133521365,73.23,0.3793126600635801,0.3923962150757689,0.082912607552,0.2097916382794024,FINITE,CLIP_RETAINED,ROBUST_RETAINED,-0.17624252172059762
1279,1306390,0.40911,0.40911,True,41.7405,2228.9483245050583,73.23,0.38638782572661595,0.3997190685756693,0.082912607552,0.11574584033079573,FINITE,CLIP_RETAINED,ROBUST_RETAINED,-0.2702883196692043
1280,450339,0.40927,0.40927,True,41.7061,2193.9160231381634,73.23,0.3802718033772721,0.39339724857733854,0.082912607552,0.19978685756757608,FINITE,CLIP_RETAINED,ROBUST_RETAINED,-0.18624730243242393
1281,06D4cq,0.40947,0.40947,True,41.6784,2166.1074697035606,73.23,0.3753984669205339,0.38836214421940224,0.082912607552,0.27019433571554424,FINITE,CLIP_RETAINED,ROBUST_RETAINED,-0.11583982428445577
1282,020090,0.40995,0.40995,True,41.6836,2171.300838111898,73.23,0.3761704003760833,0.38917622308663713,0.082912607552,0.2649694908671254,FINITE,CLIP_RETAINED,ROBUST_RETAINED,-0.12106466913287461
1283,1307277,0.41114,0.41114,True,41.662,2149.8096103893577,73.23,0.37213303824350813,0.3850372602575573,0.082912607552,0.3370684203628049,FINITE,CLIP_RETAINED,ROBUST_RETAINED,-0.04896573963719514
1284,530251,0.41131,0.41131,True,41.8335,2326.4836245182446,73.23,0.4026668825645447,0.4166357798868108,0.082912607552,-0.061890637232136864,FINITE,CLIP_RETAINED,ROBUST_RETAINED,-0.44792479723213685
1285,520071,0.41152,0.41152,True,41.8131,2304.7297084363668,73.23,0.3988423762960806,0.4126857833334721,0.082912607552,-0.013716012194783566,FINITE,CLIP_RETAINED,ROBUST_RETAINED,-0.3997501721947836
1286,1315296,0.41258,0.41258,True,41.7893,2279.6070950384023,73.23,0.39419878213347254,0.4079168639749867,0.082912607552,0.05562547667325483,FINITE,CLIP_RETAINED,ROBUST_RETAINED,-0.33040868332674517
1287,04D2fp,0.41664,0.41664,True,41.7295,2217.685719998008,73.23,0.3823920291087968,0.3958324617682785,0.082912607552,0.2566813271083034,FINITE,CLIP_RETAINED,ROBUST_RETAINED,-0.12935283289169663
1288,05D2dw,0.41864,0.41864,True,41.6174,2106.1049070426793,73.23,0.3626403541258468,0.37544880255427276,0.082912607552,0.5698909211857054,FINITE,CLIP_RETAINED,ROBUST_RETAINED,0.18385676118570538
1289,440162,0.41927,0.41927,True,41.6863,2174.0023039284947,73.23,0.3741651273742561,0.38740086584518163,0.082912607552,0.40289159484455084,FINITE,CLIP_RETAINED,ROBUST_RETAINED,0.016857434844550823
1290,550137,0.41931,0.41931,True,41.4604,1959.2055392655102,73.23,0.33718719112238543,0.34911602781862083,0.082912607552,1.0193455203881778,FINITE,CLIP_RETAINED,ROBUST_RETAINED,0.6333113603881778
1291,1289600,0.41962,0.41962,True,41.8662,2361.783042157509,73.23,0.40638364563583984,0.4207712941606312,0.082912607552,-0.01302918867340586,FINITE,CLIP_RETAINED,ROBUST_RETAINED,-0.39906334867340587
1292,05D3cf,0.41956,0.41956,True,41.7981,2288.864060720655,73.23,0.39385338083293314,0.4077953778819115,0.082912607552,0.13883173889075212,FINITE,CLIP_RETAINED,ROBUST_RETAINED,-0.2472024211092479
1293,1340454,0.41997,0.41997,True,41.4394,1940.3496650900106,73.23,0.3337868032068939,0.34561425500822524,0.082912607552,1.0932343034644643,FINITE,CLIP_RETAINED,ROBUST_RETAINED,0.7072001434644642
1294,550202,0.42027,0.42027,True,41.8343,2327.3408906648724,73.23,0.4002740335044179,0.4144677130782073,0.082912607552,0.06693028154638857,FINITE,CLIP_RETAINED,ROBUST_RETAINED,-0.31910387845361143
1295,1306626,0.4209,0.4209,True,41.6178,2106.492901638262,73.23,0.36213026041514684,0.3749909525027911,0.082912607552,0.6045629400246719,FINITE,CLIP_RETAINED,ROBUST_RETAINED,0.2185287800246719
1296,110430,0.42085,0.42085,True,41.728,2216.1543259597206,73.23,0.38099572231156564,0.3945247667525632,0.082912607552,0.32400409755515186,FINITE,CLIP_RETAINED,ROBUST_RETAINED,-0.062030062444848155
1297,1306991,0.42199,0.42199,True,41.5336,2026.375845492041,73.23,0.3480901939426748,0.36048484443920253,0.082912607552,0.8521994966897876,FINITE,CLIP_RETAINED,ROBUST_RETAINED,0.46616533668978755
1298,04D4gg,0.42245,0.42245,True,41.6483,2136.2889790326835,73.23,0.3668523636423192,0.3799295798166537,0.082912607552,0.5489104977060587,FINITE,CLIP_RETAINED,ROBUST_RETAINED,0.1628763377060587
1299,1345594,0.42242,0.42242,True,41.6796,2167.3048357422435,73.23,0.3721863841620048,0.3854527838334777,0.082912607552,0.46815064444181015,FINITE,CLIP_RETAINED,ROBUST_RETAINED,0.08211648444181013
1300,490037,0.42355,0.42355,True,41.5955,2084.9709101237127,73.23,0.3577631498438832,0.37055015613800507,0.082912607552,0.7061477009479917,FINITE,CLIP_RETAINED,ROBUST_RETAINED,0.3201135409479917
1301,160200,0.42349,0.42349,True,41.8403,2333.78046369615,73.23,0.4004736173389529,0.4147850980988819,0.082912607552,0.09980084199309952,FINITE,CLIP_RETAINED,ROBUST_RETAINED,-0.2862333180069005
1302,1302523,0.42392,0.42392,True,41.7264,2214.5220045502874,73.23,0.379894268322229,0.39348434589088144,0.082912607552,0.3740976765172484,FINITE,CLIP_RETAINED,ROBUST_RETAINED,-0.011936483482751614
1303,1312274,0.42451,0.42451,True,41.7483,2236.9691768316347,73.23,0.38358607140815315,0.3973276531868126,0.082912607552,0.32950250152778987,FINITE,CLIP_RETAINED,ROBUST_RETAINED,-0.056531658472210145
1304,1295027,0.42562,0.42562,True,41.7039,2191.6944102625152,73.23,0.37552992608061014,0.38901870553646456,0.082912607552,0.45556259772022956,FINITE,CLIP_RETAINED,ROBUST_RETAINED,0.06952843772022954
1305,1258940,0.42594,0.42594,True,41.7517,2240.4744724160064,73.23,0.38380186374100983,0.39759831452209693,0.082912607552,0.34247533257453433,FINITE,CLIP_RETAINED,ROBUST_RETAINED,-0.043558827425465685
1306,050003,0.42689,0.42689,True,41.813,2304.623574154821,73.23,0.3945280054356073,0.4087422208625819,0.082912607552,0.2110456855730938,FINITE,CLIP_RETAINED,ROBUST_RETAINED,-0.1749884744269062
1307,110542,0.42694,0.42694,True,41.8348,2327.876842410347,73.23,0.3984947635886731,0.41285360652649755,0.082912607552,0.16163062147658078,FINITE,CLIP_RETAINED,ROBUST_RETAINED,-0.22440353852341924
1308,110719,0.42784,0.42784,True,42.2757,2851.937475357516,73.23,0.48789771812425053,0.5055157119080954,0.082912607552,-0.6794677836103982,FINITE,CLIP_RETAINED,ROBUST_RETAINED,-1.065501943610398
1309,05D2cb,0.42865,0.42865,True,41.8825,2379.5783009563975,73.23,0.40685764942863606,0.42157759700743475,0.082912607552,0.07870912017668173,FINITE,CLIP_RETAINED,ROBUST_RETAINED,-0.30732503982331827
1310,440236,0.42888,0.42888,True,41.6443,2132.3574115259416,73.23,0.3645294109030588,0.37772514279638114,0.082912607552,0.6588450739245635,FINITE,CLIP_RETAINED,ROBUST_RETAINED,0.27281091392456347
1311,1306029,0.42895,0.42895,True,41.8266,2319.102798676628,73.23,0.39643436871916454,0.41078742386658007,0.082912607552,0.20914450855325903,FINITE,CLIP_RETAINED,ROBUST_RETAINED,-0.176889651446741
1312,100101,0.42967,0.42967,True,41.9219,2423.148331418534,73.23,0.414011616706654,0.4290266735903439,0.082912607552,0.006983272069274784,FINITE,CLIP_RETAINED,ROBUST_RETAINED,-0.3790508879307252
1313,080723,0.43013,0.43013,True,41.8354,2328.520147424005,73.23,0.39771577228586485,0.41215554316909475,0.082912607552,0.20568569634834333,FINITE,CLIP_RETAINED,ROBUST_RETAINED,-0.1803484636516567
1314,04D1rh,0.43487,0.43487,True,41.7828,2272.7936116230035,73.23,0.386915186027214,0.4011204342908504,0.082912607552,0.39751783642693433,FINITE,CLIP_RETAINED,ROBUST_RETAINED,0.01148367642693432
1315,06D4co,0.43544,0.43544,True,41.5839,2073.86269734808,73.23,0.352909449422571,0.3658834985081949,0.082912607552,0.9252734364257463,FINITE,CLIP_RETAINED,ROBUST_RETAINED,0.5392392764257463
1316,000142,0.43673,0.43673,True,42.0051,2517.792873735846,73.23,0.42806840152690745,0.4438529982372873,0.082912607552,-0.07309684344609456,FINITE,CLIP_RETAINED,ROBUST_RETAINED,-0.4591310034460946
1317,1336008,0.43765,0.43765,True,41.6253,2113.781049308925,73.23,0.35914941430241837,0.3724210989284269,0.082912607552,0.8446090769835362,FINITE,CLIP_RETAINED,ROBUST_RETAINED,0.45857491698353614
1318,1333246,0.43774,0.43774,True,41.882,2379.0304458806213,73.23,0.4041922439744916,0.4191315284446114,0.082912607552,0.20580807958784383,FINITE,CLIP_RETAINED,ROBUST_RETAINED,-0.18022608041215618
1319,1310338,0.43883,0.43883,True,41.4679,1965.98409488098,73.23,0.33376350447574843,0.3461309637247152,0.082912607552,1.3208891671679335,FINITE,CLIP_RETAINED,ROBUST_RETAINED,0.9348550071679335
1320,560027,0.43883,0.43883,True,41.6682,2155.956529829049,73.23,0.36601496866976435,0.3795774916803174,0.082912607552,0.7466652979954645,FINITE,CLIP_RETAINED,ROBUST_RETAINED,0.36063113799546453
1321,050607,0.43926,0.43926,True,41.8262,2318.6756434976155,73.23,0.39352205329017537,0.40811838932196814,0.082912607552,0.3560465118093242,FINITE,CLIP_RETAINED,ROBUST_RETAINED,-0.029987648190675842
1322,040166,0.44004,0.44004,True,42.1401,2679.291707920933,73.23,0.4544789527651131,0.47136675678218437,0.082912607552,-0.29521617263352673,FINITE,CLIP_RETAINED,ROBUST_RETAINED,-0.6812503326335267
1323,510266,0.44059,0.44059,True,41.6364,2124.613809671479,73.23,0.3602532732221595,0.3736568214904491,0.082912607552,0.8590123002842464,FINITE,CLIP_RETAINED,ROBUST_RETAINED,0.47297814028424634
1324,1328105,0.44154,0.44154,True,41.6823,2170.0013298554127,73.23,0.3677067763953557,0.38141768091285044,0.082912607552,0.7496725683116131,FINITE,CLIP_RETAINED,ROBUST_RETAINED,0.3636384083116131
1325,1295256,0.44246,0.44246,True,41.8523,2346.7131124673206,73.23,0.39739697084097264,0.4122463963500877,0.082912607552,0.33918699969934824,FINITE,CLIP_RETAINED,ROBUST_RETAINED,-0.04684716030065178
1326,06D3df,0.44254,0.44254,True,41.9039,2403.145133461747,73.23,0.4069307105224571,0.42213918075639545,0.082912607552,0.221871363829751,FINITE,CLIP_RETAINED,ROBUST_RETAINED,-0.164162796170249
1327,06D2gb,0.44368,0.44368,True,41.793,2283.4946582255407,73.23,0.38636465614775123,0.40084238463888194,0.082912607552,0.4983175172045844,FINITE,CLIP_RETAINED,ROBUST_RETAINED,0.11228335720458438
1328,1291080,0.44384,0.44384,True,41.8069,2298.158616834096,73.23,0.38880269081119817,0.40337712770256173,0.082912607552,0.46664189497586345,FINITE,CLIP_RETAINED,ROBUST_RETAINED,0.08060773497586343
1329,040137,0.44756,0.44756,True,41.8552,2349.84923999492,73.23,0.3965260806137693,0.4115169387233104,0.082912607552,0.40249891568584356,FINITE,CLIP_RETAINED,ROBUST_RETAINED,0.016464755685843546
1330,1328066,0.4489,0.4489,True,41.8853,2382.648621693019,73.23,0.4016889812906724,0.416921343924192,0.082912607552,0.35025412763677777,FINITE,CLIP_RETAINED,ROBUST_RETAINED,-0.03578003236322225
1331,1320166,0.44896,0.44896,True,41.9875,2497.468389154141,73.23,0.4210289264489284,0.4369968489869418,0.082912607552,0.12305501655367264,FINITE,CLIP_RETAINED,ROBUST_RETAINED,-0.2629791434463274
1332,050580,0.4506,0.4506,True,41.6446,2132.6520279401725,73.23,0.35912088122445535,0.3727915697699018,0.082912607552,0.9867638053039072,FINITE,CLIP_RETAINED,ROBUST_RETAINED,0.6007296453039072
1333,520016,0.451,0.451,True,41.9281,2430.0768042989553,73.23,0.40909193598095167,0.42467896165575164,0.082912607552,0.28041424439956836,FINITE,CLIP_RETAINED,ROBUST_RETAINED,-0.10561991560043166
1334,04D2gb,0.45169,0.45169,True,41.5892,2078.9306396491656,73.23,0.34981179260775935,0.3631609302889629,0.082912607552,1.160685544118625,FINITE,CLIP_RETAINED,ROBUST_RETAINED,0.774651384118625
1335,120094,0.45169,0.45169,True,41.9923,2502.99510339783,73.23,0.4211671074104708,0.43723922911255636,0.082912607552,0.1479341319743492,FINITE,CLIP_RETAINED,ROBUST_RETAINED,-0.2381000280256508
1336,04D3gt,0.45155,0.45155,True,41.7162,2204.1441816428974,73.23,0.37091665203501867,0.3850667006488946,0.082912607552,0.8063818081026284,FINITE,CLIP_RETAINED,ROBUST_RETAINED,0.42034764810262837
1337,1290127,0.45223,0.45223,True,41.9959,2507.148163678796,73.23,0.42170905571715855,0.4378214607192969,0.082912607552,0.14712308822200035,FINITE,CLIP_RETAINED,ROBUST_RETAINED,-0.23891107177799967
1338,1253101,0.45333,0.45333,True,41.7953,2285.9145923328465,73.23,0.3842059557293766,0.3989218464854116,0.082912607552,0.6279020463382856,FINITE,CLIP_RETAINED,ROBUST_RETAINED,0.2418678863382856
1339,1253039,0.45347,0.45347,True,41.8863,2383.7461246226394,73.23,0.4006104363494316,0.4159594813160208,0.082912607552,0.409336009914961,FINITE,CLIP_RETAINED,ROBUST_RETAINED,0.02330184991496098
1340,1334302,0.45463,0.45463,True,41.7873,2277.508465915223,73.23,0.38245099142481204,0.39714246762758443,0.082912607552,0.6661309045349293,FINITE,CLIP_RETAINED,ROBUST_RETAINED,0.2800967445349293
1341,1306360,0.45478,0.45478,True,41.8839,2381.1129664474875,73.23,0.3998075668080265,0.4151709420745478,0.082912607552,0.4324983935697618,FINITE,CLIP_RETAINED,ROBUST_RETAINED,0.04646423356976176
1342,1345582,0.45878,0.45878,True,41.9679,2475.0273362288212,73.23,0.4144370090103353,0.4305053023461277,0.082912607552,0.2924506252160904,FINITE,CLIP_RETAINED,ROBUST_RETAINED,-0.09358353478390963
1343,380199,0.46055,0.46055,True,42.0021,2514.3168160613236,73.23,0.4205057145863852,0.43687340878189784,0.082912607552,0.23952814063150288,FINITE,CLIP_RETAINED,ROBUST_RETAINED,-0.14650601936849714
1344,510597,0.46098,0.46098,True,42.0162,2530.6961244545705,73.23,0.42312049344050495,0.43960563757736315,0.082912607552,0.21431388923230002,FINITE,CLIP_RETAINED,ROBUST_RETAINED,-0.1717202707677
1345,05D3lc,0.46156,0.46156,True,41.9839,2493.3313633013304,73.23,0.41670785062093796,0.43296397302945827,0.082912607552,0.2923569792353778,FINITE,CLIP_RETAINED,ROBUST_RETAINED,-0.09367718076462223
1346,03D4au,0.46641,0.46641,True,42.3424,2940.898257259045,73.23,0.4898836191219772,0.5091991106846789,0.082912607552,-0.34994850045088,FINITE,CLIP_RETAINED,ROBUST_RETAINED,-0.73598266045088
1347,000215,0.4666,0.4666,True,42.048,2568.029450667351,73.23,0.4277171364235782,0.44458848591639255,0.082912607552,0.2156611897329672,FINITE,CLIP_RETAINED,ROBUST_RETAINED,-0.17037297026703282
1348,04D4jr,0.4684,0.4684,True,41.9733,2481.189873459916,73.23,0.4127470285551306,0.42909191455114315,0.082912607552,0.40274549886891403,FINITE,CLIP_RETAINED,ROBUST_RETAINED,0.016711338868914016
1349,1339149,0.4688,0.4688,True,41.7631,2252.2676553266547,73.23,0.37456368356816894,0.38940941407841134,0.082912607552,0.9252075691417473,FINITE,CLIP_RETAINED,ROBUST_RETAINED,0.5391734091417473
1350,04D4ju,0.47039,0.47039,True,42.2151,2773.4478237032777,73.23,0.4607398650383552,0.47906431663098964,0.082912607552,-0.07651879833702681,FINITE,CLIP_RETAINED,ROBUST_RETAINED,-0.4625529583370268
1351,05D3mx,0.47057,0.47057,True,42.0135,2527.551422602125,73.23,0.41983885525413056,0.4365431152970392,0.082912607552,0.33967589082667937,FINITE,CLIP_RETAINED,ROBUST_RETAINED,-0.04635826917332064
1352,370367,0.4717,0.4717,True,41.9798,2488.628096608212,73.23,0.41305610108257496,0.42953073494547217,0.082912607552,0.4294569892345427,FINITE,CLIP_RETAINED,ROBUST_RETAINED,0.04342282923454266
1353,1316437,0.47196,0.47196,True,42.0374,2555.524212115157,73.23,0.42408442507035693,0.44100842757130676,0.082912607552,0.3042136873075422,FINITE,CLIP_RETAINED,ROBUST_RETAINED,-0.08182047269245779
1354,05D2bv,0.47572,0.47572,True,41.938,2441.1811060548916,73.23,0.40407722037287996,0.42033381150521526,0.082912607552,0.5772937817588827,FINITE,CLIP_RETAINED,ROBUST_RETAINED,0.19125962175888267
1355,370329,0.47793,0.47793,True,42.2269,2788.560042266509,73.23,0.46088700849986436,0.4795169939203716,0.082912607552,-0.013834295880541284,FINITE,CLIP_RETAINED,ROBUST_RETAINED,-0.3998684558805413
1356,310146,0.47943,0.47943,True,41.8695,2365.374987057607,73.23,0.3905475431479336,0.4063848035501973,0.082912607552,0.7922635022864142,FINITE,CLIP_RETAINED,ROBUST_RETAINED,0.40622934228641416
1357,1306537,0.47948,0.47948,True,42.0107,2524.2943777004816,73.23,0.41677267033863924,0.4336751949396006,0.082912607552,0.45555102292270505,FINITE,CLIP_RETAINED,ROBUST_RETAINED,0.06951686292270504
1358,560054,0.4798,0.4798,True,41.8956,2393.9771453574654,73.23,0.39517122042897446,0.41120859227139034,0.082912607552,0.7319725945997785,FINITE,CLIP_RETAINED,ROBUST_RETAINED,0.34593843459977847
1359,05D3dd,0.48056,0.48056,True,42.0041,2516.633654208834,73.23,0.41520475573180415,0.43208238174443026,0.082912607552,0.4837776020543244,FINITE,CLIP_RETAINED,ROBUST_RETAINED,0.09774344205432439
1360,05D2ac,0.48071,0.48071,True,41.9748,2482.9044108166163,73.23,0.4095984662989381,0.4262535039213367,0.082912607552,0.5532563424321028,FINITE,CLIP_RETAINED,ROBUST_RETAINED,0.16722218243210274
1361,120044,0.48171,0.48171,True,42.3055,2891.3455626423874,73.23,0.4766560605002384,0.496078914469875,0.082912607552,-0.11908651872854434,FINITE,CLIP_RETAINED,ROBUST_RETAINED,-0.5051206787285444
1362,05D1ix,0.48881,0.48881,True,42.0842,2611.199175842711,73.23,0.42841932638331554,0.44613917824856303,0.082912607552,0.40343223992652916,FINITE,CLIP_RETAINED,ROBUST_RETAINED,0.017398079926529142
1363,1292145,0.49246,0.49246,True,42.2783,2855.3542714226664,73.23,0.4673321195608958,0.4868087446101236,0.082912607552,0.0473278150264281,FINITE,CLIP_RETAINED,ROBUST_RETAINED,-0.33870634497357194
1364,1343208,0.49501,0.49501,True,42.0821,2608.6751430326945,73.23,0.4262302154335453,0.44408775174949794,0.082912607552,0.480357434116898,FINITE,CLIP_RETAINED,ROBUST_RETAINED,0.094323274116898
1365,1305504,0.4956,0.4956,True,42.1453,2685.7154653324546,73.23,0.4386446883223888,0.45704470444662293,0.082912607552,0.3497405798987769,FINITE,CLIP_RETAINED,ROBUST_RETAINED,-0.03629358010122313
1366,03D1ax,0.49572,0.49572,True,42.0817,2608.194651569207,73.23,0.4259494191508423,0.44382131717984336,0.082912607552,0.4894919078118157,FINITE,CLIP_RETAINED,ROBUST_RETAINED,0.10345774781181566
1367,05D4af,0.49737,0.49737,True,42.1268,2662.9315306874537,73.23,0.4344093892767482,0.452698176491639,0.082912607552,0.4094449007364074,FINITE,CLIP_RETAINED,ROBUST_RETAINED,0.023410740736407365
1368,06D2bk,0.50073,0.50073,True,42.257,2827.482984069603,73.23,0.4602202954789627,0.4797293583139571,0.082912607552,0.17736370661537823,FINITE,CLIP_RETAINED,ROBUST_RETAINED,-0.20867045338462178
1369,350374,0.5009,0.5009,True,42.1165,2650.330289727115,73.23,0.4313368611220523,0.44962787233304674,0.082912607552,0.4719917669451243,FINITE,CLIP_RETAINED,ROBUST_RETAINED,0.08595760694512428
1370,1337272,0.50276,0.50276,True,42.161,2705.2038697193543,73.23,0.43972251633734954,0.4584398185626889,0.082912607552,0.39659263364076,FINITE,CLIP_RETAINED,ROBUST_RETAINED,0.010558473640759958
1371,030006,0.50276,0.50276,True,42.0703,2594.537786000958,73.23,0.4217340869437078,0.4396856906728126,0.082912607552,0.5967268577194172,FINITE,CLIP_RETAINED,ROBUST_RETAINED,0.21069269771941723
1372,510457,0.503,0.503,True,42.1484,2689.552338250581,73.23,0.43710859941157126,0.45572370557911973,0.082912607552,0.4262737437794005,FINITE,CLIP_RETAINED,ROBUST_RETAINED,0.04023958377940051
1373,03D1au,0.50309,0.50309,True,42.1444,2684.6025600676912,73.23,0.43627803232900897,0.45486116143053623,0.082912607552,0.4359100885449139,FINITE,CLIP_RETAINED,ROBUST_RETAINED,0.049875928544913906
1374,1335472,0.50598,0.50598,True,42.079,2604.953648244834,73.23,0.4225218054779409,0.4406245609908813,0.082912607552,0.6139319941495078,FINITE,CLIP_RETAINED,ROBUST_RETAINED,0.22789783414950782
1375,1343759,0.50617,0.50617,True,42.1043,2635.481669961868,73.23,0.4274195061320874,0.44573912326210696,0.082912607552,0.5588669283712151,FINITE,CLIP_RETAINED,ROBUST_RETAINED,0.17283276837121508
1376,310091,0.50716,0.50716,True,42.2358,2800.012692434529,73.23,0.4538046814712591,0.4732940409925152,0.082912607552,0.2887490771962129,FINITE,CLIP_RETAINED,ROBUST_RETAINED,-0.09728508280378712
1377,05D4av,0.50737,0.50737,True,42.2419,2807.8894170528743,73.23,0.45501788099069473,0.4745676062153883,0.082912607552,0.27860375420696265,FINITE,CLIP_RETAINED,ROBUST_RETAINED,-0.10743040579303736
1378,090201,0.50817,0.50817,True,42.0193,2534.311533290418,73.23,0.4104667980136986,0.4281307945255183,0.082912607552,0.7789999611169177,FINITE,CLIP_RETAINED,ROBUST_RETAINED,0.3929658011169177
1379,180313,0.51006,0.51006,True,42.0945,2623.61436429592,73.23,0.4243987807229851,0.4427316978626665,0.082912607552,0.6250972350224888,FINITE,CLIP_RETAINED,ROBUST_RETAINED,0.2390630750224888
1380,110484,0.51087,0.51087,True,42.0583,2580.239384661818,73.23,0.4171586307795709,0.4352080196275073,0.082912607552,0.7179396522739833,FINITE,CLIP_RETAINED,ROBUST_RETAINED,0.33190549227398325
1381,05D2dy,0.51175,0.51175,True,42.3885,3004.0004957242286,73.23,0.48538723848422677,0.5064256540185179,0.082912607552,0.04123222410213478,FINITE,CLIP_RETAINED,ROBUST_RETAINED,-0.34480193589786523
1382,04D1pg,0.5138,0.5138,True,42.2567,2827.0923798420254,73.23,0.4561837703363648,0.47603730890551027,0.082912607552,0.31674298438562176,FINITE,CLIP_RETAINED,ROBUST_RETAINED,-0.06929117561437825
1383,04D4in,0.51435,0.51435,True,42.2259,2787.2761585575026,73.23,0.44959561759123773,0.4691838288767915,0.082912607552,0.38596104511324153,FINITE,CLIP_RETAINED,ROBUST_RETAINED,-7.311488675848521e-05
1384,04D2mj,0.51475,0.51475,True,42.3259,2918.636436927198,73.23,0.47066008623029915,0.4911823348473737,0.082912607552,0.18936144656808265,FINITE,CLIP_RETAINED,ROBUST_RETAINED,-0.19667271343191736
1385,1338430,0.51718,0.51718,True,42.0932,2622.044149580218,73.23,0.4221543047368865,0.44065032214404815,0.082912607552,0.7084181581814705,FINITE,CLIP_RETAINED,ROBUST_RETAINED,0.32238399818147045
1386,1334470,0.51876,0.51876,True,42.1949,2747.7676108138785,73.23,0.4419357966811925,0.4613589435495982,0.082912607552,0.4987852295861236,FINITE,CLIP_RETAINED,ROBUST_RETAINED,0.11275106958612358
1387,310260,0.51879,0.51879,True,42.1824,2731.995627933352,73.23,0.4393904386305433,0.45870285758357354,0.082912607552,0.5261393644005945,FINITE,CLIP_RETAINED,ROBUST_RETAINED,0.14010520440059449
1388,450175,0.51943,0.51943,True,42.2438,2810.347345857704,73.23,0.4518014643965205,0.47168441091631497,0.082912607552,0.40247549925085807,FINITE,CLIP_RETAINED,ROBUST_RETAINED,0.016441339250858056
1389,06D3el,0.5196,0.5196,True,42.2905,2871.4416797908084,73.23,0.4615715649539392,0.48189126780111025,0.082912607552,0.30885783509005366,FINITE,CLIP_RETAINED,ROBUST_RETAINED,-0.07717632490994636
1390,04D2gc,0.52277,0.52277,True,42.3496,2950.665643904019,73.23,0.47331908794973626,0.4942858479638062,0.082912607552,0.22462316417057474,FINITE,CLIP_RETAINED,ROBUST_RETAINED,-0.16141099582942528
1391,1295921,0.52393,0.52393,True,42.1774,2725.712212352037,73.23,0.43690127547149665,0.4562987086096827,0.082912607552,0.5924507284218655,FINITE,CLIP_RETAINED,ROBUST_RETAINED,0.2064165684218655
1392,1322229,0.52613,0.52613,True,42.1702,2716.6894736639247,73.23,0.4348272987823753,0.4542154968889396,0.082912607552,0.6320557363193202,FINITE,CLIP_RETAINED,ROBUST_RETAINED,0.2460215763193202
1393,050005,0.52851,0.52851,True,42.0855,2612.7628960311044,73.23,0.41754188435730166,0.43624543238763647,0.082912607552,0.853151329379096,FINITE,CLIP_RETAINED,ROBUST_RETAINED,0.467117169379096
1394,1322979,0.52939,0.52939,True,42.2913,2872.499752892273,73.23,0.4587859241583777,0.47937195036273694,0.082912607552,0.407447831959851,FINITE,CLIP_RETAINED,ROBUST_RETAINED,0.021413671959851
1395,330106,0.53091,0.53091,True,41.8802,2377.059211787098,73.23,0.37927889000456655,0.39634733066947236,0.082912607552,1.4095260818672464,FINITE,CLIP_RETAINED,ROBUST_RETAINED,1.0234919218672465
1396,160066,0.53105,0.53105,True,42.5109,3178.191047669499,73.23,0.507059539160787,0.5298845598293312,0.082912607552,0.008289366666097848,FINITE,CLIP_RETAINED,ROBUST_RETAINED,-0.37774479333390215
1397,1338471,0.53117,0.53117,True,42.5253,3199.3370839128124,73.23,0.5103932471786383,0.533373639756227,0.082912607552,-0.015534818068903946,FINITE,CLIP_RETAINED,ROBUST_RETAINED,-0.40156897806890396
1398,1337703,0.53226,0.53226,True,41.9821,2491.2654209346374,73.23,0.3971511887699242,0.41507038191293216,0.082912607552,1.1524238668941582,FINITE,CLIP_RETAINED,ROBUST_RETAINED,0.7663897068941582
1399,06D2ca,0.53277,0.53277,True,42.2472,2814.751116032105,73.23,0.44857115126673036,0.4688302026226023,0.082912607552,0.5342509282829766,FINITE,CLIP_RETAINED,ROBUST_RETAINED,0.14821676828297659
1400,06D2cc,0.53377,0.53377,True,42.1649,2710.066825827619,73.23,0.43160661508119635,0.4511368916836611,0.082912607552,0.725856241711739,FINITE,CLIP_RETAINED,ROBUST_RETAINED,0.339822081711739
1401,05D4ek,0.53433,0.53433,True,42.1433,2683.242968776189,73.23,0.42717866536274357,0.4465293087956322,0.082912607552,0.7813240736855129,FINITE,CLIP_RETAINED,ROBUST_RETAINED,0.3952899136855129
1402,05D4be,0.53532,0.53532,True,42.3205,2911.3874126187584,73.23,0.4632009312673651,0.48422308204248055,0.082912607552,0.40764693486436454,FINITE,CLIP_RETAINED,ROBUST_RETAINED,0.021612774864364526
1403,05D2eb,0.53578,0.53578,True,42.2134,2771.277399534693,73.23,0.4407774048632709,0.46079944917513843,0.082912607552,0.638691102496052,FINITE,CLIP_RETAINED,ROBUST_RETAINED,0.252656942496052
1404,1289656,0.53944,0.53944,True,42.3338,2929.274021236693,73.23,0.4647994059916814,0.4860601125216222,0.082912607552,0.4215549367254319,FINITE,CLIP_RETAINED,ROBUST_RETAINED,0.03552077672543186
1405,110426,0.54089,0.54089,True,42.2791,2856.4064166119656,73.23,0.4528107143269997,0.47357996985303885,0.082912607552,0.5493337802049306,FINITE,CLIP_RETAINED,ROBUST_RETAINED,0.1632996202049306
1406,1324542,0.54154,0.54154,True,42.53,3206.2693245054675,73.23,0.5080582791683154,0.5313902350506925,0.082912607552,0.07098732841220448,FINITE,CLIP_RETAINED,ROBUST_RETAINED,-0.31504683158779556
1407,520041,0.5454,0.5454,True,42.5633,3255.817101401564,73.23,0.5146209039312513,0.5384265322301959,0.082912607552,0.0476979915154247,FINITE,CLIP_RETAINED,ROBUST_RETAINED,-0.3383361684845753
1408,04D4bq,0.54832,0.54832,True,42.0235,2539.218069886712,73.23,0.40059692149164977,0.4192294483354628,0.082912607552,1.228066080253973,FINITE,CLIP_RETAINED,ROBUST_RETAINED,0.8420319202539729
1409,1306980,0.54886,0.54886,True,42.1695,2715.8138575883313,73.23,0.4283079811209768,0.4482494711374199,0.082912607552,0.874927624925341,FINITE,CLIP_RETAINED,ROBUST_RETAINED,0.488893464925341
1410,050201,0.55011,0.55011,True,42.3253,2917.8300992818095,73.23,0.4597966610999195,0.4812541000776044,0.082912607552,0.5438706435475996,FINITE,CLIP_RETAINED,ROBUST_RETAINED,0.1578364835475996
1411,06D4bo,0.55031,0.55031,True,42.3728,2982.3595476631886,73.23,0.46990469346118485,0.4918420022765399,0.082912607552,0.44850768071556124,FINITE,CLIP_RETAINED,ROBUST_RETAINED,0.062473520715561226
1412,1339450,0.55048,0.55048,True,42.4104,3034.450099079818,73.23,0.4780597308847072,0.5003848072394234,0.082912607552,0.3754820897410404,FINITE,CLIP_RETAINED,ROBUST_RETAINED,-0.0105520702589596
1413,04D3hn,0.5526,0.5526,True,42.1938,2746.3760301865254,73.23,0.4320845617528505,0.45234213114541666,0.082912607552,0.857470291856562,FINITE,CLIP_RETAINED,ROBUST_RETAINED,0.47143613185656197
1414,06D2ck,0.5538,0.5538,True,42.49,3147.748314101317,73.23,0.49484958922933614,0.5181013390273687,0.082912607552,0.25442459202344847,FINITE,CLIP_RETAINED,ROBUST_RETAINED,-0.13160956797655154
1415,1337117,0.55389,0.55389,True,42.0827,2609.3960462041837,73.23,0.4101928248863607,0.4294699689124372,0.082912607552,1.1384865746606763,FINITE,CLIP_RETAINED,ROBUST_RETAINED,0.7524524146606762
1416,05D1ee,0.55775,0.55775,True,42.4389,3074.5389549280935,73.23,0.48211491943296725,0.50493363992656,0.082912607552,0.3877235827747076,FINITE,CLIP_RETAINED,ROBUST_RETAINED,0.0016894227747075719
1417,05D1kl,0.55875,0.55875,True,42.7331,3520.6268760203247,73.23,0.5517112816720456,0.5778719408278932,0.082912607552,-0.1171228495004882,FINITE,CLIP_RETAINED,ROBUST_RETAINED,-0.5031570095004883
1418,04D1hx,0.55875,0.55875,True,42.2975,2880.713049775041,73.23,0.4514315048964592,0.4728371678294635,0.082912607552,0.6875564880647893,FINITE,CLIP_RETAINED,ROBUST_RETAINED,0.3015223280647893
1419,1289555,0.56174,0.56174,True,42.2937,2875.6763120534824,73.23,0.4497794379581499,0.4712235702800245,0.082912607552,0.7251183565837617,FINITE,CLIP_RETAINED,ROBUST_RETAINED,0.33908419658376165
1420,1303952,0.56263,0.56263,True,42.6016,3313.751978195223,73.23,0.5180028788623714,0.5427397483753768,0.082912607552,0.13184570267074344,FINITE,CLIP_RETAINED,ROBUST_RETAINED,-0.25418845732925655
1421,05D1cc,0.56276,0.56276,True,42.4296,3061.39945112837,73.23,0.47851553819204407,0.5013721211191192,0.082912607552,0.45221380081618145,FINITE,CLIP_RETAINED,ROBUST_RETAINED,0.06617964081618144
1422,1285317,0.56441,0.56441,True,42.3928,3009.9549807974345,73.23,0.4699782370446073,0.4924944021231066,0.082912607552,0.5414741505863445,FINITE,CLIP_RETAINED,ROBUST_RETAINED,0.1554399905863445
1423,1330903,0.5643,0.5643,True,42.4881,3144.99529452778,73.23,0.49109813619022,0.5146214399476565,0.082912607552,0.3528080722533652,FINITE,CLIP_RETAINED,ROBUST_RETAINED,-0.033226087746634825
1424,1338278,0.56431,0.56431,True,42.3969,3015.6435049398174,73.23,0.4708965510955294,0.4934526202770539,0.082912607552,0.5321890728402005,FINITE,CLIP_RETAINED,ROBUST_RETAINED,0.14615491284020043
1425,05D1dn,0.56475,0.56475,True,42.4873,3143.8368488492206,73.23,0.4907760614092123,0.5143031266174088,0.082912607552,0.35836955285570665,FINITE,CLIP_RETAINED,ROBUST_RETAINED,-0.027664607144293363
1426,1317454,0.56883,0.56883,True,42.2407,2806.3381486881617,73.23,0.43695070626968124,0.45805239035277323,0.082912607552,0.9139002986998437,FINITE,CLIP_RETAINED,ROBUST_RETAINED,0.5278661386998437
1427,1306785,0.57535,0.57535,True,42.1912,2743.089640505469,73.23,0.42533514933156485,0.4461169839911916,0.082912607552,1.0959332333403955,FINITE,CLIP_RETAINED,ROBUST_RETAINED,0.7098990733403955
1428,05D2dt,0.57583,0.57583,True,42.5915,3298.374771585688,73.23,0.5112801913383013,0.5362826350982401,0.082912607552,0.26227578236081567,FINITE,CLIP_RETAINED,ROBUST_RETAINED,-0.12375837763918435
1429,050203,0.57609,0.57609,True,42.4887,3145.8644089087647,73.23,0.48755915723830257,0.5114126278924724,0.082912607552,0.456828483973369,FINITE,CLIP_RETAINED,ROBUST_RETAINED,0.07079432397336899
1430,06D3et,0.57661,0.57661,True,42.4263,3056.7505568913803,73.23,0.47359166932815394,0.4967832091071592,0.082912607552,0.5857167805407328,FINITE,CLIP_RETAINED,ROBUST_RETAINED,0.19968262054073282
1431,1337228,0.57741,0.57741,True,42.645,3380.6483620598224,73.23,0.5235085047714272,0.5491808722425268,0.082912607552,0.18104374195483844,FINITE,CLIP_RETAINED,ROBUST_RETAINED,-0.20499041804516158
1432,03D4gf,0.57829,0.57829,True,42.4174,3044.247794002638,73.23,0.47115252872096175,0.4942934719573247,0.082912607552,0.6192486901445381,FINITE,CLIP_RETAINED,ROBUST_RETAINED,0.23321453014453808
1433,110721,0.57823,0.57823,True,42.4512,3092.003664839157,73.23,0.47856180831907913,0.5020641651797375,0.082912607552,0.5500039657240572,FINITE,CLIP_RETAINED,ROBUST_RETAINED,0.16396980572405717
1434,05D1dx,0.57875,0.57875,True,42.4272,3058.017736562008,73.23,0.4731457763888156,0.49640355156853955,0.082912607552,0.6033270074260887,FINITE,CLIP_RETAINED,ROBUST_RETAINED,0.21729284742608868
1435,1332059,0.57884,0.57884,True,42.5317,3208.780428025482,73.23,0.49644393629626427,0.5208508336743092,0.082912607552,0.39845728517575635,FINITE,CLIP_RETAINED,ROBUST_RETAINED,0.012423125175756333
1436,05D3jq,0.57959,0.57959,True,42.3923,3009.261992836742,73.23,0.4653545403223953,0.48826333713554887,0.082912607552,0.6833671884558259,FINITE,CLIP_RETAINED,ROBUST_RETAINED,0.2973330284558259
1437,05D3gp,0.5806,0.5806,True,42.573,3270.3934175663962,73.23,0.5054129361747892,0.5303381651243642,0.082912607552,0.33646768360680446,FINITE,CLIP_RETAINED,ROBUST_RETAINED,-0.04956647639319556
1438,03D1aw,0.58073,0.58073,True,42.7061,3477.1225699030356,73.23,0.5373170671301559,0.5638217753651982,0.082912607552,0.10430118931877878,FINITE,CLIP_RETAINED,ROBUST_RETAINED,-0.2817329706812212
1439,04D1jg,0.58294,0.58294,True,42.5408,3222.2556955030122,73.23,0.49723750383281756,0.5218607878188138,0.082912607552,0.41664128898473374,FINITE,CLIP_RETAINED,ROBUST_RETAINED,0.030607128984733722
1440,05D4ej,0.58328,0.58328,True,42.7974,3626.435855060613,73.23,0.5594877800659613,0.5872102614886872,0.082912607552,-0.02289857927336606,FINITE,CLIP_RETAINED,ROBUST_RETAINED,-0.4089327392733661
1441,04D1kj,0.58375,0.58375,True,42.4765,3128.2395322577418,73.23,0.4824826527972809,0.5064092830095694,0.082912607552,0.5486215089352526,FINITE,CLIP_RETAINED,ROBUST_RETAINED,0.16258734893525262
1442,04D1sa,0.58375,0.58375,True,42.6489,3386.725517569678,73.23,0.5223501254182831,0.5482538096642677,0.082912607552,0.22650818023695554,FINITE,CLIP_RETAINED,ROBUST_RETAINED,-0.15952597976304447
1443,1338387,0.58382,0.58382,True,42.4199,3047.7546321084956,73.23,0.4700483238918529,0.4933611910059115,0.082912607552,0.6643372607073039,FINITE,CLIP_RETAINED,ROBUST_RETAINED,0.2783031007073039
1444,05D1hm,0.58575,0.58575,True,42.707,3478.564015304241,73.23,0.5358381257654076,0.5625039583738758,0.082912607552,0.1430220776774806,FINITE,CLIP_RETAINED,ROBUST_RETAINED,-0.24301208232251942
1445,05D4bf,0.58728,0.58728,True,42.6241,3348.2663636744846,73.23,0.5152699161910138,0.5409808001381502,0.082912607552,0.2995448640923119,FINITE,CLIP_RETAINED,ROBUST_RETAINED,-0.08648929590768811
1446,04D1oh,0.58873,0.58873,True,42.5021,3165.337333041002,73.23,0.4866741004335183,0.5110195461347485,0.082912607552,0.54154793181063,FINITE,CLIP_RETAINED,ROBUST_RETAINED,0.15551377181062997
1447,03D4gg,0.59028,0.59028,True,42.5156,3185.0774695794157,73.23,0.4892318627760634,0.5137712811368852,0.082912607552,0.528442854374844,FINITE,CLIP_RETAINED,ROBUST_RETAINED,0.14240869437484394
1448,04D2mh,0.59184,0.59184,True,42.4508,3091.4341491714104,73.23,0.47438278201843675,0.4982418244611772,0.082912607552,0.6722848069818091,FINITE,CLIP_RETAINED,ROBUST_RETAINED,0.28625064698180913
1449,05D3lr,0.6006,0.6006,True,42.6116,3329.0475623611974,73.23,0.5080489038143083,0.5339888840681805,0.082912607552,0.4319864234414665,FINITE,CLIP_RETAINED,ROBUST_RETAINED,0.04595226344146647
1450,1338233,0.60149,0.60149,True,42.7562,3558.279020114522,73.23,0.5427303394959168,0.5704831814795398,0.082912607552,0.1839404200719084,FINITE,CLIP_RETAINED,ROBUST_RETAINED,-0.20209373992809163
1451,05D4ef,0.60327,0.60327,True,42.7503,3548.6241190111455,73.23,0.5406567942318156,0.5683874831920315,0.082912607552,0.20754060974186697,FINITE,CLIP_RETAINED,ROBUST_RETAINED,-0.17849355025813304
1452,1335564,0.6062,0.6062,True,42.6158,3335.4927422378487,73.23,0.5072577717620019,0.5334049664587196,0.082912607552,0.4698613112091329,FINITE,CLIP_RETAINED,ROBUST_RETAINED,0.08382715120913287
1453,03D4dy,0.60826,0.60826,True,42.5904,3296.7043412276544,73.23,0.5007166935603501,0.5266166591658071,0.082912607552,0.5348344961209096,FINITE,CLIP_RETAINED,ROBUST_RETAINED,0.1488003361209096
1454,1302141,0.6088,0.6088,True,42.4282,3059.42633008862,73.23,0.4645219854472657,0.48857162548328253,0.082912607552,0.8698405423454908,FINITE,CLIP_RETAINED,ROBUST_RETAINED,0.4838063823454908
1455,1332413,0.60873,0.60873,True,42.6179,3338.720009972372,73.23,0.5069500503031201,0.5331932187608105,0.082912607552,0.4864626769237259,FINITE,CLIP_RETAINED,ROBUST_RETAINED,0.1004285169237259
1456,05D2he,0.60987,0.60987,True,42.6876,3447.624831066609,73.23,0.5231154222035539,0.5502474269417611,0.082912607552,0.3677341394403365,FINITE,CLIP_RETAINED,ROBUST_RETAINED,-0.01830002055966351
1457,04D3do,0.61064,0.61064,True,42.6686,3417.590312789269,73.23,0.5183103135342417,0.5452279032999539,0.082912607552,0.4080572226259145,FINITE,CLIP_RETAINED,ROBUST_RETAINED,0.02202306262591447
1458,04D4an,0.61125,0.61125,True,42.9049,3810.482750681528,73.23,0.5776774312867342,0.6077088893520362,0.082912607552,0.019102760253533274,FINITE,CLIP_RETAINED,ROBUST_RETAINED,-0.3669313997464667
1459,1295305,0.61171,0.61171,True,42.701,3468.965654460541,73.23,0.5257526019278737,0.5531057620702164,0.082912607552,0.358244981665845,FINITE,CLIP_RETAINED,ROBUST_RETAINED,-0.027789178334155007
1460,05D1ck,0.61571,0.61571,True,42.7085,3480.96775232401,73.23,0.5262655218690983,0.5538290147068794,0.082912607552,0.3759792185825444,FINITE,CLIP_RETAINED,ROBUST_RETAINED,-0.01005494141745561
1461,1308957,0.61869,0.61869,True,42.7164,3493.654871375729,73.23,0.527211223925975,0.5549613511869781,0.082912607552,0.38491097486701054,FINITE,CLIP_RETAINED,ROBUST_RETAINED,-0.0011231851329894793
1462,1335868,0.61942,0.61942,True,42.6948,3459.0751709920696,73.23,0.5217576587149992,0.5492539770527192,0.082912607552,0.42933391246156766,FINITE,CLIP_RETAINED,ROBUST_RETAINED,0.04329975246156764
1463,000202,0.61988,0.61988,True,42.7557,3557.4597904125985,73.23,0.5364453533533209,0.5647372430185299,0.082912607552,0.32497360931665786,FINITE,CLIP_RETAINED,ROBUST_RETAINED,-0.06106055068334215
1464,04D3co,0.62063,0.62063,True,42.6988,3465.4528952291694,73.23,0.5223293829649301,0.5499109974745222,0.082912607552,0.43146645501334735,FINITE,CLIP_RETAINED,ROBUST_RETAINED,0.045432295013347335
1465,04D2an,0.62188,0.62188,True,42.5894,3295.1865022953784,73.23,0.49628324451074274,0.5225436461226903,0.082912607552,0.6478613485851118,FINITE,CLIP_RETAINED,ROBUST_RETAINED,0.2618271885851118
1466,03D4dh,0.62523,0.62523,True,42.6577,3400.4782392380685,73.23,0.5110854306900859,0.538278567274449,0.082912607552,0.5431546986599624,FINITE,CLIP_RETAINED,ROBUST_RETAINED,0.15712053865996234
1467,04D4fx,0.62723,0.62723,True,42.585,3288.516308759833,73.23,0.4936502812691741,0.5200019744911458,0.082912607552,0.6998744246000645,FINITE,CLIP_RETAINED,ROBUST_RETAINED,0.31384026460006453
1468,05D1cb,0.63071,0.63071,True,42.6632,3409.102035544369,73.23,0.5106597129517435,0.5380746231664979,0.082912607552,0.575590810132646,FINITE,CLIP_RETAINED,ROBUST_RETAINED,0.189556650132646
1469,05D2ci,0.63189,0.63189,True,42.3111,2898.8116631444345,73.23,0.43390779293312576,0.4572469881789236,0.082912607552,1.346124051030769,FINITE,CLIP_RETAINED,ROBUST_RETAINED,0.960089891030769
1470,03D4at,0.63223,0.63223,True,42.8493,3714.154795923433,73.23,0.5558363890141285,0.5857504375952133,0.082912607552,0.2574877607867689,FINITE,CLIP_RETAINED,ROBUST_RETAINED,-0.12854639921323113
1471,1330642,0.63392,0.63392,True,42.5972,3307.0442039894347,73.23,0.4943989530619702,0.5210795664085417,0.082912607552,0.7292933963181586,FINITE,CLIP_RETAINED,ROBUST_RETAINED,0.3432592363181586
1472,04D1pu,0.63771,0.63771,True,42.5298,3205.974029786473,73.23,0.47817991483673855,0.5041436521203301,0.082912607552,0.8985039099088867,FINITE,CLIP_RETAINED,ROBUST_RETAINED,0.5124697499088867
1473,1343871,0.63787,0.63787,True,42.8637,3738.866857202908,73.23,0.5576078806094593,0.5878921174924038,0.082912607552,0.27389699254323396,FINITE,CLIP_RETAINED,ROBUST_RETAINED,-0.11213716745676605
1474,05D4ag,0.63823,0.63823,True,42.6594,3403.141444356559,73.23,0.5074268649314719,0.5350016898771045,0.082912607552,0.6412311172243488,FINITE,CLIP_RETAINED,ROBUST_RETAINED,0.25519695722434876
1475,1337325,0.63866,0.63866,True,42.7804,3598.1560953615854,73.23,0.536363824204529,0.5655313169509292,0.082912607552,0.4216850858087321,FINITE,CLIP_RETAINED,ROBUST_RETAINED,0.03565092580873208
1476,1334879,0.63936,0.63936,True,42.79,3614.0986263961313,73.23,0.5385102784474679,0.5678274505694458,0.082912607552,0.4099597852693059,FINITE,CLIP_RETAINED,ROBUST_RETAINED,0.02392562526930586
1477,05D2ec,0.6419,0.6419,True,42.8476,3711.2482002896336,73.23,0.5521303599912877,0.5823116471325444,0.082912607552,0.3293583050661754,FINITE,CLIP_RETAINED,ROBUST_RETAINED,-0.0566758549338246
1478,1308568,0.64305,0.64305,True,42.3609,2966.0604639920557,73.23,0.4409583303392117,0.46510692911699986,0.082912607552,1.325184282505551,FINITE,CLIP_RETAINED,ROBUST_RETAINED,0.9391501225055511
1479,04D3cy,0.64364,0.64364,True,42.7992,3629.4431650847105,73.23,0.5393884335960165,0.568955280623088,0.082912607552,0.42499884612489397,FINITE,CLIP_RETAINED,ROBUST_RETAINED,0.038964686124893955
1480,05D3ax,0.64363,0.64363,True,42.8034,3636.4699238236267,73.23,0.5404360009455887,0.5700597982497421,0.082912607552,0.4175800687824473,FINITE,CLIP_RETAINED,ROBUST_RETAINED,0.031545908782447285
1481,05D3lb,0.64763,0.64763,True,42.819,3662.6886275878405,73.23,0.5430110160903059,0.572965954784774,0.082912607552,0.4191898932706782,FINITE,CLIP_RETAINED,ROBUST_RETAINED,0.03315573327067817
1482,1338266,0.64846,0.64846,True,43.0397,4054.525162436147,73.23,0.6007999914125939,0.6339864586733914,0.082912607552,0.07094296165030219,FINITE,CLIP_RETAINED,ROBUST_RETAINED,-0.31509119834969784
1483,05D3kt,0.64863,0.64863,True,42.7335,3521.2754591922267,73.23,0.5217291866947894,0.5505557697398566,0.082912607552,0.5800965967988523,FINITE,CLIP_RETAINED,ROBUST_RETAINED,0.19406243679885227
1484,1334707,0.64964,0.64964,True,42.7805,3598.321800388809,73.23,0.5328183244648044,0.5623046909909878,0.082912607552,0.5017221691246414,FINITE,CLIP_RETAINED,ROBUST_RETAINED,0.11568800912464139
1485,04D1sk,0.66207,0.66207,True,42.9793,3943.3016455802513,73.23,0.5795341339778989,0.612236419073465,0.082912607552,0.2523801859129201,FINITE,CLIP_RETAINED,ROBUST_RETAINED,-0.1336539740870799
1486,05D3hs,0.66463,0.66463,True,42.8698,3749.3846754607944,73.23,0.5501873666966296,0.5813570391310805,0.082912607552,0.450692339791736,FINITE,CLIP_RETAINED,ROBUST_RETAINED,0.06465817979173599
1487,05D3mh,0.67065,0.67065,True,43.0677,4107.14466333129,73.23,0.600513612078868,0.6348512055243253,0.082912607552,0.1712659975531446,FINITE,CLIP_RETAINED,ROBUST_RETAINED,-0.21476816244685543
1488,03D1co,0.67767,0.67767,True,43.2251,4415.907828921433,73.23,0.6429567982228348,0.6801170535340992,0.082912607552,-0.01060595402169249,FINITE,CLIP_RETAINED,ROBUST_RETAINED,-0.3966401140216925
1489,05D2bt,0.68195,0.68195,True,42.8376,3694.1965637044113,73.23,0.5365068236724064,0.5677161361939338,0.082912607552,0.6272725315696756,FINITE,CLIP_RETAINED,ROBUST_RETAINED,0.24123837156967554
1490,06D3cc,0.68365,0.68365,True,43.1716,4308.439511197067,73.23,0.6250813141559485,0.6615363600300322,0.082912607552,0.09886955387850932,FINITE,CLIP_RETAINED,ROBUST_RETAINED,-0.2871646061214907
1491,04D4ic,0.68517,0.68517,True,43.0166,4011.621959852353,73.23,0.5814931621222262,0.6154836885726375,0.082912607552,0.342519023184773,FINITE,CLIP_RETAINED,ROBUST_RETAINED,-0.04351513681522701
1492,05D1ke,0.68867,0.68867,True,42.8137,3653.759857056746,73.23,0.5285225761746558,0.5595791298295374,0.082912607552,0.7179038855178661,FINITE,CLIP_RETAINED,ROBUST_RETAINED,0.3318697255178661
1493,1262715,0.68937,0.68937,True,42.8535,3721.345560038707,73.23,0.5380759158183842,0.56972689928142,0.082912607552,0.6491804560253566,FINITE,CLIP_RETAINED,ROBUST_RETAINED,0.26314629602535655
1494,1262214,0.68937,0.68937,True,43.0444,4063.310402371105,73.23,0.5875212153067176,0.6220806960847649,0.082912607552,0.32474385999748745,FINITE,CLIP_RETAINED,ROBUST_RETAINED,-0.061290300002512565
1495,06D3em,0.69065,0.69065,True,42.9143,3827.013550891164,73.23,0.5529356892206131,0.5855228992185336,0.082912607552,0.5493244865987995,FINITE,CLIP_RETAINED,ROBUST_RETAINED,0.1632903265987995
1496,03D4cz,0.69316,0.69316,True,42.9162,3830.3635855421467,73.23,0.5525993010413373,0.5852884781243918,0.082912607552,0.5626019963112657,FINITE,CLIP_RETAINED,ROBUST_RETAINED,0.1765678363112657
1497,04D4ib,0.69716,0.69716,True,42.9692,3925.0030630288547,73.23,0.5649181702602358,0.5985345450657922,0.082912607552,0.49735187426400973,FINITE,CLIP_RETAINED,ROBUST_RETAINED,0.11131771426400972
1498,06D4ba,0.69816,0.69816,True,42.9671,3921.209083388343,73.23,0.5640397667332308,0.597653421657183,0.082912607552,0.5073485985400115,FINITE,CLIP_RETAINED,ROBUST_RETAINED,0.12131443854001145
1499,05D4bj,0.69916,0.69916,True,42.9402,3872.9331431144137,73.23,0.5567677294973332,0.5899969273210327,0.082912607552,0.5600604635108108,FINITE,CLIP_RETAINED,ROBUST_RETAINED,0.17402630351081083
1500,05D4cq,0.69916,0.69916,True,43.0691,4109.793491142165,73.23,0.5908184588299112,0.6260798836687342,0.082912607552,0.3464172913930978,FINITE,CLIP_RETAINED,ROBUST_RETAINED,-0.03961686860690222
1501,1335718,0.69933,0.69933,True,43.1107,4189.285899749965,73.23,0.6021859336464263,0.638134790456626,0.082912607552,0.2827523347783676,FINITE,CLIP_RETAINED,ROBUST_RETAINED,-0.10328182522163243
1502,05D2ck,0.69997,0.69997,True,43.1147,4197.0099615000645,73.23,0.6030690961381299,0.639104587928909,0.082912607552,0.2804885952637989,FINITE,CLIP_RETAINED,ROBUST_RETAINED,-0.10554556473620114
1503,04D1si,0.70064,0.70064,True,42.917,3831.7750036138436,73.23,0.5503715061468832,0.583290534004116,0.082912607552,0.6104395763234379,FINITE,CLIP_RETAINED,ROBUST_RETAINED,0.2244054163234379
1504,04D4hu,0.70115,0.70115,True,43.0968,4162.55514470836,73.23,0.5977033936865842,0.6334802406497704,0.082912607552,0.3151874131803415,FINITE,CLIP_RETAINED,ROBUST_RETAINED,-0.07084674681965852
1505,04D2iu,0.70197,0.70197,True,42.8962,3795.2466011091524,73.23,0.5446988151026411,0.5773422080166942,0.082912607552,0.6563834312653319,FINITE,CLIP_RETAINED,ROBUST_RETAINED,0.2703492712653319
1506,05D2le,0.70198,0.70198,True,43.0433,4061.252577678564,73.23,0.5828729202163462,0.6178045709585064,0.082912607552,0.4050624886091518,FINITE,CLIP_RETAINED,ROBUST_RETAINED,0.019028328609151768
1507,05D3gv,0.71565,0.71565,True,42.9944,3970.818165493969,73.23,0.5653529160978977,0.5999141574131963,0.082912607552,0.5717718122017881,FINITE,CLIP_RETAINED,ROBUST_RETAINED,0.18573765220178806
1508,05D3jh,0.71867,0.71867,True,42.8739,3756.4706502948065,73.23,0.5338949769986152,0.5666750021813602,0.082912607552,0.8078671778184087,FINITE,CLIP_RETAINED,ROBUST_RETAINED,0.42183301781840865
1509,1331993,0.71962,0.71962,True,43.1638,4292.991217391685,73.23,0.6098118279045825,0.6473039717337336,0.082912607552,0.3216471839361958,FINITE,CLIP_RETAINED,ROBUST_RETAINED,-0.06438697606380422
1510,04D1aj,0.71964,0.71964,True,42.97,3926.449353995997,73.23,0.5577387161662837,0.5920303088874206,0.082912607552,0.6392653266816577,FINITE,CLIP_RETAINED,ROBUST_RETAINED,0.2532311666816577
1511,05D4ev,0.72013,0.72013,True,43.1612,4287.854105108945,73.23,0.6089015238896548,0.6463650321109623,0.082912607552,0.3285719437884378,FINITE,CLIP_RETAINED,ROBUST_RETAINED,-0.05746221621156222
1512,06D3gh,0.72067,0.72067,True,43.0459,4066.118207429179,73.23,0.5772324589838239,0.6127749192357965,0.082912607552,0.5157688734240715,FINITE,CLIP_RETAINED,ROBUST_RETAINED,0.1297347134240715
1513,06D3do,0.72667,0.72667,True,43.0811,4132.5679194012855,73.23,0.5846271603860749,0.6209337639292506,0.082912607552,0.49387754829899877,FINITE,CLIP_RETAINED,ROBUST_RETAINED,0.10784338829899875
1514,06D3bz,0.72767,0.72767,True,43.008,3995.765566188058,73.23,0.5649467819647452,0.6000809439105679,0.082912607552,0.6231291011208162,FINITE,CLIP_RETAINED,ROBUST_RETAINED,0.2370949411208162
1515,1304127,0.72861,0.72861,True,43.005,3990.2490236214244,73.23,0.5638600300432219,0.5989732875249465,0.082912607552,0.6341430810147551,FINITE,CLIP_RETAINED,ROBUST_RETAINED,0.24810892101475512
1516,06D4bw,0.73012,0.73012,True,42.9186,3834.5994001931776,73.23,0.5413923373550458,0.5751784708451105,0.082912607552,0.7988709882604133,FINITE,CLIP_RETAINED,ROBUST_RETAINED,0.41283682826041324
1517,1329166,0.73163,0.73163,True,43.1799,4324.939134956343,73.23,0.6100890495999703,0.6482434242554601,0.082912607552,0.36610607133182105,FINITE,CLIP_RETAINED,ROBUST_RETAINED,-0.019928088668178967
1518,04D1pp,0.73362,0.73362,True,42.9845,3952.7559401972694,73.23,0.5569477100106875,0.5918763262952322,0.082912607552,0.7012475781655014,FINITE,CLIP_RETAINED,ROBUST_RETAINED,0.3152134181655014
1519,04D2gp,0.734,0.734,True,43.22,4405.54863506553,73.23,0.6206106700611767,0.6595526478692328,0.082912607552,0.31872109725081305,FINITE,CLIP_RETAINED,ROBUST_RETAINED,-0.06731306274918697
1520,05D2fq,0.73501,0.73501,True,43.2537,4474.45350917605,73.23,0.6299503897259765,0.6695344803814172,0.082912607552,0.27450238172619107,FINITE,CLIP_RETAINED,ROBUST_RETAINED,-0.11153177827380895
1521,05D1eo,0.73562,0.73562,True,43.1807,4326.532794962173,73.23,0.6089108115105297,0.6472055742841075,0.082912607552,0.38760174075431714,FINITE,CLIP_RETAINED,ROBUST_RETAINED,0.0015675807543171216
1522,05D2ct,0.73602,0.73602,True,43.1675,4300.3123363054365,73.23,0.6050811268311508,0.643156368414421,0.082912607552,0.41037759455793177,FINITE,CLIP_RETAINED,ROBUST_RETAINED,0.024343434557931753
1523,05D3jk,0.73668,0.73668,True,42.992,3966.431879468578,73.23,0.5578899376163846,0.5930280846971211,0.082912607552,0.7068821356928557,FINITE,CLIP_RETAINED,ROBUST_RETAINED,0.3208479756928557
1524,04D2ja,0.74202,0.74202,True,43.4813,4968.897064394385,73.23,0.6967471395263034,0.740959059888999,0.082912607552,0.0038611633373296568,FINITE,CLIP_RETAINED,ROBUST_RETAINED,-0.38217299666267035
1525,04D3fq,0.74269,0.74269,True,43.0825,4135.2331434760645,73.23,0.5796264456721895,0.6164407441020834,0.082912607552,0.5868208094785651,FINITE,CLIP_RETAINED,ROBUST_RETAINED,0.20078664947856506
1526,05D3jb,0.74566,0.74566,True,43.1675,4300.3123363054365,73.23,0.6017397075039895,0.6401161134680279,0.082912607552,0.4653104666628454,FINITE,CLIP_RETAINED,ROBUST_RETAINED,0.07927630666284541
1527,04D2kr,0.74613,0.74613,True,42.9817,3947.6623529937274,73.23,0.5522449552111027,0.5874876891486526,0.082912607552,0.7837648575963623,FINITE,CLIP_RETAINED,ROBUST_RETAINED,0.39773069759636226
1528,04D4im,0.7491,0.7491,True,42.9396,3871.8631599702767,73.23,0.540721566264968,0.5753705774524169,0.082912607552,0.880115187335803,FINITE,CLIP_RETAINED,ROBUST_RETAINED,0.49408102733580295
1529,1285160,0.74932,0.74932,True,43.1772,4319.564865016135,73.23,0.6031690791193731,0.6418313850364266,0.082912607552,0.47065678673429306,FINITE,CLIP_RETAINED,ROBUST_RETAINED,0.08462262673429305
1530,04D3ks,0.75068,0.75068,True,42.9012,3803.9955480890553,73.23,0.5307641252288161,0.5648490629189387,0.082912607552,0.9634805311929213,FINITE,CLIP_RETAINED,ROBUST_RETAINED,0.5774463711929213
1531,05D2nt,0.75904,0.75904,True,43.2469,4460.463603881447,73.23,0.6194020179672641,0.6596362265060368,0.082912607552,0.41607565488598297,FINITE,CLIP_RETAINED,ROBUST_RETAINED,0.030041494885982956
1532,05D3mn,0.76069,0.76069,True,43.0667,4105.253688762375,73.23,0.569541577209692,0.6066200077695834,0.082912607552,0.7200128970742021,FINITE,CLIP_RETAINED,ROBUST_RETAINED,0.3339787370742021
1533,05D4cn,0.76108,0.76108,True,43.1767,4318.570362950163,73.23,0.5990033431036429,0.6380204311619538,0.082912607552,0.537514119434201,FINITE,CLIP_RETAINED,ROBUST_RETAINED,0.151479959434201
1534,05D1if,0.76159,0.76159,True,43.131,4228.63305181499,73.23,0.5863588642057691,0.624578742932119,0.082912607552,0.6153997403895407,FINITE,CLIP_RETAINED,ROBUST_RETAINED,0.2293655803895407
1535,04D1qd,0.7656,0.7656,True,43.2369,4439.9696352029105,73.23,0.6142653402345895,0.6545217899820728,0.082912607552,0.4670996594010384,FINITE,CLIP_RETAINED,ROBUST_RETAINED,0.08106549940103841
1536,04D1de,0.7666,0.7666,True,43.4224,4835.929935088857,73.23,0.6686673304819083,0.7125481419770288,0.082912607552,0.20278733013315461,FINITE,CLIP_RETAINED,ROBUST_RETAINED,-0.1832468298668454
1537,05D3hh,0.76668,0.76668,True,43.3623,4703.9207901917725,73.23,0.6503848834774815,0.693070519695923,0.082912607552,0.2865366119531729,FINITE,CLIP_RETAINED,ROBUST_RETAINED,-0.09949754804682709
1538,04D4id,0.76707,0.76707,True,43.5587,5149.202838673593,73.23,0.7117944172078451,0.7585349713942826,0.082912607552,0.02944721051754979,FINITE,CLIP_RETAINED,ROBUST_RETAINED,-0.35658694948245023
1539,04D1pc,0.7686,0.7686,True,43.2929,4555.961023400311,73.23,0.6292434601401522,0.6706483097462533,0.082912607552,0.39771447123823755,FINITE,CLIP_RETAINED,ROBUST_RETAINED,0.01168031123823754
1540,1329196,0.76933,0.76933,True,43.2168,4399.061159995184,73.23,0.6073226661634741,0.6473242844769322,0.082912607552,0.5189808982618319,FINITE,CLIP_RETAINED,ROBUST_RETAINED,0.1329467382618319
1541,05D4bi,0.77308,0.77308,True,43.3568,4692.021570305543,73.23,0.6463979941995427,0.6891875794609721,0.082912607552,0.3272001709885429,FINITE,CLIP_RETAINED,ROBUST_RETAINED,-0.05883398901145709
1542,1325358,0.77931,0.77931,True,43.0395,4054.1517440650246,73.23,0.556566050500922,0.5937156357213439,0.082912607552,0.8782185735984184,FINITE,CLIP_RETAINED,ROBUST_RETAINED,0.49218441359841836
1543,05D4cs,0.78806,0.78806,True,43.3042,4579.731320935805,73.23,0.625642500867702,0.6678871569868745,0.082912607552,0.4825111741380707,FINITE,CLIP_RETAINED,ROBUST_RETAINED,0.0964770141380707
1544,03D4fd,0.78905,0.78905,True,43.3837,4750.507411584448,73.23,0.6486133046886972,0.6924658339480799,0.082912607552,0.3692545632071986,FINITE,CLIP_RETAINED,ROBUST_RETAINED,-0.016779596792801388
1545,1309749,0.78929,0.78929,True,43.1995,4364.153323262729,73.23,0.5957822996881652,0.6360755994740276,0.082912607552,0.6558220368073281,FINITE,CLIP_RETAINED,ROBUST_RETAINED,0.2697878768073281
1546,04D1ks,0.79656,0.79656,True,42.9026,3806.448865424133,73.23,0.5175431981651606,0.5528782768191824,0.082912607552,1.2493299355023146,FINITE,CLIP_RETAINED,ROBUST_RETAINED,0.8632957755023146
1547,03D1fq,0.79858,0.79858,True,43.4338,4861.384813941392,73.23,0.6602350429220033,0.7054304948183472,0.082912607552,0.3446550829802212,FINITE,CLIP_RETAINED,ROBUST_RETAINED,-0.04137907701977883
1548,Elvis,0.83973,0.83973,True,43.36,4698.941086052151,73.23,0.6238989300911993,0.6688852951030284,0.082912607552,0.6561782576777334,FINITE,CLIP_RETAINED,ROBUST_RETAINED,0.2701440976777334
1549,Spock,0.83973,0.83973,True,43.2012,4367.571264696459,73.23,0.5799015116894243,0.6217154334923651,0.082912607552,0.9229795398594433,FINITE,CLIP_RETAINED,ROBUST_RETAINED,0.5369453798594432
1550,Manipogo,0.85474,0.85474,True,43.6168,5288.834778369027,73.23,0.6965387673019681,0.7476927817426136,0.082912607552,0.3502744881290757,FINITE,CLIP_RETAINED,ROBUST_RETAINED,-0.035759671870924326
1551,Vilas,0.93577,0.93577,True,43.5331,5088.854104556765,73.23,0.6421471748561196,0.6939532898226394,0.082912607552,0.8226027560799767,FINITE,CLIP_RETAINED,ROBUST_RETAINED,0.43656859607997667
1552,Ombo,0.97424,0.97424,True,44.1111,6640.793870563527,73.23,0.8216528846870909,0.8907776125763219,0.082912607552,0.1981746453661706,FINITE,CLIP_RETAINED,ROBUST_RETAINED,-0.1878595146338294
1553,SCP05D0,1.01236,1.01236,True,44.1177,6661.008686304521,73.23,0.8085421314408655,0.8793387421797109,0.082912607552,0.3132140297683628,FINITE,CLIP_RETAINED,ROBUST_RETAINED,-0.07282013023163719
1554,Eagle,1.0198,1.0198,True,44.2757,7163.743047864231,73.23,0.8663631333850824,0.9428040063488646,0.082912607552,0.16440847130995032,FINITE,CLIP_RETAINED,ROBUST_RETAINED,-0.2216256886900497
1555,Ferguson,1.02081,1.02081,True,43.9706,6224.7225685002995,73.23,0.752424362322946,0.8188807716549974,0.082912607552,0.5199100277256669,FINITE,CLIP_RETAINED,ROBUST_RETAINED,0.13387586772566684
1556,Strolger,1.02781,1.02781,True,44.5364,8077.556417133267,73.23,0.9730184399675741,1.0595731749115163,0.082912607552,-0.05774364455895989,FINITE,CLIP_RETAINED,ROBUST_RETAINED,-0.4437778045589599
1557,SCP06U4,1.04819,1.04819,True,44.4229,7666.197437323749,73.23,0.9142776214583417,0.9972908322875337,0.082912607552,0.09901121205953838,FINITE,CLIP_RETAINED,ROBUST_RETAINED,-0.2870229479404616
1558,Gabi,1.12085,1.12085,True,44.4405,7728.585218603322,73.23,0.8901401238294597,0.97682888070731,0.082912607552,0.27541594270562847,FINITE,CLIP_RETAINED,ROBUST_RETAINED,-0.11061821729437155
1559,SCP06H5,1.23223,1.23223,True,44.3207,7313.748128700995,73.23,0.8003305420763449,0.8864211908328794,0.082912607552,0.7064424173651636,FINITE,CLIP_RETAINED,ROBUST_RETAINED,0.32040825736516354
1560,Lancaster,1.23589,1.23589,True,44.905,9571.940712948452,73.23,1.0457259796989231,1.1585650623582608,0.082912607552,0.1103573643937145,FINITE,CLIP_RETAINED,ROBUST_RETAINED,-0.2756767956062855
1561,Aphrodite,1.29912,1.29912,True,44.8641,9393.339085474672,73.23,0.9979911540697673,1.111491225779536,0.082912607552,0.27374080981311716,FINITE,CLIP_RETAINED,ROBUST_RETAINED,-0.11229335018688286
1562,Thoth,1.30412,1.30412,True,44.7206,8792.654332867256,73.23,0.9321444916805631,1.0385863892482117,0.082912607552,0.422960484714326,FINITE,CLIP_RETAINED,ROBUST_RETAINED,0.036926324714326
1563,Inanna,1.30612,1.30612,True,45.0197,10091.134622689293,73.23,1.068873792817865,1.191126358345308,0.082912607552,0.15244085472803176,FINITE,CLIP_RETAINED,ROBUST_RETAINED,-0.23359330527196825
1564,SCP05D6,1.31311,1.31311,True,44.7867,9064.419575030646,73.23,0.9572206192323764,1.0673212364719595,0.082912607552,0.37580407570058194,FINITE,CLIP_RETAINED,ROBUST_RETAINED,-0.010230084299418074
1565,washington,1.32911,1.32911,True,44.8745,9438.435232605128,73.23,0.9898703849617009,1.1051915928312463,0.082912607552,0.32419279067729107,FINITE,CLIP_RETAINED,ROBUST_RETAINED,-0.06184136932270895
1566,Borg,1.34093,1.34093,True,44.7541,8929.353163091138,73.23,0.9317510779656301,1.0413213329081934,0.082912607552,0.4668049779622087,FINITE,CLIP_RETAINED,ROBUST_RETAINED,0.0807708179622087
1567,SCP06G4,1.35134,1.35134,True,44.5492,8125.3111349075225,73.23,0.8440980544207597,0.9441752443905963,0.082912607552,0.7189622135038793,FINITE,CLIP_RETAINED,ROBUST_RETAINED,0.33292805350387933
1568,Mcguire,1.3561,1.3561,True,44.8094,9159.673640171786,73.23,0.9496304064106069,1.0626389302302777,0.082912607552,0.4417194382954515,FINITE,CLIP_RETAINED,ROBUST_RETAINED,0.0556852782954515
1569,Sasquatch,1.39096,1.39096,True,44.7944,9096.61889035282,73.23,0.929342975493384,1.0429473549751844,0.082912607552,0.5280034313211991,FINITE,CLIP_RETAINED,ROBUST_RETAINED,0.14196927132119908
1570,SCP06K0,1.41631,1.41631,True,44.4579,7790.763124968947,73.23,0.7875818151727426,0.8857167575782953,0.082912607552,0.9883209186124526,FINITE,CLIP_RETAINED,ROBUST_RETAINED,0.6022867586124526
1571,carter,1.54295,1.54295,True,45.0902,10424.134347974543,73.23,1.0013145113474793,1.13796736291484,0.082912607552,0.5104421468451833,FINITE,CLIP_RETAINED,ROBUST_RETAINED,0.12440798684518328
1572,Primo,1.54903,1.54903,True,45.293,11444.583707587128,73.23,1.096713992342294,1.2470148132857153,0.082912607552,0.33611040156251626,FINITE,CLIP_RETAINED,ROBUST_RETAINED,-0.049923758437483756
1573,rutledge,1.61499,1.61499,True,45.1595,10762.173768887867,73.23,1.0053060560516227,1.1493482707088007,0.082912607552,0.5617520655389697,FINITE,CLIP_RETAINED,ROBUST_RETAINED,0.1757179055389697
1574,geta,1.69702,1.69702,True,45.2863,11409.326277018645,73.23,1.0333421965925862,1.1894639618372713,0.082912607552,0.5659065387075974,FINITE,CLIP_RETAINED,ROBUST_RETAINED,0.17987237870759742
1575,stone,1.80111,1.80111,True,45.4865,12511.229769215935,73.23,1.091033704770514,1.2667572978349393,0.082912607552,0.5265043261689714,FINITE,CLIP_RETAINED,ROBUST_RETAINED,0.14047016616897134
1576,wilson,1.9116,1.9116,True,45.4233,12152.342468521394,73.23,1.019522044035211,1.1946218285009178,0.082912607552,0.7337823538982506,FINITE,CLIP_RETAINED,ROBUST_RETAINED,0.3477481938982506
1577,colfax,2.2613,2.2613,True,46.1828,17240.902664467965,73.23,1.2913310113530474,1.557627386852378,0.082912607552,0.4522110606434259,FINITE,CLIP_RETAINED,ROBUST_RETAINED,0.0661769006434259
