row_id,r,sigma_prime,sigma_second,Q_sqrt_negative_sigma_second,mu_recovered,gamma_recovered,mu_difference_from_extracted_record,gamma_difference_from_extracted_record,recovery_error,finite_status
0,0.0,0.3031215524480000000000000000000000000000,-0.1490223726869056000000000000000000000000,0.3860341600000000000000000000000000000000,0.08291260755200000000000000000000000000000,0.3860341600000000000000000000000000000000,1.210184973390411960255634572901984952366e-122,0.0,1.210184973390411960255634572901984952366e-122,FINITE
1,1.000000000000000000000000000000000000000e-18,0.3031215524479999998509776273130944000575,-0.1490223726869055998849445470772069074760,0.3860341599999999998509776273130944000575,0.08291260755200000000000000000000000000000,0.3860341600000000000000000000000000000000,1.210184973390411960255634572901984952366e-122,0.0,1.210184973390411960255634572901984952366e-122,FINITE
2,1.000000000000000000000000000000000000000e-15,0.3031215524479998509776273130944575277265,-0.1490223726869054849445470772069740324107,0.3860341599999998509776273130944575277265,0.08291260755200000000000000000000000000000,0.3860341600000000000000000000000000000000,1.210184973390411960255634572901984952366e-122,0.0,1.210184973390411960255634572901984952366e-122,FINITE
3,0.000000000001000000000000000000000000000000000000000,0.3031215524478509776273131519277264613743,-0.1490223726867905445470772735304120916707,0.3860341599998509776273131519277264613743,0.08291260755200000000000000000000000000000,0.3860341600000000000000000000000000000000,1.210184973390411960255634572901984952366e-122,-4.840739893561647841022538291607939809463e-122,4.989720471823966390447213452878918686828e-122,FINITE
4,0.000000001000000000000000000000000000000000000000,0.3031215522989776273706221264391888787426,-0.1490223725718501471438299100588212913743,0.3860341598509776273706221264391888787426,0.08291260755200000000000000000000000000000,0.3860341600000000000000000000000000000000,1.210184973390411960255634572901984952366e-122,0.0,1.210184973390411960255634572901984952366e-122,FINITE
5,0.000001000000000000000000000000000000000000000,0.3031214034256848407986537375579752909466,-0.1490222576315193001752994577494745219674,0.3860340109776848407986537375579752909466,0.08291260755200000000000000000000000000000,0.3860341600000000000000000000000000000000,1.210184973390411960255634572901984952366e-122,0.0,1.210184973390411960255634572901984952366e-122,FINITE
6,0.0001000000000000000000000000000000000000000,0.3031066507859863672436629641052328526284,-0.1490108678078090575092633496545334484578,0.3860192583379863672436629641052328526284,0.08291260755200000000000000000000000000000,0.3860341600000000000000000000000000000000,1.210184973390411960255634572901984952366e-122,4.840739893561647841022538291607939809463e-122,4.989720471823966390447213452878918686828e-122,FINITE
7,0.001000000000000000000000000000000000000000,0.3029725875808404578454416195345739311615,-0.1489073838227103569768016256710162932627,0.3858851951328404578454416195345739311615,0.08291260755200000000000000000000000000000,0.3860341600000000000000000000000000000000,1.210184973390411960255634572901984952366e-122,0.0,1.210184973390411960255634572901984952366e-122,FINITE
8,0.005000000000000000000000000000000000000000,0.3023778760071163136176515665816099207140,-0.1484487567212176783664599509812623931721,0.3852904835591163136176515665816099207140,0.08291260755200000000000000000000000000000,0.3860341600000000000000000000000000000000,6.050924866952059801278172864509924761828e-122,4.840739893561647841022538291607939809463e-122,7.748964734893173862267352925130106812994e-122,FINITE
9,0.01000000000000000000000000000000000000000,0.3016370593715090340578506622818059934005,-0.1478784463309817380427271297031589597616,0.3845496669235090340578506622818059934005,0.08291260755200000000000000000000000000000,0.3860341600000000000000000000000000000000,6.050924866952059801278172864509924761828e-122,4.840739893561647841022538291607939809463e-122,7.748964734893173862267352925130106812994e-122,FINITE
10,0.01500000000000000000000000000000000000000,0.3008990860767775625273436413059567055029,-0.1473114161661906109834274666626754907588,0.3838116936287775625273436413059567055029,0.08291260755200000000000000000000000000000,0.3860341600000000000000000000000000000000,6.050924866952059801278172864509924761828e-122,4.840739893561647841022538291607939809463e-122,7.748964734893173862267352925130106812994e-122,FINITE
11,0.02000000000000000000000000000000000000000,0.3001639397846638149399452556557390306822,-0.1467476411193792325674250061011831635378,0.3830765473366638149399452556557390306822,0.08291260755200000000000000000000000000000,0.3860341600000000000000000000000000000000,1.210184973390411960255634572901984952366e-122,0.0,1.210184973390411960255634572901984952366e-122,FINITE
12,0.02500000000000000000000000000000000000000,0.2994316042818464754074283187799888693008,-0.1461870963228452671648681127153736136689,0.3823442118338464754074283187799888693008,0.08291260755200000000000000000000000000000,0.3860341600000000000000000000000000000000,1.210184973390411960255634572901984952366e-122,0.0,1.210184973390411960255634572901984952366e-122,FINITE
13,0.03000000000000000000000000000000000000000,0.2987020634787490536471359876777316948344,-0.1456297571459068209831718043599897164864,0.3816146710307490536471359876777316948344,0.08291260755200000000000000000000000000000,0.3860341600000000000000000000000000000000,1.210184973390411960255634572901984952366e-122,0.0,1.210184973390411960255634572901984952366e-122,FINITE
14,0.03500000000000000000000000000000000000000,0.2979753014083615622852425055145587185066,-0.1450755991921966776871697647111891880411,0.3808879089603615622852425055145587185066,0.08291260755200000000000000000000000000000,0.3860341600000000000000000000000000000000,1.210184973390411960255634572901984952366e-122,0.0,1.210184973390411960255634572901984952366e-122,FINITE
15,0.04000000000000000000000000000000000000000,0.2972513022250756328329150881438820217833,-0.1445245982969925019366660266903909494091,0.3801639097770756328329150881438820217833,0.08291260755200000000000000000000000000000,0.3860341600000000000000000000000000000000,1.210184973390411960255634572901984952366e-122,-4.840739893561647841022538291607939809463e-122,4.989720471823966390447213452878918686828e-122,FINITE
16,0.04500000000000000000000000000000000000000,0.2965300502035328918631752734275334314906,-0.1439767305245824654497437630992220656922,0.3794426577555328918631752734275334314906,0.08291260755200000000000000000000000000000,0.3860341600000000000000000000000000000000,1.210184973390411960255634572901984952366e-122,0.0,1.210184973390411960255634572901984952366e-122,FINITE
17,0.05000000000000000000000000000000000000000,0.2958115297374864216199272767234487946134,-0.1434319721656657594862525880620069634295,0.3787241372894864216199272767234487946134,0.08291260755200000000000000000000000000000,0.3860341600000000000000000000000000000000,1.210184973390411960255634572901984952366e-122,0.0,1.210184973390411960255634572901984952366e-122,FINITE
18,0.05500000000000000000000000000000000000000,0.2950957253386751319482996930510626359033,-0.1428902997347874667566155450838094242210,0.3780083328906751319482996930510626359033,0.08291260755200000000000000000000000000000,0.3860341600000000000000000000000000000000,1.210184973390411960255634572901984952366e-122,0.0,1.210184973390411960255634572901984952366e-122,FINITE
19,0.06000000000000000000000000000000000000000,0.2943826216357108730480028546985310312080,-0.1423516899678072747001077019727154272927,0.3772952291877108730480028546985310312080,0.08291260755200000000000000000000000000000,0.3860341600000000000000000000000000000000,1.210184973390411960255634572901984952366e-122,-4.840739893561647841022538291607939809463e-122,4.989720471823966390447213452878918686828e-122,FINITE
20,0.06500000000000000000000000000000000000000,0.2936722033729781211196869209992884655785,-0.1418161198194015208476130973581103214929,0.3765848109249781211196869209992884655785,0.08291260755200000000000000000000000000000,0.3860341600000000000000000000000000000000,6.050924866952059801278172864509924761828e-122,0.0,6.050924866952059801278172864509924761828e-122,FINITE
21,0.07000000000000000000000000000000000000000,0.2929644554095460714991274087033751129378,-0.1412835664605980695900387395096007726534,0.3758770629615460714991274087033751129378,0.08291260755200000000000000000000000000000,0.3860341600000000000000000000000000000000,1.210184973390411960255634572901984952366e-122,-4.840739893561647841022538291607939809463e-122,4.989720471823966390447213452878918686828e-122,FINITE
22,0.07500000000000000000000000000000000000000,0.2922593627180929763562802616356185330145,-0.1407540072763435281184483911368950228365,0.3751719702700929763562802616356185330145,0.08291260755200000000000000000000000000000,0.3860341600000000000000000000000000000000,6.050924866952059801278172864509924761828e-122,0.0,6.050924866952059801278172864509924761828e-122,FINITE
23,0.08000000000000000000000000000000000000000,0.2915569103838425664766358185721277026321,-0.1402274198631023175888937227607851121612,0.3744695179358425664766358185721277026321,0.08291260755200000000000000000000000000000,0.3860341600000000000000000000000000000000,1.210184973390411960255634572901984952366e-122,0.0,1.210184973390411960255634572901984952366e-122,FINITE
24,0.08500000000000000000000000000000000000000,0.2908570836035123990416418728407529164027,-0.1397037820264871236971104641443858756327,0.3737696911555123990416418728407529164027,0.08291260755200000000000000000000000000000,0.3860341600000000000000000000000000000000,6.050924866952059801278172864509924761828e-122,0.0,6.050924866952059801278172864509924761828e-122,FINITE
25,0.09000000000000000000000000000000000000000,0.2901598676842739756840260906413078960541,-0.1391830717789202588288842547857899003828,0.3730724752362739756840260906413078960541,0.08291260755200000000000000000000000000000,0.3860341600000000000000000000000000000000,6.050924866952059801278172864509924761828e-122,0.0,6.050924866952059801278172864509924761828e-122,FINITE
26,0.09500000000000000000000000000000000000000,0.2894652480427244774133773506591505888320,-0.1386652673373254757840760163226894513022,0.3723778555947244774133773506591505888320,0.08291260755200000000000000000000000000000,0.3860341600000000000000000000000000000000,1.210184973390411960255634572901984952366e-122,0.0,1.210184973390411960255634572901984952366e-122,FINITE
27,0.1000000000000000000000000000000000000000,0.2887732102038699652880787366869203518969,-0.1381503471208497807590617756362130827340,0.3716858177558699652880787366869203518969,0.08291260755200000000000000000000000000000,0.3860341600000000000000000000000000000000,1.210184973390411960255634572901984952366e-122,-4.840739893561647841022538291607939809463e-122,4.989720471823966390447213452878918686828e-122,FINITE
28,0.1050000000000000000000000000000000000000,0.2880837398001198979523416187338009721994,-0.1376382897486148008166514638265813275237,0.3709963473521198979523416187338009721994,0.08291260755200000000000000000000000000000,0.3860341600000000000000000000000000000000,1.210184973390411960255634572901984952366e-122,0.0,1.210184973390411960255634572901984952366e-122,FINITE
29,0.1100000000000000000000000000000000000000,0.2873968225702928193623755001993558034847,-0.1371290740374972684773040035171752719543,0.3703094301222928193623755001993558034847,0.08291260755200000000000000000000000000000,0.3860341600000000000000000000000000000000,1.210184973390411960255634572901984952366e-122,4.840739893561647841022538291607939809463e-122,4.989720471823966390447213452878918686828e-122,FINITE
30,0.1150000000000000000000000000000000000000,0.2867124443586330721943327605426933272853,-0.1366226789999381933334864492272164790346,0.3696250519106330721943327605426933272853,0.08291260755200000000000000000000000000000,0.3860341600000000000000000000000000000000,1.210184973390411960255634572901984952366e-122,4.840739893561647841022538291607939809463e-122,4.989720471823966390447213452878918686828e-122,FINITE
31,0.1200000000000000000000000000000000000000,0.2860305911138383945592677408915786157590,-0.1361190838417802977231048493948118766684,0.3689431986658383945592677408915786157590,0.08291260755200000000000000000000000000000,0.3860341600000000000000000000000000000000,1.210184973390411960255634572901984952366e-122,9.681479787123295682045076583215879618926e-122,9.756823178591322958587864469266398797597e-122,FINITE
32,0.1250000000000000000000000000000000000000,0.2853512488880982597476087552688910105751,-0.1356182679601333005007744522222379455692,0.3682638564400982597476087552688910105751,0.08291260755200000000000000000000000000000,0.3860341600000000000000000000000000000000,6.050924866952059801278172864509924761828e-122,9.681479787123295682045076583215879618926e-122,1.141686220526356958465567973581526888389e-121,FINITE
33,0.1300000000000000000000000000000000000000,0.2846744038361428207882091105534116574392,-0.1351202109412666398199477513120221084823,0.3675870113881428207882091105534116574392,0.08291260755200000000000000000000000000000,0.3860341600000000000000000000000000000000,1.210184973390411960255634572901984952366e-122,4.840739893561647841022538291607939809463e-122,4.989720471823966390447213452878918686828e-122,FINITE
34,0.1350000000000000000000000000000000000000,0.2840000422143023236355555239206412709419,-0.1346248925585292325871732269458623871557,0.3669126497663023236355555239206412709419,0.08291260755200000000000000000000000000000,0.3860341600000000000000000000000000000000,1.210184973390411960255634572901984952366e-122,4.840739893561647841022538291607939809463e-122,4.989720471823966390447213452878918686828e-122,FINITE
35,0.1400000000000000000000000000000000000000,0.2833281503795768547937930573451506134034,-0.1341322927702958748745511328343605366711,0.3662407579315768547937930573451506134034,0.08291260755200000000000000000000000000000,0.3860341600000000000000000000000000000000,1.210184973390411960255634572901984952366e-122,4.840739893561647841022538291607939809463e-122,4.989720471823966390447213452878918686828e-122,FINITE
36,0.1450000000000000000000000000000000000000,0.2826587147887162911484859260391025721537,-0.1336423917179398940802653876149977309852,0.3655713223407162911484859260391025721537,0.08291260755200000000000000000000000000000,0.3860341600000000000000000000000000000000,1.210184973390411960255634572901984952366e-122,0.0,1.210184973390411960255634572901984952366e-122,FINITE
37,0.1500000000000000000000000000000000000000,0.2819917219973103217070720984616386072065,-0.1331551697238316700123283868214593806585,0.3649043295493103217070720984616386072065,0.08291260755200000000000000000000000000000,0.3860341600000000000000000000000000000000,1.210184973390411960255634572901984952366e-122,4.840739893561647841022538291607939809463e-122,4.989720471823966390447213452878918686828e-122,FINITE
38,0.1550000000000000000000000000000000000000,0.2813271586588884128473733105571603577435,-0.1326706072893626483397512193772550050452,0.3642397662108884128473733105571603577435,0.08291260755200000000000000000000000000000,0.3860341600000000000000000000000000000000,6.050924866952059801278172864509924761828e-122,4.840739893561647841022538291607939809463e-122,7.748964734893173862267352925130106812994e-122,FINITE
39,0.1600000000000000000000000000000000000000,0.2806650115240295905408660524435877828573,-0.1321886850929944760105665017285493045345,0.3635776190760295905408660524435877828573,0.08291260755200000000000000000000000000000,0.3860341600000000000000000000000000000000,6.050924866952059801278172864509924761828e-122,4.840739893561647841022538291607939809463e-122,7.748964734893173862267352925130106812994e-122,FINITE
40,0.1650000000000000000000000000000000000000,0.2800052674394819148542668591509510116479,-0.1317093839883328942797554841865248503361,0.3629178749914819148542668591509510116479,0.08291260755200000000000000000000000000000,0.3860341600000000000000000000000000000000,6.050924866952059801278172864509924761828e-122,4.840739893561647841022538291607939809463e-122,7.748964734893173862267352925130106812994e-122,FINITE
41,0.1700000000000000000000000000000000000000,0.2793479133472915238398892259860802665441,-0.1312326850022260309243865803464999523220,0.3622605208992915238398892259860802665441,0.08291260755200000000000000000000000000000,0.3860341600000000000000000000000000000000,1.210184973390411960255634572901984952366e-122,0.0,1.210184973390411960255634572901984952366e-122,FINITE
42,0.1750000000000000000000000000000000000000,0.2786929362839411257027310655928901556861,-0.1307585693328867390503322127545205439546,0.3616055438359411257027310655928901556861,0.08291260755200000000000000000000000000000,0.3860341600000000000000000000000000000000,1.210184973390411960255634572901984952366e-122,4.840739893561647841022538291607939809463e-122,4.989720471823966390447213452878918686828e-122,FINITE
43,0.1800000000000000000000000000000000000000,0.2780403233794978198808814717769442513419,-0.1302870183480386356169210248840357692285,0.3609529309314978198808814717769442513419,0.08291260755200000000000000000000000000000,0.3860341600000000000000000000000000000000,-3.630554920171235880766903718705954857097e-122,0.0,3.630554920171235880766903718705954857097e-122,FINITE
44,0.1850000000000000000000000000000000000000,0.2773900618567701293961137830702872933913,-0.1298180135830854984248833272223386583769,0.3603026694087701293961137830702872933913,0.08291260755200000000000000000000000000000,0.3860341600000000000000000000000000000000,6.050924866952059801278172864509924761828e-122,4.840739893561647841022538291607939809463e-122,7.748964734893173862267352925130106812994e-122,FINITE
45,0.1900000000000000000000000000000000000000,0.2767421390304741285239683865649131114912,-0.1293515367393036858309945203638237176533,0.3596547465824741285239683865649131114912,0.08291260755200000000000000000000000000000,0.3860341600000000000000000000000000000000,1.210184973390411960255634572901984952366e-122,-4.840739893561647841022538291607939809463e-122,4.989720471823966390447213452878918686828e-122,FINITE
46,0.1950000000000000000000000000000000000000,0.2760965423064085514977231424354846771039,-0.1288875696820572488719057628911574869013,0.3590091498584085514977231424354846771039,0.08291260755200000000000000000000000000000,0.3860341600000000000000000000000000000000,-3.630554920171235880766903718705954857097e-122,0.0,3.630554920171235880766903718705954857097e-122,FINITE
47,0.2000000000000000000000000000000000000000,0.2754532591806387695988916639177052675804,-0.1284260944390354108017221342794766660912,0.3583658667326387695988916639177052675804,0.08291260755200000000000000000000000000000,0.3860341600000000000000000000000000000000,1.210184973390411960255634572901984952366e-122,4.840739893561647841022538291607939809463e-122,4.989720471823966390447213452878918686828e-122,FINITE
48,0.2050000000000000000000000000000000000000,0.2748122772386895255987602392684815088800,-0.1279670931985120942748530001638521089512,0.3577248847906895255987602392684815088800,0.08291260755200000000000000000000000000000,0.3860341600000000000000000000000000000000,1.210184973390411960255634572901984952366e-122,0.0,1.210184973390411960255634572901984952366e-122,FINITE
49,0.2100000000000000000000000000000000000000,0.2741735841547463161014437817354146327027,-0.1275105483076271815393834145640310560505,0.3570861917067463161014437817354146327027,0.08291260755200000000000000000000000000000,0.3860341600000000000000000000000000000000,6.050924866952059801278172864509924761828e-122,0.0,6.050924866952059801278172864509924761828e-122,FINITE
50,0.2150000000000000000000000000000000000000,0.2735371676908653138994714602367588224716,-0.1270564422706891980485255099361170632575,0.3564497752428653138994714602367588224716,0.08291260755200000000000000000000000000000,0.3860341600000000000000000000000000000000,6.050924866952059801278172864509924761828e-122,0.0,6.050924866952059801278172864509924761828e-122,FINITE
51,0.2200000000000000000000000000000000000000,0.2729030156961917239884561829020519987638,-0.1266047577474991148503922949113531761030,0.3558156232481917239884561829020519987638,0.08291260755200000000000000000000000000000,0.3860341600000000000000000000000000000000,6.050924866952059801278172864509924761828e-122,0.0,6.050924866952059801278172864509924761828e-122,FINITE
52,0.2250000000000000000000000000000000000000,0.2722711161061864683984026221442206371810,-0.1261554775516949699811424083550545112756,0.3551837236581864683984026221442206371810,0.08291260755200000000000000000000000000000,0.3860341600000000000000000000000000000000,6.050924866952059801278172864509924761828e-122,4.840739893561647841022538291607939809463e-122,7.748964734893173862267352925130106812994e-122,FINITE
53,0.2300000000000000000000000000000000000000,0.2716414569418610964861010745982449131224,-0.1257085846491170138651852936496038376017,0.3545540644938610964861010745982449131224,0.08291260755200000000000000000000000000000,0.3860341600000000000000000000000000000000,1.210184973390411960255634572901984952366e-122,0.0,1.210184973390411960255634572901984952366e-122,FINITE
54,0.2350000000000000000000000000000000000000,0.2710140263090208187962657636740797553496,-0.1252640621561930884202877598212734373708,0.3539266338610208187962657636740797553496,0.08291260755200000000000000000000000000000,0.3860341600000000000000000000000000000000,1.210184973390411960255634572901984952366e-122,0.0,1.210184973390411960255634572901984952366e-122,FINITE
55,0.2400000000000000000000000000000000000000,0.2703888123975155640390245483060689408446,-0.1248218933383439541767252949370833342153,0.3533014199495155640390245483060689408446,0.08291260755200000000000000000000000000000,0.3860341600000000000000000000000000000000,6.050924866952059801278172864509924761828e-122,4.840739893561647841022538291607939809463e-122,7.748964734893173862267352925130106812994e-122,FINITE
56,0.2450000000000000000000000000000000000000,0.2697658034804989601484626159009245657949,-0.1243820616084082842496804213484141798442,0.3526784110324989601484626159009245657949,0.08291260755200000000000000000000000000000,0.3860341600000000000000000000000000000000,1.210184973390411960255634572901984952366e-122,4.840739893561647841022538291607939809463e-122,4.989720471823966390447213452878918686828e-122,FINITE
57,0.2500000000000000000000000000000000000000,0.2691449879136951417815678845510861228678,-0.1239445505250870484544775746075406841144,0.3520575954656951417815678845510861228678,0.08291260755200000000000000000000000000000,0.3860341600000000000000000000000000000000,1.210184973390411960255634572901984952366e-122,0.0,1.210184973390411960255634572901984952366e-122,FINITE
58,0.2550000000000000000000000000000000000000,0.2685263541346732879895150177367547305490,-0.1235093437914070152264980778929347375414,0.3514389616866732879895150177367547305490,0.08291260755200000000000000000000000000000,0.3860341600000000000000000000000000000000,1.210184973390411960255634572901984952366e-122,0.0,1.210184973390411960255634572901984952366e-122,FINITE
59,0.2600000000000000000000000000000000000000,0.2679098906621297951441450504937652537120,-0.1230764252532031033032460425455912447115,0.3508224982141297951441450504937652537120,0.08291260755200000000000000000000000000000,0.3860341600000000000000000000000000000000,6.050924866952059801278172864509924761828e-122,0.0,6.050924866952059801278172864509924761828e-122,FINITE
60,0.2650000000000000000000000000000000000000,0.2672955860951779915321280738860226929104,-0.1226457788976193193465111011239482273899,0.3502081936471779915321280738860226929104,0.08291260755200000000000000000000000000000,0.3860341600000000000000000000000000000000,6.050924866952059801278172864509924761828e-122,4.840739893561647841022538291607939809463e-122,7.748964734893173862267352925130106812994e-122,FINITE
61,0.2700000000000000000000000000000000000000,0.2666834291126453013380093634167460602667,-0.1222173888516280218293405157534489486679,0.3495960366646453013380093634167460602667,0.08291260755200000000000000000000000000000,0.3860341600000000000000000000000000000000,6.050924866952059801278172864509924761828e-122,4.840739893561647841022538291607939809463e-122,7.748964734893173862267352925130106812994e-122,FINITE
62,0.2750000000000000000000000000000000000000,0.2660734084723777670254997626499386760169,-0.1217912393805672555870049406774449459204,0.3489860160243777670254997626499386760169,0.08291260755200000000000000000000000000000,0.3860341600000000000000000000000000000000,1.210184973390411960255634572901984952366e-122,0.0,1.210184973390411960255634572901984952366e-122,FINITE
63,0.2800000000000000000000000000000000000000,0.2654655130105518403943370480876854116188,-0.1213673148866959054347029720493305418217,0.3483781205625518403943370480876854116188,0.08291260755200000000000000000000000000000,0.3860341600000000000000000000000000000000,6.050924866952059801278172864509924761828e-122,0.0,6.050924866952059801278172864509924761828e-122,FINITE
64,0.2850000000000000000000000000000000000000,0.2648597316409933538381675598741489619331,-0.1209455999077664211887547541684148054662,0.3477723391929933538381675598741489619331,0.08291260755200000000000000000000000000000,0.3860341600000000000000000000000000000000,1.210184973390411960255634572901984952366e-122,-4.840739893561647841022538291607939809463e-122,4.989720471823966390447213452878918686828e-122,FINITE
65,0.2900000000000000000000000000000000000000,0.2642560533545035845575210347443399901706,-0.1205260791156148702938112899236466025570,0.3471686609065035845575210347443399901706,0.08291260755200000000000000000000000000000,0.3860341600000000000000000000000000000000,1.210184973390411960255634572901984952366e-122,4.840739893561647841022538291607939809463e-122,4.989720471823966390447213452878918686828e-122,FINITE
66,0.2950000000000000000000000000000000000000,0.2636544672181923256914142067573017186199,-0.1201087373147680780574531156697676258735,0.3465670747701923256914142067573017186199,0.08291260755200000000000000000000000000000,0.3860341600000000000000000000000000000000,1.210184973390411960255634572901984952366e-122,-4.840739893561647841022538291607939809463e-122,4.989720471823966390447213452878918686828e-122,FINITE
67,0.3000000000000000000000000000000000000000,0.2630549623748178795217518023727632944271,-0.1196935594410676192267420891777431365221,0.3459675699268178795217518023727632944271,0.08291260755200000000000000000000000000000,0.3860341600000000000000000000000000000000,1.210184973390411960255634572901984952366e-122,4.840739893561647841022538291607939809463e-122,4.989720471823966390447213452878918686828e-122,FINITE
68,0.3050000000000000000000000000000000000000,0.2624575280421338890768222078720090031695,-0.1192805305603104283100693007570572995467,0.3453701355941338890768222078720090031695,0.08291260755200000000000000000000000000000,0.3860341600000000000000000000000000000000,1.210184973390411960255634572901984952366e-122,4.840739893561647841022538291607939809463e-122,4.989720471823966390447213452878918686828e-122,FINITE
69,0.3100000000000000000000000000000000000000,0.2618621535122429256141283216572218161619,-0.1188696358669057996532308941368619759768,0.3447747610642429256141283216572218161619,0.08291260755200000000000000000000000000000,0.3860341600000000000000000000000000000000,1.210184973390411960255634572901984952366e-122,4.840739893561647841022538291607939809463e-122,4.989720471823966390447213452878918686828e-122,FINITE
70,0.3150000000000000000000000000000000000000,0.2612688281509567505988648757339055741246,-0.1184608606825485518222570378148993111422,0.3441814357029567505988648757339055741246,0.08291260755200000000000000000000000000000,0.3860341600000000000000000000000000000000,6.050924866952059801278172864509924761828e-122,0.0,6.050924866952059801278172864509924761828e-122,FINITE
71,0.3200000000000000000000000000000000000000,0.2606775413971631719128588597953145519951,-0.1180541904549081343282879643960460151640,0.3435901489491631719128588597953145519951,0.08291260755200000000000000000000000000000,0.3860341600000000000000000000000000000000,6.050924866952059801278172864509924761828e-122,4.840739893561647841022538291607939809463e-122,7.748964734893173862267352925130106812994e-122,FINITE
72,0.3250000000000000000000000000000000000000,0.2600882827621994151300308555666102443405,-0.1176496107563334581528813708416709987027,0.3430008903141994151300308555666102443405,0.08291260755200000000000000000000000000000,0.3860341600000000000000000000000000000000,1.210184973390411960255634572901984952366e-122,4.840739893561647841022538291607939809463e-122,4.989720471823966390447213452878918686828e-122,FINITE
73,0.3300000000000000000000000000000000000000,0.2595010418292319317787076628858573154639,-0.1172471072825732348966704885137417613820,0.3424136493812319317787076628858573154639,0.08291260755200000000000000000000000000000,0.3860341600000000000000000000000000000000,1.210184973390411960255634572901984952366e-122,4.840739893561647841022538291607939809463e-122,4.989720471823966390447213452878918686828e-122,FINITE
74,0.3350000000000000000000000000000000000000,0.2589158082526425675787105898889530304142,-0.1168466658515116126813717189305715193235,0.3418284158046425675787105898889530304142,0.08291260755200000000000000000000000000000,0.3860341600000000000000000000000000000000,1.210184973390411960255634572901984952366e-122,4.840739893561647841022538291607939809463e-122,4.989720471823966390447213452878918686828e-122,FINITE
75,0.3400000000000000000000000000000000000000,0.2583325717574210146923437619272757963368,-0.1164482724019189001858423182700528423902,0.3412451793094210146923437619272757963368,0.08291260755200000000000000000000000000000,0.3860341600000000000000000000000000000000,1.210184973390411960255634572901984952366e-122,0.0,1.210184973390411960255634572901984952366e-122,FINITE
76,0.3450000000000000000000000000000000000000,0.2577513221385634730634920198503734297405,-0.1160519129922171733922676262142606778606,0.3406639296905634730634920198503734297405,0.08291260755200000000000000000000000000000,0.3860341600000000000000000000000000000000,1.210184973390411960255634572901984952366e-122,4.840739893561647841022538291607939809463e-122,4.989720471823966390447213452878918686828e-122,FINITE
77,0.3500000000000000000000000000000000000000,0.2571720492604774469382824472690163436178,-0.1156575737992605627596476804039926950032,0.3400846568124774469382824472690163436178,0.08291260755200000000000000000000000000000,0.3860341600000000000000000000000000000000,1.210184973390411960255634572901984952366e-122,0.0,1.210184973390411960255634572901984952366e-122,FINITE
78,0.3550000000000000000000000000000000000000,0.2565947430563926036644361908790449222958,-0.1152652411171300216295676010124691610333,0.3395073506083926036644361908790449222958,0.08291260755200000000000000000000000000000,0.3860341600000000000000000000000000000000,1.210184973390411960255634572901984952366e-122,4.840739893561647841022538291607939809463e-122,4.989720471823966390447213452878918686828e-122,FINITE
79,0.3600000000000000000000000000000000000000,0.2560193935277776228548019076947916805944,-0.1148749013559423797047671551755890948486,0.3389320010797776228548019076947916805944,0.08291260755200000000000000000000000000000,0.3860341600000000000000000000000000000000,1.210184973390411960255634572901984952366e-122,0.0,1.210184973390411960255634572901984952366e-122,FINITE
80,0.3650000000000000000000000000000000000000,0.2554459907437629649738778670171558023075,-0.1144865410406734884252445748644498644271,0.3383585982957629649738778670171558023075,0.08291260755200000000000000000000000000000,0.3860341600000000000000000000000000000000,1.210184973390411960255634572901984952366e-122,4.840739893561647841022538291607939809463e-122,4.989720471823966390447213452878918686828e-122,FINITE
81,0.3700000000000000000000000000000000000000,0.2548745248405694893646506206645624826848,-0.1141001468099952680004904746526275268904,0.3377871323925694893646506206645624826848,0.08291260755200000000000000000000000000000,0.3860341600000000000000000000000000000000,6.050924866952059801278172864509924761828e-122,4.840739893561647841022538291607939809463e-122,7.748964734893173862267352925130106812994e-122,FINITE
82,0.3750000000000000000000000000000000000000,0.2543049860209428526770536859072142638876,-0.1137157054151264687408828130205376747868,0.3372175935729428526770536859072142638876,0.08291260755200000000000000000000000000000,0.3860341600000000000000000000000000000000,6.050924866952059801278172864509924761828e-122,9.681479787123295682045076583215879618926e-122,1.141686220526356958465567973581526888389e-121,FINITE
83,0.3800000000000000000000000000000000000000,0.2537373645535936195890246963304687213971,-0.1133332037186969621671976435518332556892,0.3366499721055936195890246963304687213971,0.08291260755200000000000000000000000000000,0.3860341600000000000000000000000000000000,1.210184973390411960255634572901984952366e-122,4.840739893561647841022538291607939809463e-122,4.989720471823966390447213452878918686828e-122,FINITE
84,0.3850000000000000000000000000000000000000,0.2531716507726430186267542754968791628525,-0.1129526286936253801654988688004835530021,0.3360842583246430186267542754968791628525,0.08291260755200000000000000000000000000000,0.3860341600000000000000000000000000000000,6.050924866952059801278172864509924761828e-122,4.840739893561647841022538291607939809463e-122,7.748964734893173862267352925130106812994e-122,FINITE
85,0.3900000000000000000000000000000000000000,0.2526078350770742767925103511916989272083,-0.1125739674220099231962412763648480290006,0.3355204426290742767925103511916989272083,0.08291260755200000000000000000000000000000,0.3860341600000000000000000000000000000000,1.210184973390411960255634572901984952366e-122,0.0,1.210184973390411960255634572901984952366e-122,FINITE
86,0.3950000000000000000000000000000000000000,0.2520459079301894675966192831888796027747,-0.1121972070940321612621151108957343101999,0.3349585154821894675966192831888796027747,0.08291260755200000000000000000000000000000,0.3860341600000000000000000000000000000000,6.050924866952059801278172864509924761828e-122,4.840739893561647841022538291607939809463e-122,7.748964734893173862267352925130106812994e-122,FINITE
87,0.4000000000000000000000000000000000000000,0.2514858598590718079650172955679776153446,-0.1118223350068736539898203778364632746052,0.3343984674110718079650172955679776153446,0.08291260755200000000000000000000000000000,0.3860341600000000000000000000000000000000,1.210184973390411960255634572901984952366e-122,0.0,1.210184973390411960255634572901984952366e-122,FINITE
88,0.4050000000000000000000000000000000000000,0.2509276814540533403554753833846444787566,-0.1114493385636452187874111723724902487416,0.3338402890060533403554753833846444787566,0.08291260755200000000000000000000000000000,0.3860341600000000000000000000000000000000,1.210184973390411960255634572901984952366e-122,0.0,1.210184973390411960255634572901984952366e-122,FINITE
89,0.4100000000000000000000000000000000000000,0.2503713633681879372643671111667396293677,-0.1110782052723286786019042605810154536042,0.3332839709201879372643671111667396293677,0.08291260755200000000000000000000000000000,0.3860341600000000000000000000000000000000,1.210184973390411960255634572901984952366e-122,0.0,1.210184973390411960255634572901984952366e-122,FINITE
90,0.4150000000000000000000000000000000000000,0.2498168963167295661419065376155286179161,-0.1107089227447309233222954385556364499338,0.3327295038687295661419065376155286179161,0.08291260755200000000000000000000000000000,0.3860341600000000000000000000000000000000,1.210184973390411960255634572901984952366e-122,0.0,1.210184973390411960255634572901984952366e-122,FINITE
91,0.4200000000000000000000000000000000000000,0.2492642710766157535573439593800519589359,-0.1103414786954501213517495864185163451162,0.3321768786286157535573439593800519589359,0.08291260755200000000000000000000000000000,0.3860341600000000000000000000000000000000,1.210184973390411960255634572901984952366e-122,-4.840739893561647841022538291607939809463e-122,4.989720471823966390447213452878918686828e-122,FINITE
92,0.4250000000000000000000000000000000000000,0.2487134784859561882668774893454831684853,-0.1099758609408539203102880826940492182757,0.3316260860379561882668774893454831684853,0.08291260755200000000000000000000000000000,0.3860341600000000000000000000000000000000,1.210184973390411960255634572901984952366e-122,-4.840739893561647841022538291607939809463e-122,4.989720471823966390447213452878918686828e-122,FINITE
93,0.4300000000000000000000000000000000000000,0.2481645094435264036362221206714642455239,-0.1096120573980694782265374860314949798173,0.3310771169955264036362221206714642455239,0.08291260755200000000000000000000000000000,0.3860341600000000000000000000000000000000,1.210184973390411960255634572901984952366e-122,-4.840739893561647841022538291607939809463e-122,4.989720471823966390447213452878918686828e-122,FINITE
94,0.4350000000000000000000000000000000000000,0.2476173549082664806570746274403559240756,-0.1092500560839851689347584564944992538727,0.3305299624602664806570746274403559240756,0.08291260755200000000000000000000000000000,0.3860341600000000000000000000000000000000,1.210184973390411960255634572901984952366e-122,0.0,1.210184973390411960255634572901984952366e-122,FINITE
95,0.4400000000000000000000000000000000000000,0.2470720058987847135723185415299471622463,-0.1088898451142638077121616208694453527924,0.3299846134507847135723185415299471622463,0.08291260755200000000000000000000000000000,0.3860341600000000000000000000000000000000,1.210184973390411960255634572901984952366e-122,0.0,1.210184973390411960255634572901984952366e-122,FINITE
96,0.4450000000000000000000000000000000000000,0.2465284534928661808889210948672970832532,-0.1085314127023672454721411514642853991047,0.3294410610448661808889210948672970832532,0.08291260755200000000000000000000000000000,0.3860341600000000000000000000000000000000,1.210184973390411960255634572901984952366e-122,-4.840739893561647841022538291607939809463e-122,4.989720471823966390447213452878918686828e-122,FINITE
97,0.4500000000000000000000000000000000000000,0.2459866888269861653102725146893620133996,-0.1081747471585921820722070167955468557829,0.3288992963789861653102725146893620133996,0.08291260755200000000000000000000000000000,0.3860341600000000000000000000000000000000,6.050924866952059801278172864509924761828e-122,4.840739893561647841022538291607939809463e-122,7.748964734893173862267352925130106812994e-122,FINITE
98,0.4550000000000000000000000000000000000000,0.2454467030958283668613930800844099453341,-0.1078198368891170515017493877408828826656,0.3283593106478283668613930800844099453341,0.08291260755200000000000000000000000000000,0.3860341600000000000000000000000000000000,6.050924866952059801278172864509924761828e-122,0.0,6.050924866952059801278172864509924761828e-122,FINITE
99,0.4600000000000000000000000000000000000000,0.2449084875518078542111672164499707800360,-0.1074666703950598338849864668453898148530,0.3278210951038078542111672164499707800360,0.08291260755200000000000000000000000000000,0.3860341600000000000000000000000000000000,1.210184973390411960255634572901984952366e-122,-4.840739893561647841022538291607939809463e-122,4.989720471823966390447213452878918686828e-122,FINITE
100,0.4650000000000000000000000000000000000000,0.2443720335045986999157356641331564008940,-0.1071152362715466513691799670055848340011,0.3272846410565986999157356641331564008940,0.08291260755200000000000000000000000000000,0.3860341600000000000000000000000000000000,6.050924866952059801278172864509924761828e-122,0.0,6.050924866952059801278172864509924761828e-122,FINITE
101,0.4700000000000000000000000000000000000000,0.2438373323206662460165622343366586633694,-0.1067655232067910070680877830550529691677,0.3267499398726662460165622343366586633694,0.08291260755200000000000000000000000000000,0.3860341600000000000000000000000000000000,1.210184973390411960255634572901984952366e-122,0.0,1.210184973390411960255634572901984952366e-122,FINITE
102,0.4750000000000000000000000000000000000000,0.2433043754228039471256635306405981541001,-0.1064175199811835282962857987578543333512,0.3262169829748039471256635306405981541001,0.08291260755200000000000000000000000000000,0.3860341600000000000000000000000000000000,1.210184973390411960255634572901984952366e-122,-4.840739893561647841022538291607939809463e-122,4.989720471823966390447213452878918686828e-122,FINITE
103,0.4800000000000000000000000000000000000000,0.2427731542896747388192178464572212559349,-0.1060712154663920773620427774628010946038,0.3256857618416747388192178464572212559349,0.08291260755200000000000000000000000000000,0.3860341600000000000000000000000000000000,1.210184973390411960255634572901984952366e-122,0.0,1.210184973390411960255634572901984952366e-122,FINITE
104,0.4850000000000000000000000000000000000000,0.2422436604553568798394197929840868564471,-0.1057265986244720951854744820250481926594,0.3251562680073568798394197929840868564471,0.08291260755200000000000000000000000000000,0.3860341600000000000000000000000000000000,6.050924866952059801278172864509924761828e-122,0.0,6.050924866952059801278172864509924761828e-122,FINITE
105,0.4900000000000000000000000000000000000000,0.2417158855088942172731836407344365934259,-0.1053836585069870449753244549050608259299,0.3246284930608942172731836407344365934259,0.08291260755200000000000000000000000000000,0.3860341600000000000000000000000000000000,6.050924866952059801278172864509924761828e-122,0.0,6.050924866952059801278172864509924761828e-122,FINITE
106,0.4950000000000000000000000000000000000000,0.2411898210938508245352815267092686136291,-0.1050423842541388251324967164929446220436,0.3241024286458508245352815267092686136291,0.08291260755200000000000000000000000000000,0.3860341600000000000000000000000000000000,1.210184973390411960255634572901984952366e-122,0.0,1.210184973390411960255634572901984952366e-122,FINITE
107,0.5000000000000000000000000000000000000000,0.2406654589078699626328903857772094930946,-0.1047027650939080224519662605715427090204,0.3235780664598699626328903857772094930946,0.08291260755200000000000000000000000000000,0.3860341600000000000000000000000000000000,1.210184973390411960255634572901984952366e-122,0.0,1.210184973390411960255634572901984952366e-122,FINITE
108,0.5050000000000000000000000000000000000000,0.2401427907022373158284687021433164001887,-0.1043647903412038785674719253625696078810,0.3230553982542373158284687021433164001887,0.08291260755200000000000000000000000000000,0.3860341600000000000000000000000000000000,1.210184973390411960255634572901984952366e-122,-4.840739893561647841022538291607939809463e-122,4.989720471823966390447213452878918686828e-122,FINITE
109,0.5100000000000000000000000000000000000000,0.2396218082814484534485431887271554492494,-0.1040284493970238444259975445124638175733,0.3225344158334484534485431887271554492494,0.08291260755200000000000000000000000000000,0.3860341600000000000000000000000000000000,6.050924866952059801278172864509924761828e-122,4.840739893561647841022538291607939809463e-122,7.748964734893173862267352925130106812994e-122,FINITE
110,0.5150000000000000000000000000000000000000,0.2391025035027804702075058362801873759638,-0.1036937317476225993920052697219801644649,0.3220151110547804702075058362801873759638,0.08291260755200000000000000000000000000000,0.3860341600000000000000000000000000000000,1.210184973390411960255634572901984952366e-122,4.840739893561647841022538291607939809463e-122,4.989720471823966390447213452878918686828e-122,FINITE
111,0.5200000000000000000000000000000000000000,0.2385848682758677580280503332469855313034,-0.1033606269636904133652233474060192963446,0.3214974758278677580280503332469855313034,0.08291260755200000000000000000000000000000,0.3860341600000000000000000000000000000000,1.210184973390411960255634572901984952366e-122,0.0,1.210184973390411960255634572901984952366e-122,FINITE
112,0.5250000000000000000000000000000000000000,0.2380688945622818629435579513837773943676,-0.1030291246995407320510230891162658570239,0.3209815021142818629435579513837773943676,0.08291260755200000000000000000000000000000,0.3860341600000000000000000000000000000000,1.210184973390411960255634572901984952366e-122,4.840739893561647841022538291607939809463e-122,4.989720471823966390447213452878918686828e-122,FINITE
113,0.5300000000000000000000000000000000000000,0.2375545743751153812627183871026790943030,-0.1026992146923068672495500939972403299757,0.3204671819271153812627183871026790943030,0.08291260755200000000000000000000000000000,0.3860341600000000000000000000000000000000,6.050924866952059801278172864509924761828e-122,4.840739893561647841022538291607939809463e-122,7.748964734893173862267352925130106812994e-122,FINITE
114,0.5350000000000000000000000000000000000000,0.2370418997785698497630800157933737529060,-0.1023708867611476757292970920818275187293,0.3199545073305698497630800157933737529060,0.08291260755200000000000000000000000000000,0.3860341600000000000000000000000000000000,1.210184973390411960255634572901984952366e-122,4.840739893561647841022538291607939809463e-122,4.989720471823966390447213452878918686828e-122,FINITE
115,0.5400000000000000000000000000000000000000,0.2365308628875475852582033804551014307843,-0.1020441308064621119232047473429331302058,0.3194434704395475852582033804551014307843,0.08291260755200000000000000000000000000000,0.3860341600000000000000000000000000000000,1.210184973390411960255634572901984952366e-122,4.840739893561647841022538291607939809463e-122,4.989720471823966390447213452878918686828e-122,FINITE
116,0.5450000000000000000000000000000000000000,0.2360214558672474294527759212307965845269,-0.1017189368091125413311277894761721538426,0.3189340634192474294527759212307965845269,0.08291260755200000000000000000000000000000,0.3860341600000000000000000000000000000000,1.210184973390411960255634572901984952366e-122,4.840739893561647841022538291607939809463e-122,4.989720471823966390447213452878918686828e-122,FINITE
117,0.5500000000000000000000000000000000000000,0.2355136709327643555615670290181133446230,-0.1013952948296567031320732582185330363587,0.3184262784847643555615670290181133446230,0.08291260755200000000000000000000000000000,0.3860341600000000000000000000000000000000,1.210184973390411960255634572901984952366e-122,0.0,1.210184973390411960255634572901984952366e-122,FINITE
118,0.5550000000000000000000000000000000000000,0.2350075003486928937215902350584745669209,-0.1010731950075882121034628802804626134160,0.3179201079006928937215902350584745669209,0.08291260755200000000000000000000000000000,0.3860341600000000000000000000000000000000,1.210184973390411960255634572901984952366e-122,4.840739893561647841022538291607939809463e-122,4.989720471823966390447213452878918686828e-122,FINITE
119,0.5600000000000000000000000000000000000000,0.2345029364287343327724212247491605039298,-0.1007526275605854915132413884355258926487,0.3174155439807343327724212247491605039298,0.08291260755200000000000000000000000000000,0.3860341600000000000000000000000000000000,1.210184973390411960255634572901984952366e-122,4.840739893561647841022538291607939809463e-122,4.989720471823966390447213452878918686828e-122,FINITE
120,0.5650000000000000000000000000000000000000,0.2339999715353076565174216610882384163430,-0.1004335827837690301943871409784392472345,0.3169125790873076565174216610882384163430,0.08291260755200000000000000000000000000000,0.3860341600000000000000000000000000000000,1.210184973390411960255634572901984952366e-122,4.840739893561647841022538291607939809463e-122,4.989720471823966390447213452878918686828e-122,FINITE
121,0.5700000000000000000000000000000000000000,0.2334985980791641731087626142697537997490,-0.1001160510489668585307125630961540496534,0.3164112056311641731087626142697537997490,0.08291260755200000000000000000000000000000,0.3860341600000000000000000000000000000000,-3.630554920171235880766903718705954857097e-122,-4.840739893561647841022538291607939809463e-122,6.050924866952059801278172864509924761828e-122,FINITE
122,0.5750000000000000000000000000000000000000,0.2329988085190057967217486733602503031741,-0.09980002280398813957819338596280659742899,0.3159114160710057967217486733602503031741,0.08291260755200000000000000000000000000000,0.3860341600000000000000000000000000000000,1.210184973390411960255634572901984952366e-122,0.0,1.210184973390411960255634572901984952366e-122,FINITE
123,0.5800000000000000000000000000000000000000,0.2325005953611069411991334197873814725041,-0.09948548857190477301785306918673399550151,0.3154132029131069411991334197873814725041,0.08291260755200000000000000000000000000000,0.3860341600000000000000000000000000000000,1.210184973390411960255634572901984952366e-122,0.0,1.210184973390411960255634572901984952366e-122,FINITE
124,0.5850000000000000000000000000000000000000,0.2320039511589399858540056680010221280412,-0.09917243895034091108485997444483903741560,0.3149165587109399858540056680010221280412,0.08291260755200000000000000000000000000000,0.3860341600000000000000000000000000000000,1.210184973390411960255634572901984952366e-122,4.840739893561647841022538291607939809463e-122,4.989720471823966390447213452878918686828e-122,FINITE
125,0.5900000000000000000000000000000000000000,0.2315088685128042741205285037714203245689,-0.09886086461077028704436994205605169051565,0.3144214760648042741205285037714203245689,0.08291260755200000000000000000000000000000,0.3860341600000000000000000000000000000000,6.050924866952059801278172864509924761828e-122,4.840739893561647841022538291607939809463e-122,7.748964734893173862267352925130106812994e-122,FINITE
126,0.5950000000000000000000000000000000000000,0.2310153400694586062354424710570212104325,-0.09855075629782125818815850641517391282106,0.3139279476214586062354424710570212104325,0.08291260755200000000000000000000000000000,0.3860341600000000000000000000000000000000,1.210184973390411960255634572901984952366e-122,0.0,1.210184973390411960255634572901984952366e-122,FINITE
127,0.6000000000000000000000000000000000000000,0.2305233585217571876199111256102383018478,-0.09824210482858946670762029170518353427406,0.3134359660737571876199111256102383018478,0.08291260755200000000000000000000000000000,0.3860341600000000000000000000000000000000,6.050924866952059801278172864509924761828e-122,4.840739893561647841022538291607939809463e-122,7.748964734893173862267352925130106812994e-122,FINITE
128,0.6050000000000000000000000000000000000000,0.2300329166082889951111005309214591881732,-0.09793490109195802315864614968551490687801,0.3129455241602889951111005309214591881732,0.08291260755200000000000000000000000000000,0.3860341600000000000000000000000000000000,6.050924866952059801278172864509924761828e-122,0.0,6.050924866952059801278172864509924761828e-122,FINITE
129,0.6100000000000000000000000000000000000000,0.2295440071130205236659511909535423133624,-0.09762913604792511857259224932615847312216,0.3124566146650205236659511909535423133624,0.08291260755200000000000000000000000000000,0.3860341600000000000000000000000000000000,1.210184973390411960255634572901984952366e-122,0.0,1.210184973390411960255634572901984952366e-122,FINITE
130,0.6150000000000000000000000000000000000000,0.2290566228649418766260266284535827796827,-0.09732480072693897258539357896075343121641,0.3119692304169418766260266284535827796827,0.08291260755200000000000000000000000000000,0.3860341600000000000000000000000000000000,1.210184973390411960255634572901984952366e-122,-4.840739893561647841022538291607939809463e-122,4.989720471823966390447213452878918686828e-122,FINITE
131,0.6200000000000000000000000000000000000000,0.2285707567377161630922107586820996353447,-0.09702188622924002625420435377945766539458,0.3114833642897161630922107586820996353447,0.08291260755200000000000000000000000000000,0.3860341600000000000000000000000000000000,1.210184973390411960255634572901984952366e-122,4.840739893561647841022538291607939809463e-122,4.989720471823966390447213452878918686828e-122,FINITE
132,0.6250000000000000000000000000000000000000,0.2280864016493321664114780382226658175910,-0.09672038372421028950812015345696546678085,0.3109990092013321664114780382226658175910,0.08291260755200000000000000000000000000000,0.3860341600000000000000000000000000000000,6.050924866952059801278172864509924761828e-122,4.840739893561647841022538291607939809463e-122,7.748964734893173862267352925130106812994e-122,FINITE
133,0.6300000000000000000000000000000000000000,0.2276035505617602482250760129539893014584,-0.09642028444972975443689523967709288747958,0.3105161581137602482250760129539893014584,0.08291260755200000000000000000000000000000,0.3860341600000000000000000000000000000000,6.050924866952059801278172864509924761828e-122,9.681479787123295682045076583215879618926e-122,1.141686220526356958465567973581526888389e-121,FINITE
134,0.6350000000000000000000000000000000000000,0.2271221964806114529683375701815603839538,-0.09612157971153978685945102041885872942381,0.3100348040326114529683375701815603839538,0.08291260755200000000000000000000000000000,0.3860341600000000000000000000000000000000,1.210184973390411960255634572901984952366e-122,0.0,1.210184973390411960255634572901984952366e-122,FINITE
135,0.6400000000000000000000000000000000000000,0.2266423324547997781470764669581158382155,-0.09582426088261340983270937079211252029403,0.3095549400067997781470764669581158382155,0.08291260755200000000000000000000000000000,0.3860341600000000000000000000000000000000,1.210184973390411960255634572901984952366e-122,0.0,1.210184973390411960255634572901984952366e-122,FINITE
136,0.6450000000000000000000000000000000000000,0.2261639515762075761442094681248924398664,-0.09552831940253239396120268294729714382790,0.3090765591282075761442094681248924398664,0.08291260755200000000000000000000000000000,0.3860341600000000000000000000000000000000,6.050924866952059801278172864509924761828e-122,4.840739893561647841022538291607939809463e-122,7.748964734893173862267352925130106812994e-122,FINITE
137,0.6500000000000000000000000000000000000000,0.2256870469793540537329849810548250528935,-0.09523374677687107054933027749990702318744,0.3085996545313540537329849810548250528935,0.08291260755200000000000000000000000000000,0.3860341600000000000000000000000000000000,1.210184973390411960255634572901984952366e-122,-4.840739893561647841022538291607939809463e-122,4.989720471823966390447213452878918686828e-122,FINITE
138,0.6550000000000000000000000000000000000000,0.2252116118410668358900731358537071274425,-0.09494053457658678480136144715224250044521,0.3081242193930668358900731358537071274425,0.08291260755200000000000000000000000000000,0.3860341600000000000000000000000000000000,1.210184973390411960255634572901984952366e-122,0.0,1.210184973390411960255634572901984952366e-122,FINITE
139,0.6600000000000000000000000000000000000000,0.2247376393801565609128759943439238735933,-0.09464867443741690741963642250772587065426,0.3076502469321565609128759943439238735933,0.08291260755200000000000000000000000000000,0.3860341600000000000000000000000000000000,1.210184973390411960255634572901984952366e-122,-4.840739893561647841022538291607939809463e-122,4.989720471823966390447213452878918686828e-122,FINITE
140,0.6650000000000000000000000000000000000000,0.2242651228570944742508376196773240513061,-0.09435815805928232407918979008473671333478,0.3071777304090944742508376196773240513061,0.08291260755200000000000000000000000000000,0.3860341600000000000000000000000000000000,1.210184973390411960255634572901984952366e-122,0.0,1.210184973390411960255634572901984952366e-122,FINITE
141,0.6700000000000000000000000000000000000000,0.2237940555736929888603592467828630017463,-0.09406897720569732336751264257258118740688,0.3067066631256929888603592467828630017463,0.08291260755200000000000000000000000000000,0.3860341600000000000000000000000000000000,1.210184973390411960255634572901984952366e-122,-4.840739893561647841022538291607939809463e-122,4.989720471823966390447213452878918686828e-122,FINITE
142,0.6750000000000000000000000000000000000000,0.2233244308727891802872404401332207434819,-0.09378112370318580487167085084953335390467,0.3062370384247891802872404401332207434819,0.08291260755200000000000000000000000000000,0.3860341600000000000000000000000000000000,1.210184973390411960255634572901984952366e-122,-4.840739893561647841022538291607939809463e-122,4.989720471823966390447213452878918686828e-122,FINITE
143,0.6800000000000000000000000000000000000000,0.2228562421379311850694571467221898323909,-0.09349458944070373017179283374748174371366,0.3057688496899311850694571467221898323909,0.08291260755200000000000000000000000000000,0.3860341600000000000000000000000000000000,1.210184973390411960255634572901984952366e-122,0.0,1.210184973390411960255634572901984952366e-122,FINITE
144,0.6850000000000000000000000000000000000000,0.2223894827930674714366347714119651604939,-0.09320936636906774056031135640116318284615,0.3053020903450674714366347714119651604939,0.08291260755200000000000000000000000000000,0.3860341600000000000000000000000000000000,1.210184973390411960255634572901984952366e-122,-4.840739893561647841022538291607939809463e-122,4.989720471823966390447213452878918686828e-122,FINITE
145,0.6900000000000000000000000000000000000000,0.2219241463022389516608602530595979626737,-0.09292544650038986635056537999353785695290,0.3048367538542389516608602530595979626737,0.08291260755200000000000000000000000000000,0.3860341600000000000000000000000000000000,1.210184973390411960255634572901984952366e-122,4.840739893561647841022538291607939809463e-122,4.989720471823966390447213452878918686828e-122,FINITE
146,0.6950000000000000000000000000000000000000,0.2214602261692739057865816739394314059081,-0.09264282190751825366670996213428471159703,0.3043728337212739057865816739394314059081,0.08291260755200000000000000000000000000000,0.3860341600000000000000000000000000000000,1.210184973390411960255634572901984952366e-122,-4.840739893561647841022538291607939809463e-122,4.989720471823966390447213452878918686828e-122,FINITE
147,0.7000000000000000000000000000000000000000,0.2209977159374856868353459244278500088573,-0.09236148472348383561960989303587331520432,0.3039103234894856868353459244278500088573,0.08291260755200000000000000000000000000000,0.3860341600000000000000000000000000000000,6.050924866952059801278172864509924761828e-122,9.681479787123295682045076583215879618926e-122,1.141686220526356958465567973581526888389e-121,FINITE
148,0.7050000000000000000000000000000000000000,0.2205366091893731779441017881705925064693,-0.09208142714095287577076654786406555479332,0.3034492167413731779441017881705925064693,0.08291260755200000000000000000000000000000,0.3860341600000000000000000000000000000000,1.210184973390411960255634572901984952366e-122,-4.840739893561647841022538291607939809463e-122,4.989720471823966390447213452878918686828e-122,FINITE
149,0.7100000000000000000000000000000000000000,0.2200768995463239722538236383396426900162,-0.09180264141168531276860300961071995509085,0.3029895070983239722538236383396426900162,0.08291260755200000000000000000000000000000,0.3860341600000000000000000000000000000000,1.210184973390411960255634572901984952366e-122,4.840739893561647841022538291607939809463e-122,4.989720471823966390447213452878918686828e-122,FINITE
150,0.7150000000000000000000000000000000000000,0.2196185806683202467183646047191188789511,-0.09152511984599883600886090167969193089949,0.3025311882203202467183646047191188789511,0.08291260755200000000000000000000000000000,0.3860341600000000000000000000000000000000,6.050924866952059801278172864509924761828e-122,9.681479787123295682045076583215879618926e-122,1.141686220526356958465567973581526888389e-121,FINITE
151,0.7200000000000000000000000000000000000000,0.2191616462536473013518012020933033951924,-0.09124885481223862312369005082911329784406,0.3020742538056473013518012020933033951924,0.08291260755200000000000000000000000000000,0.3860341600000000000000000000000000000000,1.210184973390411960255634572901984952366e-122,4.840739893561647841022538291607939809463e-122,4.989720471823966390447213452878918686828e-122,FINITE
152,0.7250000000000000000000000000000000000000,0.2187060900386047357761563993519659719582,-0.09097383873625267104248110760272675641882,0.3016186975906047357761563993519659719582,0.08291260755200000000000000000000000000000,0.3860341600000000000000000000000000000000,6.050924866952059801278172864509924761828e-122,9.681479787123295682045076583215879618926e-122,1.141686220526356958465567973581526888389e-121,FINITE
153,0.7300000000000000000000000000000000000000,0.2182519057972202352703561533045267328853,-0.09070006410087265329183924121530517226429,0.3011645133492202352703561533045267328853,0.08291260755200000000000000000000000000000,0.3860341600000000000000000000000000000000,6.050924866952059801278172864509924761828e-122,4.840739893561647841022538291607939809463e-122,7.748964734893173862267352925130106812994e-122,FINITE
154,0.7350000000000000000000000000000000000000,0.2177990873409659388556555512870356276918,-0.09042752344540023711255737257241909633514,0.3007116948929659388556555512870356276918,0.08291260755200000000000000000000000000000,0.3860341600000000000000000000000000000000,1.210184973390411960255634572901984952366e-122,0.0,1.210184973390411960255634572901984952366e-122,FINITE
155,0.7400000000000000000000000000000000000000,0.2173476285184773622826337658058355789847,-0.09015620936509879486824928503917545077841,0.3002602360704773622826337658058355789847,0.08291260755200000000000000000000000000000,0.3860341600000000000000000000000000000000,1.210184973390411960255634572901984952366e-122,4.840739893561647841022538291607939809463e-122,4.989720471823966390447213452878918686828e-122,FINITE
156,0.7450000000000000000000000000000000000000,0.2168975232152748491102697507110760608612,-0.08988611451069044510367141066869782615777,0.2998101307672748491102697507110760608612,0.08291260755200000000000000000000000000000,0.3860341600000000000000000000000000000000,6.050924866952059801278172864509924761828e-122,9.681479787123295682045076583215879618926e-122,1.141686220526356958465567973581526888389e-121,FINITE
157,0.7500000000000000000000000000000000000000,0.2164487653534875233886396146204524420383,-0.08961723158785835948091814350515197773443,0.2993613729054875233886396146204524420383,0.08291260755200000000000000000000000000000,0.3860341600000000000000000000000000000000,1.210184973390411960255634572901984952366e-122,4.840739893561647841022538291607939809463e-122,4.989720471823966390447213452878918686828e-122,FINITE
158,0.7550000000000000000000000000000000000000,0.2160013488915797177734874112734513900636,-0.08934955335675427267883623405989944914501,0.2989139564435797177734874112734513900636,0.08291260755200000000000000000000000000000,0.3860341600000000000000000000000000000000,1.210184973390411960255634572901984952366e-122,0.0,1.210184973390411960255634572901984952366e-122,FINITE
159,0.7600000000000000000000000000000000000000,0.2155552678240798512133781304217922632507,-0.08908307263151113318538233880560701304468,0.2984678753760798512133781304217922632507,0.08291260755200000000000000000000000000000,0.3860341600000000000000000000000000000000,6.050924866952059801278172864509924761828e-122,4.840739893561647841022538291607939809463e-122,7.748964734893173862267352925130106812994e-122,FINITE
160,0.7650000000000000000000000000000000000000,0.2151105161813117306584083426953233243002,-0.08881778227976083374445349531985901129554,0.2980231237333117306584083426953233243002,0.08291260755200000000000000000000000000000,0.3860341600000000000000000000000000000000,1.210184973390411960255634572901984952366e-122,0.0,1.210184973390411960255634572901984952366e-122,FINITE
161,0.7700000000000000000000000000000000000000,0.2146670880291282515435885961366908445702,-0.08855367522215696103815879202977766124140,0.2975796955811282515435885961366908445702,0.08291260755200000000000000000000000000000,0.3860341600000000000000000000000000000000,1.210184973390411960255634572901984952366e-122,0.0,1.210184973390411960255634572901984952366e-122,FINITE
162,0.7750000000000000000000000000000000000000,0.2142249774686474721000836103502286787869,-0.08829074443190250499277376265921963871969,0.2971375850206474721000836103502286787869,0.08291260755200000000000000000000000000000,0.3860341600000000000000000000000000000000,1.210184973390411960255634572901984952366e-122,0.0,1.210184973390411960255634572901984952366e-122,FINITE
163,0.7800000000000000000000000000000000000000,0.2137841786359910368435618952424244816984,-0.08802898293428246889192542815450951508036,0.2966967861879910368435618952424244816984,0.08291260755200000000000000000000000000000,0.3860341600000000000000000000000000000000,6.050924866952059801278172864509924761828e-122,4.840739893561647841022538291607939809463e-122,7.748964734893173862267352925130106812994e-122,FINITE
164,0.7850000000000000000000000000000000000000,0.2133446857020249248810249809184286258627,-0.08776838380620132226409027828535102143959,0.2962572932540249248810249809184286258627,0.08291260755200000000000000000000000000000,0.3860341600000000000000000000000000000000,1.210184973390411960255634572901984952366e-122,0.0,1.210184973390411960255634572901984952366e-122,FINITE
165,0.7900000000000000000000000000000000000000,0.2129064928721024989657163636580408131005,-0.08750894017572523928344122073415413149564,0.2958191004241024989657163636580408131005,0.08291260755200000000000000000000000000000,0.3860341600000000000000000000000000000000,1.210184973390411960255634572901984952366e-122,0.0,1.210184973390411960255634572901984952366e-122,FINITE
166,0.7950000000000000000000000000000000000000,0.2124695943858098315141089817958630723694,-0.08725064522162906618364062727798340995361,0.2953822019378098315141089817958630723694,0.08291260755200000000000000000000000000000,0.3860341600000000000000000000000000000000,1.210184973390411960255634572901984952366e-122,4.840739893561647841022538291607939809463e-122,4.989720471823966390447213452878918686828e-122,FINITE
167,0.8000000000000000000000000000000000000000,0.2120339845167132840795940348824990304603,-0.08699349217294796193352975007324741000867,0.2949465920687132840795940348824990304603,0.08291260755200000000000000000000000000000,0.3860341600000000000000000000000000000000,1.210184973390411960255634572901984952366e-122,-4.840739893561647841022538291607939809463e-122,4.989720471823966390447213452878918686828e-122,FINITE
168,0.8050000000000000000000000000000000000000,0.2115996575721093170543988346168369065523,-0.08673747430853365716199138057243938239135,0.2945122651241093170543988346168369065523,0.08291260755200000000000000000000000000000,0.3860341600000000000000000000000000000000,1.210184973390411960255634572901984952366e-122,4.840739893561647841022538291607939809463e-122,4.989720471823966390447213452878918686828e-122,FINITE
169,0.8100000000000000000000000000000000000000,0.2111666078927765066445018125734362424760,-0.08648258495661527704674089507823308510933,0.2940792154447765066445018125734362424760,0.08291260755200000000000000000000000000000,0.3860341600000000000000000000000000000000,1.210184973390411960255634572901984952366e-122,0.0,1.210184973390411960255634572901984952366e-122,FINITE
170,0.8150000000000000000000000000000000000000,0.2107348298527297464319426103537610259865,-0.08622881749436467459860585256980773931951,0.2936474374047297464319426103537610259865,0.08291260755200000000000000000000000000000,0.3860341600000000000000000000000000000000,1.210184973390411960255634572901984952366e-122,4.840739893561647841022538291607939809463e-122,4.989720471823966390447213452878918686828e-122,FINITE
171,0.8200000000000000000000000000000000000000,0.2103043178589766111049972774437623942537,-0.08597616534746622147915808252621191085454,0.2932169254109766111049972774437623942537,0.08291260755200000000000000000000000000000,0.3860341600000000000000000000000000000000,6.050924866952059801278172864509924761828e-122,9.681479787123295682045076583215879618926e-122,1.141686220526356958465567973581526888389e-121,FINITE
172,0.8250000000000000000000000000000000000000,0.2098750663512758601992550833124063026778,-0.08572462198969100418553370397162536029962,0.2927876739032758601992550833124063026778,0.08291260755200000000000000000000000000000,0.3860341600000000000000000000000000000000,1.210184973390411960255634572901984952366e-122,-4.840739893561647841022538291607939809463e-122,4.989720471823966390447213452878918686828e-122,FINITE
173,0.8300000000000000000000000000000000000000,0.2094470698018980599517455582094072920803,-0.08547418094247537412208177080618332187824,0.2923596773538980599517455582094072920803,0.08291260755200000000000000000000000000000,0.3860341600000000000000000000000000000000,1.210184973390411960255634572901984952366e-122,-4.840739893561647841022538291607939809463e-122,4.989720471823966390447213452878918686828e-122,FINITE
174,0.8350000000000000000000000000000000000000,0.2090203227153883016259725339820690375597,-0.08522483577450380075428435573624202925428,0.2919329302673883016259725339820690375597,0.08291260755200000000000000000000000000000,0.3860341600000000000000000000000000000000,6.050924866952059801278172864509924761828e-122,4.840739893561647841022538291607939809463e-122,7.748964734893173862267352925130106812994e-122,FINITE
175,0.8400000000000000000000000000000000000000,0.2085948196283309949180657758815626654445,-0.08497658010129597770635012801612544337304,0.2915074271803309949180657758815626654445,0.08291260755200000000000000000000000000000,0.3860341600000000000000000000000000000000,1.210184973390411960255634572901984952366e-122,0.0,1.210184973390411960255634572901984952366e-122,FINITE
176,0.8450000000000000000000000000000000000000,0.2081705551091167153033090983223984137066,-0.08472940758479813232015731405954190588804,0.2910831626611167153033090983223984137066,0.08291260755200000000000000000000000000000,0.3860341600000000000000000000000000000000,1.210184973390411960255634572901984952366e-122,-4.840739893561647841022538291607939809463e-122,4.989720471823966390447213452878918686828e-122,FINITE
177,0.8500000000000000000000000000000000000000,0.2077475237577110844280946810050766784079,-0.08448331193297848983996507594030398962288,0.2906601313097110844280946810050766784079,0.08291260755200000000000000000000000000000,0.3860341600000000000000000000000000000000,1.210184973390411960255634572901984952366e-122,0.0,1.210184973390411960255634572901984952366e-122,FINITE
178,0.8550000000000000000000000000000000000000,0.2073257202054256628949339189672529997332,-0.08423828689942684402467682964504823369752,0.2902383277574256628949339189672529997332,0.08291260755200000000000000000000000000000,0.3860341600000000000000000000000000000000,1.210184973390411960255634572901984952366e-122,0.0,1.210184973390411960255634572901984952366e-122,FINITE
179,0.8600000000000000000000000000000000000000,0.2069051391146908350275720697308960281306,-0.08399432628295818661757423971368754425023,0.2898177466666908350275720697308960281306,0.08291260755200000000000000000000000000000,0.3860341600000000000000000000000000000000,1.210184973390411960255634572901984952366e-122,0.0,1.210184973390411960255634572901984952366e-122,FINITE
180,0.8650000000000000000000000000000000000000,0.2064857751788306654395529810649261191980,-0.08375142392722034872249336459375233179293,0.2893983827308306654395529810649261191980,0.08291260755200000000000000000000000000000,0.3860341600000000000000000000000000000000,1.210184973390411960255634572901984952366e-122,4.840739893561647841022538291607939809463e-122,4.989720471823966390447213452878918686828e-122,FINITE
181,0.8700000000000000000000000000000000000000,0.2060676231218397074628063446914111534590,-0.08350957372030560774552893922232698092571,0.2889802306738397074628063446914111534590,0.08291260755200000000000000000000000000000,0.3860341600000000000000000000000000000000,1.210184973390411960255634572901984952366e-122,0.0,1.210184973390411960255634572901984952366e-122,FINITE
182,0.8750000000000000000000000000000000000000,0.2056506776981617437230275602363853742786,-0.08326876959436621416267082387723919918987,0.2885632852501617437230275602363853742786,0.08291260755200000000000000000000000000000,0.3860341600000000000000000000000000000000,1.210184973390411960255634572901984952366e-122,0.0,1.210184973390411960255634572901984952366e-122,FINITE
183,0.8800000000000000000000000000000000000000,0.2052349336924704393758330429341805238461,-0.08302900552523379296643752802467594472758,0.2881475412444704393758330429341805238461,0.08291260755200000000000000000000000000000,0.3860341600000000000000000000000000000000,6.050924866952059801278172864509924761828e-122,4.840739893561647841022538291607939809463e-122,7.748964734893173862267352925130106812994e-122,FINITE
184,0.8850000000000000000000000000000000000000,0.2048203859194518887419446106001820048581,-0.08279027553204257522871233829476670867338,0.2877329934714518887419446106001820048581,0.08291260755200000000000000000000000000000,0.3860341600000000000000000000000000000000,6.050924866952059801278172864509924761828e-122,1.452221968068494352306761487482381942839e-121,1.573240465407535548332324944772580438075e-121,FINITE
185,0.8900000000000000000000000000000000000000,0.2044070292235890363010277041512179116458,-0.08255257367685641579274248599564410849598,0.2873196367755890363010277041512179116458,0.08291260755200000000000000000000000000000,0.3860341600000000000000000000000000000000,6.050924866952059801278172864509924761828e-122,0.0,6.050924866952059801278172864509924761828e-122,FINITE
186,0.8950000000000000000000000000000000000000,0.2039948584789479532223212285139143930318,-0.08231589406429955367476321243051923140268,0.2869074660309479532223212285139143930318,0.08291260755200000000000000000000000000000,0.3860341600000000000000000000000000000000,6.050924866952059801278172864509924761828e-122,9.681479787123295682045076583215879618926e-122,1.141686220526356958465567973581526888389e-121,FINITE
187,0.9000000000000000000000000000000000000000,0.2035838685889659508258926887005926888662,-0.08208023084119107231508648902601764454665,0.2864964761409659508258926887005926888662,0.08291260755200000000000000000000000000000,0.3860341600000000000000000000000000000000,1.210184973390411960255634572901984952366e-122,-9.681479787123295682045076583215879618926e-122,9.756823178591322958587864469266398797597e-122,FINITE
188,0.9050000000000000000000000000000000000000,0.2031740544862415125812713365247090081196,-0.08184557819618301736987625404976889522832,0.2860866620382415125812713365247090081196,0.08291260755200000000000000000000000000000,0.3860341600000000000000000000000000000000,1.210184973390411960255634572901984952366e-122,4.840739893561647841022538291607939809463e-122,4.989720471823966390447213452878918686828e-122,FINITE
189,0.9100000000000000000000000000000000000000,0.2027654111323260264603939010844311604034,-0.08161193035940213027834388081324842278243,0.2856780186843260264603939010844311604034,0.08291260755200000000000000000000000000000,0.3860341600000000000000000000000000000000,1.210184973390411960255634572901984952366e-122,0.0,1.210184973390411960255634572901984952366e-122,FINITE
190,0.9150000000000000000000000000000000000000,0.2023579335175172996692811926479874352054,-0.08137928160209515637586258876894183942118,0.2852705410695172996692811926479874352054,0.08291260755200000000000000000000000000000,0.3860341600000000000000000000000000000000,1.210184973390411960255634572901984952366e-122,4.840739893561647841022538291607939809463e-122,4.989720471823966390447213452878918686828e-122,FINITE
191,0.9200000000000000000000000000000000000000,0.2019516166606548379876878751222112870015,-0.08114762623627768685163893632136502502894,0.2848642242126548379876878751222112870015,0.08291260755200000000000000000000000000000,0.3860341600000000000000000000000000000000,1.210184973390411960255634572901984952366e-122,-4.840739893561647841022538291607939809463e-122,4.989720471823966390447213452878918686828e-122,FINITE
192,0.9250000000000000000000000000000000000000,0.2015464556089168721481698258205988878202,-0.08091695861438649437021261137755196526995,0.2844590631609168721481698258205988878202,0.08291260755200000000000000000000000000000,0.3860341600000000000000000000000000000000,1.210184973390411960255634572901984952366e-122,0.0,1.210184973390411960255634572901984952366e-122,FINITE
193,0.9300000000000000000000000000000000000000,0.2011424454376191138856309807109008164463,-0.08068727312893532268929965112507331770220,0.2840550529896191138856309807109008164463,0.08291260755200000000000000000000000000000,0.3860341600000000000000000000000000000000,1.210184973390411960255634572901984952366e-122,-4.840739893561647841022538291607939809463e-122,4.989720471823966390447213452878918686828e-122,FINITE
194,0.9350000000000000000000000000000000000000,0.2007395812500152244854810557121874150523,-0.08045856421217409111246417167712028861653,0.2836521888020152244854810557121874150523,0.08291260755200000000000000000000000000000,0.3860341600000000000000000000000000000000,6.050924866952059801278172864509924761828e-122,4.840739893561647841022538291607939809463e-122,7.748964734893173862267352925130106812994e-122,FINITE
195,0.9400000000000000000000000000000000000000,0.2003378581770989788530931258537257392834,-0.08023082633575147511391291013736581239432,0.2832504657290989788530931258537257392834,0.08291260755200000000000000000000000000000,0.3860341600000000000000000000000000000000,1.210184973390411960255634572901984952366e-122,4.840739893561647841022538291607939809463e-122,4.989720471823966390447213452878918686828e-122,FINITE
196,0.9450000000000000000000000000000000000000,0.1999372713774081083193312587496574884828,-0.08000405401038082496446669496757189245983,0.2828498789294081083193312587496574884828,0.08291260755200000000000000000000000000000,0.3860341600000000000000000000000000000000,1.210184973390411960255634572901984952366e-122,0.0,1.210184973390411960255634572901984952366e-122,FINITE
197,0.9500000000000000000000000000000000000000,0.1995378160368298055865582095653641507299,-0.07977824178550938467258279875882343870850,0.2824504235888298055865582095653641507299,0.08291260755200000000000000000000000000000,0.3860341600000000000000000000000000000000,6.050924866952059801278172864509924761828e-122,9.681479787123295682045076583215879618926e-122,1.141686220526356958465567973581526888389e-121,FINITE
198,0.9550000000000000000000000000000000000000,0.1991394873684078754067660216080535168685,-0.07955338424899077403228957343599840770005,0.2820520949204078754067660216080535168685,0.08291260755200000000000000000000000000000,0.3860341600000000000000000000000000000000,6.050924866952059801278172864509924761828e-122,9.681479787123295682045076583215879618926e-122,1.141686220526356958465567973581526888389e-121,FINITE
199,0.9600000000000000000000000000000000000000,0.1987422806121515147683321366618339704074,-0.07932947602676069704115558759731704518548,0.2816548881641515147683321366618339704074,0.08291260755200000000000000000000000000000,0.3860341600000000000000000000000000000000,6.050924866952059801278172864509924761828e-122,9.681479787123295682045076583215879618926e-122,1.141686220526356958465567973581526888389e-121,FINITE
200,0.9650000000000000000000000000000000000000,0.1983461910348457065504236746452211127754,-0.07910651178251584041605366153958190944242,0.2812587985868457065504236746452211127754,0.08291260755200000000000000000000000000000,0.3860341600000000000000000000000000000000,6.050924866952059801278172864509924761828e-122,4.840739893561647841022538291607939809463e-122,7.748964734893173862267352925130106812994e-122,FINITE
201,0.9700000000000000000000000000000000000000,0.1979512139298632107842857500144178069754,-0.07888448621739592639259795891714137944860,0.2808638214818632107842857500144178069754,0.08291260755200000000000000000000000000000,0.3860341600000000000000000000000000000000,1.210184973390411960255634572901984952366e-122,0.0,1.210184973390411960255634572901984952366e-122,FINITE
202,0.9750000000000000000000000000000000000000,0.1975573446169781378385884026407975047032,-0.07866339406966888444583015714023928045100,0.2804699521689781378385884026407975047032,0.08291260755200000000000000000000000000000,0.3860341600000000000000000000000000000000,1.210184973390411960255634572901984952366e-122,0.0,1.210184973390411960255634572901984952366e-122,FINITE
203,0.9800000000000000000000000000000000000000,0.1971645784421810880217027853993337664215,-0.07844323011441910701510750586262574595189,0.2800771859941810880217027853993337664215,0.08291260755200000000000000000000000000000,0.3860341600000000000000000000000000000000,1.210184973390411960255634572901984952366e-122,4.840739893561647841022538291607939809463e-122,4.989720471823966390447213452878918686828e-122,FINITE
204,0.9850000000000000000000000000000000000000,0.1967729107774958422672620311938612250564,-0.07822398916323875475529846134378689037714,0.2796855183294958422672620311938612250564,0.08291260755200000000000000000000000000000,0.3860341600000000000000000000000000000000,6.050924866952059801278172864509924761828e-122,9.681479787123295682045076583215879618926e-122,1.141686220526356958465567973581526888389e-121,FINITE
205,0.9900000000000000000000000000000000000000,0.1963823370207975887406665986374033316735,-0.07800566606392207726941609404532990662223,0.2792949445727975887406665986374033316735,0.08291260755200000000000000000000000000000,0.3860341600000000000000000000000000000000,1.210184973390411960255634572901984952366e-122,0.0,1.210184973390411960255634572901984952366e-122,FINITE
206,0.9950000000000000000000000000000000000000,0.1959928525956326703733482744303617097038,-0.07778825570016271570480954980197824655015,0.2789054601476326703733482744303617097038,0.08291260755200000000000000000000000000000,0.3860341600000000000000000000000000000000,6.050924866952059801278172864509924761828e-122,4.840739893561647841022538291607939809463e-122,7.748964734893173862267352925130106812994e-122,FINITE
207,1.000000000000000000000000000000000000000,0.1956044529510398384986413321876569045023,-0.07757175299125395401608187478751829283755,0.2785170605030398384986413321876569045023,0.08291260755200000000000000000000000000000,0.3860341600000000000000000000000000000000,1.210184973390411960255634572901984952366e-122,0.0,1.210184973390411960255634572901984952366e-122,FINITE
208,1.005000000000000000000000000000000000000,0.1952171335613729979280530946047853580763,-0.07735615289179188611309932433254922928692,0.2781297411133729979280530946047853580763,0.08291260755200000000000000000000000000000,0.3860341600000000000000000000000000000000,1.210184973390411960255634572901984952366e-122,0.0,1.210184973390411960255634572901984952366e-122,FINITE
209,1.010000000000000000000000000000000000000,0.1948308899261254289696083505968450404294,-0.07714145039138146652189218585771155757504,0.2777434974781254289696083505968450404294,0.08291260755200000000000000000000000000000,0.3860341600000000000000000000000000000000,1.210184973390411960255634572901984952366e-122,-4.840739893561647841022538291607939809463e-122,4.989720471823966390447213452878918686828e-122,FINITE
210,1.015000000000000000000000000000000000000,0.1944457175697554720507913306911716159918,-0.07692764051434541259000799178435993228427,0.2773583251217554720507913306911716159918,0.08291260755200000000000000000000000000000,0.3860341600000000000000000000000000000000,1.210184973390411960255634572901984952366e-122,0.0,1.210184973390411960255634572901984952366e-122,FINITE
211,1.020000000000000000000000000000000000000,0.1940616120415136607674533962832008044498,-0.07671471831943592666605115562645784006922,0.2769742195935136607674533962832008044498,0.08291260755200000000000000000000000000000,0.3860341600000000000000000000000000000000,1.210184973390411960255634572901984952366e-122,-9.681479787123295682045076583215879618926e-122,9.756823178591322958587864469266398797597e-122,FINITE
212,1.025000000000000000000000000000000000000,0.1936785689152712893369219768666227149158,-0.07650267889954920707581347744215739769306,0.2765911764672712893369219768666227149158,0.08291260755200000000000000000000000000000,0.3860341600000000000000000000000000000000,1.210184973390411960255634572901984952366e-122,0.0,1.210184973390411960255634572901984952366e-122,FINITE
213,1.030000000000000000000000000000000000000,0.1932965837893504005884638983209765137635,-0.07629151738144271710465117055779113689436,0.2762091913413504005884638983209765137635,0.08291260755200000000000000000000000000000,0.3860341600000000000000000000000000000000,1.210184973390411960255634572901984952366e-122,4.840739893561647841022538291607939809463e-122,4.989720471823966390447213452878918686828e-122,FINITE
214,1.035000000000000000000000000000000000000,0.1929156522863551807772509748593673944096,-0.07608122892545518157767821553908131895364,0.2758282598383551807772509748593673944096,0.08291260755200000000000000000000000000000,0.3860341600000000000000000000000000000000,1.210184973390411960255634572901984952366e-122,0.0,1.210184973390411960255634572901984952366e-122,FINITE
215,1.040000000000000000000000000000000000000,0.1925357700530047476590740700072491825998,-0.07587180872522928100600374850258222255574,0.2754483776050047476590740700072491825998,0.08291260755200000000000000000000000000000,0.3860341600000000000000000000000000000000,1.210184973390411960255634572901984952366e-122,0.0,1.210184973390411960255634572901984952366e-122,FINITE
216,1.045000000000000000000000000000000000000,0.1921569327599673184122798500493361115308,-0.07566325200743701363872230516602852534897,0.2750695403119673184122798500493361115308,0.08291260755200000000000000000000000000000,0.3860341600000000000000000000000000000000,1.210184973390411960255634572901984952366e-122,0.0,1.210184973390411960255634572901984952366e-122,FINITE
217,1.050000000000000000000000000000000000000,0.1917791361016957441407878447460219523836,-0.07545555403150769612674822684077469068764,0.2746917436536957441407878447460219523836,0.08291260755200000000000000000000000000000,0.3860341600000000000000000000000000000000,6.050924866952059801278172864509924761828e-122,4.840739893561647841022538291607939809463e-122,7.748964734893173862267352925130106812994e-122,FINITE
218,1.055000000000000000000000000000000000000,0.1914023757962643978376094952203432652041,-0.07524871008935857386594626168520682934761,0.2743149833482643978376094952203432652041,0.08291260755200000000000000000000000000000,0.3860341600000000000000000000000000000000,6.050924866952059801278172864509924761828e-122,4.840739893561647841022538291607939809463e-122,7.748964734893173862267352925130106812994e-122,FINITE
219,1.060000000000000000000000000000000000000,0.1910266475852074028320605269956156146618,-0.07504271550512801244342497315209199061761,0.2739392551372074028320605269956156146618,0.08291260755200000000000000000000000000000,0.3860341600000000000000000000000000000000,1.210184973390411960255634572901984952366e-122,4.840739893561647841022538291607939809463e-122,4.989720471823966390447213452878918686828e-122,FINITE
220,1.065000000000000000000000000000000000000,0.1906519472333581888858577815302814248203,-0.07483756563491124196240236667359641999228,0.2735645547853581888858577815302814248203,0.08291260755200000000000000000000000000000,0.3860341600000000000000000000000000000000,1.210184973390411960255634572901984952366e-122,4.840739893561647841022538291607939809463e-122,4.989720471823966390447213452878918686828e-122,FINITE
221,1.070000000000000000000000000000000000000,0.1902782705286903632435457477676637234927,-0.07463325586649862636779731605200454390773,0.2731908780806903632435457477676637234927,0.08291260755200000000000000000000000000000,0.3860341600000000000000000000000000000000,1.210184973390411960255634572901984952366e-122,-4.840739893561647841022538291607939809463e-122,4.989720471823966390447213452878918686828e-122,FINITE
222,1.075000000000000000000000000000000000000,0.1899056132821598840812302689579584620300,-0.07442978161911643023671786698487448435904,0.2728182208341598840812302689579584620300,0.08291260755200000000000000000000000000000,0.3860341600000000000000000000000000000000,1.210184973390411960255634572901984952366e-122,0.0,1.210184973390411960255634572901984952366e-122,FINITE
223,1.080000000000000000000000000000000000000,0.1895339713275485239344307152578257411259,-0.07422713834317005583537909545540986255501,0.2724465788795485239344307152578257411259,0.08291260755200000000000000000000000000000,0.3860341600000000000000000000000000000000,6.050924866952059801278172864509924761828e-122,9.681479787123295682045076583215879618926e-122,1.141686220526356958465567973581526888389e-121,FINITE
224,1.085000000000000000000000000000000000000,0.1891633405213086108210204143104236396575,-0.07402532151998972357675852752223038746634,0.2720759480733086108210204143104236396575,0.08291260755200000000000000000000000000000,0.3860341600000000000000000000000000000000,1.210184973390411960255634572901984952366e-122,-4.840739893561647841022538291607939809463e-122,4.989720471823966390447213452878918686828e-122,FINITE
225,1.090000000000000000000000000000000000000,0.1887937167424090349087310798200103817767,-0.07382432666157856934155467424078164052574,0.2717063242944090349087310798200103817767,0.08291260755200000000000000000000000000000,0.3860341600000000000000000000000000000000,1.210184973390411960255634572901984952366e-122,-4.840739893561647841022538291607939809463e-122,4.989720471823966390447213452878918686828e-122,FINITE
226,1.095000000000000000000000000000000000000,0.1884250958921825087085727920691362688073,-0.07362414931036313244882137665931344901005,0.2713377034441825087085727920691362688073,0.08291260755200000000000000000000000000000,0.3860341600000000000000000000000000000000,1.210184973390411960255634572901984952366e-122,0.0,1.210184973390411960255634572901984952366e-122,FINITE
227,1.100000000000000000000000000000000000000,0.1880574738941740689057888502584323242643,-0.07342478503894620838207367201079617263600,0.2709700814461740689057888502584323242643,0.08291260755200000000000000000000000000000,0.3860341600000000000000000000000000000000,1.210184973390411960255634572901984952366e-122,0.0,1.210184973390411960255634572901984952366e-122,FINITE
228,1.105000000000000000000000000000000000000,0.1876908466939908080686462916462734652932,-0.07322622944986204069176498890181146937505,0.2706034542459908080686462916462734652932,0.08291260755200000000000000000000000000000,0.3860341600000000000000000000000000000000,1.210184973390411960255634572901984952366e-122,4.840739893561647841022538291607939809463e-122,4.989720471823966390447213452878918686828e-122,FINITE
229,1.110000000000000000000000000000000000000,0.1873252102591528246024794905168295780510,-0.07302847817533382680588480546966131049969,0.2702378178111528246024794905168295780510,0.08291260755200000000000000000000000000000,0.3860341600000000000000000000000000000000,1.210184973390411960255634572901984952366e-122,9.681479787123295682045076583215879618926e-122,9.756823178591322958587864469266398797597e-122,FINITE
230,1.115000000000000000000000000000000000000,0.1869605605789453794419771266566524170052,-0.07283152687703351278708357110593943801822,0.2698731681309453794419771266566524170052,0.08291260755200000000000000000000000000000,0.3860341600000000000000000000000000000000,1.210184973390411960255634572901984952366e-122,4.840739893561647841022538291607939809463e-122,4.989720471823966390447213452878918686828e-122,FINITE
231,1.120000000000000000000000000000000000000,0.1865968936642722480987527509207104378597,-0.07263537124584385237725979054372438423149,0.2695095012162722480987527509207104378597,0.08291260755200000000000000000000000000000,0.3860341600000000000000000000000000000000,1.210184973390411960255634572901984952366e-122,9.681479787123295682045076583215879618926e-122,9.756823178591322958587864469266398797597e-122,FINITE
232,1.125000000000000000000000000000000000000,0.1862342055475102568037866693242446360667,-0.07244000700162270596900378797016618597314,0.2691468130995102568037866693242446360667,0.08291260755200000000000000000000000000000,0.3860341600000000000000000000000000000000,1.210184973390411960255634572901984952366e-122,-9.681479787123295682045076583215879618926e-122,9.756823178591322958587864469266398797597e-122,FINITE
233,1.130000000000000000000000000000000000000,0.1858724922823649916053921086356118163986,-0.07224542989296955543774391292354939790550,0.2687850998343649916053921086356118163986,0.08291260755200000000000000000000000000000,0.3860341600000000000000000000000000000000,1.210184973390411960255634572901984952366e-122,4.840739893561647841022538291607939809463e-122,4.989720471823966390447213452878918686828e-122,FINITE
234,1.135000000000000000000000000000000000000,0.1855117499437276694029615092986948666806,-0.07205163569699421105894295627019528162101,0.2684243574957276694029615092986948666806,0.08291260755200000000000000000000000000000,0.3860341600000000000000000000000000000000,1.210184973390411960255634572901984952366e-122,-4.840739893561647841022538291607939809463e-122,4.989720471823966390447213452878918686828e-122,FINITE
235,1.140000000000000000000000000000000000000,0.1851519746275331600149089160099922033274,-0.07185862021908768702130350022152222522357,0.2680645821795331600149089160099922033274,0.08291260755200000000000000000000000000000,0.3860341600000000000000000000000000000000,1.210184973390411960255634572901984952366e-122,0.0,1.210184973390411960255634572901984952366e-122,FINITE
236,1.145000000000000000000000000000000000000,0.1847931624506191484959611141519934188998,-0.07166637929269522232971808384707848584943,0.2677057700026191484959611141519934188998,0.08291260755200000000000000000000000000000,0.3860341600000000000000000000000000000000,6.050924866952059801278172864509924761828e-122,9.681479787123295682045076583215879618926e-122,1.141686220526356958465567973581526888389e-121,FINITE
237,1.150000000000000000000000000000000000000,0.1844353095505864270342824193153539827094,-0.07147490877909142417069975979902105760417,0.2673479171025864270342824193153539827094,0.08291260755200000000000000000000000000000,0.3860341600000000000000000000000000000000,6.050924866952059801278172864509924761828e-122,9.681479787123295682045076583215879618926e-122,1.141686220526356958465567973581526888389e-121,FINITE
238,1.155000000000000000000000000000000000000,0.1840784120856603058728646156886777327610,-0.07128420456715751108830628206940216915431,0.2669910196376603058728646156886777327610,0.08291260755200000000000000000000000000000,0.3860341600000000000000000000000000000000,1.210184973390411960255634572901984952366e-122,0.0,1.210184973390411960255634572901984952366e-122,FINITE
239,1.160000000000000000000000000000000000000,0.1837224662345531328121929305739972419565,-0.07109426257316063359018134540403858434385,0.2666350737865531328121929305739972419565,0.08291260755200000000000000000000000000000,0.3860341600000000000000000000000000000000,1.210184973390411960255634572901984952366e-122,-4.840739893561647841022538291607939809463e-122,4.989720471823966390447213452878918686828e-122,FINITE
240,1.165000000000000000000000000000000000000,0.1833674681963279109624293295652373196956,-0.07090507874053525007133267044305578012147,0.2662800757483279109624293295652373196956,0.08291260755200000000000000000000000000000,0.3860341600000000000000000000000000000000,1.210184973390411960255634572901984952366e-122,9.681479787123295682045076583215879618926e-122,9.756823178591322958587864469266398797597e-122,FINITE
241,1.170000000000000000000000000000000000000,0.1830134141902630045232537566391050368286,-0.07071664903966653620770211483656689767804,0.2659260217422630045232537566391050368286,0.08291260755200000000000000000000000000000,0.3860341600000000000000000000000000000000,1.210184973390411960255634572901984952366e-122,4.840739893561647841022538291607939809463e-122,4.989720471823966390447213452878918686828e-122,FINITE
242,1.175000000000000000000000000000000000000,0.1826603004557179224780899001944109227301,-0.07052896946767580623250936848749675353876,0.2655729080077179224780899001944109227301,0.08291260755200000000000000000000000000000,0.3860341600000000000000000000000000000000,6.050924866952059801278172864509924761828e-122,4.840739893561647841022538291607939809463e-122,7.748964734893173862267352925130106812994e-122,FINITE
243,1.180000000000000000000000000000000000000,0.1823081232520001701967320567557579928973,-0.07034203604820792476581931309070124734999,0.2652207308040001701967320567557579928973,0.08291260755200000000000000000000000000000,0.3860341600000000000000000000000000000000,1.210184973390411960255634572901984952366e-122,0.0,1.210184973390411960255634572901984952366e-122,FINITE
244,1.185000000000000000000000000000000000000,0.1819568788582331590464008517246914218930,-0.07015584483122068812184413227375207781961,0.2648694864102331590464008517246914218930,0.08291260755200000000000000000000000000000,0.3860341600000000000000000000000000000000,1.210184973390411960255634572901984952366e-122,0.0,1.210184973390411960255634572901984952366e-122,FINITE
245,1.190000000000000000000000000000000000000,0.1816065635732251642160048746114305751247,-0.06997039189277615426919429048127451345479,0.2645191711252251642160048746114305751247,0.08291260755200000000000000000000000000000,0.3860341600000000000000000000000000000000,6.050924866952059801278172864509924761828e-122,9.681479787123295682045076583215879618926e-122,1.141686220526356958465567973581526888389e-121,FINITE
246,1.195000000000000000000000000000000000000,0.1812571737153393210618893622684137555882,-0.06978567333483390086668631313918501123801,0.2641697812673393210618893622684137555882,0.08291260755200000000000000000000000000000,0.3860341600000000000000000000000000000000,1.210184973390411960255634572901984952366e-122,0.0,1.210184973390411960255634572901984952366e-122,FINITE
247,1.200000000000000000000000000000000000000,0.1809087056223646503856283435777337763375,-0.06960168528504619104144788316948808734035,0.2638213131743646503856283435777337763375,0.08291260755200000000000000000000000000000,0.3860341600000000000000000000000000000000,1.210184973390411960255634572901984952366e-122,0.0,1.210184973390411960255634572901984952366e-122,FINITE
248,1.205000000000000000000000000000000000000,0.1805611556513881031554793305955175054992,-0.06941842389655502681697934710662795744773,0.2634737632033881031554793305955175054992,0.08291260755200000000000000000000000000000,0.3860341600000000000000000000000000000000,1.210184973390411960255634572901984952366e-122,0.0,1.210184973390411960255634572901984952366e-122,FINITE
249,1.210000000000000000000000000000000000000,0.1802145201786676152829856578354077504602,-0.06923588534779107033658178028019689696396,0.2631271277306676152829856578354077504602,0.08291260755200000000000000000000000000000,0.3860341600000000000000000000000000000000,1.210184973390411960255634572901984952366e-122,0.0,1.210184973390411960255634572901984952366e-122,FINITE
250,1.215000000000000000000000000000000000000,0.1798687955995061631648966561128571532356,-0.06905406584227441326219104476363854647725,0.2627814031515061631648966561128571532356,0.08291260755200000000000000000000000000000,0.3860341600000000000000000000000000000000,1.210184973390411960255634572901984952366e-122,0.0,1.210184973390411960255634572901984952366e-122,FINITE
251,1.220000000000000000000000000000000000000,0.1795239783281268107980954961592598262413,-0.06887296160841717496020981611746011670992,0.2624365858801268107980954961592598262413,0.08291260755200000000000000000000000000000,0.3860341600000000000000000000000000000000,1.210184973390411960255634572901984952366e-122,-9.681479787123295682045076583215879618926e-122,9.756823178591322958587864469266398797597e-122,FINITE
252,1.225000000000000000000000000000000000000,0.1791800647975487393715940226611859456244,-0.06869256889932791031444967779326811557549,0.2620926723495487393715940226611859456244,0.08291260755200000000000000000000000000000,0.3860341600000000000000000000000000000000,6.050924866952059801278172864509924761828e-122,9.681479787123295682045076583215879618926e-122,1.141686220526356958465567973581526888389e-121,FINITE
253,1.230000000000000000000000000000000000000,0.1788370514594642503348882742282641518537,-0.06851288399261780823182671220043424572705,0.2617496590114642503348882742282641518537,0.08291260755200000000000000000000000000000,0.3860341600000000000000000000000000000000,1.210184973390411960255634572901984952366e-122,0.0,1.210184973390411960255634572901984952366e-122,FINITE
254,1.235000000000000000000000000000000000000,0.1784949347841167330360824853671610027416,-0.06833390319020866212903949784501019369141,0.2614075423361167330360824853671610027416,0.08291260755200000000000000000000000000000,0.3860341600000000000000000000000000000000,1.210184973390411960255634572901984952366e-122,0.0,1.210184973390411960255634572901984952366e-122,FINITE
255,1.240000000000000000000000000000000000000,0.1781537112601795881161978161326794388839,-0.06815562281814259390814032338739597404722,0.2610663188121795881161978161326794388839,0.08291260755200000000000000000000000000000,0.3860341600000000000000000000000000000000,6.050924866952059801278172864509924761828e-122,4.840739893561647841022538291607939809463e-122,7.748964734893173862267352925130106812994e-122,FINITE
256,1.245000000000000000000000000000000000000,0.1778133773946360979379992673372819652349,-0.06797803922639351314573036185486514126454,0.2607259849466360979379992673372819652349,0.08291260755200000000000000000000000000000,0.3860341600000000000000000000000000000000,6.050924866952059801278172864509924761828e-122,0.0,6.050924866952059801278172864509924761828e-122,FINITE
257,1.250000000000000000000000000000000000000,0.1774739297126602354185144212035174433762,-0.06780114878868029343450847185527003390801,0.2603865372646602354185144212035174433762,0.08291260755200000000000000000000000000000,0.3860341600000000000000000000000000000000,6.050924866952059801278172864509924761828e-122,4.840739893561647841022538291607939809463e-122,7.748964734893173862267352925130106812994e-122,FINITE
258,1.255000000000000000000000000000000000000,0.1771353647574984027241948031159667859118,-0.06762494790228164802712152905532076011812,0.2600479723094984027241948031159667859118,0.08291260755200000000000000000000000000000,0.3860341600000000000000000000000000000000,1.210184973390411960255634572901984952366e-122,0.0,1.210184973390411960255634572901984952366e-122,FINITE
259,1.260000000000000000000000000000000000000,0.1767976790903520913763985936127809925762,-0.06744943298785268714074143408997937812962,0.2597102866423520913763985936127809925762,0.08291260755200000000000000000000000000000,0.3860341600000000000000000000000000000000,1.210184973390411960255634572901984952366e-122,0.0,1.210184973390411960255634572901984952366e-122,FINITE
260,1.265000000000000000000000000000000000000,0.1764608692902614554025657379733146106872,-0.06727460048924313948656926881013584519024,0.2593734768422614554025657379733146106872,0.08291260755200000000000000000000000000000,0.3860341600000000000000000000000000000000,1.210184973390411960255634572901984952366e-122,4.840739893561647841022538291607939809463e-122,4.989720471823966390447213452878918686828e-122,FINITE
261,1.270000000000000000000000000000000000000,0.1761249319539897892551266168692911356503,-0.06710044687331722079157895076488156804779,0.2590375395059897892551266168692911356503,0.08291260755200000000000000000000000000000,0.3860341600000000000000000000000000000000,1.210184973390411960255634572901984952366e-122,0.0,1.210184973390411960255634572901984952366e-122,FINITE
262,1.275000000000000000000000000000000000000,0.1757898636959089023058465778629144245720,-0.06692696862977513228029903872254950448710,0.2587024712479089023058465778629144245720,0.08291260755200000000000000000000000000000,0.3860341600000000000000000000000000000000,1.210184973390411960255634572901984952366e-122,0.0,1.210184973390411960255634572901984952366e-122,FINITE
263,1.280000000000000000000000000000000000000,0.1754556611478853818079738184745006734264,-0.06675416227097617228232935580569957153096,0.2583682686998853818079738184745006734264,0.08291260755200000000000000000000000000000,0.3860341600000000000000000000000000000000,1.210184973390411960255634572901984952366e-122,0.0,1.210184973390411960255634572901984952366e-122,FINITE
264,1.285000000000000000000000000000000000000,0.1751223209591677363022402065392543067952,-0.06658202433176344432663553050247980875620,0.2580349285111677363022402065392543067952,0.08291260755200000000000000000000000000000,0.3860341600000000000000000000000000000000,1.210184973390411960255634572901984952366e-122,9.681479787123295682045076583215879618926e-122,9.756823178591322958587864469266398797597e-122,FINITE
265,1.290000000000000000000000000000000000000,0.1747898397962744115254762899392612658300,-0.06641055136929014527649555123907503117565,0.2577024473482744115254762899392612658300,0.08291260755200000000000000000000000000000,0.3860341600000000000000000000000000000000,6.050924866952059801278172864509924761828e-122,4.840739893561647841022538291607939809463e-122,7.748964734893173862267352925130106812994e-122,FINITE
266,1.295000000000000000000000000000000000000,0.1744582143428826709623554735333370299180,-0.06623973996284741724932357142295681673479,0.2573708218948826709623554735333370299180,0.08291260755200000000000000000000000000000,0.3860341600000000000000000000000000000000,1.210184973390411960255634572901984952366e-122,4.840739893561647841022538291607939809463e-122,4.989720471823966390447213452878918686828e-122,FINITE
267,1.300000000000000000000000000000000000000,0.1741274412997183332615904376693594214188,-0.06606958671369374725350252452364793969091,0.2570400488517183332615904376693594214188,0.08291260755200000000000000000000000000000,0.3860341600000000000000000000000000000000,6.050924866952059801278172864509924761828e-122,4.840739893561647841022538291607939809463e-122,7.748964734893173862267352925130106812994e-122,FINITE
268,1.305000000000000000000000000000000000000,0.1737975173844463588177794776803152060307,-0.06590008824488589865985310918301528950895,0.2567101249364463588177794776803152060307,0.08291260755200000000000000000000000000000,0.3860341600000000000000000000000000000000,1.210184973390411960255634572901984952366e-122,0.0,1.210184973390411960255634572901984952366e-122,FINITE
269,1.310000000000000000000000000000000000000,0.1734684393315622778990535237134779640467,-0.06573124120111135880848634856545885636307,0.2563810468835622778990535237134779640467,0.08291260755200000000000000000000000000000,0.3860341600000000000000000000000000000000,6.050924866952059801278172864509924761828e-122,4.840739893561647841022538291607939809463e-122,7.748964734893173862267352925130106812994e-122,FINITE
270,1.315000000000000000000000000000000000000,0.1731402038922844527787179530761418147369,-0.06556304224852228723256366070350928009245,0.2560528114442844527787179530761418147369,0.08291260755200000000000000000000000000000,0.3860341600000000000000000000000000000000,1.210184973390411960255634572901984952366e-122,0.0,1.210184973390411960255634572901984952366e-122,FINITE
271,1.320000000000000000000000000000000000000,0.1728128078344471664062285650183694443927,-0.06539548807457094915895512917175732914551,0.2557254153864471664062285650183694443927,0.08291260755200000000000000000000000000000,0.3860341600000000000000000000000000000000,6.050924866952059801278172864509924761828e-122,4.840739893561647841022538291607939809463e-122,7.748964734893173862267352925130106812994e-122,FINITE
272,1.325000000000000000000000000000000000000,0.1724862479423945302290997191362681228173,-0.06522857538784661912197586341690113106458,0.2553988554943945302290997191362681228173,0.08291260755200000000000000000000000000000,0.3860341600000000000000000000000000000000,1.210184973390411960255634572901984952366e-122,4.840739893561647841022538291607939809463e-122,4.989720471823966390447213452878918686828e-122,FINITE
273,1.330000000000000000000000000000000000000,0.1721605210168752038527259510978134792714,-0.06506230091791393970032391690506914303206,0.2550731285688752038527259510978134792714,0.08291260755200000000000000000000000000000,0.3860341600000000000000000000000000000000,1.210184973390411960255634572901984952366e-122,-4.840739893561647841022538291607939809463e-122,4.989720471823966390447213452878918686828e-122,FINITE
274,1.335000000000000000000000000000000000000,0.1718356238749379192996175224623031842399,-0.06489666141515272055907263258363572490330,0.2547482314269379192996175224623031842399,0.08291260755200000000000000000000000000000,0.3860341600000000000000000000000000000000,1.210184973390411960255634572901984952366e-122,0.0,1.210184973390411960255634572901984952366e-122,FINITE
275,1.340000000000000000000000000000000000000,0.1715115533498278027032163282634939334076,-0.06473165365059916314811647296195868113590,0.2544241609018278027032163282634939334076,0.08291260755200000000000000000000000000000,0.3860341600000000000000000000000000000000,6.050924866952059801278172864509924761828e-122,0.0,6.050924866952059801278172864509924761828e-122,FINITE
276,1.345000000000000000000000000000000000000,0.1711883062908834863442822163975797112375,-0.06456727441578849657586285858446893679997,0.2541009138428834863442822163975797112375,0.08291260755200000000000000000000000000000,0.3860341600000000000000000000000000000000,1.210184973390411960255634572901984952366e-122,-4.840739893561647841022538291607939809463e-122,4.989720471823966390447213452878918686828e-122,FINITE
277,1.350000000000000000000000000000000000000,0.1708658795634350040098317550448914271165,-0.06440352052259901034223331199044420027177,0.2537784871154350040098317550448914271165,0.08291260755200000000000000000000000000000,0.3860341600000000000000000000000000000000,1.210184973390411960255634572901984952366e-122,0.0,1.210184973390411960255634572901984952366e-122,FINITE
278,1.355000000000000000000000000000000000000,0.1705442700487024627257823577061287879805,-0.06424038880309746977821485625660451554992,0.2534568776007024627257823577061287879805,0.08291260755200000000000000000000000000000,0.3860341600000000000000000000000000000000,1.210184973390411960255634572901984952366e-122,-4.840739893561647841022538291607939809463e-122,4.989720471823966390447213452878918686828e-122,FINITE
279,1.360000000000000000000000000000000000000,0.1702234746436954839848148325637621221310,-0.06407787610938590020031627087340443617059,0.2531360821956954839848148325637621221310,0.08291260755200000000000000000000000000000,0.3860341600000000000000000000000000000000,1.210184973390411960255634572901984952366e-122,-4.840739893561647841022538291607939809463e-122,4.989720471823966390447213452878918686828e-122,FINITE
280,1.365000000000000000000000000000000000000,0.1699034902611134076605271118925501047336,-0.06391597931344972594736214450002815188132,0.2528160978131134076605271118925501047336,0.08291260755200000000000000000000000000000,0.3860341600000000000000000000000000000000,1.210184973390411960255634572901984952366e-122,4.840739893561647841022538291607939809463e-122,4.989720471823966390447213452878918686828e-122,FINITE
281,1.370000000000000000000000000000000000000,0.1695843138292462518677212439266631959968,-0.06375469530700725062412893131873075765953,0.2524969213812462518677212439266631959968,0.08291260755200000000000000000000000000000,0.3860341600000000000000000000000000000000,1.210184973390411960255634572901984952366e-122,4.840739893561647841022538291607939809463e-122,4.989720471823966390447213452878918686828e-122,FINITE
282,1.375000000000000000000000000000000000000,0.1692659422918764220966546595659906486489,-0.06359402100136046503141923537753224362537,0.2521785498438764220966546595659906486489,0.08291260755200000000000000000000000000000,0.3860341600000000000000000000000000000000,1.210184973390411960255634572901984952366e-122,9.681479787123295682045076583215879618926e-122,9.756823178591322958587864469266398797597e-122,FINITE
283,1.380000000000000000000000000000000000000,0.1689483726081811630163050871448364451119,-0.06343395332724716941531071543982392265482,0.2518609801601811630163050871448364451119,0.08291260755200000000000000000000000000000,0.3860341600000000000000000000000000000000,6.050924866952059801278172864509924761828e-122,9.681479787123295682045076583215879618926e-122,1.141686220526356958465567973581526888389e-121,FINITE
284,1.385000000000000000000000000000000000000,0.1686316017526357464081559718025586084205,-0.06327448923469439681953130814105613273798,0.2515442093046357464081559718025586084205,0.08291260755200000000000000000000000000000,0.3860341600000000000000000000000000000000,1.210184973390411960255634572901984952366e-122,9.681479787123295682045076583215879618926e-122,9.756823178591322958587864469266398797597e-122,FINITE
285,1.390000000000000000000000000000000000000,0.1683156267149173887577154194836228870219,-0.06311562569287312447422948984411692546291,0.2512282342669173887577154194836228870219,0.08291260755200000000000000000000000000000,0.3860341600000000000000000000000000000000,1.210184973390411960255634572901984952366e-122,-4.840739893561647841022538291607939809463e-122,4.989720471823966390447213452878918686828e-122,FINITE
286,1.395000000000000000000000000000000000000,0.1680004444998098920959459550515867944933,-0.06295735968995426030185321773709048324576,0.2509130520518098920959459550515867944933,0.08291260755200000000000000000000000000000,0.3860341600000000000000000000000000000000,6.050924866952059801278172864509924761828e-122,9.681479787123295682045076583215879618926e-122,1.141686220526356958465567973581526888389e-121,FINITE
287,1.400000000000000000000000000000000000000,0.1676860521271090017470140553101914083394,-0.06279968823296589176644979528359753115373,0.2505986596791090017470140553101914083394,0.08291260755200000000000000000000000000000,0.3860341600000000000000000000000000000000,6.050924866952059801278172864509924761828e-122,1.452221968068494352306761487482381942839e-121,1.573240465407535548332324944772580438075e-121,FINITE
288,1.405000000000000000000000000000000000000,0.1673724466315284747022766588033793439595,-0.06264260834765178443647659596963095249598,0.2502850541835284747022766588033793439595,0.08291260755200000000000000000000000000000,0.3860341600000000000000000000000000000000,1.210184973390411960255634572901984952366e-122,0.0,1.210184973390411960255634572901984952366e-122,FINITE
289,1.410000000000000000000000000000000000000,0.1670596250626068524032157069881648756336,-0.06248611707833111777319437152756731995273,0.2499722326146068524032157069881648756336,0.08291260755200000000000000000000000000000,0.3860341600000000000000000000000000000000,-1.210184973390411960255634572901984952366e-122,0.0,1.210184973390411960255634572901984952366e-122,FINITE
290,1.415000000000000000000000000000000000000,0.1667475844846149317781201534565703191939,-0.06233021148775944579692541105119001216542,0.2496601920366149317781201534565703191939,0.08291260755200000000000000000000000000000,0.3860341600000000000000000000000000000000,3.630554920171235880766903718705954857097e-122,4.840739893561647841022538291607939809463e-122,6.050924866952059801278172864509924761828e-122,FINITE
291,1.420000000000000000000000000000000000000,0.1664363219764639284387065847427541574784,-0.06217488865699087042192238176257737357280,0.2493489295284639284387065847427541574784,0.08291260755200000000000000000000000000000,0.3860341600000000000000000000000000000000,1.210184973390411960255634572901984952366e-122,4.840739893561647841022538291607939809463e-122,4.989720471823966390447213452878918686828e-122,FINITE
292,1.425000000000000000000000000000000000000,0.1661258346316143260035733028345954114800,-0.06202014568524141538733418425519014513380,0.2490384421836143260035733028345954114800,0.08291260755200000000000000000000000000000,0.3860341600000000000000000000000000000000,1.210184973390411960255634572901984952366e-122,4.840739893561647841022538291607939809463e-122,4.989720471823966390447213452878918686828e-122,FINITE
293,1.430000000000000000000000000000000000000,0.1658161195579854055754069820870200824581,-0.06186597968975358884679615176241938192693,0.2487287271099854055754069820870200824581,0.08291260755200000000000000000000000000000,0.3860341600000000000000000000000000000000,-1.210184973390411960255634572901984952366e-122,4.840739893561647841022538291607939809463e-122,4.989720471823966390447213452878918686828e-122,FINITE
294,1.435000000000000000000000000000000000000,0.1655071738778654494582142711738213717306,-0.06171238780566212281253662043006320423951,0.2484197814298654494582142711738213717306,0.08291260755200000000000000000000000000000,0.3860341600000000000000000000000000000000,1.210184973390411960255634572901984952366e-122,0.0,1.210184973390411960255634572901984952366e-122,FINITE
295,1.440000000000000000000000000000000000000,0.1651989947278226132595412882174362845937,-0.06155936718586087778160315650094249377506,0.2481116022798226132595412882174362845937,0.08291260755200000000000000000000000000000,0.3860341600000000000000000000000000000000,-1.210184973390411960255634572901984952366e-122,4.840739893561647841022538291607939809463e-122,4.989720471823966390447213452878918686828e-122,FINITE
296,1.445000000000000000000000000000000000000,0.1648915792586164605806800650514344114572,-0.06140691500087090100189206785734474271341,0.2478041868106164605806800650514344114572,0.08291260755200000000000000000000000000000,0.3860341600000000000000000000000000000000,-1.210184973390411960255634572901984952366e-122,4.840739893561647841022538291607939809463e-122,4.989720471823966390447213452878918686828e-122,FINITE
297,1.450000000000000000000000000000000000000,0.1645849246351101545552507336799765104850,-0.06125502843870962696413643839165674520928,0.2474975321871101545552507336799765104850,0.08291260755200000000000000000000000000000,0.3860341600000000000000000000000000000000,1.210184973390411960255634572901984952366e-122,4.840739893561647841022538291607939809463e-122,4.989720471823966390447213452878918686828e-122,FINITE
298,1.455000000000000000000000000000000000000,0.1642790280361833005532996032738090344860,-0.06110370470476120883289266220598158921542,0.2471916355881833005532996032738090344860,0.08291260755200000000000000000000000000000,0.3860341600000000000000000000000000000000,1.210184973390411960255634572901984952366e-122,0.0,1.210184973390411960255634572901984952366e-122,FINITE
299,1.460000000000000000000000000000000000000,0.1639738866546454344241741298761264102573,-0.06095294102164796965488485510959065795802,0.2468864942066454344241741298761264102573,0.08291260755200000000000000000000000000000,0.3860341600000000000000000000000000000000,1.210184973390411960255634572901984952366e-122,9.681479787123295682045076583215879618926e-122,9.756823178591322958587864469266398797597e-122,FINITE
300,1.465000000000000000000000000000000000000,0.1636694976971501507069339069024966040658,-0.06080273462910296230684179931707116316123,0.2465821052491501507069339069024966040658,0.08291260755200000000000000000000000000000,0.3860341600000000000000000000000000000000,1.210184973390411960255634572901984952366e-122,0.0,1.210184973390411960255634572901984952366e-122,FINITE
301,1.470000000000000000000000000000000000000,0.1633658583841098652919398707308846859676,-0.06065308278384362726721313636869522814545,0.2462784659361098652919398707308846859676,0.08291260755200000000000000000000000000000,0.3860341600000000000000000000000000000000,1.210184973390411960255634572901984952366e-122,4.840739893561647841022538291607939809463e-122,4.989720471823966390447213452878918686828e-122,FINITE
302,1.475000000000000000000000000000000000000,0.1630629659496112070715394866737340027645,-0.06050398275944653741690095751316203628145,0.2459755735016112070715394866737340027645,0.08291260755200000000000000000000000000000,0.3860341600000000000000000000000000000000,-1.210184973390411960255634572901984952366e-122,0.0,1.210184973390411960255634572901984952366e-122,FINITE
303,1.480000000000000000000000000000000000000,0.1627608176413310331714412186755992957726,-0.06035543184622321919341004114355379068013,0.2456734251933310331714412186755992957726,0.08291260755200000000000000000000000000000,0.3860341600000000000000000000000000000000,-1.210184973390411960255634572901984952366e-122,9.681479787123295682045076583215879618926e-122,9.756823178591322958587864469266398797597e-122,FINITE
304,1.485000000000000000000000000000000000000,0.1624594107204530624074544527517004041689,-0.06020742735109703954062474584474103292617,0.2453720182724530624074544527517004041689,0.08291260755200000000000000000000000000000,0.3860341600000000000000000000000000000000,-1.210184973390411960255634572901984952366e-122,0.0,1.210184973390411960255634572901984952366e-122,FINITE
305,1.490000000000000000000000000000000000000,0.1621587424615851216647685018137354671754,-0.06005996659748114821278268388458576147730,0.2450713500135851216647685018137354671754,0.08291260755200000000000000000000000000000,0.3860341600000000000000000000000000000000,-1.210184973390411960255634572901984952366e-122,0.0,1.210184973390411960255634572901984952366e-122,FINITE
306,1.495000000000000000000000000000000000000,0.1618588101526769999488635326894027394812,-0.05991304692515746510615418312895247410555,0.2447714177046769999488635326894027394812,0.08291260755200000000000000000000000000000,0.3860341600000000000000000000000000000000,-1.210184973390411960255634572901984952366e-122,-9.681479787123295682045076583215879618926e-122,9.756823178591322958587864469266398797597e-122,FINITE
307,1.500000000000000000000000000000000000000,0.1615596110949389049084942930667658384537,-0.05976666569015670240547132041695035454592,0.2444722186469389049084942930667658384537,0.08291260755200000000000000000000000000000,0.3860341600000000000000000000000000000000,1.210184973390411960255634572901984952366e-122,0.0,1.210184973390411960255634572901984952366e-122,FINITE
308,1.505000000000000000000000000000000000000,0.1612611426027605166819713500960285927228,-0.05962082026463941144429982141469105572593,0.2441737501547605166819713500960285927228,0.08291260755200000000000000000000000000000,0.3860341600000000000000000000000000000000,-1.210184973390411960255634572901984952366e-122,-4.840739893561647841022538291607939809463e-122,4.989720471823966390447213452878918686828e-122,FINITE
309,1.510000000000000000000000000000000000000,0.1609634020036306339681910632373378043139,-0.05947550803677804428932994030747104360220,0.2438760095556306339681910632373378043139,0.08291260755200000000000000000000000000000,0.3860341600000000000000000000000000000000,1.210184973390411960255634572901984952366e-122,4.840739893561647841022538291607939809463e-122,4.989720471823966390447213452878918686828e-122,FINITE
310,1.515000000000000000000000000000000000000,0.1606663866380574072735414892644646859949,-0.05933072641064002016799685560414103771417,0.2435789941900574072735414892644646859949,0.08291260755200000000000000000000000000000,0.3860341600000000000000000000000000000000,-1.210184973390411960255634572901984952366e-122,-4.840739893561647841022538291607939809463e-122,4.989720471823966390447213452878918686828e-122,FINITE
311,1.520000000000000000000000000000000000000,0.1603700938594891543349435539092351895731,-0.05918647280607178696694517709044268691109,0.2432827014114891543349435539092351895731,0.08291260755200000000000000000000000000000,0.3860341600000000000000000000000000000000,3.630554920171235880766903718705954857097e-122,9.681479787123295682045076583215879618926e-122,1.033982494517467658345831011107296046998e-121,FINITE
312,1.525000000000000000000000000000000000000,0.1600745210342357527678817297511537112634,-0.05904274465858386813564362213513494113796,0.2429871285862357527678817297511537112634,0.08291260755200000000000000000000000000000,0.3860341600000000000000000000000000000000,1.210184973390411960255634572901984952366e-122,4.840739893561647841022538291607939809463e-122,4.989720471823966390447213452878918686828e-122,FINITE
313,1.530000000000000000000000000000000000000,0.1597796655413906050363426527169487100423,-0.05889953941923688543495229709850596577956,0.2426922730933906050363426527169487100423,0.08291260755200000000000000000000000000000,0.3860341600000000000000000000000000000000,-1.210184973390411960255634572901984952366e-122,4.840739893561647841022538291607939809463e-122,4.989720471823966390447213452878918686828e-122,FINITE
314,1.535000000000000000000000000000000000000,0.1594855247727531708891200221399972847633,-0.05875685455452854807466356698360596081479,0.2423981323247531708891200221399972847633,0.08291260755200000000000000000000000000000,0.3860341600000000000000000000000000000000,-1.210184973390411960255634572901984952366e-122,4.840739893561647841022538291607939809463e-122,4.989720471823966390447213452878918686828e-122,FINITE
315,1.540000000000000000000000000000000000000,0.1591920961327520624539661082745802062943,-0.05861468754628159888699521866672646823346,0.2421047036847520624539661082745802062943,0.08291260755200000000000000000000000000000,0.3860341600000000000000000000000000000000,1.210184973390411960255634572901984952366e-122,4.840739893561647841022538291607939809463e-122,4.989720471823966390447213452878918686828e-122,FINITE
316,1.545000000000000000000000000000000000000,0.1588993770383686972275804985927508476543,-0.05847303589153270828472827843503519486337,0.2418119845903686972275804985927508476543,0.08291260755200000000000000000000000000000,0.3860341600000000000000000000000000000000,3.630554920171235880766903718705954857097e-122,0.0,3.630554920171235880766903718705954857097e-122,FINITE
317,1.550000000000000000000000000000000000000,0.1586073649190615042454315290567474837854,-0.05833189710242230685316794883337438386307,0.2415199724710615042454315290567474837854,0.08291260755200000000000000000000000000000,0.3860341600000000000000000000000000000000,3.630554920171235880766903718705954857097e-122,9.681479787123295682045076583215879618926e-122,1.033982494517467658345831011107296046998e-121,FINITE
318,1.555000000000000000000000000000000000000,0.1583160572166906787609112658221962117470,-0.05819126870608534752438095976758498563556,0.2412286647686906787609112658221962117470,0.08291260755200000000000000000000000000000,0.3860341600000000000000000000000000000000,-1.210184973390411960255634572901984952366e-122,0.0,1.210184973390411960255634572901984952366e-122,FINITE
319,1.560000000000000000000000000000000000000,0.1580254513854434808083369426572006384137,-0.05805114824454298838024222605701735679917,0.2409380589374434808083369426572006384137,0.08291260755200000000000000000000000000000,0.3860341600000000000000000000000000000000,3.630554920171235880766903718705954857097e-122,9.681479787123295682045076583215879618926e-122,1.033982494517467658345831011107296046998e-121,FINITE
320,1.565000000000000000000000000000000000000,0.1577355448917600730688363563022383655631,-0.05791153327459518722772387831915341427272,0.2406481524437600730688363563022383655631,0.08291260755200000000000000000000000000000,0.3860341600000000000000000000000000000000,-1.210184973390411960255634572901984952366e-122,0.0,1.210184973390411960255634572901984952366e-122,FINITE
321,1.570000000000000000000000000000000000000,0.1574463352142598935021977341084684386916,-0.05777242136771419918559606848021698758640,0.2403589427662598935021977341084684386916,0.08291260755200000000000000000000000000000,0.3860341600000000000000000000000000000000,1.210184973390411960255634572901984952366e-122,4.840739893561647841022538291607939809463e-122,4.989720471823966390447213452878918686828e-122,FINITE
322,1.575000000000000000000000000000000000000,0.1571578198436685582513317962913622513935,-0.05763381010993896861629680329737624710690,0.2400704273956685582513317962913622513935,0.08291260755200000000000000000000000000000,0.3860341600000000000000000000000000000000,-1.210184973390411960255634572901984952366e-122,0.0,1.210184973390411960255634572901984952366e-122,FINITE
323,1.580000000000000000000000000000000000000,0.1568699962827452903690908434999639383969,-0.05749569710177040683018256618915175363354,0.2397826038347452903690908434999639383969,0.08291260755200000000000000000000000000000,0.3860341600000000000000000000000000000000,1.210184973390411960255634572901984952366e-122,4.840739893561647841022538291607939809463e-122,4.989720471823966390447213452878918686828e-122,FINITE
324,1.585000000000000000000000000000000000000,0.1565828620462108699598223384662181153317,-0.05735807995806754708170756915337476865558,0.2394954695982108699598223384662181153317,0.08291260755200000000000000000000000000000,0.3860341600000000000000000000000000000000,-1.210184973390411960255634572901984952366e-122,0.0,1.210184973390411960255634572901984952366e-122,FINITE
325,1.590000000000000000000000000000000000000,0.1562964146606761013702081735379795932190,-0.05722095630794456846831183835088381964957,0.2392090222126761013702081735379795932190,0.08291260755200000000000000000000000000000,0.3860341600000000000000000000000000000000,1.210184973390411960255634572901984952366e-122,9.681479787123295682045076583215879618926e-122,9.756823178591322958587864469266398797597e-122,FINITE
326,1.595000000000000000000000000000000000000,0.1560106516645707931056611061872146962993,-0.05708432379466868043294147410600386686864,0.2389232592165707931056611061872146962993,0.08291260755200000000000000000000000000000,0.3860341600000000000000000000000000000000,-1.210184973390411960255634572901984952366e-122,0.0,1.210184973390411960255634572901984952366e-122,FINITE
327,1.600000000000000000000000000000000000000,0.1557255706080732461898221124398012427196,-0.05694818007555885966019262625923800592716,0.2386381781600732461898221124398012427196,0.08291260755200000000000000000000000000000,0.3860341600000000000000000000000000000000,-1.210184973390411960255634572901984952366e-122,4.840739893561647841022538291607939809463e-122,4.989720471823966390447213452878918686828e-122,FINITE
328,1.605000000000000000000000000000000000000,0.1554411690530402467255319929871795462291,-0.05681252282188543124407807243229215642942,0.2383537766050402467255319929871795462291,0.08291260755200000000000000000000000000000,0.3860341600000000000000000000000000000000,3.630554920171235880766903718705954857097e-122,4.840739893561647841022538291607939809463e-122,6.050924866952059801278172864509924761828e-122,FINITE
329,1.610000000000000000000000000000000000000,0.1551574445729375584560427379916328687554,-0.05667734971877048609237566220873792152361,0.2380700521249375584560427379916328687554,0.08291260755200000000000000000000000000000,0.3860341600000000000000000000000000000000,-1.210184973390411960255634572901984952366e-122,0.0,1.210184973390411960255634572901984952366e-122,FINITE
330,1.615000000000000000000000000000000000000,0.1548743947527709111651941148491701655429,-0.05654265846508912661844497892851835448069,0.2377870023047709111651941148491701655429,0.08291260755200000000000000000000000000000,0.3860341600000000000000000000000000000000,1.210184973390411960255634572901984952366e-122,1.452221968068494352306761487482381942839e-121,1.457255681491388302233693980639066144224e-121,FINITE
331,1.620000000000000000000000000000000000000,0.1545920171890174807948138210561574392072,-0.05640844677337153285630586228338418109555,0.2375046247410174807948138210561574392072,0.08291260755200000000000000000000000000000,0.3860341600000000000000000000000000000000,3.630554920171235880766903718705954857097e-122,4.840739893561647841022538291607939809463e-122,6.050924866952059801278172864509924761828e-122,FINITE
332,1.625000000000000000000000000000000000000,0.1543103094895578571967104075005559343310,-0.05627471236970584121867322683786329073665,0.2372229170415578571967104075005559343310,0.08291260755200000000000000000000000000000,0.3860341600000000000000000000000000000000,1.210184973390411960255634572901984952366e-122,4.840739893561647841022538291607939809463e-122,4.989720471823966390447213452878918686828e-122,FINITE
333,1.630000000000000000000000000000000000000,0.1540292692736084954753220256137174576910,-0.05614145299364182820055001270709336115902,0.2369418768256084954753220256137174576910,0.08291260755200000000000000000000000000000,0.3860341600000000000000000000000000000000,-1.210184973390411960255634572901984952366e-122,0.0,1.210184973390411960255634572901984952366e-122,FINITE
334,1.635000000000000000000000000000000000000,0.1537488941716546469153658194446718516627,-0.05600866639809539141290703758994482663327,0.2366615017236546469153658194446718516627,0.08291260755200000000000000000000000000000,0.3860341600000000000000000000000000000000,3.630554920171235880766903718705954857097e-122,0.0,3.630554920171235880766903718705954857097e-122,FINITE
335,1.640000000000000000000000000000000000000,0.1534691818253837655267073412718882144771,-0.05587635034925382041193772370168176737430,0.2363817893773837655267073412718882144771,0.08291260755200000000000000000000000000000,0.3860341600000000000000000000000000000000,1.210184973390411960255634572901984952366e-122,-4.840739893561647841022538291607939809463e-122,4.989720471823966390447213452878918686828e-122,FINITE
336,1.645000000000000000000000000000000000000,0.1531901298876193862761415240182465353302,-0.05574450262648184986937970802992982041671,0.2361027374396193862761415240182465353302,0.08291260755200000000000000000000000000000,0.3860341600000000000000000000000000000000,-1.210184973390411960255634572901984952366e-122,0.0,1.210184973390411960255634572901984952366e-122,FINITE
337,1.650000000000000000000000000000000000000,0.1529117360222554711128512403034342581902,-0.05561312102222848770845659130562773448227,0.2358243435742554711128512403034342581902,0.08291260755200000000000000000000000000000,0.3860341600000000000000000000000000000000,1.210184973390411960255634572901984952366e-122,4.840739893561647841022538291607939809463e-122,4.989720471823966390447213452878918686828e-122,FINITE
338,1.655000000000000000000000000000000000000,0.1526339979041912189309909998047535364985,-0.05548220334193461090812374680887407793059,0.2355466054561912189309909998047535364985,0.08291260755200000000000000000000000000000,0.3860341600000000000000000000000000000000,-1.210184973390411960255634572901984952366e-122,0.0,1.210184973390411960255634572901984952366e-122,FINITE
339,1.660000000000000000000000000000000000000,0.1523569132192663356491365064512297832373,-0.05535174740394132175551422908016196293594,0.2352695207712663356491365064512297832373,0.08291260755200000000000000000000000000000,0.3860341600000000000000000000000000000000,3.630554920171235880766903718705954857097e-122,4.840739893561647841022538291607939809463e-122,6.050924866952059801278172864509924761828e-122,FINITE
340,1.665000000000000000000000000000000000000,0.1520804796641967606222501778485195724460,-0.05522175103939905740278625966139981052577,0.2349930872161967606222501778485195724460,0.08291260755200000000000000000000000000000,0.3860341600000000000000000000000000000000,1.210184973390411960255634572901984952366e-122,9.681479787123295682045076583215879618926e-122,9.756823178591322958587864469266398797597e-122,FINITE
341,1.670000000000000000000000000000000000000,0.1518046949465108456373428253191469479638,-0.05509221209217744565998422003399356735047,0.2347173024985108456373428253191469479638,0.08291260755200000000000000000000000000000,0.3860341600000000000000000000000000000000,1.210184973390411960255634572901984952366e-122,0.0,1.210184973390411960255634572901984952366e-122,FINITE
342,1.675000000000000000000000000000000000000,0.1515295567844859827791669500625254759450,-0.05496312841877590003005208438673865304594,0.2344421643364859827791669500625254759450,0.08291260755200000000000000000000000000000,0.3860341600000000000000000000000000000000,3.630554920171235880766903718705954857097e-122,0.0,3.630554920171235880766903718705954857097e-122,FINITE
343,1.680000000000000000000000000000000000000,0.1512550629070856774870619179492642878662,-0.05483449788823494706579314821757542293021,0.2341676704590856774870619179492642878662,0.08291260755200000000000000000000000000000,0.3860341600000000000000000000000000000000,3.630554920171235880766903718705954857097e-122,4.840739893561647841022538291607939809463e-122,6.050924866952059801278172864509924761828e-122,FINITE
344,1.685000000000000000000000000000000000000,0.1509812110538970631584899646639501268753,-0.05470631838204827920136396504395594150774,0.2338938186058970631584899646639501268753,0.08291260755200000000000000000000000000000,0.3860341600000000000000000000000000000000,1.210184973390411960255634572901984952366e-122,4.840739893561647841022538291607939809463e-122,4.989720471823966390447213452878918686828e-122,FINITE
345,1.690000000000000000000000000000000000000,0.1507079989750688536888588309331897155455,-0.05457858779407552628283464759101433098969,0.2336206065270688536888588309331897155455,0.08291260755200000000000000000000000000000,0.3860341600000000000000000000000000000000,-1.210184973390411960255634572901984952366e-122,0.0,1.210184973390411960255634572901984952366e-122,FINITE
346,1.695000000000000000000000000000000000000,0.1504354244312497303709260561675159637935,-0.05445130403045573909345302198106930191550,0.2333480319832497303709260561675159637935,0.08291260755200000000000000000000000000000,0.3860341600000000000000000000000000000000,1.210184973390411960255634572901984952366e-122,1.452221968068494352306761487482381942839e-121,1.457255681491388302233693980639066144224e-121,FINITE
347,1.700000000000000000000000000000000000000,0.1501634851935271596104257356337883556591,-0.05432446500952157823952729155228627649197,0.2330760927455271596104257356337883556591,0.08291260755200000000000000000000000000000,0.3860341600000000000000000000000000000000,1.210184973390411960255634572901984952366e-122,-4.840739893561647841022538291607939809463e-122,4.989720471823966390447213452878918686828e-122,FINITE
348,1.705000000000000000000000000000000000000,0.1498921790433666379475549855225399744343,-0.05419806866171420183230146883659105395339,0.2328047865953666379475549855225399744343,0.08291260755200000000000000000000000000000,0.3860341600000000000000000000000000000000,1.210184973390411960255634572901984952366e-122,4.840739893561647841022538291607939809463e-122,4.989720471823966390447213452878918686828e-122,FINITE
349,1.710000000000000000000000000000000000000,0.1496215037725513609066085236270642375098,-0.05407211292949884546985031999961541550190,0.2325341113245513609066085236270642375098,0.08291260755200000000000000000000000000000,0.3860341600000000000000000000000000000000,1.210184973390411960255634572901984952366e-122,-4.840739893561647841022538291607939809463e-122,4.989720471823966390447213452878918686828e-122,FINITE
350,1.715000000000000000000000000000000000000,0.1493514571831223122283596705670404949926,-0.05394659576728108809087624021517394168088,0.2322640647351223122283596705670404949926,0.08291260755200000000000000000000000000000,0.3860341600000000000000000000000000000000,-1.210184973390411960255634572901984952366e-122,4.840739893561647841022538291607939809463e-122,4.989720471823966390447213452878918686828e-122,FINITE
351,1.720000000000000000000000000000000000000,0.1490820370873187700717586661649705177678,-0.05382151514132379733935950218778058546409,0.2319946446393187700717586661649705177678,0.08291260755200000000000000000000000000000,0.3860341600000000000000000000000000000000,-1.210184973390411960255634572901984952366e-122,-4.840739893561647841022538291607939809463e-122,4.989720471823966390447213452878918686828e-122,FINITE
352,1.725000000000000000000000000000000000000,0.1488132413075192268031583858624453999714,-0.05369686902966474814530571332887196831301,0.2317258488595192268031583858624453999714,0.08291260755200000000000000000000000000000,0.3860341600000000000000000000000000000000,1.210184973390411960255634572901984952366e-122,0.0,1.210184973390411960255634572901984952366e-122,FINITE
353,1.730000000000000000000000000000000000000,0.1485450676761827190225871913377489544890,-0.05357265542203490829235996084417199994794,0.2314576752281827190225871913377489544890,0.08291260755200000000000000000000000000000,0.3860341600000000000000000000000000000000,-1.210184973390411960255634572901984952366e-122,-4.840739893561647841022538291607939809463e-122,4.989720471823966390447213452878918686828e-122,FINITE
354,1.735000000000000000000000000000000000000,0.1482775140357905645075725670877714506093,-0.05344887231977738480782576212673582578992,0.2311901215877905645075725670877714506093,0.08291260755200000000000000000000000000000,0.3860341600000000000000000000000000000000,3.630554920171235880766903718705954857097e-122,4.840739893561647841022538291607939809463e-122,6.050924866952059801278172864509924761828e-122,FINITE
355,1.740000000000000000000000000000000000000,0.1480105782387885027856811416154388534010,-0.05332551773576702507464817937056560107296,0.2309231857907885027856811416154388534010,0.08291260755200000000000000000000000000000,0.3860341600000000000000000000000000000000,1.210184973390411960255634572901984952366e-122,0.0,1.210184973390411960255634572901984952366e-122,FINITE
356,1.745000000000000000000000000000000000000,0.1477442581475292360772843812567510113575,-0.05320258969433066662820377831516296108712,0.2306568656995292360772843812567510113575,0.08291260755200000000000000000000000000000,0.3860341600000000000000000000000000000000,1.210184973390411960255634572901984952366e-122,4.840739893561647841022538291607939809463e-122,4.989720471823966390447213452878918686828e-122,FINITE
357,1.750000000000000000000000000000000000000,0.1474785516342153673800883427746158958292,-0.05308008623116802966329485667696733366867,0.2303911591862153673800883427746158958292,0.08291260755200000000000000000000000000000,0.3860341600000000000000000000000000000000,3.630554920171235880766903718705954857097e-122,9.681479787123295682045076583215879618926e-122,1.033982494517467658345831011107296046998e-121,FINITE
358,1.755000000000000000000000000000000000000,0.1472134565808427324966839974228476314041,-0.05295800539327324633858075433459768073687,0.2301260641328427324966839974228476314041,0.08291260755200000000000000000000000000000,0.3860341600000000000000000000000000000000,1.210184973390411960255634572901984952366e-122,4.840739893561647841022538291607939809463e-122,4.989720471823966390447213452878918686828e-122,FINITE
359,1.760000000000000000000000000000000000000,0.1469489708791441228357853682631499084213,-0.05283634523885702102680417389239629665963,0.2298615784311441228357853682631499084213,0.08291260755200000000000000000000000000000,0.3860341600000000000000000000000000000000,-1.210184973390411960255634572901984952366e-122,0.0,1.210184973390411960255634572901984952366e-122,FINITE
360,1.765000000000000000000000000000000000000,0.1466850924305333958469295829885448800960,-0.05271510383726941571959425089289811837319,0.2295976999825333958469295829885448800960,0.08291260755200000000000000000000000000000,0.3860341600000000000000000000000000000000,-1.210184973390411960255634572901984952366e-122,-4.840739893561647841022538291607939809463e-122,4.989720471823966390447213452878918686828e-122,FINITE
361,1.770000000000000000000000000000000000000,0.1464218191460499699772194207451905273203,-0.05259427926892325485535945845049845835700,0.2293344266980499699772194207451905273203,0.08291260755200000000000000000000000000000,0.3860341600000000000000000000000000000000,3.630554920171235880766903718705954857097e-122,4.840739893561647841022538291607939809463e-122,6.050924866952059801278172864509924761828e-122,FINITE
362,1.775000000000000000000000000000000000000,0.1461591489463037010671984639280409382938,-0.05247386962521814389783103076226587830791,0.2290717564983037010671984639280409382938,0.08291260755200000000000000000000000000000,0.3860341600000000000000000000000000000000,1.210184973390411960255634572901984952366e-122,0.0,1.210184973390411960255634572901984952366e-122,FINITE
363,1.780000000000000000000000000000000000000,0.1458970797614201371311649518347302318771,-0.05235387300846509605119004350866764353495,0.2288096873134201371311649518347302318771,0.08291260755200000000000000000000000000000,0.3860341600000000000000000000000000000000,1.210184973390411960255634572901984952366e-122,-9.681479787123295682045076583215879618926e-122,9.756823178591322958587864469266398797597e-122,FINITE
364,1.785000000000000000000000000000000000000,0.1456356095309861484951562268737145660062,-0.05223428753181176155541707841893001655339,0.2285482170829861484951562268737145660062,0.08291260755200000000000000000000000000000,0.3860341600000000000000000000000000000000,1.210184973390411960255634572901984952366e-122,4.840739893561647841022538291607939809463e-122,4.989720471823966390447213452878918686828e-122,FINITE
365,1.790000000000000000000000000000000000000,0.1453747362039959302934745780962410824774,-0.05211511131916825406255088996356982329698,0.2282873437559959302934745780962410824774,0.08291260755200000000000000000000000000000,0.3860341600000000000000000000000000000000,1.210184973390411960255634572901984952366e-122,0.0,1.210184973390411960255634572901984952366e-122,FINITE
366,1.795000000000000000000000000000000000000,0.1451144577387973743519805919743664837675,-0.05199634250513356865093993557976062886985,0.2280270652907973743519805919743664837675,0.08291260755200000000000000000000000000000,0.3860341600000000000000000000000000000000,1.210184973390411960255634572901984952366e-122,4.840739893561647841022538291607939809463e-122,4.989720471823966390447213452878918686828e-122,FINITE
367,1.800000000000000000000000000000000000000,0.1448547721030388075134550464220590042695,-0.05187797923492258609032616566440062574813,0.2277673796550388075134550464220590042695,0.08291260755200000000000000000000000000000,0.3860341600000000000000000000000000000000,1.210184973390411960255634572901984952366e-122,4.840739893561647841022538291607939809463e-122,4.989720471823966390447213452878918686828e-122,FINITE
368,1.805000000000000000000000000000000000000,0.1445956772736160934871281204815408773154,-0.05176001966429365802572212338274751782986,0.2275082848256160934871281204815408773154,0.08291260755200000000000000000000000000000,0.3860341600000000000000000000000000000000,3.630554920171235880766903718705954857097e-122,4.840739893561647841022538291607939809463e-122,6.050924866952059801278172864509924761828e-122,FINITE
369,1.810000000000000000000000000000000000000,0.1443371712366200953309983884367927121857,-0.05164246195947676780253809534111080792973,0.2272497787886200953309983884367927121857,0.08291260755200000000000000000000000000000,0.3860341600000000000000000000000000000000,1.210184973390411960255634572901984952366e-122,4.840739893561647841022538291607939809463e-122,4.989720471823966390447213452878918686828e-122,FINITE
370,1.815000000000000000000000000000000000000,0.1440792519872844957018168336139746794491,-0.05152530429710226170929359278342250062271,0.2269918595392844957018168336139746794491,0.08291260755200000000000000000000000000000,0.3860341600000000000000000000000000000000,3.630554920171235880766903718705954857097e-122,4.840739893561647841022538291607939809463e-122,6.050924866952059801278172864509924761828e-122,FINITE
371,1.820000000000000000000000000000000000000,0.1438219175299339720335960252418740939298,-0.05140854486413014546751453342341076117804,0.2267345250819339720335960252418740939298,0.08291260755200000000000000000000000000000,0.3860341600000000000000000000000000000000,-1.210184973390411960255634572901984952366e-122,0.0,1.210184973390411960255634572901984952366e-122,FINITE
372,1.825000000000000000000000000000000000000,0.1435651658779327238312246846728904471611,-0.05129218185777994085108173591562303779544,0.2264777734299327238312246846728904471611,0.08291260755200000000000000000000000000000,0.3860341600000000000000000000000000000000,-1.210184973390411960255634572901984952366e-122,0.0,1.210184973390411960255634572901984952366e-122,FINITE
373,1.830000000000000000000000000000000000000,0.1433089950536333492912261204654160090614,-0.05117621348546109736936522880557109272492,0.2262216026056333492912261204654160090614,0.08291260755200000000000000000000000000000,0.3860341600000000000000000000000000000000,1.210184973390411960255634572901984952366e-122,-4.840739893561647841022538291607939809463e-122,4.989720471823966390447213452878918686828e-122,FINITE
374,1.835000000000000000000000000000000000000,0.1430534030883260684868983935327072681133,-0.05106063796470395399995980850787942367684,0.2259660106403260684868983935327072681133,0.08291260755200000000000000000000000000000,0.3860341600000000000000000000000000000000,1.210184973390411960255634572901984952366e-122,0.0,1.210184973390411960255634572901984952366e-122,FINITE
375,1.840000000000000000000000000000000000000,0.1427983880221882903800175052786253480043,-0.05094545352309124600773755127723986225697,0.2257109955741882903800175052786253480043,0.08291260755200000000000000000000000000000,0.3860341600000000000000000000000000000000,1.210184973390411960255634572901984952366e-122,0.0,1.210184973390411960255634572901984952366e-122,FINITE
376,1.845000000000000000000000000000000000000,0.1425439479042345209459752686470960611629,-0.05083065839819015193725978847155112354875,0.2254565554562345209459752686470960611629,0.08291260755200000000000000000000000000000,0.3860341600000000000000000000000000000000,-1.210184973390411960255634572901984952366e-122,0.0,1.210184973390411960255634572901984952366e-122,FINITE
377,1.850000000000000000000000000000000000000,0.1422900807922666097236636738524398933601,-0.05071625083748487591535149168967491831726,0.2252026883442666097236636738524398933601,0.08291260755200000000000000000000000000000,0.3860341600000000000000000000000000000000,3.630554920171235880766903718705954857097e-122,9.681479787123295682045076583215879618926e-122,1.033982494517467658345831011107296046998e-121,FINITE
378,1.855000000000000000000000000000000000000,0.1420367847528243321256103115193277606229,-0.05060222909830976044984208786623113461983,0.2249493923048243321256103115193277606229,0.08291260755200000000000000000000000000000,0.3860341600000000000000000000000000000000,1.210184973390411960255634572901984952366e-122,0.0,1.210184973390411960255634572901984952366e-122,FINITE
379,1.860000000000000000000000000000000000000,0.1417840578611363048678175455516529821960,-0.05048859144778292495912534302771830405773,0.2246966654131363048678175455516529821960,0.08291260755200000000000000000000000000000,0.3860341600000000000000000000000000000000,1.210184973390411960255634572901984952366e-122,0.0,1.210184973390411960255634572901984952366e-122,FINITE
380,1.865000000000000000000000000000000000000,0.1415318982010712319024643814652099040179,-0.05037533616274042531529393307527571043855,0.2244445057530712319024643814652099040179,0.08291260755200000000000000000000000000000,0.3860341600000000000000000000000000000000,-1.210184973390411960255634572901984952366e-122,-4.840739893561647841022538291607939809463e-122,4.989720471823966390447213452878918686828e-122,FINITE
381,1.870000000000000000000000000000000000000,0.1412803038650894782600970645059280371477,-0.05026246152967092973116838494355754860521,0.2241929114170894782600970645059280371477,0.08291260755200000000000000000000000000000,0.3860341600000000000000000000000000000000,-1.210184973390411960255634572901984952366e-122,4.840739893561647841022538291607939809463e-122,4.989720471823966390447213452878918686828e-122,FINITE
382,1.875000000000000000000000000000000000000,0.1410292729541949692311650435846024111475,-0.05014996584465090636857185577617573120564,0.2239418805061949692311650435846024111475,0.08291260755200000000000000000000000000000,0.3860341600000000000000000000000000000000,-1.210184973390411960255634572901984952366e-122,-4.840739893561647841022538291607939809463e-122,4.989720471823966390447213452878918686828e-122,FINITE
383,1.880000000000000000000000000000000000000,0.1407788035778874123397556968947550306639,-0.05003784741328031809170826635166986309639,0.2236914111298874123397556968947550306639,0.08291260755200000000000000000000000000000,0.3860341600000000000000000000000000000000,1.210184973390411960255634572901984952366e-122,9.681479787123295682045076583215879618926e-122,9.756823178591322958587864469266398797597e-122,FINITE
384,1.885000000000000000000000000000000000000,0.1405288938541148395851467455414241610271,-0.04992610455061881983548807518935121849137,0.2234415014061148395851467455414241610271,0.08291260755200000000000000000000000000000,0.3860341600000000000000000000000000000000,1.210184973390411960255634572901984952366e-122,4.840739893561647841022538291607939809463e-122,4.989720471823966390447213452878918686828e-122,FINITE
385,1.890000000000000000000000000000000000000,0.1402795419092264674493321630243636781008,-0.04981473558112245410411984243624199867002,0.2231921494612264674493321630243636781008,0.08291260755200000000000000000000000000000,0.3860341600000000000000000000000000000000,1.210184973390411960255634572901984952366e-122,9.681479787123295682045076583215879618926e-122,9.756823178591322958587864469266398797597e-122,FINITE
386,1.895000000000000000000000000000000000000,0.1400307458779258721909881697774770343255,-0.04970373883858084016025297348622988272907,0.2229433534299258721909881697774770343255,0.08291260755200000000000000000000000000000,0.3860341600000000000000000000000000000000,1.210184973390411960255634572901984952366e-122,4.840739893561647841022538291607939809463e-122,4.989720471823966390447213452878918686828e-122,FINITE
387,1.900000000000000000000000000000000000000,0.1397825039032244779684331007372964961972,-0.04959311266605485250942385307116528364420,0.2226951114552244779684331007372964961972,0.08291260755200000000000000000000000000000,0.3860341600000000000000000000000000000000,1.210184973390411960255634572901984952366e-122,4.840739893561647841022538291607939809463e-122,4.989720471823966390447213452878918686828e-122,FINITE
388,1.905000000000000000000000000000000000000,0.1395348141363953553560010368654527888257,-0.04948285541581478432853010032380673917652,0.2224474216883953553560010368654527888257,0.08291260755200000000000000000000000000000,0.3860341600000000000000000000000000000000,-1.210184973390411960255634572901984952366e-122,0.0,1.210184973390411960255634572901984952366e-122,FINITE
389,1.910000000000000000000000000000000000000,0.1392876747369273278398965550610312273240,-0.04937296544927899153054193154348239477042,0.2222002822889273278398965550610312273240,0.08291260755200000000000000000000000000000,0.3860341600000000000000000000000000000000,3.630554920171235880766903718705954857097e-122,9.681479787123295682045076583215879618926e-122,1.033982494517467658345831011107296046998e-121,FINITE
390,1.915000000000000000000000000000000000000,0.1390410838724793839010292013600309061541,-0.04926344113695301320066156723827948771841,0.2219536914244793839010292013600309061541,0.08291260755200000000000000000000000000000,0.3860341600000000000000000000000000000000,1.210184973390411960255634572901984952366e-122,0.0,1.210184973390411960255634572901984952366e-122,FINITE
391,1.920000000000000000000000000000000000000,0.1387950397188353923135437265351606971997,-0.04915428085836916418166714141307502215494,0.2217076472708353923135437265351606971997,0.08291260755200000000000000000000000000000,0.3860341600000000000000000000000000000000,3.630554920171235880766903718705954857097e-122,4.840739893561647841022538291607939809463e-122,6.050924866952059801278172864509924761828e-122,FINITE
392,1.925000000000000000000000000000000000000,0.1385495404598591183087681087901679103517,-0.04904548300202659562823246390019789238322,0.2214621480118591183087681087901679103517,0.08291260755200000000000000000000000000000,0.3860341600000000000000000000000000000000,1.210184973390411960255634572901984952366e-122,0.0,1.210184973390411960255634572901984952366e-122,FINITE
393,1.930000000000000000000000000000000000000,0.1383045842874495382750982639924657552085,-0.04893704596533181939160397372905510436367,0.2212171918394495382750982639924657552085,0.08291260755200000000000000000000000000000,0.3860341600000000000000000000000000000000,3.630554920171235880766903718705954857097e-122,4.840739893561647841022538291607939809463e-122,6.050924866952059801278172864509924761828e-122,FINITE
394,1.935000000000000000000000000000000000000,0.1380601694014964506849284201850107554843,-0.04882896815453969213714695020790865522860,0.2209727769534964506849284201850107554843,0.08291260755200000000000000000000000000000,0.3860341600000000000000000000000000000000,-1.210184973390411960255634572901984952366e-122,-4.840739893561647841022538291607939809463e-122,4.989720471823966390447213452878918686828e-122,FINITE
395,1.940000000000000000000000000000000000000,0.1378162940098363809601216922939794384078,-0.04872124798469485513795009090298749355036,0.2207289015618363809601216922939794384078,0.08291260755200000000000000000000000000000,0.3860341600000000000000000000000000000000,1.210184973390411960255634572901984952366e-122,0.0,1.210184973390411960255634572901984952366e-122,FINITE
396,1.945000000000000000000000000000000000000,0.1375729563282087780076986896564487613773,-0.04861388387957362572790642072833495589533,0.2204855638802087780076986896564487613773,0.08291260755200000000000000000000000000000,0.3860341600000000000000000000000000000000,-1.210184973390411960255634572901984952366e-122,-9.681479787123295682045076583215879618926e-122,9.756823178591322958587864469266398797597e-122,FINITE
397,1.950000000000000000000000000000000000000,0.1373301545802125001774052505742276199862,-0.04850687427162633643747458996270033749945,0.2202427621322125001774052505742276199862,0.08291260755200000000000000000000000000000,0.3860341600000000000000000000000000000000,1.210184973390411960255634572901984952366e-122,0.0,1.210184973390411960255634572901984952366e-122,FINITE
398,1.955000000000000000000000000000000000000,0.1370878869972625884126058249475466012691,-0.04840021760192011787467330566119118337383,0.2200004945492625884126058249475466012691,0.08291260755200000000000000000000000000000,0.3860341600000000000000000000000000000000,1.210184973390411960255634572901984952366e-122,4.840739893561647841022538291607939809463e-122,4.989720471823966390447213452878918686828e-122,FINITE
399,1.960000000000000000000000000000000000000,0.1368461518185473243855387919512793248307,-0.04829391232008212145277820454042637723442,0.2197587593705473243855387919512793248307,0.08291260755200000000000000000000000000000,0.3860341600000000000000000000000000000000,1.210184973390411960255634572901984952366e-122,4.840739893561647841022538291607939809463e-122,4.989720471823966390447213452878918686828e-122,FINITE
400,1.965000000000000000000000000000000000000,0.1366049472909855714273662522372821703716,-0.04818795688424317810468013034127362881494,0.2195175548429855714273662522372821703716,0.08291260755200000000000000000000000000000,0.3860341600000000000000000000000000000000,1.210184973390411960255634572901984952366e-122,0.0,1.210184973390411960255634572901984952366e-122,FINITE
401,1.970000000000000000000000000000000000000,0.1363642716691843960826556949298909089906,-0.04808234976098188916193167070205432059277,0.2192768792211843960826556949298909089906,0.08291260755200000000000000000000000000000,0.3860341600000000000000000000000000000000,-1.210184973390411960255634572901984952366e-122,0.0,1.210184973390411960255634572901984952366e-122,FINITE
402,1.975000000000000000000000000000000000000,0.1361241232153969681369465048186262130473,-0.04797708942526914561416001590657994676710,0.2190367307673969681369465048186262130473,0.08291260755200000000000000000000000000000,0.3860341600000000000000000000000000000000,1.210184973390411960255634572901984952366e-122,0.0,1.210184973390411960255634572901984952366e-122,FINITE
403,1.980000000000000000000000000000000000000,0.1358845001994807369848826155097327472443,-0.04787217436041307200176373607558803340413,0.2187971077514807369848826155097327472443,0.08291260755200000000000000000000000000000,0.3860341600000000000000000000000000000000,1.210184973390411960255634572901984952366e-122,4.840739893561647841022538291607939809463e-122,4.989720471823966390447213452878918686828e-122,FINITE
404,1.985000000000000000000000000000000000000,0.1356454008988558822250357758500549027676,-0.04776760305800439123164388033396034293455,0.2185580084508558822250357758500549027676,0.08291260755200000000000000000000000000000,0.3860341600000000000000000000000000000000,1.210184973390411960255634572901984952366e-122,0.0,1.210184973390411960255634572901984952366e-122,FINITE
405,1.990000000000000000000000000000000000000,0.1354068235984640363860039010895122426397,-0.04766337401786220664215076234485389164961,0.2183194311504640363860039010895122426397,0.08291260755200000000000000000000000000000,0.3860341600000000000000000000000000000000,1.210184973390411960255634572901984952366e-122,4.840739893561647841022538291607939809463e-122,4.989720471823966390447213452878918686828e-122,FINITE
406,1.995000000000000000000000000000000000000,0.1351687665907272777066478241629435868214,-0.04755948574798019767946172865668084357784,0.2180813741427272777066478241629435868214,0.08291260755200000000000000000000000000000,0.3860341600000000000000000000000000000000,1.210184973390411960255634572901984952366e-122,4.840739893561647841022538291607939809463e-122,4.989720471823966390447213452878918686828e-122,FINITE
407,2.000000000000000000000000000000000000000,0.1349312281755073909114294193803995096532,-0.04745593676447322558324686393005448298596,0.2178438357275073909114294193803995096532,0.08291260755200000000000000000000000000000,0.3860341600000000000000000000000000000000,-1.210184973390411960255634572901984952366e-122,4.840739893561647841022538291607939809463e-122,4.989720471823966390447213452878918686828e-122,FINITE
408,2.005000000000000000000000000000000000000,0.1346942066600653939397364903327571647109,-0.04735272559152434551473366262852179905764,0.2176068142120653939397364903327571647109,0.08291260755200000000000000000000000000000,0.3860341600000000000000000000000000000000,-1.210184973390411960255634572901984952366e-122,4.840739893561647841022538291607939809463e-122,4.989720471823966390447213452878918686828e-122,FINITE
409,2.010000000000000000000000000000000000000,0.1344577003590213286058269222541162911315,-0.04724985076133222159515282133321085930115,0.2173703079110213286058269222541162911315,0.08291260755200000000000000000000000000000,0.3860341600000000000000000000000000000000,1.210184973390411960255634572901984952366e-122,9.681479787123295682045076583215879618926e-122,9.756823178591322958587864469266398797597e-122,FINITE
410,2.015000000000000000000000000000000000000,0.1342217075943143131835982997364105003954,-0.04714731081405894135704005033924843634582,0.2171343151463143131835982997364105003954,0.08291260755200000000000000000000000000000,0.3860341600000000000000000000000000000000,-1.210184973390411960255634572901984952366e-122,4.840739893561647841022538291607939809463e-122,4.989720471823966390447213452878918686828e-122,FINITE
411,2.020000000000000000000000000000000000000,0.1339862266951628549277913641623066749377,-0.04704510429777822614498767902020384891540,0.2168988342471628549277913641623066749377,0.08291260755200000000000000000000000000000,0.3860341600000000000000000000000000000000,1.210184973390411960255634572901984952366e-122,4.840739893561647841022538291607939809463e-122,4.989720471823966390447213452878918686828e-122,FINITE
412,2.025000000000000000000000000000000000000,0.1337512559980254205604681896968798069409,-0.04694322976842403403618928939940545922047,0.2166638635500254205604681896968798069409,0.08291260755200000000000000000000000000000,0.3860341600000000000000000000000000000000,-1.210184973390411960255634572901984952366e-122,0.0,1.210184973390411960255634572901984952366e-122,FINITE
413,2.030000000000000000000000000000000000000,0.1335167938465612627686706282247053025128,-0.04684168578973955188450505144569063993473,0.2164294013985612627686706282247053025128,0.08291260755200000000000000000000000000000,0.3860341600000000000000000000000000000000,-1.210184973390411960255634572901984952366e-122,0.0,1.210184973390411960255634572901984952366e-122,FINITE
414,2.035000000000000000000000000000000000000,0.1332828385915915007760632264726458088406,-0.04674047093322657312479918983802750105502,0.2161954461435915007760632264726458088406,0.08291260755200000000000000000000000000000,0.3860341600000000000000000000000000000000,3.630554920171235880766903718705954857097e-122,9.681479787123295682045076583215879618926e-122,1.033982494517467658345831011107296046998e-121,FINITE
415,2.040000000000000000000000000000000000000,0.1330493885910604530680992454061366702085,-0.04663958377809525800696836716005603869222,0.2159619961430604530680992454061366702085,0.08291260755200000000000000000000000000000,0.3860341600000000000000000000000000000000,1.210184973390411960255634572901984952366e-122,4.840739893561647841022538291607939809463e-122,4.989720471823966390447213452878918686828e-122,FINITE
416,2.045000000000000000000000000000000000000,0.1328164422099972203668203842442053771417,-0.04653902291121427296139494914039464574434,0.2157290497619972203668203842442053771417,0.08291260755200000000000000000000000000000,0.3860341600000000000000000000000000000000,1.210184973390411960255634572901984952366e-122,4.840739893561647841022538291607939809463e-122,4.989720471823966390447213452878918686828e-122,FINITE
417,2.050000000000000000000000000000000000000,0.1325839978204775169678120795264304824017,-0.04643878692706130582952629547837828906242,0.2154966053724775169678120795264304824017,0.08291260755200000000000000000000000000000,0.3860341600000000000000000000000000000000,1.210184973390411960255634572901984952366e-122,4.840739893561647841022538291607939809463e-122,4.989720471823966390447213452878918686828e-122,FINITE
418,2.055000000000000000000000000000000000000,0.1323520538015857485680885432799852762722,-0.04633887442767395372490451296475524649794,0.2152646613535857485680885432799852762722,0.08291260755200000000000000000000000000000,0.3860341600000000000000000000000000000000,3.630554920171235880766903718705954857097e-122,4.840739893561647841022538291607939809463e-122,6.050924866952059801278172864509924761828e-122,FINITE
419,2.060000000000000000000000000000000000000,0.1321206085393773347297767327164316483163,-0.04623928402260098032125458089829108779756,0.2150332160913773347297767327164316483163,0.08291260755200000000000000000000000000000,0.3860341600000000000000000000000000000000,3.630554920171235880766903718705954857097e-122,9.681479787123295682045076583215879618926e-122,1.033982494517467658345831011107296046998e-121,FINITE
420,2.065000000000000000000000000000000000000,0.1318896604268412741404078960824706520470,-0.04614001432885393939518642472724739382311,0.2148022679788412741404078960824706520470,0.08291260755200000000000000000000000000000,0.3860341600000000000000000000000000000000,-1.210184973390411960255634572901984952366e-122,4.840739893561647841022538291607939809463e-122,4.989720471823966390447213452878918686828e-122,FINITE
421,2.070000000000000000000000000000000000000,0.1316592078638629508464108844096621113164,-0.04604106397085916148168233329375716084564,0.2145718154158629508464108844096621113164,0.08291260755200000000000000000000000000000,0.3860341600000000000000000000000000000000,-1.210184973390411960255634572901984952366e-122,0.0,1.210184973390411960255634572901984952366e-122,FINITE
422,2.075000000000000000000000000000000000000,0.1314292492571871796520347063915941869685,-0.04594243158041010053082899800199301244262,0.2143418568091871796520347063915941869685,0.08291260755200000000000000000000000000000,0.3860341600000000000000000000000000000000,1.210184973390411960255634572901984952366e-122,0.0,1.210184973390411960255634572901984952366e-122,FINITE
423,2.080000000000000000000000000000000000000,0.1311997830203814888914104634754508184062,-0.04584411579662003748421725843702080191310,0.2141123905723814888914104634754508184062,0.08291260755200000000000000000000000000000,0.3860341600000000000000000000000000000000,-1.210184973390411960255634572901984952366e-122,-4.840739893561647841022538291607939809463e-122,4.989720471823966390447213452878918686828e-122,FINITE
424,2.085000000000000000000000000000000000000,0.1309708075737996387967964453259327485421,-0.04574611526587513771907617869374702203531,0.2138834151257996387967964453259327485421,0.08291260755200000000000000000000000000000,0.3860341600000000000000000000000000000000,-1.210184973390411960255634572901984952366e-122,9.681479787123295682045076583215879618926e-122,9.756823178591322958587864469266398797597e-122,FINITE
425,2.090000000000000000000000000000000000000,0.1307423213445453737012363840115928815066,-0.04564842864178785933753511337904405694862,0.2136549288965453737012363840115928815066,0.08291260755200000000000000000000000000000,0.3860341600000000000000000000000000000000,1.210184973390411960255634572901984952366e-122,4.840739893561647841022538291607939809463e-122,4.989720471823966390447213452878918686828e-122,FINITE
426,2.095000000000000000000000000000000000000,0.1305143227664364063289012317988168495703,-0.04555105458515070930742166522774480414629,0.2134269303184364063289012317988168495703,0.08291260755200000000000000000000000000000,0.3860341600000000000000000000000000000000,1.210184973390411960255634572901984952366e-122,1.452221968068494352306761487482381942839e-121,1.457255681491388302233693980639066144224e-121,FINITE
427,2.100000000000000000000000000000000000000,0.1302868102799686324412808970913322965792,-0.04545399176389034448970855335243323552428,0.2131994178319686324412808970913322965792,0.08291260755200000000000000000000000000000,0.3860341600000000000000000000000000000000,1.210184973390411960255634572901984952366e-122,4.840739893561647841022538291607939809463e-122,4.989720471823966390447213452878918686828e-122,FINITE
428,2.105000000000000000000000000000000000000,0.1300597823322805741221456823858616499167,-0.04535723885302201461612202133729593509098,0.2129723898842805741221456823858616499167,0.08291260755200000000000000000000000000000,0.3860341600000000000000000000000000000000,3.630554920171235880766903718705954857097e-122,4.840739893561647841022538291607939809463e-122,6.050924866952059801278172864509924761828e-122,FINITE
429,2.110000000000000000000000000000000000000,0.1298332373771180499988092357105872527233,-0.04526079453460434430852209052607742844332,0.2127458449291180499988092357105872527233,0.08291260755200000000000000000000000000000,0.3860341600000000000000000000000000000000,-1.210184973390411960255634572901984952366e-122,4.840739893561647841022538291607939809463e-122,4.989720471823966390447213452878918686828e-122,FINITE
430,2.115000000000000000000000000000000000000,0.1296071738747990707116971537056250114358,-0.04516465749769445125946423324805379894986,0.2125197814267990707116971537056250114358,0.08291260755200000000000000000000000000000,0.3860341600000000000000000000000000000000,-1.210184973390411960255634572901984952366e-122,4.840739893561647841022538291607939809463e-122,4.989720471823966390447213452878918686828e-122,FINITE
431,2.120000000000000000000000000000000000000,0.1293815902921789579585594436028541929812,-0.04506882643830339772085638577286870817922,0.2122941978441789579585594436028541929812,0.08291260755200000000000000000000000000000,0.3860341600000000000000000000000000000000,1.210184973390411960255634572901984952366e-122,0.0,1.210184973390411960255634572901984952366e-122,FINITE
432,2.125000000000000000000000000000000000000,0.1291564851026156854538623288743562754995,-0.04497330005935197247483807959701025868892,0.2120690926546156854538623288743562754995,0.08291260755200000000000000000000000000000,0.3860341600000000000000000000000000000000,1.210184973390411960255634572901984952366e-122,4.840739893561647841022538291607939809463e-122,4.989720471823966390447213452878918686828e-122,FINITE
433,2.130000000000000000000000000000000000000,0.1289318567859354401579568181713905295240,-0.04487807707062680048793323667607938744780,0.2118444643379354401579568181713905295240,0.08291260755200000000000000000000000000000,0.3860341600000000000000000000000000000000,1.210184973390411960255634572901984952366e-122,0.0,1.210184973390411960255634572901984952366e-122,FINITE
434,2.135000000000000000000000000000000000000,0.1287077038283984021445494814320627535467,-0.04478315618873677747616820078521007806841,0.2116203113803984021445494814320627535467,0.08291260755200000000000000000000000000000,0.3860341600000000000000000000000000000000,1.210184973390411960255634572901984952366e-122,9.681479787123295682045076583215879618926e-122,9.756823178591322958587864469266398797597e-122,FINITE
435,2.140000000000000000000000000000000000000,0.1284840247226647414887964061080820379311,-0.04468853613706982663520517218701289940638,0.2113966322746647414887964061080820379311,0.08291260755200000000000000000000000000000,0.3860341600000000000000000000000000000000,-1.210184973390411960255634572901984952366e-122,-4.840739893561647841022538291607939809463e-122,4.989720471823966390447213452878918686828e-122,FINITE
436,2.145000000000000000000000000000000000000,0.1282608179677608305720057393223419892947,-0.04459421564574997481562164318161352979841,0.2111734255197608305720057393223419892947,0.08291260755200000000000000000000000000000,0.3860341600000000000000000000000000000000,3.630554920171235880766903718705954857097e-122,9.681479787123295682045076583215879618926e-122,1.033982494517467658345831011107296046998e-121,FINITE
437,2.150000000000000000000000000000000000000,0.1280380820690456702124689411613122840486,-0.04450019345159474544927192354781330480903,0.2109506896210456702124689411613122840486,0.08291260755200000000000000000000000000000,0.3860341600000000000000000000000000000000,3.630554920171235880766903718705954857097e-122,4.840739893561647841022538291607939809463e-122,6.050924866952059801278172864509924761828e-122,FINITE
438,2.155000000000000000000000000000000000000,0.1278158155381775280453472469451235017018,-0.04440646829807286555820058223664427537202,0.2107284230901775280453472469451235017018,0.08291260755200000000000000000000000000000,0.3860341600000000000000000000000000000000,-1.210184973390411960255634572901984952366e-122,0.0,1.210184973390411960255634572901984952366e-122,FINITE
439,2.160000000000000000000000000000000000000,0.1275940168930807875878192130958632503013,-0.04431303893526228420284275962208696767558,0.2105066244450807875878192130958632503013,0.08291260755200000000000000000000000000000,0.3860341600000000000000000000000000000000,3.630554920171235880766903718705954857097e-122,4.840739893561647841022538291607939809463e-122,6.050924866952059801278172864509924761828e-122,FINITE
440,2.165000000000000000000000000000000000000,0.1273726846579130064388489374090643846569,-0.04421990411980849975124592816610589060421,0.2102852922099130064388489374090643846569,0.08291260755200000000000000000000000000000,0.3860341600000000000000000000000000000000,-1.210184973390411960255634572901984952366e-122,0.0,1.210184973390411960255634572901984952366e-122,FINITE
441,2.170000000000000000000000000000000000000,0.1271518173630321820759639199656685935564,-0.04412706261488319337578486441944053264530,0.2100644249150321820759639199656685935564,0.08291260755200000000000000000000000000000,0.3860341600000000000000000000000000000000,3.630554920171235880766903718705954857097e-122,9.681479787123295682045076583215879618926e-122,1.033982494517467658345831011107296046998e-121,FINITE
442,2.175000000000000000000000000000000000000,0.1269314135449642237243378702100617720804,-0.04403451319014316620831936917737440089692,0.2098440210969642237243378702100617720804,0.08291260755200000000000000000000000000000,0.3860341600000000000000000000000000000000,1.210184973390411960255634572901984952366e-122,9.681479787123295682045076583215879618926e-122,9.756823178591322958587864469266398797597e-122,FINITE
443,2.180000000000000000000000000000000000000,0.1267114717463706287862583584310216086724,-0.04394225462168957760896562460661676446292,0.2096240792983706287862583584310216086724,0.08291260755200000000000000000000000000000,0.3860341600000000000000000000000000000000,1.210184973390411960255634572901984952366e-122,4.840739893561647841022538291607939809463e-122,4.989720471823966390447213452878918686828e-122,FINITE
444,2.185000000000000000000000000000000000000,0.1264919905160163623317233307312445696822,-0.04385028569202748202761995898283490271172,0.2094045980680163623317233307312445696822,0.08291260755200000000000000000000000000000,0.3860341600000000000000000000000000000000,1.210184973390411960255634572901984952366e-122,9.681479787123295682045076583215879618926e-122,9.756823178591322958587864469266398797597e-122,FINITE
445,2.190000000000000000000000000000000000000,0.1262729684087379381634554156063252975397,-0.04375860519002566196109111602751374392161,0.2091855759607379381634554156063252975397,0.08291260755200000000000000000000000000000,0.3860341600000000000000000000000000000000,3.630554920171235880766903718705954857097e-122,1.452221968068494352306761487482381942839e-121,1.496916141547189917134164035863675606048e-121,FINITE
446,2.195000000000000000000000000000000000000,0.1260544039854116999820498930424679684620,-0.04366721191087675453216677488150525987535,0.2089670115374116999820498930424679684620,0.08291260755200000000000000000000000000000,0.3860341600000000000000000000000000000000,1.210184973390411960255634572901984952366e-122,0.0,1.210184973390411960255634572901984952366e-122,FINITE
447,2.200000000000000000000000000000000000000,0.1258362958129223011892824048500490531655,-0.04357610465605766924016488064458058115817,0.2087489033649223011892824048500490531655,0.08291260755200000000000000000000000000000,0.3860341600000000000000000000000000000000,3.630554920171235880766903718705954857097e-122,4.840739893561647841022538291607939809463e-122,6.050924866952059801278172864509924761828e-122,FINITE
448,2.205000000000000000000000000000000000000,0.1256186424641313818797971749219950978849,-0.04348528223329029445550313074725642914844,0.2085312500161313818797971749219950978849,0.08291260755200000000000000000000000000000,0.3860341600000000000000000000000000000000,1.210184973390411960255634572901984952366e-122,9.681479787123295682045076583215879618926e-122,9.756823178591322958587864469266398797597e-122,FINITE
449,2.210000000000000000000000000000000000000,0.1254014425178464415834768834412011717566,-0.04339474345650249025356349074390315467544,0.2083140500698464415834768834412011717566,0.08291260755200000000000000000000000000000,0.3860341600000000000000000000000000000000,1.210184973390411960255634572901984952366e-122,4.840739893561647841022538291607939809463e-122,4.989720471823966390447213452878918686828e-122,FINITE
450,2.215000000000000000000000000000000000000,0.1251846945587899063327625891882687363053,-0.04330448714578936520563562137844849621588,0.2080973021107899063327625891882687363053,0.08291260755200000000000000000000000000000,0.3860341600000000000000000000000000000000,3.630554920171235880766903718705954857097e-122,4.840739893561647841022538291607939809463e-122,6.050924866952059801278172864509924761828e-122,FINITE
451,2.220000000000000000000000000000000000000,0.1249683971775683886410473948487830189615,-0.04321451212737483476699628980979325771353,0.2078810047295683886410473948487830189615,0.08291260755200000000000000000000000000000,0.3860341600000000000000000000000000000000,2.420369946780823920511269145803969904731e-122,9.681479787123295682045076583215879618926e-122,9.979440943647932780894426905757837373656e-122,FINITE
452,2.225000000000000000000000000000000000000,0.1247525489706421389900120639874463082852,-0.04312481723357345892422388086772512781984,0.2076651565226421389900120639874463082852,0.08291260755200000000000000000000000000000,0.3860341600000000000000000000000000000000,0.0,4.840739893561647841022538291607939809463e-122,4.840739893561647841022538291607939809463e-122,FINITE
453,2.230000000000000000000000000000000000000,0.1245371485402946874354056742812322861512,-0.04303540130275255678566065511011345632397,0.2074497560922946874354056742812322861512,0.08291260755200000000000000000000000000000,0.3860341600000000000000000000000000000000,0.0,9.681479787123295682045076583215879618926e-122,9.681479787123295682045076583215879618926e-122,FINITE
454,2.235000000000000000000000000000000000000,0.1243221944946026739523007657241646835870,-0.04294626317929459582052302247809576190937,0.2072348020466026739523007657241646835870,0.08291260755200000000000000000000000000000,0.3860341600000000000000000000000000000000,0.0,0.0,0.0,FINITE
455,2.240000000000000000000000000000000000000,0.1241076854474058661522714379361181938249,-0.04285740171355985347352438438916202428268,0.2070202929994058661522714379361181938249,0.08291260755200000000000000000000000000000,0.3860341600000000000000000000000000000000,0.0,9.681479787123295682045076583215879618926e-122,9.681479787123295682045076583215879618926e-122,FINITE
456,2.245000000000000000000000000000000000000,0.1238936200182773630162555777563907726990,-0.04276881576184934890301858217578274671316,0.2068062275702773630162555777563907726990,0.08291260755200000000000000000000000000000,0.3860341600000000000000000000000000000000,2.420369946780823920511269145803969904731e-122,0.0,2.420369946780823920511269145803969904731e-122,FINITE
457,2.250000000000000000000000000000000000000,0.1236799968324939832980699546926852128523,-0.04268050418636804261159718342066421302459,0.2065926043844939832980699546926852128523,0.08291260755200000000000000000000000000000,0.3860341600000000000000000000000000000000,0.0,4.840739893561647841022538291607939809463e-122,4.840739893561647841022538291607939809463e-122,FINITE
458,2.255000000000000000000000000000000000000,0.1234668145210068372646503927805498201071,-0.04259246585518830175878321647563283467728,0.2063794220730068372646503927805498201071,0.08291260755200000000000000000000000000000,0.3860341600000000000000000000000000000000,0.0,0.0,0.0,FINITE
459,2.260000000000000000000000000000000000000,0.1232540717204120804500896859343835416777,-0.04250469964221362896595997317763586866632,0.2061666792724120804500896859343835416777,0.08291260755200000000000000000000000000000,0.3860341600000000000000000000000000000000,0.0,0.0,0.0,FINITE
460,2.265000000000000000000000000000000000000,0.1230417670729218481114444307321319652736,-0.04241720442714265244395855618146842440393,0.2059543746249218481114444307321319652736,0.08291260755200000000000000000000000000000,0.3860341600000000000000000000000000000000,0.0,0.0,0.0,FINITE
461,2.270000000000000000000000000000000000000,0.1228298992263353690850795545613439462292,-0.04232997909543337529380433629843628244520,0.2057425067783353690850795545613439462292,0.08291260755200000000000000000000000000000,0.3860341600000000000000000000000000000000,0.0,0.0,0.0,FINITE
462,2.275000000000000000000000000000000000000,0.1226184668340102577530170550981445053898,-0.04224302253826768185099276323982829469461,0.2055310743860102577530170550981445053898,0.08291260755200000000000000000000000000000,0.3860341600000000000000000000000000000000,2.420369946780823920511269145803969904731e-122,-4.840739893561647841022538291607939809463e-122,5.412111731699470567230318221233489933070e-122,FINITE
463,2.280000000000000000000000000000000000000,0.1224074685548339828393543644170451530369,-0.04215633365251609896333136767539827585797,0.2053200761068339828393543644170451530369,0.08291260755200000000000000000000000000000,0.3860341600000000000000000000000000000000,2.420369946780823920511269145803969904731e-122,1.452221968068494352306761487482381942839e-121,1.472253562173829183900680602015665753265e-121,FINITE
464,2.285000000000000000000000000000000000000,0.1221969030531955117673188212969178571307,-0.04206991134070281011184960236328370627084,0.2051095106051955117673188212969178571307,0.08291260755200000000000000000000000000000,0.3860341600000000000000000000000000000000,2.420369946780823920511269145803969904731e-122,9.681479787123295682045076583215879618926e-122,9.979440943647932780894426905757837373656e-122,FINITE
465,2.290000000000000000000000000000000000000,0.1219867689989571293179289807320730281020,-0.04198375451097092030354366587488869129022,0.2048993765509571293179289807320730281020,0.08291260755200000000000000000000000000000,0.3860341600000000000000000000000000000000,2.420369946780823920511269145803969904731e-122,9.681479787123295682045076583215879618926e-122,9.979440943647932780894426905757837373656e-122,FINITE
466,2.295000000000000000000000000000000000000,0.1217770650674264293415419012292792970592,-0.04189786207704796968379187684056735380419,0.2046896726194264293415419012292792970592,0.08291260755200000000000000000000000000000,0.3860341600000000000000000000000000000000,0.0,0.0,0.0,FINITE
467,2.300000000000000000000000000000000000000,0.1215677899393284782837791079791526082942,-0.04181223295821169383514973489241998463890,0.2044803974913284782837791079791526082942,0.08291260755200000000000000000000000000000,0.3860341600000000000000000000000000000000,0.0,0.0,0.0,FINITE
468,2.305000000000000000000000000000000000000,0.1213589423007781492974436022329605284181,-0.04172686607925602874791470465570642216835,0.2042715498527781492974436022329605284181,0.08291260755200000000000000000000000000000,0.3860341600000000000000000000000000000000,2.420369946780823920511269145803969904731e-122,4.840739893561647841022538291607939809463e-122,5.412111731699470567230318221233489933070e-122,FINITE
469,2.310000000000000000000000000000000000000,0.1211505208432526257220670321195787070045,-0.04164176037045735846634115254018380725088,0.2040631283952526257220670321195787070045,0.08291260755200000000000000000000000000000,0.3860341600000000000000000000000000000000,0.0,-4.840739893561647841022538291607939809463e-122,4.840739893561647841022538291607939809463e-122,FINITE
470,2.315000000000000000000000000000000000000,0.1209425242635640727226609048878464224831,-0.04155691476754100343268788758495467057966,0.2038551318155640727226609048878464224831,0.08291260755200000000000000000000000000000,0.3860341600000000000000000000000000000000,2.420369946780823920511269145803969904731e-122,9.681479787123295682045076583215879618926e-122,9.979440943647932780894426905757837373656e-122,FINITE
471,2.320000000000000000000000000000000000000,0.1207349512638324758890894417335798533998,-0.04147232821164794756939651602057535276795,0.2036475588158324758890894417335798533998,0.08291260755200000000000000000000000000000,0.3860341600000000000000000000000000000000,2.420369946780823920511269145803969904731e-122,4.840739893561647841022538291607939809463e-122,5.412111731699470567230318221233489933070e-122,FINITE
472,2.325000000000000000000000000000000000000,0.1205278005514586456072352800651330295947,-0.04138799964930180215763039760777336414226,0.2034404081034586456072352800651330295947,0.08291260755200000000000000000000000000000,0.3860341600000000000000000000000000000000,0.0,4.840739893561647841022538291607939809463e-122,4.840739893561647841022538291607939809463e-122,FINITE
473,2.330000000000000000000000000000000000000,0.1203210708390973860227936300219884308981,-0.04130392803237600458815344788254191360836,0.2032336783910973860227936300219884308981,0.08291260755200000000000000000000000000000,0.3860341600000000000000000000000000000000,2.420369946780823920511269145803969904731e-122,0.0,2.420369946780823920511269145803969904731e-122,FINITE
474,2.335000000000000000000000000000000000000,0.1201147608446308274281065978070778333710,-0.04122011231806125007809739681871564560893,0.2030273683966308274281065978070778333710,0.08291260755200000000000000000000000000000,0.3860341600000000000000000000000000000000,0.0,4.840739893561647841022538291607939809463e-122,4.840739893561647841022538291607939809463e-122,FINITE
475,2.340000000000000000000000000000000000000,0.1199088692911419209119380933438091983239,-0.04113655146883315446455739902430718485058,0.2028214768431419209119380933438091983239,0.08291260755200000000000000000000000000000,0.3860341600000000000000000000000000000000,2.420369946780823920511269145803969904731e-122,1.452221968068494352306761487482381942839e-121,1.472253562173829183900680602015665753265e-121,FINITE
476,2.345000000000000000000000000000000000000,0.1197033949068880941214919293631014465302,-0.04105324445242014620317107693209127865114,0.2026160024588880941214919293631014465302,0.08291260755200000000000000000000000000000,0.3860341600000000000000000000000000000000,0.0,-4.840739893561647841022538291607939809463e-122,4.840739893561647841022538291607939809463e-122,FINITE
477,2.350000000000000000000000000000000000000,0.1194983364252750669952922688468491690714,-0.04097019024177158571687712596645351822482,0.2024109439772750669952922688468491690714,0.08291260755200000000000000000000000000000,0.3860341600000000000000000000000000000000,2.420369946780823920511269145803969904731e-122,1.452221968068494352306761487482381942839e-121,1.472253562173829183900680602015665753265e-121,FINITE
478,2.355000000000000000000000000000000000000,0.1192936925848308263347773536472379225996,-0.04088738781502611025691845504505697086046,0.2022063001368308263347773536472379225996,0.08291260755200000000000000000000000000000,0.3860341600000000000000000000000000000000,2.420369946780823920511269145803969904731e-122,4.840739893561647841022538291607939809463e-122,5.412111731699470567230318221233489933070e-122,FINITE
479,2.360000000000000000000000000000000000000,0.1190894621291797580916053052916545189395,-0.04080483615548020245485338923431964590653,0.2020020696811797580916053052916545189395,0.08291260755200000000000000000000000000000,0.3860341600000000000000000000000000000000,0.0,-4.840739893561647841022538291607939809463e-122,4.840739893561647841022538291607939809463e-122,FINITE
480,2.365000000000000000000000000000000000000,0.1188856438070169362567355761928685392570,-0.04072253425155698076086861300956915570980,0.2017982513590169362567355761928685392570,0.08291260755200000000000000000000000000000,0.3860341600000000000000000000000000000000,0.0,4.840739893561647841022538291607939809463e-122,4.840739893561647841022538291607939809463e-122,FINITE
481,2.370000000000000000000000000000000000000,0.1186822363720825672463321830477675181897,-0.04064048109677520998005114862329594981156,0.2015948439240825672463321830477675181897,0.08291260755200000000000000000000000000000,0.3860341600000000000000000000000000000000,2.420369946780823920511269145803969904731e-122,4.840739893561647841022538291607939809463e-122,5.412111731699470567230318221233489933070e-122,FINITE
482,2.375000000000000000000000000000000000000,0.1184792385831365886884360021845012502484,-0.04055867568971853013447558826794100801075,0.2013918461351365886884360021845012502484,0.08291260755200000000000000000000000000000,0.3860341600000000000000000000000000000000,0.0,4.840739893561647841022538291607939809463e-122,4.840739893561647841022538291607939809463e-122,FINITE
483,2.380000000000000000000000000000000000000,0.1182766492039334215231739679039080190313,-0.04047711703400490189499885249804288362787,0.2011892567559334215231739679039080190313,0.08291260755200000000000000000000000000000,0.3860341600000000000000000000000000000000,0.0,0.0,0.0,FINITE
484,2.385000000000000000000000000000000000000,0.1180744670031968743380137993007163826884,-0.04039580413825626684252973026084874931630,0.2009870745551968743380137993007163826884,0.08291260755200000000000000000000000000000,0.3860341600000000000000000000000000000000,2.420369946780823920511269145803969904731e-122,0.0,2.420369946780823920511269145803969904731e-122,FINITE
485,2.390000000000000000000000000000000000000,0.1178726907545951988682346895441355508170,-0.04031473601606842083425614571716585930271,0.2007852983065951988682346895441355508170,0.08291260755200000000000000000000000000000,0.3860341600000000000000000000000000000000,0.0,4.840739893561647841022538291607939809463e-122,4.840739893561647841022538291607939809463e-122,FINITE
486,2.395000000000000000000000000000000000000,0.1176713192367162956013680162113288849957,-0.04023391168598109876587125027214451957632,0.2005839267887162956013680162113288849957,0.08291260755200000000000000000000000000000,0.3860341600000000000000000000000000000000,0.0,0.0,0.0,FINITE
487,2.400000000000000000000000000000000000000,0.1174703512330430684328683553367712158164,-0.04015333017144826903624179022844783240384,0.2003829587850430684328683553367712158164,0.08291260755200000000000000000000000000000,0.3860341600000000000000000000000000000000,0.0,-4.840739893561647841022538291607939809463e-122,4.840739893561647841022538291607939809463e-122,FINITE
488,2.405000000000000000000000000000000000000,0.1172697855319289273287046800769314462319,-0.04007299050080863603621046573874611331283,0.2001823930839289273287046800769314462319,0.08291260755200000000000000000000000000000,0.3860341600000000000000000000000000000000,2.420369946780823920511269145803969904731e-122,0.0,2.420369946780823920511269145803969904731e-122,FINITE
489,2.410000000000000000000000000000000000000,0.1170696209265734379589153634833400764344,-0.03999289170725634899831986922547219124224,0.1999822284785734379589153634833400764344,0.08291260755200000000000000000000000000000,0.3860341600000000000000000000000000000000,2.420369946780823920511269145803969904731e-122,4.840739893561647841022538291607939809463e-122,5.412111731699470567230318221233489933070e-122,FINITE
490,2.415000000000000000000000000000000000000,0.1168698562149981172744492415992140186010,-0.03991303282881191555919074481289586311314,0.1997824637669981172744492415992140186010,0.08291260755200000000000000000000000000000,0.3860341600000000000000000000000000000000,0.0,4.840739893561647841022538291607939809463e-122,4.840739893561647841022538291607939809463e-122,FINITE
491,2.420000000000000000000000000000000000000,0.1166704902000223740078192773986264721246,-0.03983341290829331840108339820739636881026,0.1995830977520223740078192773986264721246,0.08291260755200000000000000000000000000000,0.3860341600000000000000000000000000000000,0.0,-4.840739893561647841022538291607939809463e-122,4.840739893561647841022538291607939809463e-122,FINITE
492,2.425000000000000000000000000000000000000,0.1164715216892395930862260392073366610602,-0.03975403099328733335381974272135725936672,0.1993841292412395930862260392073366610602,0.08291260755200000000000000000000000000000,0.3860341600000000000000000000000000000000,2.420369946780823920511269145803969904731e-122,9.681479787123295682045076583215879618926e-122,9.979440943647932780894426905757837373656e-122,FINITE
493,2.430000000000000000000000000000000000000,0.1162729494949933629538660022950642883144,-0.03967488613612104735274630610272510283797,0.1991855570469933629538660022950642883144,0.08291260755200000000000000000000000000000,0.3860341600000000000000000000000000000000,0.0,0.0,0.0,FINITE
494,2.435000000000000000000000000000000000000,0.1160747724343538448081253244010116209586,-0.03959597739383357466277713957993547177262,0.1989873799863538448081253244010116209586,0.08291260755200000000000000000000000000000,0.3860341600000000000000000000000000000000,0.0,0.0,0.0,FINITE
495,2.440000000000000000000000000000000000000,0.1158769893290942827622739522108791879533,-0.03951730382814796979277154111901392695826,0.1987895968810942827622739522108791879533,0.08291260755200000000000000000000000000000,0.3860341600000000000000000000000000000000,0.0,0.0,0.0,FINITE
496,2.445000000000000000000000000000000000000,0.1156795990056676539551183955743012597528,-0.03943886450544333553857638660436792607210,0.1985922065576676539551183955743012597528,0.08291260755200000000000000000000000000000,0.3860341600000000000000000000000000000000,2.420369946780823920511269145803969904731e-122,9.681479787123295682045076583215879618926e-122,9.979440943647932780894426905757837373656e-122,FINITE
497,2.450000000000000000000000000000000000000,0.1154826002951834576358449611263367500769,-0.03936065849672712460699819425695857933683,0.1983952078471834576358449611263367500769,0.08291260755200000000000000000000000000000,0.3860341600000000000000000000000000000000,0.0,0.0,0.0,FINITE
498,2.455000000000000000000000000000000000000,0.1152859920333846422599893608972058090134,-0.03928268487760763328676734956331887069505,0.1981985995853846422599893608972058090134,0.08291260755200000000000000000000000000000,0.3860341600000000000000000000000000000000,2.420369946780823920511269145803969904731e-122,9.681479787123295682045076583215879618926e-122,9.979440943647932780894426905757837373656e-122,FINITE
499,2.460000000000000000000000000000000000000,0.1150897730606246696401040908455608037104,-0.03920494272826668564621769272196117810809,0.1980023806126246696401040908455608037104,0.08291260755200000000000000000000000000000,0.3860341600000000000000000000000000000000,2.420369946780823920511269145803969904731e-122,4.840739893561647841022538291607939809463e-122,5.412111731699470567230318221233489933070e-122,FINITE
500,2.465000000000000000000000000000000000000,0.1148939422218447152022624879494948503737,-0.03912743113343250675093040271335806501724,0.1978065497738447152022624879494948503737,0.08291260755200000000000000000000000000000,0.3860341600000000000000000000000000000000,0.0,-9.681479787123295682045076583215879618926e-122,9.681479787123295682045076583215879618926e-122,FINITE
501,2.470000000000000000000000000000000000000,0.1146984983665510034070385940746061964592,-0.03905014918235278340798326856553619270384,0.1976111059185510034070385940746061964592,0.08291260755200000000000000000000000000000,0.3860341600000000000000000000000000000000,2.420369946780823920511269145803969904731e-122,9.681479787123295682045076583215879618926e-122,9.979440943647932780894426905757837373656e-122,FINITE
502,2.475000000000000000000000000000000000000,0.1145034403487922774010355445566522173941,-0.03897309596876791095670646885107746846254,0.1974160479007922774010355445566522173941,0.08291260755200000000000000000000000000000,0.3860341600000000000000000000000000000000,0.0,0.0,0.0,FINITE
503,2.480000000000000000000000000000000000000,0.1143087670271374019724028163293394867431,-0.03889627059088442463897531739922842166954,0.1972213745791374019724028163293394867431,0.08291260755200000000000000000000000000000,0.3860341600000000000000000000000000000000,2.420369946780823920511269145803969904731e-122,4.840739893561647841022538291607939809463e-122,5.412111731699470567230318221233489933070e-122,FINITE
504,2.485000000000000000000000000000000000000,0.1141144772646530988910849644172776434901,-0.03881967215134861409507049219917214496972,0.1970270848166530988910849644172776434901,0.08291260755200000000000000000000000000000,0.3860341600000000000000000000000000000000,0.0,0.0,0.0,FINITE
505,2.490000000000000000000000000000000000000,0.1139205699288818137217820895858078334657,-0.03874329975722031954400844435809706912797,0.1968331774808818137217820895858078334657,0.08291260755200000000000000000000000000000,0.3860341600000000000000000000000000000000,2.420369946780823920511269145803969904731e-122,0.0,2.420369946780823920511269145803969904731e-122,FINITE
506,2.495000000000000000000000000000000000000,0.1137270438918197132047758498261091049132,-0.03866715251994690821999036711523849699633,0.1966396514438197132047758498261091049132,0.08291260755200000000000000000000000000000,0.3860341600000000000000000000000000000000,0.0,9.681479787123295682045076583215879618926e-122,9.681479787123295682045076583215879618926e-122,FINITE
507,2.500000000000000000000000000000000000000,0.1135338980298948123068849832175232689633,-0.03859122955533742964923865736979710521217,0.1964465055818948123068849832175232689633,0.08291260755200000000000000000000000000000,0.3860341600000000000000000000000000000000,0.0,0.0,0.0,FINITE
508,2.505000000000000000000000000000000000000,0.1133411312239452300518616718211898355960,-0.03851552998353694836398657394791207942828,0.1962537387759452300518616718211898355960,0.08291260755200000000000000000000000000000,0.3860341600000000000000000000000000000000,0.0,9.681479787123295682045076583215879618926e-122,9.681479787123295682045076583215879618926e-122,FINITE
509,2.510000000000000000000000000000000000000,0.1131487423591975732465252611814277736824,-0.03844005292900105266276112202997289451268,0.1960613499111975732465252611814277736824,0.08291260755200000000000000000000000000000,0.3860341600000000000000000000000000000000,0.0,-4.840739893561647841022538291607939809463e-122,4.840739893561647841022538291607939809463e-122,FINITE
510,2.515000000000000000000000000000000000000,0.1129567303252454472258534666740899380023,-0.03836479752047053803835239023169884217881,0.1958693378772454472258534666740899380023,0.08291260755200000000000000000000000000000,0.3860341600000000000000000000000000000000,0.0,1.452221968068494352306761487482381942839e-121,1.452221968068494352306761487482381942839e-121,FINITE
511,2.520000000000000000000000000000000000000,0.1127650940160280927471138487211250302373,-0.03828976289094626390699593875594684465065,0.1956777015680280927471138487211250302373,0.08291260755200000000000000000000000000000,0.3860341600000000000000000000000000000000,0.0,-4.840739893561647841022538291607939809463e-122,4.840739893561647841022538291607939809463e-122,FINITE
512,2.525000000000000000000000000000000000000,0.1125738323298091481699206196879798612337,-0.03821494817766418228430967150711396613082,0.1954864398818091481699206196879798612337,0.08291260755200000000000000000000000000000,0.3860341600000000000000000000000000000000,0.0,0.0,0.0,FINITE
513,2.530000000000000000000000000000000000000,0.1123829441691555360658443455947145301054,-0.03814035252207053706542419470472371837346,0.1952955517211555360658443455947145301054,0.08291260755200000000000000000000000000000,0.3860341600000000000000000000000000000000,0.0,0.0,0.0,FINITE
514,2.535000000000000000000000000000000000000,0.1121924284409164734078854087764508432979,-0.03806597506979723257852722707538951002216,0.1951050359929164734078854087764508432979,0.08291260755200000000000000000000000000000,0.3860341600000000000000000000000000000000,0.0,4.840739893561647841022538291607939809463e-122,4.840739893561647841022538291607939809463e-122,FINITE
515,2.540000000000000000000000000000000000000,0.1120022840562026044967467802458880214405,-0.03799181497063737009270942516908262058964,0.1949148916082026044967467802458880214405,0.08291260755200000000000000000000000000000,0.3860341600000000000000000000000000000000,2.420369946780823920511269145803969904731e-122,0.0,2.420369946780823920511269145803969904731e-122,FINITE
516,2.545000000000000000000000000000000000000,0.1118125099303652557874082834831929281415,-0.03791787137852095097255225024691964145481,0.1947251174823652557874082834831929281415,0.08291260755200000000000000000000000000000,0.3860341600000000000000000000000000000000,0.0,0.0,0.0,FINITE
517,2.550000000000000000000000000000000000000,0.1116231049829758117860136793430528576081,-0.03784414345149074518333944470158529256194,0.1945357125349758117860136793430528576081,0.08291260755200000000000000000000000000000,0.3860341600000000000000000000000000000000,2.420369946780823920511269145803969904731e-122,4.840739893561647841022538291607939809463e-122,5.412111731699470567230318221233489933070e-122,FINITE
518,2.555000000000000000000000000000000000000,0.1114340681378052111935341233260785749149,-0.03777063035167832386210350612468283823766,0.1943466756898052111935341233260785749149,0.08291260755200000000000000000000000000000,0.3860341600000000000000000000000000000000,0.0,4.840739893561647841022538291607939809463e-122,4.840739893561647841022538291607939809463e-122,FINITE
519,2.560000000000000000000000000000000000000,0.1112453983228035624790673942479478385345,-0.03769733124528025468093843198152762542966,0.1941580058748035624790673942479478385345,0.08291260755200000000000000000000000000000,0.3860341600000000000000000000000000000000,2.420369946780823920511269145803969904731e-122,4.840739893561647841022538291607939809463e-122,5.412111731699470567230318221233489933070e-122,FINITE
520,2.565000000000000000000000000000000000000,0.1110570944700798780719723140948650977002,-0.03762424530253445874012112965013592929658,0.1939697020220798780719723140948650977002,0.08291260755200000000000000000000000000000,0.3860341600000000000000000000000000000000,0.0,4.840739893561647841022538291607939809463e-122,4.840739893561647841022538291607939809463e-122,FINITE
521,2.570000000000000000000000000000000000000,0.1108691555158819263683225134911063139865,-0.03755137169769672773958740396127009203500,0.1937817630678819263683225134911063139865,0.08291260755200000000000000000000000000000,0.3860341600000000000000000000000000000000,0.0,0.0,0.0,FINITE
522,2.575000000000000000000000000000000000000,0.1106815804005762007533936808771747947294,-0.03747870960901740018820549252247798232065,0.1935941879525762007533936808771747947294,0.08291260755200000000000000000000000000000,0.3860341600000000000000000000000000000000,2.420369946780823920511269145803969904731e-122,9.681479787123295682045076583215879618926e-122,9.979440943647932780894426905757837373656e-122,FINITE
523,2.580000000000000000000000000000000000000,0.1104943680686280048480741956663367426284,-0.03740625821871819542108184992046980476605,0.1934069756206280048480741956663367426284,0.08291260755200000000000000000000000000000,0.3860341600000000000000000000000000000000,2.420369946780823920511269145803969904731e-122,4.840739893561647841022538291607939809463e-122,5.412111731699470567230318221233489933070e-122,FINITE
524,2.585000000000000000000000000000000000000,0.1103075174685816531932111101473183111821,-0.03733401671296920420582140415627284208973,0.1932201250205816531932111101473183111821,0.08291260755200000000000000000000000000000,0.3860341600000000000000000000000000000000,0.0,0.0,0.0,FINITE
525,2.590000000000000000000000000000000000000,0.1101210275530407865919723300045437136816,-0.03726198428186603472924892820825355315501,0.1930336351050407865919723300045437136816,0.08291260755200000000000000000000000000000,0.3860341600000000000000000000000000000000,0.0,4.840739893561647841022538291607939809463e-122,4.840739893561647841022538291607939809463e-122,FINITE
526,2.595000000000000000000000000000000000000,0.1099348972786488013363220618101717190975,-0.03719016011940711276658057948191931157674,0.1928475048306488013363220618101717190975,0.08291260755200000000000000000000000000000,0.3860341600000000000000000000000000000000,0.0,0.0,0.0,FINITE
527,2.600000000000000000000000000000000000000,0.1097491256060693915496706550464670557906,-0.03711854342347113484541614050587816968171,0.1926617331580693915496706550464670557906,0.08291260755200000000000000000000000000000,0.3860341600000000000000000000000000000000,2.420369946780823920511269145803969904731e-122,4.840739893561647841022538291607939809463e-122,5.412111731699470567230318221233489933070e-122,FINITE
528,2.605000000000000000000000000000000000000,0.1095637114999672038836723681140212867474,-0.03704713339579467322720411351268675158100,0.1924763190519672038836723681140212867474,0.08291260755200000000000000000000000000000,0.3860341600000000000000000000000000000000,0.0,0.0,0.0,FINITE
529,2.610000000000000000000000000000000000000,0.1093786539289886038130058290334539004167,-0.03697592924194993153901463512837120892929,0.1922912614809886038130058290334539004167,0.08291260755200000000000000000000000000000,0.3860341600000000000000000000000000000000,2.420369946780823920511269145803969904731e-122,9.681479787123295682045076583215879618926e-122,9.979440943647932780894426905757837373656e-122,FINITE
530,2.615000000000000000000000000000000000000,0.1091939518657425527777825335702517794559,-0.03690493017132264989854022875026453378408,0.1921065594177425527777825335702517794559,0.08291260755200000000000000000000000000000,0.3860341600000000000000000000000000000000,0.0,0.0,0.0,FINITE
531,2.620000000000000000000000000000000000000,0.1090096042867815954289891125318794059715,-0.03683413539709015838523273277449257643713,0.1919222118387815954289891125318794059715,0.08291260755200000000000000000000000000000,0.3860341600000000000000000000000000000000,0.0,-4.840739893561647841022538291607939809463e-122,4.840739893561647841022538291607939809463e-122,FINITE
532,2.625000000000000000000000000000000000000,0.1088256101725829562380797871031866172885,-0.03676354413619957772037735223652424189715,0.1917382177245829562380797871031866172885,0.08291260755200000000000000000000000000000,0.3860341600000000000000000000000000000000,0.0,-4.840739893561647841022538291607939809463e-122,4.840739893561647841022538291607939809463e-122,FINITE
533,2.630000000000000000000000000000000000000,0.1086419685075297447374968923317993416378,-0.03669315560934616602870268753238248735554,0.1915545760595297447374968923317993416378,0.08291260755200000000000000000000000000000,0.3860341600000000000000000000000000000000,2.420369946780823920511269145803969904731e-122,1.936295957424659136409015316643175923785e-121,1.951364635718264591717572893853279759519e-121,FINITE
534,2.635000000000000000000000000000000000000,0.1084586782798922686645100552705152482957,-0.03662296904095181056382979300886442977403,0.1913712858318922686645100552705152482957,0.08291260755200000000000000000000000000000,0.3860341600000000000000000000000000000000,0.0,4.840739893561647841022538291607939809463e-122,4.840739893561647841022538291607939809463e-122,FINITE
535,2.640000000000000000000000000000000000000,0.1082757384818094542863290318967003521526,-0.03655298365914366328947479523936213891888,0.1911883460338094542863290318967003521526,0.08291260755200000000000000000000000000000,0.3860341600000000000000000000000000000000,2.420369946780823920511269145803969904731e-122,0.0,2.420369946780823920511269145803969904731e-122,FINITE
536,2.645000000000000000000000000000000000000,0.1080931481092703731899617969310625730798,-0.03648319869573291921783932934673992510750,0.1910057556612703731899617969310625730798,0.08291260755200000000000000000000000000000,0.3860341600000000000000000000000000000000,0.0,4.840739893561647841022538291607939809463e-122,4.840739893561647841022538291607939809463e-122,FINITE
537,2.650000000000000000000000000000000000000,0.1079109061620958748257586994015993719998,-0.03641361338619373641605199426341401697366,0.1908235137140958748257586994015993719998,0.08291260755200000000000000000000000000000,0.3860341600000000000000000000000000000000,0.0,4.840739893561647841022538291607939809463e-122,4.840739893561647841022538291607939809463e-122,FINITE
538,2.655000000000000000000000000000000000000,0.1077290116439203240990057957898450729983,-0.03634422696964229660086313579457836813897,0.1906416191959203240990057957898450729983,0.08291260755200000000000000000000000000000,0.3860341600000000000000000000000000000000,0.0,-4.840739893561647841022538291607939809463e-122,4.840739893561647841022538291607939809463e-122,FINITE
539,2.660000000000000000000000000000000000000,0.1075474635621734433093062986725548851846,-0.03627503868881600525104548036894739758506,0.1904600711141734433093062986725548851846,0.08291260755200000000000000000000000000000,0.3860341600000000000000000000000000000000,0.0,-1.452221968068494352306761487482381942839e-121,1.452221968068494352306761487482381942839e-121,FINITE
540,2.665000000000000000000000000000000000000,0.1073662609280622577428188740733440345361,-0.03620604779005283017611539228455356374366,0.1902788684800622577428188740733440345361,0.08291260755200000000000000000000000000000,0.3860341600000000000000000000000000000000,2.420369946780823920511269145803969904731e-122,0.0,2.420369946780823920511269145803969904731e-122,FINITE
541,2.670000000000000000000000000000000000000,0.1071854027565531442277057227834853109388,-0.03613725352327077748906473234630780634252,0.1900980103085531442277057227834853109388,0.08291260755200000000000000000000000000000,0.3860341600000000000000000000000000000000,2.420369946780823920511269145803969904731e-122,9.681479787123295682045076583215879618926e-122,9.979440943647932780894426905757837373656e-122,FINITE
542,2.675000000000000000000000000000000000000,0.1070048880663539819683824226469131732888,-0.03606865514194750393978236483842065299305,0.1899174956183539819683824226469131732888,0.08291260755200000000000000000000000000000,0.3860341600000000000000000000000000000000,0.0,-4.840739893561647841022538291607939809463e-122,4.840739893561647841022538291607939809463e-122,FINITE
543,2.680000000000000000000000000000000000000,0.1068247158798964049793558186612935693481,-0.03600025190310006457474819122862630072215,0.1897373234318964049793558186612935693481,0.08291260755200000000000000000000000000000,0.3860341600000000000000000000000000000000,0.0,-4.840739893561647841022538291607939809463e-122,4.840739893561647841022538291607939809463e-122,FINITE
544,2.685000000000000000000000000000000000000,0.1066448852233181554445862496879376560876,-0.03593204306726479469740207109905809637115,0.1895574927753181554445862496879376560876,0.08291260755200000000000000000000000000000,0.3860341600000000000000000000000000000000,0.0,0.0,0.0,FINITE
545,2.690000000000000000000000000000000000000,0.1064653951264455373334165141355953739253,-0.03586402789847732511232600168923587905477,0.1893780026784455373334165141355953739253,0.08291260755200000000000000000000000000000,0.3860341600000000000000000000000000000000,2.420369946780823920511269145803969904731e-122,1.452221968068494352306761487482381942839e-121,1.472253562173829183900680602015665753265e-121,FINITE
546,2.695000000000000000000000000000000000000,0.1062862446227759696091726173682100612860,-0.03579620566425272964503133530462764012899,0.1891988521747759696091726173682100612860,0.08291260755200000000000000000000000000000,0.3860341600000000000000000000000000000000,0.0,-4.840739893561647841022538291607939809463e-122,4.840739893561647841022538291607939809463e-122,FINITE
547,2.700000000000000000000000000000000000000,0.1061074327494606383715609216497279415789,-0.03572857563556580393771447703272591214358,0.1890200403014606383715609216497279415789,0.08291260755200000000000000000000000000000,0.3860341600000000000000000000000000000000,2.420369946780823920511269145803969904731e-122,9.681479787123295682045076583215879618926e-122,9.979440943647932780894426905757837373656e-122,FINITE
548,2.705000000000000000000000000000000000000,0.1059289585472872472789632417778529982951,-0.03566113708683147452983527233976676229014,0.1888415660992872472789632417778529982951,0.08291260755200000000000000000000000000000,0.3860341600000000000000000000000000000000,-2.420369946780823920511269145803969904731e-122,4.840739893561647841022538291607939809463e-122,5.412111731699470567230318221233489933070e-122,FINITE
549,2.710000000000000000000000000000000000000,0.1057508210606628656016660985519775024464,-0.03559388929588533724078300421564900036729,0.1886634286126628656016660985519775024464,0.08291260755200000000000000000000000000000,0.3860341600000000000000000000000000000000,2.420369946780823920511269145803969904731e-122,1.452221968068494352306761487482381942839e-121,1.472253562173829183900680602015665753265e-121,FINITE
550,2.715000000000000000000000000000000000000,0.1055730193375968732619531560758166016605,-0.03552683154396432388022640212869553735403,0.1884856268895968732619531560758166016605,0.08291260755200000000000000000000000000000,0.3860341600000000000000000000000000000000,0.0,0.0,0.0,FINITE
551,2.720000000000000000000000000000000000000,0.1053955524296840022218412216957334415919,-0.03545996311568749631999714031396080577671,0.1883081599816840022218412216957334415919,0.08291260755200000000000000000000000000000,0.3860341600000000000000000000000000000000,0.0,-9.681479787123295682045076583215879618926e-122,9.681479787123295682045076583215879618926e-122,FINITE
552,2.725000000000000000000000000000000000000,0.1052184193920874735840504691269005304175,-0.03539328329903696696953178176356543432087,0.1881310269440874735840504691269005304175,0.08291260755200000000000000000000000000000,0.3860341600000000000000000000000000000000,0.0,4.840739893561647841022538291607939809463e-122,4.840739893561647841022538291607939809463e-122,FINITE
553,2.730000000000000000000000000000000000000,0.1050416192835222297765691419951692902339,-0.03532679138533894470499580848918228195766,0.1879542268355222297765691419951692902339,0.08291260755200000000000000000000000000000,0.3860341600000000000000000000000000000000,0.0,-4.840739893561647841022538291607939809463e-122,4.840739893561647841022538291607939809463e-122,FINITE
554,2.735000000000000000000000000000000000000,0.1048651511662382611959022886104268697835,-0.03526048666924490531023606093038294529512,0.1877777587182382611959022886104268697835,0.08291260755200000000000000000000000000000,0.3860341600000000000000000000000000000000,0.0,-9.681479787123295682045076583215879618926e-122,9.681479787123295682045076583215879618926e-122,FINITE
555,2.740000000000000000000000000000000000000,0.1046890141060040266887834473335389555449,-0.03519436844871288549565537361413331070342,0.1876016216580040266887834473335389555449,0.08291260755200000000000000000000000000000,0.3860341600000000000000000000000000000000,0.0,0.0,0.0,FINITE
556,2.745000000000000000000000000000000000000,0.1045132071720899672567780195528818840379,-0.03512843602498889956897621534593547079801,0.1874258147240899672567780195528818840379,0.08291260755200000000000000000000000000000,0.3860341600000000000000000000000000000000,0.0,1.452221968068494352306761487482381942839e-121,1.452221968068494352306761487482381942839e-121,FINITE
557,2.750000000000000000000000000000000000000,0.1043377294372521123728177043438534748506,-0.03506268870258847783965948664435239236639,0.1872503369892521123728177043438534748506,0.08291260755200000000000000000000000000000,0.3860341600000000000000000000000000000000,0.0,-4.840739893561647841022538291607939809463e-122,4.840739893561647841022538291607939809463e-122,FINITE
558,2.755000000000000000000000000000000000000,0.1041625799777157783032771918314917321392,-0.03499712578927832584647105253286908789110,0.1870751875297157783032771918314917321392,0.08291260755200000000000000000000000000000,0.3860341600000000000000000000000000000000,2.420369946780823920511269145803969904731e-122,4.840739893561647841022538291607939809463e-122,5.412111731699470567230318221233489933070e-122,FINITE
559,2.760000000000000000000000000000000000000,0.1039877578731593578337376838309970753119,-0.03493174659605810350534284439813210820308,0.1869003654251593578337376838309970753119,0.08291260755200000000000000000000000000000,0.3860341600000000000000000000000000000000,0.0,0.0,0.0,FINITE
560,2.765000000000000000000000000000000000000,0.1038132622066982008010770894970284724774,-0.03486655043714232328225819124343832124918,0.1867258697586982008010770894970284724774,0.08291260755200000000000000000000000000000,0.3860341600000000000000000000000000000000,0.0,1.452221968068494352306761487482381942839e-121,1.452221968068494352306761487482381942839e-121,FINITE
561,2.770000000000000000000000000000000000000,0.1036390920648685848389842857802117521904,-0.03480153662994236650340317085445123934063,0.1865516996168685848389842857802117521904,0.08291260755200000000000000000000000000000,0.3860341600000000000000000000000000000000,0.0,0.0,0.0,FINITE
562,2.775000000000000000000000000000000000000,0.1034652465376117757484149891362382345232,-0.03473670449504861692226792950607500835271,0.1863778540896117757484149891362382345232,0.08291260755200000000000000000000000000000,0.3860341600000000000000000000000000000000,0.0,-4.840739893561647841022538291607939809463e-122,4.840739893561647841022538291607939809463e-122,FINITE
563,2.780000000000000000000000000000000000000,0.1032917247182581769088899042256078858473,-0.03467205335621271067075482114186341958398,0.1862043322702581769088899042256078858473,0.08291260755200000000000000000000000000000,0.3860341600000000000000000000000000000000,2.420369946780823920511269145803969904731e-122,0.0,2.420369946780823920511269145803969904731e-122,FINITE
564,2.785000000000000000000000000000000000000,0.1031185257035115671508822417855327869586,-0.03460758254032990172865457172578501981807,0.1860311332555115671508822417855327869586,0.08291260755200000000000000000000000000000,0.3860341600000000000000000000000000000000,0.0,9.681479787123295682045076583215879618926e-122,9.681479787123295682045076583215879618926e-122,FINITE
565,2.790000000000000000000000000000000000000,0.1029456485934334265138517724332122118615,-0.03454329137742154205308818208145132005528,0.1858582561454334265138517724332122118615,0.08291260755200000000000000000000000000000,0.3860341600000000000000000000000000000000,0.0,0.0,0.0,FINITE
566,2.795000000000000000000000000000000000000,0.1027730924914273493187566433727021775482,-0.03447917920061767551668163557747444255636,0.1856857000434273493187566433727021775482,0.08291260755200000000000000000000000000000,0.3860341600000000000000000000000000000000,0.0,-9.681479787123295682045076583215879618926e-122,9.681479787123295682045076583215879618926e-122,FINITE
567,2.800000000000000000000000000000000000000,0.1026008565042235439881125648834073586375,-0.03441524534613974481034336036547453898537,0.1855134640562235439881125648834073586375,0.08291260755200000000000000000000000000000,0.3860341600000000000000000000000000000000,0.0,-4.840739893561647841022538291607939809463e-122,4.840739893561647841022538291607939809463e-122,FINITE
568,2.805000000000000000000000000000000000000,0.1024289397418634190508720037189890436747,-0.03435148915328341047355148679280276815252,0.1853415472938634190508720037189890436747,0.08291260755200000000000000000000000000000,0.3860341600000000000000000000000000000000,0.0,4.840739893561647841022538291607939809463e-122,4.840739893561647841022538291607939809463e-122,FINITE
569,2.810000000000000000000000000000000000000,0.1022573413176842547735640284259001512068,-0.03428790996440148122202990883763833226835,0.1851699488696842547735640284259001512068,0.08291260755200000000000000000000000000000,0.3860341600000000000000000000000000000000,2.420369946780823920511269145803969904731e-122,9.681479787123295682045076583215879618926e-122,9.979440943647932780894426905757837373656e-122,FINITE
570,2.815000000000000000000000000000000000000,0.1020860603483039598632687610554202820696,-0.03422450712488695474959966626147077887894,0.1849986679003039598632687610554202820696,0.08291260755200000000000000000000000000000,0.3860341600000000000000000000000000000000,0.0,-1.452221968068494352306761487482381942839e-121,1.452221968068494352306761487482381942839e-121,FINITE
571,2.820000000000000000000000000000000000000,0.1019150959536059126920993214533953271618,-0.03416127998315616818783586661339012145557,0.1848277035056059126920993214533953271618,0.08291260755200000000000000000000000000000,0.3860341600000000000000000000000000000000,0.0,0.0,0.0,FINITE
572,2.825000000000000000000000000000000000000,0.1017444472567238864969290216726305569643,-0.03409822789063205741394091096903795735228,0.1846570548087238864969290216726305569643,0.08291260755200000000000000000000000000000,0.3860341600000000000000000000000000000000,2.420369946780823920511269145803969904731e-122,1.452221968068494352306761487482381942839e-121,1.472253562173829183900680602015665753265e-121,FINITE
573,2.830000000000000000000000000000000000000,0.1015741133840270580121326932481538534454,-0.03403535020172752440396281489508452328854,0.1844867209360270580121326932481538534454,0.08291260755200000000000000000000000000000,0.3860341600000000000000000000000000000000,2.420369946780823920511269145803969904731e-122,9.681479787123295682045076583215879618926e-122,9.979440943647932780894426905757837373656e-122,FINITE
574,2.835000000000000000000000000000000000000,0.1014040934651050989971087201044514386823,-0.03397264627382891183514356006767061892755,0.1843167010171050989971087201044514386823,0.08291260755200000000000000000000000000000,0.3860341600000000000000000000000000000000,2.420369946780823920511269145803969904731e-122,0.0,2.420369946780823920511269145803969904731e-122,FINITE
575,2.840000000000000000000000000000000000000,0.1012343866327533501243129125755515734885,-0.03391011546727958414777729871450219440837,0.1841469941847533501243129125755515734885,0.08291260755200000000000000000000000000000,0.3860341600000000000000000000000000000000,0.0,4.840739893561647841022538291607939809463e-122,4.840739893561647841022538291607939809463e-122,FINITE
576,2.845000000000000000000000000000000000000,0.1010649920229580766974670981477063800959,-0.03384775714536361428349248215707519246914,0.1839775995749580766974670981477063800959,0.08291260755200000000000000000000000000000,0.3860341600000000000000000000000000000000,0.0,1.452221968068494352306761487482381942839e-121,1.452221968068494352306761487482381942839e-121,FINITE
577,2.850000000000000000000000000000000000000,0.1008959087748818056735045237339114143709,-0.03378557067428957532334620893400484614318,0.1838085163268818056735045237339114143709,0.08291260755200000000000000000000000000000,0.3860341600000000000000000000000000000000,2.420369946780823920511269145803969904731e-122,4.840739893561647841022538291607939809463e-122,5.412111731699470567230318221233489933070e-122,FINITE
578,2.855000000000000000000000000000000000000,0.1007271360308487434656811611663635439532,-0.03372355542317443625553389327258857097832,0.1836397435828487434656811611663635439532,0.08291260755200000000000000000000000000000,0.3860341600000000000000000000000000000000,0.0,0.0,0.0,FINITE
579,2.860000000000000000000000000000000000000,0.1005586729363302740091170777407297274109,-0.03366171076402756110887334035972174858675,0.1834712804883302740091170777407297274109,0.08291260755200000000000000000000000000000,0.3860341600000000000000000000000000000000,0.0,9.681479787123295682045076583215879618926e-122,9.681479787123295682045076583215879618926e-122,FINITE
580,2.865000000000000000000000000000000000000,0.1003905186399305365738354696782449898371,-0.03360003607173481069452007367292143653356,0.1833031261919305365738354696782449898371,0.08291260755200000000000000000000000000000,0.3860341600000000000000000000000000000000,0.0,4.840739893561647841022538291607939809463e-122,4.840739893561647841022538291607939809463e-122,FINITE
581,2.870000000000000000000000000000000000000,0.1002226722933720828141390479543081468023,-0.03353853072404274620461087778532877210929,0.1831352798453720828141390479543081468023,0.08291260755200000000000000000000000000000,0.3860341600000000000000000000000000000000,0.0,4.840739893561647841022538291607939809463e-122,4.840739893561647841022538291607939809463e-122,FINITE
582,2.875000000000000000000000000000000000000,0.1000551330514816125469044998265538732760,-0.03347719410154293392271557734040207099299,0.1829677406034816125469044998265538732760,0.08291260755200000000000000000000000000000,0.3860341600000000000000000000000000000000,0.0,-1.452221968068494352306761487482381942839e-121,1.452221968068494352306761487482381942839e-121,FINITE
583,2.880000000000000000000000000000000000000,0.09988790007217578775508600944950065851152,-0.03341602558765635030710364273163320051730,0.1828005076241757877550860094495006585115,0.08291260755200000000000000000000000000000,0.3860341600000000000000000000000000000000,0.0,4.840739893561647841022538291607939809463e-122,4.840739893561647841022538291607939809463e-122,FINITE
584,2.885000000000000000000000000000000000000,0.09972097251644712431639858820354502463186,-0.03335502456861788671390286256830291597990,0.1826335800684471243163985882035450246319,0.08291260755200000000000000000000000000000,0.3860341600000000000000000000000000000000,2.420369946780823920511269145803969904731e-122,1.452221968068494352306761487482381942839e-121,1.472253562173829183900680602015665753265e-121,FINITE
585,2.890000000000000000000000000000000000000,0.09955434954834996096080151798983729926459,-0.03329419043346095303324261320200712656339,0.1824669571003499609608015179898372992646,0.08291260755200000000000000000000000000000,0.3860341600000000000000000000000000000000,0.0,0.0,0.0,FINITE
586,2.895000000000000000000000000000000000000,0.09938803033498650496402182415662999407721,-0.03323352257400217951743474123960198349329,0.1823006378869865049640218241566299940772,0.08291260755200000000000000000000000000000,0.3860341600000000000000000000000000000000,0.0,-4.840739893561647841022538291607939809463e-122,4.840739893561647841022538291607939809463e-122,FINITE
587,2.900000000000000000000000000000000000000,0.09922201404649295408794764157536801818564,-0.03317302038482621608615130482526519747081,0.1821346215984929540879476415753680181856,0.08291260755200000000000000000000000000000,0.3860341600000000000000000000000000000000,0.0,1.452221968068494352306761487482381942839e-121,1.452221968068494352306761487482381942839e-121,FINITE
588,2.905000000000000000000000000000000000000,0.09905629985602569428228188759567856974458,-0.03311268326327062839941093629790313677889,0.1819689074080256942822818875956785697446,0.08291260755200000000000000000000000000000,0.3860341600000000000000000000000000000000,0.0,9.681479787123295682045076583215879618926e-122,9.681479787123295682045076583215879618926e-122,FINITE
589,2.910000000000000000000000000000000000000,0.09889088693974757266537807639812778381770,-0.03305251060941088999498492946264842381742,0.1818034944917475726653780763981277838177,0.08291260755200000000000000000000000000000,0.3860341600000000000000000000000000000000,0.0,-9.681479787123295682045076583215879618926e-122,9.681479787123295682045076583215879618926e-122,FINITE
590,2.915000000000000000000000000000000000000,0.09872577447681424530568266518318769278466,-0.03299250182604546979258085015117994774656,0.1816383820288142453056826651831876927847,0.08291260755200000000000000000000000000000,0.3860341600000000000000000000000000000000,0.0,9.681479787123295682045076583215879618926e-122,9.681479787123295682045076583215879618926e-122,FINITE
591,2.920000000000000000000000000000000000000,0.09856096164936059932868227559485115332611,-0.03293265631868101427285604420048459453267,0.1814735692013605993286822755948511533261,0.08291260755200000000000000000000000000000,0.3860341600000000000000000000000000000000,2.420369946780823920511269145803969904731e-122,1.936295957424659136409015316643175923785e-121,1.951364635718264591717572893853279759519e-121,FINITE
592,2.925000000000000000000000000000000000000,0.09839644764248724887769974307652299381203,-0.03287297349551762364495639195791067336054,0.1813090551944872488776997430765229938120,0.08291260755200000000000000000000000000000,0.3860341600000000000000000000000000000000,0.0,4.840739893561647841022538291607939809463e-122,4.840739893561647841022538291607939809463e-122,FINITE
593,2.930000000000000000000000000000000000000,0.09823223164424710446030046921059666183298,-0.03281345276743422132186754678260806312006,0.1811448391962471044603004692105966618330,0.08291260755200000000000000000000000000000,0.3860341600000000000000000000000000000000,0.0,0.0,0.0,FINITE
594,2.935000000000000000000000000000000000000,0.09806831284563201521546024166155867279542,-0.03275409354797401602840720504297043960796,0.1809809203976320152154602416615586727954,0.08291260755200000000000000000000000000000,0.3860341600000000000000000000000000000000,2.420369946780823920511269145803969904731e-122,4.840739893561647841022538291607939809463e-122,5.412111731699470567230318221233489933070e-122,FINITE
595,2.940000000000000000000000000000000000000,0.09790469044055948364000779475800028860609,-0.03269489525333005587217818957786366379350,0.1808172979925594836400077947580002886061,0.08291260755200000000000000000000000000000,0.3860341600000000000000000000000000000000,0.0,0.0,0.0,FINITE
596,2.945000000000000000000000000000000000000,0.09774136362585945231619016014379710583666,-0.03263585730233087371324378482042087769731,0.1806539711778594523161901601437971058367,0.08291260755200000000000000000000000000000,0.3860341600000000000000000000000000000000,0.0,0.0,0.0,FINITE
597,2.950000000000000000000000000000000000000,0.09757833160126116218551654796204646217511,-0.03257697911642622317367933171787181209543,0.1804909391532611621855165479620464621751,0.08291260755200000000000000000000000000000,0.3860341600000000000000000000000000000000,2.420369946780823920511269145803969904731e-122,4.840739893561647841022538291607939809463e-122,5.412111731699470567230318221233489933070e-122,FINITE
598,2.955000000000000000000000000000000000000,0.09741559356938008191731734891985604833852,-0.03251826011967290463349806083986853882237,0.1803282011213800819173173489198560483385,0.08291260755200000000000000000000000000000,0.3860341600000000000000000000000000000000,0.0,0.0,0.0,FINITE
599,2.960000000000000000000000000000000000000,0.09725314873570490792370909811054873105996,-0.03245969973872068056474499401372029759965,0.1801657562877049079237090981105487310600,0.08291260755200000000000000000000000000000,0.3860341600000000000000000000000000000000,2.420369946780823920511269145803969904731e-122,1.936295957424659136409015316643175923785e-121,1.951364635718264591717572893853279759519e-121,FINITE
600,2.965000000000000000000000000000000000000,0.09709099630858463457588413204128565654633,-0.03240129740279827956080095462402635219108,0.1800036038605846345758841320412856565463,0.08291260755200000000000000000000000000000,0.3860341600000000000000000000000000000000,0.0,9.681479787123295682045076583215879618926e-122,9.681479787123295682045076583215879618926e-122,FINITE
601,2.970000000000000000000000000000000000000,0.09692913549921569417984543795954320540816,-0.03234305254369948842313976539680868095683,0.1798417430512156941798454379595432054082,0.08291260755200000000000000000000000000000,0.3860341600000000000000000000000000000000,2.420369946780823920511269145803969904731e-122,4.840739893561647841022538291607939809463e-122,5.412111731699470567230318221233489933070e-122,FINITE
602,2.975000000000000000000000000000000000000,0.09676756552162916627288307397990258496981,-0.03228496459576933167293604600900125236082,0.1796801730736291662728830739799025849698,0.08291260755200000000000000000000000000000,0.3860341600000000000000000000000000000000,0.0,4.840739893561647841022538291607939809463e-122,4.840739893561647841022538291607939809463e-122,FINITE
603,2.980000000000000000000000000000000000000,0.09660628559267805580523876205461004114467,-0.03222703299589033786002911216105178172370,0.1795188931446780558052387620546100411447,0.08291260755200000000000000000000000000000,0.3860341600000000000000000000000000000000,0.0,1.452221968068494352306761487482381942839e-121,1.452221968068494352306761487482381942839e-121,FINITE
604,2.985000000000000000000000000000000000000,0.09644529493202463977453005358645667366125,-0.03216925718346889204681077880329246996713,0.1793579024840246397745300535864566736613,0.08291260755200000000000000000000000000000,0.3860341600000000000000000000000000000000,0.0,0.0,0.0,FINITE
605,2.990000000000000000000000000000000000000,0.09628459276212788188360506726220113195795,-0.03211163660042167384962183409507635398802,0.1791972003141278818836050672622011319580,0.08291260755200000000000000000000000000000,0.3860341600000000000000000000000000000000,0.0,-4.840739893561647841022538291607939809463e-122,4.840739893561647841022538291607939809463e-122,FINITE
606,2.995000000000000000000000000000000000000,0.09612417830823091479557342605724249415196,-0.03205417069116218042521402363547695177230,0.1790367858602309147955734260572424941520,0.08291260755200000000000000000000000000000,0.3860341600000000000000000000000000000000,0.0,9.681479787123295682045076583215879618926e-122,9.681479787123295682045076583215879618926e-122,FINITE
607,3.000000000000000000000000000000000000000,0.09596405079834858956280889867658184610399,-0.03199685890258733379476200798450469536183,0.1788766583503485895628088986765818461040,0.08291260755200000000000000000000000000000,0.3860341600000000000000000000000000000000,2.420369946780823920511269145803969904731e-122,1.452221968068494352306761487482381942839e-121,1.472253562173829183900680602015665753265e-121,FINITE
608,3.025000000000000000000000000000000000000,0.09516769058214186173268734089281765118023,-0.03171259258354484944125755508315251517751,0.1780802981341418617326873408928176511802,0.08291260755200000000000000000000000000000,0.3860341600000000000000000000000000000000,0.0,-9.681479787123295682045076583215879618926e-122,9.681479787123295682045076583215879618926e-122,FINITE
609,3.050000000000000000000000000000000000000,0.09437838974078191321270665251425519899845,-0.03143209772106920367981771969006261219288,0.1772909972927819132127066525142551989985,0.08291260755200000000000000000000000000000,0.3860341600000000000000000000000000000000,0.0,-4.840739893561647841022538291607939809463e-122,4.840739893561647841022538291607939809463e-122,FINITE
610,3.075000000000000000000000000000000000000,0.09359605482120788929645969102226188964841,-0.03115530789277909451440857143166422871877,0.1765086623732078892964596910222618896484,0.08291260755200000000000000000000000000000,0.3860341600000000000000000000000000000000,0.0,1.452221968068494352306761487482381942839e-121,1.452221968068494352306761487482381942839e-121,FINITE
611,3.100000000000000000000000000000000000000,0.09282059401263949327880349077007257233674,-0.03088215813215821244862200313614158870590,0.1757332015646394932788034907700725723367,0.08291260755200000000000000000000000000000,0.3860341600000000000000000000000000000000,0.0,0.0,0.0,FINITE
612,3.125000000000000000000000000000000000000,0.09205191711065938180668198830492847541541,-0.03061258489043034306299820450270469082893,0.1749645246626593818066819883049284754154,0.08291260755200000000000000000000000000000,0.3860341600000000000000000000000000000000,2.420369946780823920511269145803969904731e-122,4.840739893561647841022538291607939809463e-122,5.412111731699470567230318221233489933070e-122,FINITE
613,3.150000000000000000000000000000000000000,0.09128993548223410094038648434168459649383,-0.03034652599959418388344000761749884599784,0.1742025430342341009403864843416845964938,0.08291260755200000000000000000000000000000,0.3860341600000000000000000000000000000000,2.420369946780823920511269145803969904731e-122,4.840739893561647841022538291607939809463e-122,5.412111731699470567230318221233489933070e-122,FINITE
614,3.175000000000000000000000000000000000000,0.09053456203164507516004506384150698831078,-0.03008392063657773331524565023004195523637,0.1734471695836450751600450638415069883108,0.08291260755200000000000000000000000000000,0.3860341600000000000000000000000000000000,2.420369946780823920511269145803969904731e-122,2.420369946780823920511269145803969904731e-121,2.432441692224626892593676728398467487105e-121,FINITE
615,3.200000000000000000000000000000000000000,0.08978571116730214550996332090616728035176,-0.02982470928847366584411941205961509674509,0.1726983187193021455099633209061672803518,0.08291260755200000000000000000000000000000,0.3860341600000000000000000000000000000000,0.0,0.0,0.0,FINITE
616,3.225000000000000000000000000000000000000,0.08904329876941309896186371798634399466667,-0.02956883371881859736781625033400935428989,0.1719559063214130989618637179863439946667,0.08291260755200000000000000000000000000000,0.3860341600000000000000000000000000000000,0.0,-9.681479787123295682045076583215879618926e-122,9.681479787123295682045076583215879618926e-122,FINITE
617,3.250000000000000000000000000000000000000,0.08830724215848354052664924879148333090291,-0.02931623693488057055670339106736526232321,0.1712198497104835405266492487914833309029,0.08291260755200000000000000000000000000000,0.3860341600000000000000000000000000000000,0.0,-4.840739893561647841022538291607939809463e-122,4.840739893561647841022538291607939809463e-122,FINITE
618,3.275000000000000000000000000000000000000,0.08757746006462233420620675080094556235945,-0.02906686315592045552524826456172195715342,0.1704900676166223342062067508009455623595,0.08291260755200000000000000000000000000000,0.3860341600000000000000000000000000000000,2.420369946780823920511269145803969904731e-122,9.681479787123295682045076583215879618926e-122,9.979440943647932780894426905757837373656e-122,FINITE
619,3.300000000000000000000000000000000000000,0.08685387259762868003261381102573255836932,-0.02882065778239426865475500568274993469967,0.1697664801496286800326138110257325583693,0.08291260755200000000000000000000000000000,0.3860341600000000000000000000000000000000,0.0,4.840739893561647841022538291607939809463e-122,4.840739893561647841022538291607939809463e-122,FINITE
620,3.325000000000000000000000000000000000000,0.08613640121783770360373526047938173853746,-0.02857756736606466482306903164719471636575,0.1690490087698377036037352604793817385375,0.08291260755200000000000000000000000000000,0.3860341600000000000000000000000000000000,2.420369946780823920511269145803969904731e-122,1.452221968068494352306761487482381942839e-121,1.472253562173829183900680602015665753265e-121,FINITE
621,3.350000000000000000000000000000000000000,0.08542496870770221303804839644747465735908,-0.02833753958099105811676656511416966480099,0.1683375762597022130380483964474746573591,0.08291260755200000000000000000000000000000,0.3860341600000000000000000000000000000000,0.0,0.0,0.0,FINITE
622,3.375000000000000000000000000000000000000,0.08471949914408902742200782400085590764191,-0.02810052319536897574502577866879840356949,0.1676321066960890274220078240008559076419,0.08291260755200000000000000000000000000000,0.3860341600000000000000000000000000000000,0.0,0.0,0.0,FINITE
623,3.400000000000000000000000000000000000000,0.08401991787126900183577702193113857024818,-0.02786646804419035164050843513094568727446,0.1669325254232690018357770219311385702482,0.08291260755200000000000000000000000000000,0.3860341600000000000000000000000000000000,2.420369946780823920511269145803969904731e-122,4.840739893561647841022538291607939809463e-122,5.412111731699470567230318221233489933070e-122,FINITE
624,3.425000000000000000000000000000000000000,0.08332615147458056808711911596979813766176,-0.02763532500269752230534189804782662295066,0.1662387590265805680871191159697981376618,0.08291260755200000000000000000000000000000,0.3860341600000000000000000000000000000000,0.0,0.0,0.0,FINITE
625,3.450000000000000000000000000000000000000,0.08263812775474727847481973905052683334547,-0.02740704596060469991560606643635444800942,0.1655507353067472784748197390505268333455,0.08291260755200000000000000000000000000000,0.3860341600000000000000000000000000000000,0.0,9.681479787123295682045076583215879618926e-122,9.681479787123295682045076583215879618926e-122,FINITE
626,3.475000000000000000000000000000000000000,0.08195577570283048330777050325437917682766,-0.02718158379706166850905980363616336619455,0.1648683832548304833077705032543791768277,0.08291260755200000000000000000000000000000,0.3860341600000000000000000000000000000000,0.0,4.840739893561647841022538291607939809463e-122,4.840739893561647841022538291607939809463e-122,FINITE
627,3.500000000000000000000000000000000000000,0.08127902547579889254121980934053391993387,-0.02695889235633538012464157904166012116082,0.1641916330277988925412198093405339199339,0.08291260755200000000000000000000000000000,0.3860341600000000000000000000000000000000,0.0,9.681479787123295682045076583215879618926e-122,9.681479787123295682045076583215879618926e-122,FINITE
628,3.525000000000000000000000000000000000000,0.08060780837269736872939309887505223538438,-0.02673892642418602082314198818743233141973,0.1635204159246973687293930988750522353844,0.08291260755200000000000000000000000000000,0.3860341600000000000000000000000000000000,0.0,9.681479787123295682045076583215879618926e-122,9.681479787123295682045076583215879618926e-122,FINITE
629,3.550000000000000000000000000000000000000,0.07994205681139787346187445699208939092256,-0.02652164170491497329395417744387085657455,0.1628546643633978734618744569920893909226,0.08291260755200000000000000000000000000000,0.3860341600000000000000000000000000000000,0.0,4.840739893561647841022538291607939809463e-122,4.840739893561647841022538291607939809463e-122,FINITE
630,3.575000000000000000000000000000000000000,0.07928170430591604343660305265320863247353,-0.02630699479906292485811174619708316794514,0.1621943118579160434366030526532086324735,0.08291260755200000000000000000000000000000,0.3860341600000000000000000000000000000000,2.420369946780823920511269145803969904731e-122,4.840739893561647841022538291607939809463e-122,5.412111731699470567230318221233489933070e-122,FINITE
631,3.600000000000000000000000000000000000000,0.07862668544427740617245502852795938469481,-0.02609494318173715864995830047020765539343,0.1615392929962774061724550285279593846948,0.08291260755200000000000000000000000000000,0.3860341600000000000000000000000000000000,2.420369946780823920511269145803969904731e-122,1.452221968068494352306761487482381942839e-121,1.472253562173829183900680602015665753265e-121,FINITE
632,3.625000000000000000000000000000000000000,0.07797693586691775988904571823224395174803,-0.02588544518154782306175668217544115617370,0.1608895434189177598890457182322439517480,0.08291260755200000000000000000000000000000,0.3860341600000000000000000000000000000000,0.0,4.840739893561647841022538291607939809463e-122,4.840739893561647841022538291607939809463e-122,FINITE
633,3.650000000000000000000000000000000000000,0.07733239224560273805480027202577223571529,-0.02567845996013370156014759082445353779765,0.1602449997976027380548002720257722357153,0.08291260755200000000000000000000000000000,0.3860341600000000000000000000000000000000,0.0,-9.681479787123295682045076583215879618926e-122,9.681479787123295682045076583215879618926e-122,FINITE
634,3.675000000000000000000000000000000000000,0.07669299226285205726672380146261685142160,-0.02547394749225870305685938543180820297376,0.1596055998148520572667238014626168514216,0.08291260755200000000000000000000000000000,0.3860341600000000000000000000000000000000,2.420369946780823920511269145803969904731e-122,9.681479787123295682045076583215879618926e-122,9.979440943647932780894426905757837373656e-122,FINITE
635,3.700000000000000000000000000000000000000,0.07605867459185440818451558467433565660477,-0.02527186854646096340158156084343460809179,0.1589712821438544081845155846743356566048,0.08291260755200000000000000000000000000000,0.3860341600000000000000000000000000000000,0.0,1.452221968068494352306761487482381942839e-121,1.452221968068494352306761487482381942839e-121,FINITE
636,3.725000000000000000000000000000000000000,0.07542937887685939387475316904577869878938,-0.02507218466623709246568968380762532413440,0.1583419864288593938747531690457786987894,0.08291260755200000000000000000000000000000,0.3860341600000000000000000000000000000000,0.0,9.681479787123295682045076583215879618926e-122,9.681479787123295682045076583215879618926e-122,FINITE
637,3.750000000000000000000000000000000000000,0.07480504571403334877549412020559822793340,-0.02487485815174471984797645576895735884784,0.1577176532660333487754941202055982279334,0.08291260755200000000000000000000000000000,0.3860341600000000000000000000000000000000,0.0,-4.840739893561647841022538291607939809463e-122,4.840739893561647841022538291607939809463e-122,FINITE
638,3.775000000000000000000000000000000000000,0.07418561663276628518749768285363339338640,-0.02467985204200708655020536610282984174530,0.1570982241847662851874976828536333933864,0.08291260755200000000000000000000000000000,0.3860341600000000000000000000000000000000,2.420369946780823920511269145803969904731e-122,9.681479787123295682045076583215879618926e-122,9.979440943647932780894426905757837373656e-122,FINITE
639,3.800000000000000000000000000000000000000,0.07357103407741761332838052115344175208085,-0.02448713009760400108247675713513090676209,0.1564836416294176133283805211534417520809,0.08291260755200000000000000000000000000000,0.3860341600000000000000000000000000000000,0.0,9.681479787123295682045076583215879618926e-122,9.681479787123295682045076583215879618926e-122,FINITE
640,3.825000000000000000000000000000000000000,0.07296124138948866611799458522946344478886,-0.02429665678383402735879898451440154552890,0.1558738489414886661179945852294634447889,0.08291260755200000000000000000000000000000,0.3860341600000000000000000000000000000000,0.0,0.0,0.0,FINITE
641,3.850000000000000000000000000000000000000,0.07235618279021043154051949520858700272384,-0.02410839725433329937845657544004478317594,0.1552687903422104315405194952085870027238,0.08291260755200000000000000000000000000000,0.3860341600000000000000000000000000000000,0.0,-9.681479787123295682045076583215879618926e-122,9.681479787123295682045076583215879618926e-122,FINITE
642,3.875000000000000000000000000000000000000,0.07175580336353525417145360099642836933858,-0.02392231733513686496149399334057213143334,0.1546684109155352541714536009964283693386,0.08291260755200000000000000000000000000000,0.3860341600000000000000000000000000000000,0.0,-4.840739893561647841022538291607939809463e-122,4.840739893561647841022538291607939809463e-122,FINITE
643,3.900000000000000000000000000000000000000,0.07116004903952161376408074323743232071386,-0.02373838350916894857797397456815278953317,0.1540726565915216137640807432374323207139,0.08291260755200000000000000000000000000000,0.3860341600000000000000000000000000000000,0.0,0.0,0.0,FINITE
644,3.925000000000000000000000000000000000000,0.07056886657810142313726908062909580807230,-0.02355656290114899240213790596149967828665,0.1534814741301014231372690806290958080723,0.08291260755200000000000000000000000000000,0.3860341600000000000000000000000000000000,0.0,0.0,0.0,FINITE
645,3.950000000000000000000000000000000000000,0.06998220355321961045174576188888058365948,-0.02337682326290078591809775219171992565465,0.1528948111052196104517457618888805836595,0.08291260755200000000000000000000000000000,0.3860341600000000000000000000000000000000,0.0,4.840739893561647841022538291607939809463e-122,4.840739893561647841022538291607939809463e-122,FINITE
646,3.975000000000000000000000000000000000000,0.06940000833733606274326132677707587664490,-0.02319913295905242845137904511525794498848,0.1523126158893360627432613267770758766449,0.08291260755200000000000000000000000000000,0.3860341600000000000000000000000000000000,0.0,4.840739893561647841022538291607939809463e-122,4.840739893561647841022538291607939809463e-122,FINITE
647,4.000000000000000000000000000000000000000,0.06882223008628030871800973708707720981527,-0.02302346095311528661467552533979884726089,0.1517348376382803087180097370870772098153,0.08291260755200000000000000000000000000000,0.3860341600000000000000000000000000000000,0.0,4.840739893561647841022538291607939809463e-122,4.840739893561647841022538291607939809463e-122,FINITE
648,4.025000000000000000000000000000000000000,0.06824881872444960971055644146716931177830,-0.02284977679393051051840670460044467304064,0.1511614262764496097105564414671693117783,0.08291260755200000000000000000000000000000,0.3860341600000000000000000000000000000000,2.420369946780823920511269145803969904731e-122,-4.840739893561647841022538291607939809463e-122,5.412111731699470567230318221233489933070e-122,FINITE
649,4.050000000000000000000000000000000000000,0.06767972493034140874294200111576079145087,-0.02267805060247205935818288356566388539050,0.1505923324823414087429420011157607914509,0.08291260755200000000000000000000000000000,0.3860341600000000000000000000000000000000,0.0,4.840739893561647841022538291607939809463e-122,4.840739893561647841022538291607939809463e-122,FINITE
650,4.075000000000000000000000000000000000000,0.06711490012241135917525800568805931353794,-0.02250825305899555927392175073496157757060,0.1500275076744113591752580056880593135379,0.08291260755200000000000000000000000000000,0.3860341600000000000000000000000000000000,0.0,4.840739893561647841022538291607939809463e-122,4.840739893561647841022538291607939809463e-122,FINITE
651,4.100000000000000000000000000000000000000,0.06655429644524841685732542028612112097122,-0.02234035539052267477313925179112168715766,0.1494669039972484168573254202861211209712,0.08291260755200000000000000000000000000000,0.3860341600000000000000000000000000000000,0.0,0.0,0.0,FINITE
652,4.125000000000000000000000000000000000000,0.06599786675605873331811674960702589410021,-0.02217432935865102009138089911620565400271,0.1489104743080587333181167496070258941002,0.08291260755200000000000000000000000000000,0.3860341600000000000000000000000000000000,0.0,4.840739893561647841022538291607939809463e-122,4.840739893561647841022538291607939809463e-122,FINITE
653,4.150000000000000000000000000000000000000,0.06544556461145033269035569561288563545131,-0.02201014724767996916818203731842022480986,0.1483581721634503326903556956128856354513,0.08291260755200000000000000000000000000000,0.3860341600000000000000000000000000000000,0.0,1.452221968068494352306761487482381942839e-121,1.452221968068494352306761487482381942839e-121,FINITE
654,4.175000000000000000000000000000000000000,0.06489734425451079207514917438879095533746,-0.02184778185304304296565763330187979642989,0.1478099518065107920751491743887909553375,0.08291260755200000000000000000000000000000,0.3860341600000000000000000000000000000000,0.0,-9.681479787123295682045076583215879618926e-122,9.681479787123295682045076583215879618926e-122,FINITE
655,4.200000000000000000000000000000000000000,0.06435316060217037420573476072882981585864,-0.02168720647003786114427834336879101120250,0.1472657681541703742057347607288298158586,0.08291260755200000000000000000000000000000,0.3860341600000000000000000000000000000000,2.420369946780823920511269145803969904731e-122,9.681479787123295682045076583215879618926e-122,9.979440943647932780894426905757837373656e-122,FINITE
656,4.225000000000000000000000000000000000000,0.06381296923284328285852791307007934611563,-0.02152839488284494211027584776272189555117,0.1467255767848432828585279130700793461156,0.08291260755200000000000000000000000000000,0.3860341600000000000000000000000000000000,0.0,9.681479787123295682045076583215879618926e-122,9.681479787123295682045076583215879618926e-122,FINITE
657,4.250000000000000000000000000000000000000,0.06327672637433992576011291301166027917465,-0.02137132135382692161438650757297477810955,0.1461893339263399257601129130116602791747,0.08291260755200000000000000000000000000000,0.3860341600000000000000000000000000000000,2.420369946780823920511269145803969904731e-122,1.936295957424659136409015316643175923785e-121,1.951364635718264591717572893853279759519e-121,FINITE
658,4.275000000000000000000000000000000000000,0.06274438889204327701604974744493014624494,-0.02121596061310003584548173186192669496495,0.1456569964440432770160497474449301462449,0.08291260755200000000000000000000000000000,0.3860341600000000000000000000000000000000,0.0,0.0,0.0,FINITE
659,4.300000000000000000000000000000000000000,0.06221591427734263159618396109869995268868,-0.02106228784836998073941329561923542938359,0.1451285218293426315961839610986999526887,0.08291260755200000000000000000000000000000,0.3860341600000000000000000000000000000000,0.0,0.0,0.0,FINITE
660,4.325000000000000000000000000000000000000,0.06169126063631823839623250625299637371359,-0.02091027869502451540954643297569518344670,0.1446038681883182383962325062529963737136,0.08291260755200000000000000000000000000000,0.3860341600000000000000000000000000000000,0.0,-4.840739893561647841022538291607939809463e-122,4.840739893561647841022538291607939809463e-122,FINITE
661,4.350000000000000000000000000000000000000,0.06117038667867048609176540928940361755069,-0.02075990922647542458028271098591671050824,0.1440829942306704860917654092894036175507,0.08291260755200000000000000000000000000000,0.3860341600000000000000000000000000000000,0.0,0.0,0.0,FINITE
662,4.375000000000000000000000000000000000000,0.06065325170688749763402272256777768317071,-0.02061115594474269303140061601312949838625,0.1435658592588874976340227225677776831707,0.08291260755200000000000000000000000000000,0.3860341600000000000000000000000000000000,0.0,4.840739893561647841022538291607939809463e-122,4.840739893561647841022538291607939809463e-122,FINITE
663,4.400000000000000000000000000000000000000,0.06013981560564516502413141600639214913816,-0.02046399577127397468672570311575638796139,0.1430524231576451650241314160063921491382,0.08291260755200000000000000000000000000000,0.3860341600000000000000000000000000000000,0.0,0.0,0.0,FINITE
664,4.425000000000000000000000000000000000000,0.05963003883143382615155059320006390751274,-0.02031840603799266043811353615243095708144,0.1425426463834338261515505932000639075127,0.08291260755200000000000000000000000000000,0.3860341600000000000000000000000000000000,0.0,0.0,0.0,FINITE
665,4.450000000000000000000000000000000000000,0.05912388240240595019417120493314041412200,-0.02017436447856806240346861019324429498321,0.1420364899544059501941712049331404141220,0.08291260755200000000000000000000000000000,0.3860341600000000000000000000000000000000,0.0,0.0,0.0,FINITE
666,4.475000000000000000000000000000000000000,0.05862130788843935754383181645390065742281,-0.02003184921990143838051342984218727453820,0.1415339154404393575438318164539006574228,0.08291260755200000000000000000000000000000,0.3860341600000000000000000000000000000000,0.0,-9.681479787123295682045076583215879618926e-122,9.681479787123295682045076583215879618926e-122,FINITE
667,4.500000000000000000000000000000000000000,0.05812227740141065462702620881665352722682,-0.01989083877382177906836528560716766700046,0.1410348849534106546270262088166535272268,0.08291260755200000000000000000000000000000,0.3860341600000000000000000000000000000000,2.420369946780823920511269145803969904731e-122,9.681479787123295682045076583215879618926e-122,9.979440943647932780894426905757837373656e-122,FINITE
668,4.525000000000000000000000000000000000000,0.05762675358567371351406523469696246399217,-0.01975131202898547246648163658600517509505,0.1405393611376737135140652346969624639922,0.08291260755200000000000000000000000000000,0.3860341600000000000000000000000000000000,0.0,4.840739893561647841022538291607939809463e-122,4.840739893561647841022538291607939809463e-122,FINITE
669,4.550000000000000000000000000000000000000,0.05713469960873817102186061540770903406750,-0.01961324824297414499327079425787762619707,0.1400473071607381710218606154077090340675,0.08291260755200000000000000000000000000000,0.3860341600000000000000000000000000000000,2.420369946780823920511269145803969904731e-122,-4.840739893561647841022538291607939809463e-122,5.412111731699470567230318221233489933070e-122,FINITE
670,4.575000000000000000000000000000000000000,0.05664607915214306228020778559513065015338,-0.01947662703458515755150137688660090343637,0.1395586867041430622802077855951306501534,0.08291260755200000000000000000000000000000,0.3860341600000000000000000000000000000000,2.420369946780823920511269145803969904731e-122,9.681479787123295682045076583215879618926e-122,9.979440943647932780894426905757837373656e-122,FINITE
671,4.600000000000000000000000000000000000000,0.05616085640252083960705703469008392382640,-0.01934142837630940725075199534988330760931,0.1390734639545208396070570346900839238264,0.08291260755200000000000000000000000000000,0.3860341600000000000000000000000000000000,0.0,1.936295957424659136409015316643175923785e-121,1.936295957424659136409015316643175923785e-121,FINITE
672,4.625000000000000000000000000000000000000,0.05567899604284715917685006712427790515529,-0.01920763258699125201447476536759135121285,0.1385916035948471591768500671242779051553,0.08291260755200000000000000000000000000000,0.3860341600000000000000000000000000000000,0.0,0.0,0.0,FINITE
673,4.650000000000000000000000000000000000000,0.05520046324387194551385981482399159106934,-0.01907522032466553607699596680596222242022,0.1381130707958719455138598148239915910693,0.08291260755200000000000000000000000000000,0.3860341600000000000000000000000000000000,0.0,9.681479787123295682045076583215879618926e-122,9.681479787123295682045076583215879618926e-122,FINITE
674,4.675000000000000000000000000000000000000,0.05472522365572736744036458920533885500188,-0.01894417257956684963081426699856194971021,0.1376378312077273674403645892053388550019,0.08291260755200000000000000000000000000000,0.3860341600000000000000000000000000000000,0.0,1.452221968068494352306761487482381942839e-121,1.452221968068494352306761487482381942839e-121,FINITE
675,4.700000000000000000000000000000000000000,0.05425324339970847889286361771034374560833,-0.01881447066730630582484242291119694145968,0.1371658509517084788928636177103437456083,0.08291260755200000000000000000000000000000,0.3860341600000000000000000000000000000000,0.0,1.452221968068494352306761487482381942839e-121,1.452221968068494352306761487482381942839e-121,FINITE
676,4.725000000000000000000000000000000000000,0.05378448906022239411875803167347405536647,-0.01868609622221126313921966397338373612971,0.1366970966122223941187580316734740553665,0.08291260755200000000000000000000000000000,0.3860341600000000000000000000000000000000,2.420369946780823920511269145803969904731e-122,4.840739893561647841022538291607939809463e-122,5.412111731699470567230318221233489933070e-122,FINITE
677,4.750000000000000000000000000000000000000,0.05331892767690197930645411496569813510520,-0.01855903119082356106330907510809940645464,0.1362315352289019793064541149656981351052,0.08291260755200000000000000000000000000000,0.3860341600000000000000000000000000000000,2.420369946780823920511269145803969904731e-122,1.936295957424659136409015316643175923785e-121,1.951364635718264591717572893853279759519e-121,FINITE
678,4.775000000000000000000000000000000000000,0.05285652673688015180448395737255408023275,-0.01843325782555197216401839052531086149565,0.1357691342888801518044839573725540802328,0.08291260755200000000000000000000000000000,0.3860341600000000000000000000000000000000,0.0,9.681479787123295682045076583215879618926e-122,9.681479787123295682045076583215879618926e-122,FINITE
679,4.800000000000000000000000000000000000000,0.05239725416722098386627783726709863585631,-0.01830875867847470422773741712956015767316,0.1353098617192209838662778372670986358563,0.08291260755200000000000000000000000000000,0.3860341600000000000000000000000000000000,0.0,0.0,0.0,FINITE
680,4.825000000000000000000000000000000000000,0.05194107832750391042864515706751971816626,-0.01818551659528791235995258643519593908040,0.1348536858795039104286451570675197181663,0.08291260755200000000000000000000000000000,0.3860341600000000000000000000000000000000,0.0,-4.840739893561647841022538291607939809463e-122,4.840739893561647841022538291607939809463e-122,FINITE
681,4.850000000000000000000000000000000000000,0.05148796800255743990167015455432403391642,-0.01806351470939630289415877861517454306714,0.1344005755545574399016701545543240339164,0.08291260755200000000000000000000000000000,0.3860341600000000000000000000000000000000,0.0,4.840739893561647841022538291607939809463e-122,4.840739893561647841022538291607939809463e-122,FINITE
682,4.875000000000000000000000000000000000000,0.05103789239533886341947592770842672532226,-0.01794273643614202885171421581496783872201,0.1339504999473388634194759277084267253223,0.08291260755200000000000000000000000000000,0.3860341600000000000000000000000000000000,0.0,9.681479787123295682045076583215879618926e-122,9.681479787123295682045076583215879618926e-122,FINITE
683,4.900000000000000000000000000000000000000,0.05059082111995655157521309211170712250640,-0.01782316546716819065622510245963733183497,0.1335034286719565515752130921117071225064,0.08291260755200000000000000000000000000000,0.3860341600000000000000000000000000000000,0.0,-9.681479787123295682045076583215879618926e-122,9.681479787123295682045076583215879618926e-122,FINITE
684,4.925000000000000000000000000000000000000,0.05014672419483151843608395239930930008169,-0.01770478576491336598339631086172268514370,0.1330593317468315184360839523993093000817,0.08291260755200000000000000000000000000000,0.3860341600000000000000000000000000000000,2.420369946780823920511269145803969904731e-122,1.452221968068494352306761487482381942839e-121,1.472253562173829183900680602015665753265e-121,FINITE
685,4.950000000000000000000000000000000000000,0.04970557203599502069810015351937372524068,-0.01758758155723369915783684660447879727233,0.1326181795879950206981001535193737252407,0.08291260755200000000000000000000000000000,0.3860341600000000000000000000000000000000,2.420369946780823920511269145803969904731e-122,1.452221968068494352306761487482381942839e-121,1.472253562173829183900680602015665753265e-121,FINITE
686,4.975000000000000000000000000000000000000,0.04926733545051904528509595736210732936388,-0.01747153733214918352440315037645591848351,0.1321799430025190452850959573621073293639,0.08291260755200000000000000000000000000000,0.3860341600000000000000000000000000000000,0.0,9.681479787123295682045076583215879618926e-122,9.681479787123295682045076583215879618926e-122,FINITE
687,5.000000000000000000000000000000000000000,0.04883198563007662160854240988272765532985,-0.01735663783271086985041674636285859818616,0.1317445931820766216085424098827276553299,0.08291260755200000000000000000000000000000,0.3860341600000000000000000000000000000000,2.420369946780823920511269145803969904731e-122,0.0,2.420369946780823920511269145803969904731e-122,FINITE
688,5.025000000000000000000000000000000000000,0.04839949414462897516707658076186141324340,-0.01724286805198583017862323273780380512084,0.1313121016966289751670765807618614132434,0.08291260755200000000000000000000000000000,0.3860341600000000000000000000000000000000,0.0,-4.840739893561647841022538291607939809463e-122,4.840739893561647841022538291607939809463e-122,FINITE
689,5.050000000000000000000000000000000000000,0.04796983293623661725752895202100320780478,-0.01713021322815679976639798965337847986553,0.1308824404882366172575289520210032078048,0.08291260755200000000000000000000000000000,0.3860341600000000000000000000000000000000,0.0,0.0,0.0,FINITE
690,5.075000000000000000000000000000000000000,0.04754297431299154136987952988220164644829,-0.01701865883973350992719670658301896490427,0.1304555818649915413698795298822016464483,0.08291260755200000000000000000000000000000,0.3860341600000000000000000000000000000000,2.420369946780823920511269145803969904731e-122,1.936295957424659136409015316643175923785e-121,1.951364635718264591717572893853279759519e-121,FINITE
691,5.100000000000000000000000000000000000000,0.04711889094306777042151460129765557085396,-0.01690819060087281184395136738134328308378,0.1300314984950677704215146012976555708540,0.08291260755200000000000000000000000000000,0.3860341600000000000000000000000000000000,0.0,-1.936295957424659136409015316643175923785e-121,1.936295957424659136409015316643175923785e-121,FINITE
692,5.125000000000000000000000000000000000000,0.04669755584888757042325056711935345078196,-0.01679879445680477585517381410822036530726,0.1296101634008875704232505671193534507820,0.08291260755200000000000000000000000000000,0.3860341600000000000000000000000000000000,2.420369946780823920511269145803969904731e-122,2.420369946780823920511269145803969904731e-121,2.432441692224626892593676728398467487105e-121,FINITE
693,5.150000000000000000000000000000000000000,0.04627894240140071553014527752675671302655,-0.01669045657936203242306857357082617598092,0.1291915499534007155301452775267567130265,0.08291260755200000000000000000000000000000,0.3860341600000000000000000000000000000000,0.0,-4.840739893561647841022538291607939809463e-122,4.840739893561647841022538291607939809463e-122,FINITE
694,5.175000000000000000000000000000000000000,0.04586302431447425678098272637173607020433,-0.01658316336260970007523179644139769618558,0.1287756318664742567809827263717360702043,0.08291260755200000000000000000000000000000,0.3860341600000000000000000000000000000000,2.420369946780823920511269145803969904731e-122,-4.840739893561647841022538291607939809463e-122,5.412111731699470567230318221233489933070e-122,FINITE
695,5.200000000000000000000000000000000000000,0.04544977563939031223598593287668636886370,-0.01647690141857332216008067701484720159937,0.1283623831913903122359859328766863688637,0.08291260755200000000000000000000000000000,0.3860341600000000000000000000000000000000,0.0,9.681479787123295682045076583215879618926e-122,9.681479787123295682045076583215879618926e-122,FINITE
696,5.225000000000000000000000000000000000000,0.04503917075944945974500818816597676631947,-0.01637165757306230836002721457624804857930,0.1279517783114494597450081881659767663195,0.08291260755200000000000000000000000000000,0.3860341600000000000000000000000000000000,0.0,-4.840739893561647841022538291607939809463e-122,4.840739893561647841022538291607939809463e-122,FINITE
697,5.250000000000000000000000000000000000000,0.04463118438467737527821496941265010253779,-0.01626741886158644865119093918176283441611,0.1275437919366773752782149694126501025378,0.08291260755200000000000000000000000000000,0.3860341600000000000000000000000000000000,2.420369946780823920511269145803969904731e-122,1.936295957424659136409015316643175923785e-121,1.951364635718264591717572893853279759519e-121,FINITE
698,5.275000000000000000000000000000000000000,0.04422579154663241968603892887414997658848,-0.01616417252536313686648649835059152065540,0.1271383990986324196860389288741499765885,0.08291260755200000000000000000000000000000,0.3860341600000000000000000000000000000000,0.0,4.840739893561647841022538291607939809463e-122,4.840739893561647841022538291607939809463e-122,FINITE
699,5.300000000000000000000000000000000000000,0.04382296759331193498089026849388328827186,-0.01606190600741300828944704282684384591945,0.1267355751453119349808902684938832882719,0.08291260755200000000000000000000000000000,0.3860341600000000000000000000000000000000,0.0,1.452221968068494352306761487482381942839e-121,1.452221968068494352306761487482381942839e-121,FINITE
700,5.325000000000000000000000000000000000000,0.04342268818415506780371348538172187207384,-0.01596060694874176085537857439544603963873,0.1263352957361550678037134853817218720738,0.08291260755200000000000000000000000000000,0.3860341600000000000000000000000000000000,2.420369946780823920511269145803969904731e-122,2.420369946780823920511269145803969904731e-121,2.432441692224626892593676728398467487105e-121,FINITE
701,5.350000000000000000000000000000000000000,0.04302492928513999270610844750401877770522,-0.01586026318460599263773390744286625461174,0.1259375368371399927061084475040187777052,0.08291260755200000000000000000000000000000,0.3860341600000000000000000000000000000000,0.0,-4.840739893561647841022538291607939809463e-122,4.840739893561647841022538291607939809463e-122,FINITE
702,5.375000000000000000000000000000000000000,0.04262966716397346129368952456830441942452,-0.01576086274086094942153952680543394209309,0.1255422747159734612936895245683044194245,0.08291260755200000000000000000000000000000,0.3860341600000000000000000000000000000000,0.0,-9.681479787123295682045076583215879618926e-122,9.681479787123295682045076583215879618926e-122,FINITE
703,5.400000000000000000000000000000000000000,0.04223687838537065518722005726862793406068,-0.01566239383038813538025008270379678566573,0.1251494859373706551872200572686279340607,0.08291260755200000000000000000000000000000,0.3860341600000000000000000000000000000000,0.0,1.452221968068494352306761487482381942839e-121,1.452221968068494352306761487482381942839e-121,FINITE
704,5.425000000000000000000000000000000000000,0.04184653980642337121174311410273935733029,-0.01556484484960079724295016762795386769803,0.1247591473584233712117431141027393573303,0.08291260755200000000000000000000000000000,0.3860341600000000000000000000000000000000,1.210184973390411960255634572901984952366e-122,4.840739893561647841022538291607939809463e-122,4.989720471823966390447213452878918686828e-122,FINITE
705,5.450000000000000000000000000000000000000,0.04145862857205461626574107499197299816444,-0.01546820437502534792834139172228101381841,0.1243712361240546162657410749919729981644,0.08291260755200000000000000000000000000000,0.3860341600000000000000000000000000000000,0.0,0.0,0.0,FINITE
706,5.475000000000000000000000000000000000000,0.04107312211055773699605909231284664350094,-0.01537246115995684949107606822831218556150,0.1239857296625577369960590923128466435009,0.08291260755200000000000000000000000000000,0.3860341600000000000000000000000000000000,0.0,0.0,0.0,FINITE
707,5.500000000000000000000000000000000000000,0.04068999812921825575219637443009032168760,-0.01527760413118672743311372467229393707073,0.1236026056812182557521963744300903216876,0.08291260755200000000000000000000000000000,0.3860341600000000000000000000000000000000,1.210184973390411960255634572901984952366e-122,9.681479787123295682045076583215879618926e-122,9.756823178591322958587864469266398797597e-122,FINITE
708,5.525000000000000000000000000000000000000,0.04030923461001662935644742957267075209751,-0.01518362238580093903411484188424398890317,0.1232218421620166293564474295726707520975,0.08291260755200000000000000000000000000000,0.3860341600000000000000000000000000000000,0.0,-4.840739893561647841022538291607939809463e-122,4.840739893561647841022538291607939809463e-122,FINITE
709,5.550000000000000000000000000000000000000,0.03993080980541019104372606118560033873372,-0.01509050518804686740461025619789319437477,0.1228434173574101910437260611856003387337,0.08291260755200000000000000000000000000000,0.3860341600000000000000000000000000000000,1.210184973390411960255634572901984952366e-122,9.681479787123295682045076583215879618926e-122,9.756823178591322958587864469266398797597e-122,FINITE
710,5.575000000000000000000000000000000000000,0.03955470223419257853486212147650241023112,-0.01499824196626726051597022394981205842844,0.1224673097861925785348621214765024102311,0.08291260755200000000000000000000000000000,0.3860341600000000000000000000000000000000,1.210184973390411960255634572901984952366e-122,9.681479787123295682045076583215879618926e-122,9.756823178591322958587864469266398797597e-122,FINITE
711,5.600000000000000000000000000000000000000,0.03918089067742899264657852989421348574678,-0.01490682230989958056231176355978797401020,0.1220934982294289926465785298942134857468,0.08291260755200000000000000000000000000000,0.3860341600000000000000000000000000000000,0.0,9.681479787123295682045076583215879618926e-122,9.681479787123295682045076583215879618926e-122,FINITE
712,5.625000000000000000000000000000000000000,0.03880935417446567114585394534155384168051,-0.01481623596653917370986128984651750635524,0.1217219617264656711458539453415538416805,0.08291260755200000000000000000000000000000,0.3860341600000000000000000000000000000000,1.210184973390411960255634572901984952366e-122,9.681479787123295682045076583215879618926e-122,9.756823178591322958587864469266398797597e-122,FINITE
713,5.650000000000000000000000000000000000000,0.03844007201901200176038612921987992275626,-0.01472647283906471363560585186494842930473,0.1213526795710120017603861292198799227563,0.08291260755200000000000000000000000000000,0.3860341600000000000000000000000000000000,1.210184973390411960255634572901984952366e-122,0.0,1.210184973390411960255634572901984952366e-122,FINITE
714,5.675000000000000000000000000000000000000,0.03807302375529373639367826685635509887425,-0.01463752298282441429430309947999244295831,0.1209856313072937363936782668563550988743,0.08291260755200000000000000000000000000000,0.3860341600000000000000000000000000000000,1.210184973390411960255634572901984952366e-122,1.452221968068494352306761487482381942839e-121,1.457255681491388302233693980639066144224e-121,FINITE
715,5.700000000000000000000000000000000000000,0.03770818917427580569505702895312120488218,-0.01454937660288154812443477013344528476551,0.1206207967262758056950570289531212048822,0.08291260755200000000000000000000000000000,0.3860341600000000000000000000000000000000,0.0,4.840739893561647841022538291607939809463e-122,4.840739893561647841022538291607939809463e-122,FINITE
716,5.725000000000000000000000000000000000000,0.03734554830995326923281437307796770383913,-0.01446202405131784545127648226881271537024,0.1202581558619532692328143730779677038391,0.08291260755200000000000000000000000000000,0.3860341600000000000000000000000000000000,0.0,0.0,0.0,FINITE
717,5.750000000000000000000000000000000000000,0.03698508143570897164273642916930658947032,-0.01437545582459338920921233236510315685248,0.1198976889877089716427364291693065894703,0.08291260755200000000000000000000000000000,0.3860341600000000000000000000000000000000,0.0,-4.840739893561647841022538291607939809463e-122,4.840739893561647841022538291607939809463e-122,FINITE
718,5.775000000000000000000000000000000000000,0.03662676906073650930364449865604636734402,-0.01428966256096165632459774562396846401806,0.1195393766127365093036444986560463673440,0.08291260755200000000000000000000000000000,0.3860341600000000000000000000000000000000,0.0,9.681479787123295682045076583215879618926e-122,9.681479787123295682045076583215879618926e-122,FINITE
719,5.800000000000000000000000000000000000000,0.03627059192652714535437360400969024579813,-0.01420463503793839321233269837507402409245,0.1191831994785271453543736040096902457981,0.08291260755200000000000000000000000000000,0.3860341600000000000000000000000000000000,1.210184973390411960255634572901984952366e-122,4.840739893561647841022538291607939809463e-122,4.989720471823966390447213452878918686828e-122,FINITE
720,5.825000000000000000000000000000000000000,0.03591653100341934324008170113837186488620,-0.01412036416982304787998071803693638533859,0.1188291385554193432400817011383718648862,0.08291260755200000000000000000000000000000,0.3860341600000000000000000000000000000000,0.0,0.0,0.0,FINITE
721,5.850000000000000000000000000000000000000,0.03556456748720962048625901842877544189276,-0.01403684100527151513760558398210496903444,0.1184771750392096204862590184287754418928,0.08291260755200000000000000000000000000000,0.3860341600000000000000000000000000000000,0.0,4.840739893561647841022538291607939809463e-122,4.840739893561647841022538291607939809463e-122,FINITE
722,5.875000000000000000000000000000000000000,0.03521468279582345507177772012220906552296,-0.01395405672491898441311287101889902566233,0.1181272903478234550717777201222090655230,0.08291260755200000000000000000000000000000,0.3860341600000000000000000000000000000000,0.0,0.0,0.0,FINITE
723,5.900000000000000000000000000000000000000,0.03486685856604500663244744920098194828041,-0.01387200263905171170420686127076212335943,0.1177794661180450066324474492009819482804,0.08291260755200000000000000000000000000000,0.3860341600000000000000000000000000000000,1.210184973390411960255634572901984952366e-122,9.681479787123295682045076583215879618926e-122,9.756823178591322958587864469266398797597e-122,FINITE
724,5.925000000000000000000000000000000000000,0.03452107665030444379768614286976329707434,-0.01379067018532656829039355684618442364733,0.1174336842023044437976861428697632970743,0.08291260755200000000000000000000000000000,0.3860341600000000000000000000000000000000,0.0,4.840739893561647841022538291607939809463e-122,4.840739893561647841022538291607939809463e-122,FINITE
725,5.950000000000000000000000000000000000000,0.03417731911352169726817327911083027437288,-0.01371005092653724901196875234723900592947,0.1170899266655216972681732791108302743729,0.08291260755200000000000000000000000000000,0.3860341600000000000000000000000000000000,0.0,1.936295957424659136409015316643175923785e-121,1.936295957424659136409015316643175923785e-121,FINITE
726,5.975000000000000000000000000000000000000,0.03383556823000548580407835612776753395125,-0.01363013654842605222676169109750644819606,0.1167481757820054858040783561277675339512,0.08291260755200000000000000000000000000000,0.3860341600000000000000000000000000000000,1.210184973390411960255634572901984952366e-122,-4.840739893561647841022538291607939809463e-122,4.989720471823966390447213452878918686828e-122,FINITE
727,6.000000000000000000000000000000000000000,0.03349580648040648913328927654700811978763,-0.01355091885754017200767905911003521930544,0.1164084140324064891332892765470081197876,0.08291260755200000000000000000000000000000,0.3860341600000000000000000000000000000000,0.0,0.0,0.0,FINITE
728,6.025000000000000000000000000000000000000,0.03315801654872356792795107022038809286758,-0.01347238977913147077195257266003310037184,0.1160706241007235679279510702203880928676,0.08291260755200000000000000000000000000000,0.3860341600000000000000000000000000000000,1.210184973390411960255634572901984952366e-122,9.681479787123295682045076583215879618926e-122,9.756823178591322958587864469266398797597e-122,FINITE
729,6.050000000000000000000000000000000000000,0.03282218131936195645584600582186574120799,-0.01339454135509872736263679684744046538959,0.1157347888713619564558460058218657412080,0.08291260755200000000000000000000000000000,0.3860341600000000000000000000000000000000,0.0,-1.452221968068494352306761487482381942839e-121,1.452221968068494352306761487482381942839e-121,FINITE
730,6.075000000000000000000000000000000000000,0.03248828387424237831033895329967065150363,-0.01331736574197138165962694451323287735741,0.1154008914262423783103389532996706515036,0.08291260755200000000000000000000000000000,0.3860341600000000000000000000000000000000,0.0,0.0,0.0,FINITE
731,6.100000000000000000000000000000000000000,0.03215630748996005977779280469997252683621,-0.01324085520893382210569216487982142394064,0.1150689150419600597777928046999725268362,0.08291260755200000000000000000000000000000,0.3860341600000000000000000000000000000000,1.210184973390411960255634572901984952366e-122,4.840739893561647841022538291607939809463e-122,4.989720471823966390447213452878918686828e-122,FINITE
732,6.125000000000000000000000000000000000000,0.03182623563499263893294376463584015550695,-0.01316500213588928711633169129186750773181,0.1147388431869926389329437646358401555070,0.08291260755200000000000000000000000000000,0.3860341600000000000000000000000000000000,1.210184973390411960255634572901984952366e-122,1.452221968068494352306761487482381942839e-121,1.457255681491388302233693980639066144224e-121,FINITE
733,6.150000000000000000000000000000000000000,0.03149805196695599147855188947652604211831,-0.01308979901156247522343433317289584034427,0.1144106595189559914785518894765260421183,0.08291260755200000000000000000000000000000,0.3860341600000000000000000000000000000000,1.210184973390411960255634572901984952366e-122,1.452221968068494352306761487482381942839e-121,1.457255681491388302233693980639066144224e-121,FINITE
734,6.175000000000000000000000000000000000000,0.03117174032990701668298530373306177104406,-0.01301523843163998200375295484864934776108,0.1140843478819070166829853037330617710441,0.08291260755200000000000000000000000000000,0.3860341600000000000000000000000000000000,0.0,-9.681479787123295682045076583215879618926e-122,9.681479787123295682045076583215879618926e-122,FINITE
735,6.200000000000000000000000000000000000000,0.03084728475169244853499348009573958597242,-0.01294131309694770438534193632997063347554,0.1137598923036924485349934800957395859724,0.08291260755200000000000000000000000000000,0.3860341600000000000000000000000000000000,0.0,-4.840739893561647841022538291607939809463e-122,4.840739893561647841022538291607939809463e-122,FINITE
736,6.225000000000000000000000000000000000000,0.03052466944134277844499016607289338745837,-0.01286801581166437482887227606100610632046,0.1134372769933427784449901660728933874584,0.08291260755200000000000000000000000000000,0.3860341600000000000000000000000000000000,0.0,4.840739893561647841022538291607939809463e-122,4.840739893561647841022538291607939809463e-122,FINITE
737,6.250000000000000000000000000000000000000,0.03020387878651039649240992541565531357965,-0.01279533948157040916596556140253061085475,0.1131164863385103964924099254156553135796,0.08291260755200000000000000000000000000000,0.3860341600000000000000000000000000000000,1.210184973390411960255634572901984952366e-122,2.420369946780823920511269145803969904731e-121,2.423393520660234813589757934644048122701e-121,FINITE
738,6.275000000000000000000000000000000000000,0.02988489735095107836434647484059203124811,-0.01272327711233127256253401982577132659253,0.1127975049029510783643464748405920312481,0.08291260755200000000000000000000000000000,0.3860341600000000000000000000000000000000,1.210184973390411960255634572901984952366e-122,0.0,1.210184973390411960255634572901984952366e-122,FINITE
739,6.300000000000000000000000000000000000000,0.02956770987204796476647780635359002756494,-0.01265182180781458818009318568682484383543,0.1124803174240479647664778063535900275649,0.08291260755200000000000000000000000000000,0.3860341600000000000000000000000000000000,0.0,0.0,0.0,FINITE
740,6.325000000000000000000000000000000000000,0.02925230125837719922752923958721942965773,-0.01258096676844023265001818147907546739309,0.1121649088103771992275292395872194296577,0.08291260755200000000000000000000000000000,0.3860341600000000000000000000000000000000,0.0,-4.840739893561647841022538291607939809463e-122,4.840739893561647841022538291607939809463e-122,FINITE
741,6.350000000000000000000000000000000000000,0.02893865658731440887707803881085257022511,-0.01251070528956268147203650305603951405739,0.1118512641393144088770780388108525702251,0.08291260755200000000000000000000000000000,0.3860341600000000000000000000000000000000,0.0,4.840739893561647841022538291607939809463e-122,4.840739893561647841022538291607939809463e-122,FINITE
742,6.375000000000000000000000000000000000000,0.02862676110268123096679400744607338542190,-0.01244103075988488591560397933364131982070,0.1115393686546812309667940074460733854219,0.08291260755200000000000000000000000000000,0.3860341600000000000000000000000000000000,1.210184973390411960255634572901984952366e-122,4.840739893561647841022538291607939809463e-122,4.989720471823966390447213452878918686828e-122,FINITE
743,6.400000000000000000000000000000000000000,0.02831660021243110564026063383448264467102,-0.01237193665990298095735375041984506067416,0.1112292077644311056402606338344826446710,0.08291260755200000000000000000000000000000,0.3860341600000000000000000000000000000000,1.210184973390411960255634572901984952366e-122,9.681479787123295682045076583215879618926e-122,9.756823178591322958587864469266398797597e-122,FINITE
744,6.425000000000000000000000000000000000000,0.02800815948637357274895481527422113029835,-0.01230341656038114124516126420263917381888,0.1109207670383735727489548152742211302983,0.08291260755200000000000000000000000000000,0.3860341600000000000000000000000000000000,0.0,0.0,0.0,FINITE
745,6.450000000000000000000000000000000000000,0.02770142465393632737401983765399032037273,-0.01223546412085591905463438351408605277389,0.1106140322059363273740198376539903203727,0.08291260755200000000000000000000000000000,0.3860341600000000000000000000000000000000,1.210184973390411960255634572901984952366e-122,2.420369946780823920511269145803969904731e-121,2.423393520660234813589757934644048122701e-121,FINITE
746,6.475000000000000000000000000000000000000,0.02739638160196430515701474289141663998144,-0.01216807308816941471162057235537656922098,0.1103089891539643051570147428914166399814,0.08291260755200000000000000000000000000000,0.3860341600000000000000000000000000000000,1.210184973390411960255634572901984952366e-122,1.936295957424659136409015316643175923785e-121,1.940074099470759108584346399935172402720e-121,FINITE
747,6.500000000000000000000000000000000000000,0.02709301637255508457937303961535588668536,-0.01210123729503064600874535276615344431657,0.1100056239245550845793730396153558866854,0.08291260755200000000000000000000000000000,0.3860341600000000000000000000000000000000,1.210184973390411960255634572901984952366e-122,1.452221968068494352306761487482381942839e-121,1.457255681491388302233693980639066144224e-121,FINITE
748,6.525000000000000000000000000000000000000,0.02679131516092990897101724072674049817498,-0.01203495065860449875871620638010605499039,0.1097039227129299089710172407267404981750,0.08291260755200000000000000000000000000000,0.3860341600000000000000000000000000000000,0.0,0.0,0.0,FINITE
749,6.550000000000000000000000000000000000000,0.02649126431333964628427945045532395832978,-0.01196920717912765581535458008253218132563,0.1094038718653396462842794504553239583298,0.08291260755200000000000000000000000000000,0.3860341600000000000000000000000000000000,1.210184973390411960255634572901984952366e-122,9.681479787123295682045076583215879618926e-122,9.756823178591322958587864469266398797597e-122,FINITE
750,6.575000000000000000000000000000000000000,0.02619285032500501955047384063495688390564,-0.01190400093855091666783457021477128542079,0.1091054578770050195504738406349568839056,0.08291260755200000000000000000000000000000,0.3860341600000000000000000000000000000000,1.210184973390411960255634572901984952366e-122,1.936295957424659136409015316643175923785e-121,1.940074099470759108584346399935172402720e-121,FINITE
751,6.600000000000000000000000000000000000000,0.02589605983809045545334178356490150850307,-0.01183932609920733408677256376599451270122,0.1088086673900904554533417835649015085031,0.08291260755200000000000000000000000000000,0.3860341600000000000000000000000000000000,0.0,0.0,0.0,FINITE
752,6.625000000000000000000000000000000000000,0.02560087963971091261602807412651470334036,-0.01177517690250560828458807084279553142875,0.1085134871917109126160280741265147033404,0.08291260755200000000000000000000000000000,0.3860341600000000000000000000000000000000,0.0,0.0,0.0,FINITE
753,6.650000000000000000000000000000000000000,0.02530729665997106501583636842838384440617,-0.01171154766764819265851487294600458979682,0.1082199042119710650158363684283838444062,0.08291260755200000000000000000000000000000,0.3860341600000000000000000000000000000000,1.210184973390411960255634572901984952366e-122,1.452221968068494352306761487482381942839e-121,1.457255681491388302233693980639066144224e-121,FINITE
754,6.675000000000000000000000000000000000000,0.02501529797003622942305836995892653688301,-0.01164843279037357842398192195500778772884,0.1079279055220362294230583699589265368830,0.08291260755200000000000000000000000000000,0.3860341600000000000000000000000000000000,1.210184973390411960255634572901984952366e-122,9.681479787123295682045076583215879618926e-122,9.756823178591322958587864469266398797597e-122,FINITE
755,6.700000000000000000000000000000000000000,0.02472487078023443891570366545944982566491,-0.01158582674172223832964251669245421117966,0.1076374783322344389157036654594498256649,0.08291260755200000000000000000000000000000,0.3860341600000000000000000000000000000000,0.0,0.0,0.0,FINITE
756,6.725000000000000000000000000000000000000,0.02443600243818907735973815837474566602531,-0.01152372406682572218359697673403081508814,0.1073486099901890773597381583747456660253,0.08291260755200000000000000000000000000000,0.3860341600000000000000000000000000000000,1.210184973390411960255634572901984952366e-122,9.681479787123295682045076583215879618926e-122,9.756823178591322958587864469266398797597e-122,FINITE
757,6.750000000000000000000000000000000000000,0.02414868042698150227297348433614804354018,-0.01146211938371840912348071489245268780555,0.1070612879789815022729734843361480435402,0.08291260755200000000000000000000000000000,0.3860341600000000000000000000000000000000,0.0,4.840739893561647841022538291607939809463e-122,4.840739893561647841022538291607939809463e-122,FINITE
758,6.775000000000000000000000000000000000000,0.02386289236334309571829261100310225247453,-0.01140100738217143344090389681488565597035,0.1067754999153430957182926110031022524745,0.08291260755200000000000000000000000000000,0.3860341600000000000000000000000000000000,0.0,4.840739893561647841022538291607939809463e-122,4.840739893561647841022538291607939809463e-122,FINITE
759,6.800000000000000000000000000000000000000,0.02357862599587619480646126592514367143755,-0.01134038282254831233274483798582636516442,0.1064912335478761948064612659251436714376,0.08291260755200000000000000000000000000000,0.3860341600000000000000000000000000000000,0.0,0.0,0.0,FINITE
760,6.825000000000000000000000000000000000000,0.02329586920330336503814009766026531949067,-0.01128024053468181520722825653191380388742,0.1062084767553033650381400976602653194907,0.08291260755200000000000000000000000000000,0.3860341600000000000000000000000000000000,0.0,0.0,0.0,FINITE
761,6.850000000000000000000000000000000000000,0.02301460999274449108643114608752232488847,-0.01122057541677162513048047610335821897307,0.1059272175447444910864311460875223248885,0.08291260755200000000000000000000000000000,0.3860341600000000000000000000000000000000,0.0,0.0,0.0,FINITE
762,6.875000000000000000000000000000000000000,0.02273483649802117072269744085009000516245,-0.01116138243430235366798335234277563604766,0.1056474440500211707226974408500900051624,0.08291260755200000000000000000000000000000,0.3860341600000000000000000000000000000000,0.0,4.840739893561647841022538291607939809463e-122,4.840739893561647841022538291607939809463e-122,FINITE
763,6.900000000000000000000000000000000000000,0.02245653697798790842660703581788218100628,-0.01110265661898148076341112345542477569536,0.1053691445299879084266070358178821810063,0.08291260755200000000000000000000000000000,0.3860341600000000000000000000000000000000,0.0,4.840739893561647841022538291607939809463e-122,4.840739893561647841022538291607939809463e-122,FINITE
764,6.925000000000000000000000000000000000000,0.02217969981488961580328740581746903286384,-0.01104439306769680141283025350708992288415,0.1050923073668896158032874058174690328638,0.08291260755200000000000000000000000000000,0.3860341600000000000000000000000000000000,0.0,-9.681479787123295682045076583215879618926e-122,9.681479787123295682045076583215879618926e-122,FINITE
765,6.950000000000000000000000000000000000000,0.02190431351274493626284844397458905283183,-0.01098658694149297074301794794579516095104,0.1048169210647449362628484439745890528318,0.08291260755200000000000000000000000000000,0.3860341600000000000000000000000000000000,0.0,0.0,0.0,FINITE
766,6.975000000000000000000000000000000000000,0.02163036669575492150686480029019298194347,-0.01092923346456674869631091640737841309666,0.1045429742477549215068648002901929819435,0.08291260755200000000000000000000000000000,0.3860341600000000000000000000000000000000,0.0,-4.840739893561647841022538291607939809463e-122,4.840739893561647841022538291607939809463e-122,FINITE
767,7.000000000000000000000000000000000000000,0.02135784810673659721903646245302491428485,-0.01087232792328055486829523771884972471606,0.1042704556587365972190364624530249142848,0.08291260755200000000000000000000000000000,0.3860341600000000000000000000000000000000,0.0,9.681479787123295682045076583215879618926e-122,9.681479787123295682045076583215879618926e-122,FINITE
768,7.025000000000000000000000000000000000000,0.02108674660558096497932457305104378074974,-0.01081586566519395314592451843108384198700,0.1039993541575809649793245730510437807497,0.08291260755200000000000000000000000000000,0.3860341600000000000000000000000000000000,1.210184973390411960255634572901984952366e-122,1.452221968068494352306761487482381942839e-121,1.457255681491388302233693980639066144224e-121,FINITE
769,7.050000000000000000000000000000000000000,0.02081705116773499681836622322822465082466,-0.01075984209811269465921889855356443542755,0.1037296587197349968183662232282246508247,0.08291260755200000000000000000000000000000,0.3860341600000000000000000000000000000000,0.0,0.0,0.0,FINITE
770,7.075000000000000000000000000000000000000,0.02054875088270718800771597560610127882462,-0.01070425268915495619624955793457994690233,0.1034613584347071880077159756061012788246,0.08291260755200000000000000000000000000000,0.3860341600000000000000000000000000000000,1.210184973390411960255634572901984952366e-122,1.936295957424659136409015316643175923785e-121,1.940074099470759108584346399935172402720e-121,FINITE
771,7.100000000000000000000000000000000000000,0.02028183495259624264708692352187261377954,-0.01064909296383441964514284409023046247980,0.1031944425045962426470869235218726137795,0.08291260755200000000000000000000000000000,0.3860341600000000000000000000000000000000,1.210184973390411960255634572901984952366e-122,2.420369946780823920511269145803969904731e-121,2.423393520660234813589757934644048122701e-121,FINITE
772,7.125000000000000000000000000000000000000,0.02001629269064247536775421433285075060484,-0.01059435850515984622463544435588033389791,0.1029289002426424753677542143328507506048,0.08291260755200000000000000000000000000000,0.3860341600000000000000000000000000000000,0.0,4.840739893561647841022538291607939809463e-122,4.840739893561647841022538291607939809463e-122,FINITE
773,7.150000000000000000000000000000000000000,0.01975211351980152102696834733449656459509,-0.01054004495275080725237413613164054467490,0.1026647210718015210269683473344965645951,0.08291260755200000000000000000000000000000,0.3860341600000000000000000000000000000000,0.0,4.840739893561647841022538291607939809463e-122,4.840739893561647841022538291607939809463e-122,FINITE
774,7.175000000000000000000000000000000000000,0.01948928697133995262678332444476004780459,-0.01048614800196924098359048111692366879294,0.1024018945233399526267833244447600478046,0.08291260755200000000000000000000000000000,0.3860341600000000000000000000000000000000,0.0,9.681479787123295682045076583215879618926e-122,9.681479787123295682045076583215879618926e-122,FINITE
775,7.200000000000000000000000000000000000000,0.01922780268345241585716953255692436476996,-0.01043266340306651263772143512272270465782,0.1021404102354524158571695325569243647700,0.08291260755200000000000000000000000000000,0.3860341600000000000000000000000000000000,0.0,1.452221968068494352306761487482381942839e-121,1.452221968068494352306761487482381942839e-121,FINITE
776,7.225000000000000000000000000000000000000,0.01896765039989989664254569061015433977276,-0.01037958696034566212254539741529919043840,0.1018802579518998966425456906101543397728,0.08291260755200000000000000000000000000000,0.3860341600000000000000000000000000000000,0.0,4.840739893561647841022538291607939809463e-122,4.840739893561647841022538291607939809463e-122,FINITE
777,7.250000000000000000000000000000000000000,0.01870881996866874586768419358499848342124,-0.01032691453133853116984478479833068936956,0.1016214275206687458676841935849984834212,0.08291260755200000000000000000000000000000,0.3860341600000000000000000000000000000000,1.210184973390411960255634572901984952366e-122,4.840739893561647841022538291607939809463e-122,4.989720471823966390447213452878918686828e-122,FINITE
778,7.275000000000000000000000000000000000000,0.01845130134065009307794305057855612848819,-0.01027464202599746861871230108822861206320,0.1013639088926500930779430505785561284882,0.08291260755200000000000000000000000000000,0.3860341600000000000000000000000000000000,0.0,1.452221968068494352306761487482381942839e-121,1.452221968068494352306761487482381942839e-121,FINITE
779,7.300000000000000000000000000000000000000,0.01819508456833928839445011597346113728931,-0.01022276540590131942745201800170061405715,0.1011076921203392883944501159734611372893,0.08291260755200000000000000000000000000000,0.3860341600000000000000000000000000000000,1.210184973390411960255634572901984952366e-122,9.681479787123295682045076583215879618926e-122,9.756823178591322958587864469266398797597e-122,FINITE
780,7.325000000000000000000000000000000000000,0.01794015980455501916158156232956949678281,-0.01017128068347540966749852300355589441774,0.1008527673565550191615815623295694967828,0.08291260755200000000000000000000000000000,0.3860341600000000000000000000000000000000,0.0,4.840739893561647841022538291607939809463e-122,4.840739893561647841022538291607939809463e-122,FINITE
781,7.350000000000000000000000000000000000000,0.01768651730117775495608575377584242698569,-0.01012018392122524625765005214936559002343,0.1005991248531777549560857537758424269857,0.08291260755200000000000000000000000000000,0.3860341600000000000000000000000000000000,0.0,-9.681479787123295682045076583215879618926e-122,9.681479787123295682045076583215879618926e-122,FINITE
782,7.375000000000000000000000000000000000000,0.01743414740790718153863780359475930910178,-0.01006947123098365653880385551429860870678,0.1003467549599071815386378035947593091018,0.08291260755200000000000000000000000000000,0.3860341600000000000000000000000000000000,1.210184973390411960255634572901984952366e-122,2.904443936136988704613522974964763885678e-121,2.906964061501470238272911111291786442461e-121,FINITE
783,7.400000000000000000000000000000000000000,0.01718304057103829112348735617989716338436,-0.01001913877317109897277465095585524982885,0.1000956481230382911234873561798971633844,0.08291260755200000000000000000000000000000,0.3860341600000000000000000000000000000000,0.0,4.840739893561647841022538291607939809463e-122,4.840739893561647841022538291607939809463e-122,FINITE
784,7.425000000000000000000000000000000000000,0.01693318733225580298409040785223501372605,-0.009969182756068882278016477390618989880361,0.09984579488425580298409040785223501372605,0.08291260755200000000000000000000000000000,0.3860341600000000000000000000000000000000,0.0,0.0,0.0,FINITE
785,7.450000000000000000000000000000000000000,0.01668457832744659490599612540548889395990,-0.009919599435105036194371420714338604925277,0.09959718587944659490599612540548889395990,0.08291260755200000000000000000000000000000,0.3860341600000000000000000000000000000000,0.0,0.0,0.0,FINITE
786,7.475000000000000000000000000000000000000,0.01643720428552983234648864414034085488413,-0.009870385112152582802426886688315618770224,0.09934981183752983234648864414034085488413,0.08291260755200000000000000000000000000000,0.3860341600000000000000000000000000000000,0.0,9.681479787123295682045076583215879618926e-122,9.681479787123295682045076583215879618926e-122,FINITE
787,7.500000000000000000000000000000000000000,0.01619105602730448836715798051999763199145,-0.009821536134839962914646179780763496138664,0.09910366357930448836715798051999763199145,0.08291260755200000000000000000000000000000,0.3860341600000000000000000000000000000000,0.0,4.840739893561647841022538291607939809463e-122,4.840739893561647841022538291607939809463e-122,FINITE
788,7.525000000000000000000000000000000000000,0.01594612446431395347419196216289761656386,-0.009773048895873377508997369285990171630915,0.09885873201631395347419196216289761656386,0.08291260755200000000000000000000000000000,0.3860341600000000000000000000000000000000,0.0,0.0,0.0,FINITE
789,7.550000000000000000000000000000000000000,0.01570240059772744043514606758500914223798,-0.009724919832370809495081212291388648124237,0.09861500814972744043514606758500914223798,0.08291260755200000000000000000000000000000,0.3860341600000000000000000000000000000000,0.0,-1.452221968068494352306761487482381942839e-121,1.452221968068494352306761487482381942839e-121,FINITE
790,7.575000000000000000000000000000000000000,0.01545987551723789494357181194225160847852,-0.009677145425207496291378494155353773757171,0.09837248306923789494357181194225160847852,0.08291260755200000000000000000000000000000,0.3860341600000000000000000000000000000000,0.0,0.0,0.0,FINITE
791,7.600000000000000000000000000000000000000,0.01521854039997612867738897981050882523409,-0.009629722198372628753722096679518808106301,0.09813114795197612867738897981050882523409,0.08291260755200000000000000000000000000000,0.3860341600000000000000000000000000000000,0.0,9.681479787123295682045076583215879618926e-122,9.681479787123295682045076583215879618926e-122,FINITE
792,7.625000000000000000000000000000000000000,0.01497838650944089684640801777812954557719,-0.009582646718337056932867676185032496058790,0.09789099406144089684640801777812954557719,0.08291260755200000000000000000000000000000,0.3860341600000000000000000000000000000000,0.0,9.681479787123295682045076583215879618926e-122,9.681479787123295682045076583215879618926e-122,FINITE
793,7.650000000000000000000000000000000000000,0.01473940519444464775199748463389550251504,-0.009535915593431787956407274944481561927062,0.09765201274644464775199748463389550251504,0.08291260755200000000000000000000000000000,0.3860341600000000000000000000000000000000,1.210184973390411960255634572901984952366e-122,1.452221968068494352306761487482381942839e-121,1.457255681491388302233693980639066144224e-121,FINITE
794,7.675000000000000000000000000000000000000,0.01450158788807467719051710252415601615727,-0.009489525473237066030463891856584086485620,0.09741419544007467719051710252415601615727,0.08291260755200000000000000000000000000000,0.3860341600000000000000000000000000000000,0.0,-4.840739893561647841022538291607939809463e-122,4.840739893561647841022538291607939809463e-122,FINITE
795,7.700000000000000000000000000000000000000,0.01426492610666942572468978988852173665741,-0.009443473047981829142749594327802414714148,0.09717753365866942572468978988852173665741,0.08291260755200000000000000000000000000000,0.3860341600000000000000000000000000000000,1.210184973390411960255634572901984952366e-122,1.936295957424659136409015316643175923785e-121,1.940074099470759108584346399935172402720e-121,FINITE
796,7.725000000000000000000000000000000000000,0.01402941144880966192637916935758878494315,-0.009397755047953341523701907626570207595753,0.09694201900080966192637916935758878494315,0.08291260755200000000000000000000000000000,0.3860341600000000000000000000000000000000,0.0,9.681479787123295682045076583215879618926e-122,9.681479787123295682045076583215879618926e-122,FINITE
797,7.750000000000000000000000000000000000000,0.01379503559432429966301070137715580903698,-0.009352368242916805289481719099793738328054,0.09670764314632429966301070137715580903698,0.08291260755200000000000000000000000000000,0.3860341600000000000000000000000000000000,0.0,0.0,0.0,FINITE
798,7.775000000000000000000000000000000000000,0.01356179030331060236079041981161429941686,-0.009307309441544758952484290900182832725616,0.09647439785531060236079041981161429941686,0.08291260755200000000000000000000000000000,0.3860341600000000000000000000000000000000,0.0,-1.452221968068494352306761487482381942839e-121,1.452221968068494352306761487482381942839e-121,FINITE
799,7.800000000000000000000000000000000000000,0.01332966741516853193353031183690826754411,-0.009262575490856074644464117280686580153720,0.09624227496716853193353031183690826754411,0.08291260755200000000000000000000000000000,0.3860341600000000000000000000000000000000,0.0,9.681479787123295682045076583215879618926e-122,9.681479787123295682045076583215879618926e-122,FINITE
800,7.825000000000000000000000000000000000000,0.01309865884764900471881024576445091239593,-0.009218163275664369957105218391967753874181,0.09601126639964900471881024576445091239593,0.08291260755200000000000000000000000000000,0.3860341600000000000000000000000000000000,0.0,-4.840739893561647841022538291607939809463e-122,4.840739893561647841022538291607939809463e-122,FINITE
801,7.850000000000000000000000000000000000000,0.01286875659591582131585301260999740788940,-0.009174069718035654267504442938132859979048,0.09578136414791582131585301260999740788940,0.08291260755200000000000000000000000000000,0.3860341600000000000000000000000000000000,1.210184973390411960255634572901984952366e-122,9.681479787123295682045076583215879618926e-122,9.756823178591322958587864469266398797597e-122,FINITE
802,7.875000000000000000000000000000000000000,0.01263995273162104167425687435069767159338,-0.009130291776755033284124756164005555277698,0.09555256028362104167425687435069767159338,0.08291260755200000000000000000000000000000,0.3860341600000000000000000000000000000000,1.210184973390411960255634572901984952366e-122,2.904443936136988704613522974964763885678e-121,2.906964061501470238272911111291786442461e-121,FINITE
803,7.900000000000000000000000000000000000000,0.01241223940199358114195157514202742922651,-0.009086826446802299324793828939787729654403,0.09532484695399358114195157514202742922651,0.08291260755200000000000000000000000000000,0.3860341600000000000000000000000000000000,1.210184973390411960255634572901984952366e-122,1.452221968068494352306761487482381942839e-121,1.457255681491388302233693980639066144224e-121,FINITE
804,7.925000000000000000000000000000000000000,0.01218560882894080744669064111134862047133,-0.009043670758836238524675488925307658129911,0.09509821638094080744669064111134862047133,0.08291260755200000000000000000000000000000,0.3860341600000000000000000000000000000000,0.0,-4.840739893561647841022538291607939809463e-122,4.840739893561647841022538291607939809463e-122,FINITE
805,7.950000000000000000000000000000000000000,0.01196005330816292276027727430876236163589,-0.009000821778687489771164348393946621289819,0.09487266086016292276027727430876236163589,0.08291260755200000000000000000000000000000,0.3860341600000000000000000000000000000000,-1.210184973390411960255634572901984952366e-122,9.681479787123295682045076583215879618926e-122,9.756823178591322958587864469266398797597e-122,FINITE
806,7.975000000000000000000000000000000000000,0.01173556520827991908069795916921680751824,-0.008958276606859793676617519996346655734341,0.09464817276027991908069795916921680751824,0.08291260755200000000000000000000000000000,0.3860341600000000000000000000000000000000,0.0,-2.420369946780823920511269145803969904731e-121,2.420369946780823920511269145803969904731e-121,FINITE
807,8.000000000000000000000000000000000000000,0.01151213696997089916650581636264785117300,-0.008916032378039473330947869745798651357126,0.09442474452197089916650581636264785117300,0.08291260755200000000000000000000000000000,0.3860341600000000000000000000000000000000,1.210184973390411960255634572901984952366e-122,2.420369946780823920511269145803969904731e-121,2.423393520660234813589757934644048122701e-121,FINITE
808,8.025000000000000000000000000000000000000,0.01128976110512555917219916009308921969418,-0.008874086260612991926504561814135629561584,0.09420236865712555917219916009308921969418,0.08291260755200000000000000000000000000000,0.3860341600000000000000000000000000000000,1.210184973390411960255634572901984952366e-122,1.452221968068494352306761487482381942839e-121,1.457255681491388302233693980639066144224e-121,FINITE
809,8.050000000000000000000000000000000000000,0.01106843019600763296497120456221845121431,-0.008832435456192435619442175933651918408024,0.09398103774800763296497120456221845121431,0.08291260755200000000000000000000000000000,0.3860341600000000000000000000000000000000,0.0,-1.936295957424659136409015316643175923785e-121,1.936295957424659136409015316643175923785e-121,FINITE
810,8.075000000000000000000000000000000000000,0.01084813689443010185400463635776431619900,-0.008791077199148773186954344010083818783594,0.09376074444643010185400463635776431619900,0.08291260755200000000000000000000000000000,0.3860341600000000000000000000000000000000,1.210184973390411960255634572901984952366e-122,2.420369946780823920511269145803969904731e-121,2.423393520660234813589757934644048122701e-121,FINITE
811,8.100000000000000000000000000000000000000,0.01062887392094197713534012502514565072918,-0.008750008756152747160289819203839154431788,0.09354148147294197713534012502514565072918,0.08291260755200000000000000000000000000000,0.3860341600000000000000000000000000000000,0.0,2.420369946780823920511269145803969904731e-121,2.420369946780823920511269145803969904731e-121,FINITE
812,8.125000000000000000000000000000000000000,0.01041063406402646645010257456160300443303,-0.008709227425723254161291281448065245950019,0.09332324161602646645010257456160300443303,0.08291260755200000000000000000000000000000,0.3860341600000000000000000000000000000000,1.210184973390411960255634572901984952366e-122,0.0,1.210184973390411960255634572901984952366e-122,FINITE
813,8.150000000000000000000000000000000000000,0.01019341017931033847331765707590618187012,-0.008668730537783075147159746810177418298337,0.09310601773131033847331765707590618187012,0.08291260755200000000000000000000000000000,0.3860341600000000000000000000000000000000,1.210184973390411960255634572901984952366e-122,3.388517925493153488715776804125557866624e-121,3.390678281419017792636480950462244399136e-121,FINITE
814,8.175000000000000000000000000000000000000,0.009977195188784303896442706068459947302291,-0.008628515453221819176058167841424066092006,0.09288980274078430389644270606845994730229,0.08291260755200000000000000000000000000000,0.3860341600000000000000000000000000000000,0.0,-4.840739893561647841022538291607939809463e-122,4.840739893561647841022538291607939809463e-122,FINITE
815,8.200000000000000000000000000000000000000,0.009761982080034234040774601590511686975496,-0.008588579563465947146784463887587477947793,0.09267458963203423404077460159051168697550,0.08291260755200000000000000000000000000000,0.3860341600000000000000000000000000000000,1.210184973390411960255634572901984952366e-122,2.420369946780823920511269145803969904731e-121,2.423393520660234813589757934644048122701e-121,FINITE
816,8.225000000000000000000000000000000000000,0.009547763905483041742743741275013215956685,-0.008548920290055744740775879234624482390605,0.09246037145748304174274374127501321595668,0.08291260755200000000000000000000000000000,0.3860341600000000000000000000000000000000,1.210184973390411960255634572901984952366e-122,9.681479787123295682045076583215879618926e-122,9.756823178591322958587864469266398797597e-122,FINITE
817,8.250000000000000000000000000000000000000,0.009334533781643052387376314877988071550167,-0.008509535084229116505815065483585862952083,0.09224714133364305238737631487798807155017,0.08291260755200000000000000000000000000000,0.3860341600000000000000000000000000000000,0.0,4.840739893561647841022538291607939809463e-122,4.840739893561647841022538291607939809463e-122,FINITE
818,8.275000000000000000000000000000000000000,0.009122284888378696134484670476796881827838,-0.008470421426512075669609624255083962701133,0.09203489244037869613448467047679688182784,0.08291260755200000000000000000000000000000,0.3860341600000000000000000000000000000000,1.210184973390411960255634572901984952366e-122,1.452221968068494352306761487482381942839e-121,1.457255681491388302233693980639066144224e-121,FINITE
819,8.300000000000000000000000000000000000000,0.008911010468179355484965521360592719412781,-0.008431576826315806859482563940960420313663,0.09182361802017935548496552136059271941278,0.08291260755200000000000000000000000000000,0.3860341600000000000000000000000000000000,0.0,1.936295957424659136409015316643175923785e-121,1.936295957424659136409015316643175923785e-121,FINITE
820,8.325000000000000000000000000000000000000,0.008700703825442205373447291011519672005752,-0.008392998821540181433269614024263275668954,0.09161331137744220537344729101151967200575,0.08291260755200000000000000000000000000000,0.3860341600000000000000000000000000000000,1.210184973390411960255634572901984952366e-122,0.0,1.210184973390411960255634572901984952366e-122,FINITE
821,8.350000000000000000000000000000000000000,0.008491358325764885949892542551853538752106,-0.008354684978183607597657134432969125735514,0.09140396587776488594989254255185353875211,0.08291260755200000000000000000000000000000,0.3860341600000000000000000000000000000000,0.0,-9.681479787123295682045076583215879618926e-122,9.681479787123295682045076583215879618926e-122,FINITE
822,8.375000000000000000000000000000000000000,0.008282967395247851128054048790309274211740,-0.008316632889959099905057364431628565871863,0.09119557494724785112805404879030927421174,0.08291260755200000000000000000000000000000,0.3860341600000000000000000000000000000000,1.210184973390411960255634572901984952366e-122,4.840739893561647841022538291607939809463e-122,4.989720471823966390447213452878918686828e-122,FINITE
823,8.400000000000000000000000000000000000000,0.008075524519806238834292837232725130331935,-0.008278840177916455080112461537098922516820,0.09098813207180623883429283723272513033194,0.08291260755200000000000000000000000000000,0.3860341600000000000000000000000000000000,0.0,0.0,0.0,FINITE
824,8.425000000000000000000000000000000000000,0.007869023244491111687548017322399936017501,-0.008241304490070423433413410428857493245782,0.09078163079649111168754801732239993601750,0.08291260755200000000000000000000000000000,0.3860341600000000000000000000000000000000,0.0,-9.681479787123295682045076583215879618926e-122,9.681479787123295682045076583215879618926e-122,FINITE
825,8.450000000000000000000000000000000000000,0.007663457172819919581522151833265838550149,-0.008204023501034767374345523105899447158219,0.09057606472481991958152215183326583855015,0.08291260755200000000000000000000000000000,0.3860341600000000000000000000000000000000,1.210184973390411960255634572901984952366e-122,9.681479787123295682045076583215879618926e-122,9.756823178591322958587864469266398797597e-122,FINITE
826,8.475000000000000000000000000000000000000,0.007458819966116038324700333455526384955201,-0.008166994911662100738423946132785865609048,0.09037142751811603832470033345552638495520,0.08291260755200000000000000000000000000000,0.3860341600000000000000000000000000000000,0.0,-4.840739893561647841022538291607939809463e-122,4.840739893561647841022538291607939809463e-122,FINITE
827,8.500000000000000000000000000000000000000,0.007255105342857241123911997410051861093579,-0.008130216448689404798320388583527781505970,0.09016771289485724112391199741005186109358,0.08291260755200000000000000000000000000000,0.3860341600000000000000000000000000000000,1.210184973390411960255634572901984952366e-122,2.904443936136988704613522974964763885678e-121,2.906964061501470238272911111291786442461e-121,FINITE
828,8.525000000000000000000000000000000000000,0.007052307078032962273996793096126532019182,-0.008093685864389118933232265406085100713230,0.08996491463003296227399679309612653201918,0.08291260755200000000000000000000000000000,0.3860341600000000000000000000000000000000,0.0,-4.840739893561647841022538291607939809463e-122,4.840739893561647841022538291607939809463e-122,FINITE
829,8.550000000000000000000000000000000000000,0.006850419002510214940944266281430531625117,-0.008057400936225705989500715751394154055873,0.08976302655451021494094426628143053162512,0.08291260755200000000000000000000000000000,0.3860341600000000000000000000000000000000,0.0,-4.840739893561647841022538291607939809463e-122,4.840739893561647841022538291607939809463e-122,FINITE
830,8.575000000000000000000000000000000000000,0.006649435002408027399806956866455704604948,-0.008021359466517594377605583770876489848193,0.08956204255440802739980695686645570460495,0.08291260755200000000000000000000000000000,0.3860341600000000000000000000000000000000,1.210184973390411960255634572901984952366e-122,4.840739893561647841022538291607939809463e-121,4.842252388487968229159425880408151368205e-121,FINITE
831,8.600000000000000000000000000000000000000,0.006449349018480264512874448049854085115819,-0.007985559282104400917983427918989890428790,0.08936195657048026451287444804985408511582,0.08291260755200000000000000000000000000000,0.3860341600000000000000000000000000000000,0.0,-1.936295957424659136409015316643175923785e-121,1.936295957424659136409015316643175923785e-121,FINITE
832,8.625000000000000000000000000000000000000,0.006250155045506703609150692598357624506113,-0.007949998234019340371628749310438498229735,0.08916276259750670360915069259835762450611,0.08291260755200000000000000000000000000000,0.3860341600000000000000000000000000000000,1.210184973390411960255634572901984952366e-122,2.420369946780823920511269145803969904731e-121,2.423393520660234813589757934644048122701e-121,FINITE
833,8.650000000000000000000000000000000000000,0.006051847131692236254180246100200817779059,-0.007914674197166729472219375538021807759296,0.08896445468369223625418024610020081777906,0.08291260755200000000000000000000000000000,0.3860341600000000000000000000000000000000,0.0,-1.452221968068494352306761487482381942839e-121,1.452221968068494352306761487482381942839e-121,FINITE
834,8.675000000000000000000000000000000000000,0.005854419378074069680776106557389243859736,-0.007879585070004495115596303794478251474708,0.08876702693007406968077610655738924385974,0.08291260755200000000000000000000000000000,0.3860341600000000000000000000000000000000,1.210184973390411960255634572901984952366e-122,-1.452221968068494352306761487482381942839e-121,1.457255681491388302233693980639066144224e-121,FINITE
835,8.700000000000000000000000000000000000000,0.005657865937936803887242242830381522934798,-0.007844728774231598160840640029381566178523,0.08857047348993680388724224283038152293480,0.08291260755200000000000000000000000000000,0.3860341600000000000000000000000000000000,1.210184973390411960255634572901984952366e-122,2.420369946780823920511269145803969904731e-121,2.423393520660234813589757934644048122701e-121,FINITE
836,8.725000000000000000000000000000000000000,0.005462181016235262601262118486356815205800,-0.007810103254480286055913050170850648091392,0.08837478856823526260126211848635681520580,0.08291260755200000000000000000000000000000,0.3860341600000000000000000000000000000000,0.0,9.681479787123295682045076583215879618926e-122,9.681479787123295682045076583215879618926e-122,FINITE
837,8.750000000000000000000000000000000000000,0.005267358869024958455720750443790371458132,-0.007775706478013089220815752201897223570943,0.08817996642102495845572075044379037145813,0.08291260755200000000000000000000000000000,0.3860341600000000000000000000000000000000,0.0,0.0,0.0,FINITE
838,8.775000000000000000000000000000000000000,0.005073393802900074828298535085628242159921,-0.007741536434424477803439562585817142678663,0.08798600135490007482829853508562824215992,0.08291260755200000000000000000000000000000,0.3860341600000000000000000000000000000000,0.0,2.904443936136988704613522974964763885678e-121,2.904443936136988704613522974964763885678e-121,FINITE
839,8.800000000000000000000000000000000000000,0.004880280174438848860653588211006883561396,-0.007707591135347097068580279565898426004321,0.08779288772643884886065358821100688356140,0.08291260755200000000000000000000000000000,0.3860341600000000000000000000000000000000,0.0,4.840739893561647841022538291607939809463e-122,4.840739893561647841022538291607939809463e-122,FINITE
840,8.825000000000000000000000000000000000000,0.004688012389656242196306554490229156472451,-0.007673868614162501289937225841471755918680,0.08760061994165624219630655449022915647245,0.08291260755200000000000000000000000000000,0.3860341600000000000000000000000000000000,0.0,-4.840739893561647841022538291607939809463e-122,4.840739893561647841022538291607939809463e-122,FINITE
841,8.850000000000000000000000000000000000000,0.004496584903463787959846726971057951052845,-0.007640366925716307589106323839501786106301,0.08740919245546378795984672697105795105285,0.08291260755200000000000000000000000000000,0.3860341600000000000000000000000000000000,0.0,-4.840739893561647841022538291607939809463e-122,4.840739893561647841022538291607939809463e-122,FINITE
842,8.875000000000000000000000000000000000000,0.004305992219136504444658535360523018750812,-0.007607084146037692705492289462200428266462,0.08721859977113650444465853536052301875081,0.08291260755200000000000000000000000000000,0.3860341600000000000000000000000000000000,1.210184973390411960255634572901984952366e-122,9.681479787123295682045076583215879618926e-122,9.756823178591322958587864469266398797597e-122,FINITE
843,8.900000000000000000000000000000000000000,0.004116228887786767882869905388439415857653,-0.007574018372063157187509105615633312961438,0.08702883643978676788286990538843941585765,0.08291260755200000000000000000000000000000,0.3860341600000000000000000000000000000000,0.0,9.681479787123295682045076583215879618926e-122,9.681479787123295682045076583215879618926e-122,FINITE
844,8.925000000000000000000000000000000000000,0.003927289507845038540475328053212853077419,-0.007541167721364482969213244276275406743566,0.08683989705984503854047532805321285307742,0.08291260755200000000000000000000000000000,0.3860341600000000000000000000000000000000,-1.210184973390411960255634572901984952366e-122,-9.681479787123295682045076583215879618926e-122,9.756823178591322958587864469266398797597e-122,FINITE
845,8.950000000000000000000000000000000000000,0.003739168724547336213393675606610869339281,-0.007508530331880811738397783123685219400355,0.08665177627654733621339367560661086933928,0.08291260755200000000000000000000000000000,0.3860341600000000000000000000000000000000,0.0,-1.936295957424659136409015316643175923785e-121,1.936295957424659136409015316643175923785e-121,FINITE
846,8.975000000000000000000000000000000000000,0.003551861229429362997371641519574647974952,-0.007476104361654772912925098119031483060701,0.08646446878142936299737164151957464797495,0.08291260755200000000000000000000000000000,0.3860341600000000000000000000000000000000,0.0,4.840739893561647841022538291607939809463e-122,4.840739893561647841022538291607939809463e-122,FINITE
847,9.000000000000000000000000000000000000000,0.003365361759827172966907253919055682950566,-0.007443887988572591422429109959540323532405,0.08627796931182717296690725391905568295057,0.08291260755200000000000000000000000000000,0.3860341600000000000000000000000000000000,1.210184973390411960255634572901984952366e-122,1.452221968068494352306761487482381942839e-121,1.457255681491388302233693980639066144224e-121,FINITE
848,9.025000000000000000000000000000000000000,0.003179665098384290126495097146414270373229,-0.007411879410108106843193985463735990287412,0.08609227265038429012649509714641427037323,0.08291260755200000000000000000000000000000,0.3860341600000000000000000000000000000000,0.0,0.0,0.0,FINITE
849,9.050000000000000000000000000000000000000,0.002994766072565177692218816001039527881965,-0.007380076843070636755715103233352206375006,0.08590737362456517769221881600103952788197,0.08291260755200000000000000000000000000000,0.3860341600000000000000000000000000000000,1.210184973390411960255634572901984952366e-122,1.452221968068494352306761487482381942839e-121,1.457255681491388302233693980639066144224e-121,FINITE
850,9.075000000000000000000000000000000000000,0.002810659554174963423753030727182960465448,-0.007348478523356618487852353248206312052420,0.08572326710617496342375303072718296046545,0.08291260755200000000000000000000000000000,0.3860341600000000000000000000000000000000,1.210184973390411960255634572901984952366e-122,1.936295957424659136409015316643175923785e-121,1.940074099470759108584346399935172402720e-121,FINITE
851,9.100000000000000000000000000000000000000,0.002627340458885327356884977211258258454729,-0.007317082705704964672260327136930981369607,0.08553994801088532735688497721125825845473,0.08291260755200000000000000000000000000000,0.3860341600000000000000000000000000000000,1.210184973390411960255634572901984952366e-122,4.840739893561647841022538291607939809463e-122,4.989720471823966390447213452878918686828e-122,FINITE
852,9.125000000000000000000000000000000000000,0.002444803745766459885408617232555130795551,-0.007285887663456069285572537120810440985746,0.08535741129776645988540861723255513079555,0.08291260755200000000000000000000000000000,0.3860341600000000000000000000000000000000,0.0,4.840739893561647841022538291607939809463e-122,4.840739893561647841022538291607939809463e-122,FINITE
853,9.150000000000000000000000000000000000000,0.002263044416824999709347259997578524871677,-0.007254891688314402049258807372536736977917,0.08517565196882499970934725999757852487168,0.08291260755200000000000000000000000000000,0.3860341600000000000000000000000000000000,0.0,0.0,0.0,FINITE
854,9.175000000000000000000000000000000000000,0.002082057516547862704575939319890838690121,-0.007224093090114630258781661340474292352540,0.08499466506854786270457593931989083869012,0.08291260755200000000000000000000000000000,0.3860341600000000000000000000000000000000,0.0,-9.681479787123295682045076583215879618926e-122,9.681479787123295682045076583215879618926e-122,FINITE
855,9.200000000000000000000000000000000000000,0.001901838131451874277677756560047978687300,-0.007193490196591208269248494076641799226737,0.08481444568345187427767775656004797868730,0.08291260755200000000000000000000000000000,0.3860341600000000000000000000000000000000,1.210184973390411960255634572901984952366e-122,3.388517925493153488715776804125557866624e-121,3.390678281419017792636480950462244399136e-121,FINITE
856,9.225000000000000000000000000000000000000,0.001722381389639119249900184385475370312213,-0.007163081353151376002775973115052730669143,0.08463498894163911924990018438547537031221,0.08291260755200000000000000000000000000000,0.3860341600000000000000000000000000000000,0.0,9.681479787123295682045076583215879618926e-122,9.681479787123295682045076583215879618926e-122,FINITE
857,9.250000000000000000000000000000000000000,0.001543682460357924765984562782595329948068,-0.007132864922651508955821067044301890888293,0.08445629001235792476598456278259532994807,0.08291260755200000000000000000000000000000,0.3860341600000000000000000000000000000000,0.0,9.681479787123295682045076583215879618926e-122,9.681479787123295682045076583215879618926e-122,FINITE
858,9.275000000000000000000000000000000000000,0.001365736553569393148017279148800403692651,-0.007102839285176763274344583109733892867906,0.08427834410556939314801727914880040369265,0.08291260755200000000000000000000000000000,0.3860341600000000000000000000000000000000,0.0,-9.681479787123295682045076583215879618926e-122,9.681479787123295682045076583215879618926e-122,FINITE
859,9.300000000000000000000000000000000000000,0.001188538919519403011873276396045207457870,-0.007073002837823960531399335720037673026005,0.08410114647151940301187327639604520745787,0.08291260755200000000000000000000000000000,0.3860341600000000000000000000000000000000,0.0,4.840739893561647841022538291607939809463e-122,4.840739893561647841022538291607939809463e-122,FINITE
860,9.325000000000000000000000000000000000000,0.001012084848315998334857084641542817873378,-0.007043353994487657886103685907952122953099,0.08392469240031599833485708464154281787338,0.08291260755200000000000000000000000000000,0.3860341600000000000000000000000000000000,0.0,2.420369946780823920511269145803969904731e-121,2.420369946780823920511269145803969904731e-121,FINITE
861,9.350000000000000000000000000000000000000,0.0008363696695120865083460068817743135994736,-0.007013891185649350325486564546048082464386,0.08374897722151208650834600688177431359947,0.08291260755200000000000000000000000000000,0.3860341600000000000000000000000000000000,0.0,2.420369946780823920511269145803969904731e-121,2.420369946780823920511269145803969904731e-121,FINITE
862,9.375000000000000000000000000000000000000,0.0006613887516933677291441930332191851812602,-0.006984612858169752691873713346632175652088,0.08357399630369336772914419303321918518126,0.08291260755200000000000000000000000000000,0.3860341600000000000000000000000000000000,0.0,-1.936295957424659136409015316643175923785e-121,1.936295957424659136409015316643175923785e-121,FINITE
863,9.400000000000000000000000000000000000000,0.0004871375020714193783925159125335800313969,-0.006955517475084110178815707067621487449034,0.08339974505407141937839251591253358003140,0.08291260755200000000000000000000000000000,0.3860341600000000000000000000000000000000,0.0,2.904443936136988704613522974964763885678e-121,2.904443936136988704613522974964763885678e-121,FINITE
864,9.425000000000000000000000000000000000000,0.0003136113660818603077627523031864621323670,-0.006926603515400486938513122057092397425330,0.08322621891808186030776275230318646213237,0.08291260755200000000000000000000000000000,0.3860341600000000000000000000000000000000,0.0,0.0,0.0,FINITE
865,9.450000000000000000000000000000000000000,0.0001408058269875211997991373025128775981575,-0.006897869473900983383737887760026816450312,0.08305341337898752119979913730251287759816,0.08291260755200000000000000000000000000000,0.3860341600000000000000000000000000000000,1.210184973390411960255634572901984952366e-122,4.840739893561647841022538291607939809463e-122,4.989720471823966390447213452878918686828e-122,FINITE
866,9.470447609693826515959559196451445764705,0.000000000006874500491641950194083540072541978790338,-0.006874500492211932955510338902093542995605,0.08291260755887450049164195019408354007254,0.08291260755200000000000000000000000000000,0.3860341600000000000000000000000000000000,0.0,-6.292961861630142193329299779090321752302e-121,6.292961861630142193329299779090321752302e-121,FINITE
867,9.470447610692826515959559196451445764705,6.874500491072537415465332328574293313475e-15,-0.006874500491073107398226664704407343628706,0.08291260755200687450049107253741546533233,0.08291260755200000000000000000000000000000,0.3860341600000000000000000000000000000000,0.0,-7.261109840342471761533807437411909714194e-121,7.261109840342471761533807437411909714194e-121,FINITE
868,9.470447610693826515959559196451445764705,-2.420369946780823920511269145803969904731e-122,-0.006874500491071967432704000000000000000000,0.08291260755200000000000000000000000000000,0.08291260755200000000000000000000000000000,0.3860341600000000000000000000000000000000,0.0,-5.808887872273977409227045949929527771355e-121,5.808887872273977409227045949929527771355e-121,FINITE
869,9.470447610694826515959559196451445764705,-6.874500491071397449942667765943220690023e-15,-0.006874500491070827467181335579145198381786,0.08291260755199312549950892860255005733223,0.08291260755200000000000000000000000000000,0.3860341600000000000000000000000000000000,0.0,-5.808887872273977409227045949929527771355e-121,5.808887872273977409227045949929527771355e-121,FINITE
870,9.470447611693826515959559196451445764705,-0.000000000006874500490501984671418977441461518652431,-0.006874500489932001910181213639916949332701,0.08291260754512549950949801532858102255854,0.08291260755200000000000000000000000000000,0.3860341600000000000000000000000000000000,0.0,6.777035850986306977431553608251115733248e-121,6.777035850986306977431553608251115733248e-121,FINITE
871,9.475000000000000000000000000000000000000,-0.00003128359451345160685201168836030686397169,-0.006869313860945833687835749165938592650734,0.08288132395748654839314798831163969313603,0.08291260755200000000000000000000000000000,0.3860341600000000000000000000000000000000,0.0,-9.681479787123295682045076583215879618926e-122,9.681479787123295682045076583215879618926e-122,FINITE
872,9.500000000000000000000000000000000000000,-0.0002026613406746302354823186796533273842291,-0.006840935202280335887964992182212287795241,0.08270994621132536976451768132034667261577,0.08291260755200000000000000000000000000000,0.3860341600000000000000000000000000000000,0.0,9.681479787123295682045076583215879618926e-122,9.681479787123295682045076583215879618926e-122,FINITE
873,9.525000000000000000000000000000000000000,-0.0003733318170835475619932139501575233224651,-0.006812732038844567879712317195333314281533,0.08253927573491645243800678604984247667753,0.08291260755200000000000000000000000000000,0.3860341600000000000000000000000000000000,1.210184973390411960255634572901984952366e-122,3.388517925493153488715776804125557866624e-121,3.390678281419017792636480950462244399136e-121,FINITE
874,9.550000000000000000000000000000000000000,-0.0005432993930392167506130382198680427817552,-0.006784702926585843456048521543362417420820,0.08236930815896078324938696178013195721824,0.08291260755200000000000000000000000000000,0.3860341600000000000000000000000000000000,0.0,9.681479787123295682045076583215879618926e-122,9.681479787123295682045076583215879618926e-122,FINITE
875,9.575000000000000000000000000000000000000,-0.0007125684019249959715217672073463914069796,-0.006756846436273863390654642526562168881026,0.08220003915007500402847823279265360859302,0.08291260755200000000000000000000000000000,0.3860341600000000000000000000000000000000,0.0,-9.681479787123295682045076583215879618926e-122,9.681479787123295682045076583215879618926e-122,FINITE
876,9.600000000000000000000000000000000000000,-0.0008811431415768651226536759274334965081794,-0.006729161153318517395363508439930557665812,0.08203146441042313487734632407256650349182,0.08291260755200000000000000000000000000000,0.3860341600000000000000000000000000000000,0.0,-9.681479787123295682045076583215879618926e-122,9.681479787123295682045076583215879618926e-122,FINITE
877,9.625000000000000000000000000000000000000,-0.001049027874647180283886211982898498022975,-0.006701645677590293594212519694024631905353,0.08186357967735281971611378801710150197702,0.08291260755200000000000000000000000000000,0.3860341600000000000000000000000000000000,0.0,4.356665904205483056920284462447145828516e-121,4.356665904205483056920284462447145828516e-121,FINITE
878,9.650000000000000000000000000000000000000,-0.001216226828963970557872001702019289202614,-0.006674298623243252952771653786620156357605,0.08169638072303602944212799829798071079739,0.08291260755200000000000000000000000000000,0.3860341600000000000000000000000000000000,1.210184973390411960255634572901984952366e-122,4.840739893561647841022538291607939809463e-122,4.989720471823966390447213452878918686828e-122,FINITE
879,9.675000000000000000000000000000000000000,-0.001382744197885840897520366521402331704634,-0.006647118618540526881367572632456822114787,0.08152986335411415910247963347859766829537,0.08291260755200000000000000000000000000000,0.3860341600000000000000000000000000000000,0.0,9.681479787123295682045076583215879618926e-122,9.681479787123295682045076583215879618926e-122,FINITE
880,9.700000000000000000000000000000000000000,-0.001548584140652543485184245442836310716827,-0.006620104305682296994932667770311080615857,0.08136402341134745651481575455716368928317,0.08291260755200000000000000000000000000000,0.3860341600000000000000000000000000000000,0.0,9.681479787123295682045076583215879618926e-122,9.681479787123295682045076583215879618926e-122,FINITE
881,9.725000000000000000000000000000000000000,-0.001713750782731279212566216903635434623895,-0.006593254340636216760820449508288638369602,0.08119885676926872078743378309636456537610,0.08291260755200000000000000000000000000000,0.3860341600000000000000000000000000000000,0.0,-2.420369946780823920511269145803969904731e-121,2.420369946780823920511269145803969904731e-121,FINITE
882,9.750000000000000000000000000000000000000,-0.001878248216158789812840334921392060703319,-0.006566567392970235499390825440575314747852,0.08103435933584121018715966507860793929668,0.08291260755200000000000000000000000000000,0.3860341600000000000000000000000000000000,0.0,9.681479787123295682045076583215879618926e-122,9.681479787123295682045076583215879618926e-122,FINITE
883,9.775000000000000000000000000000000000000,-0.002042080499879300217120203748946790731764,-0.006540042145687785920817116746807680717193,0.08087052705212069978287979625105320926824,0.08291260755200000000000000000000000000000,0.3860341600000000000000000000000000000000,0.0,-3.388517925493153488715776804125557866624e-121,3.388517925493153488715776804125557866624e-121,FINITE
884,9.800000000000000000000000000000000000000,-0.002205251660078369745821888997629848927560,-0.006513677295065297085729580591066197463730,0.08070735589192163025417811100237015107244,0.08291260755200000000000000000000000000000,0.3860341600000000000000000000000000000000,0.0,0.0,0.0,FINITE
885,9.825000000000000000000000000000000000000,-0.002367765690512709801314789539318143113892,-0.006487471550491995367308268545087980914133,0.08054484186148729019868521046068185688611,0.08291260755200000000000000000000000000000,0.3860341600000000000000000000000000000000,1.210184973390411960255634572901984952366e-122,3.872591914849318272818030633286351847570e-121,3.874482367446586931133676462565053406497e-121,FINITE
886,9.850000000000000000000000000000000000000,-0.002529626552836024801174277937497491221371,-0.006461423634311956668584057415191018442167,0.08038298099916397519882572206250250877863,0.08291260755200000000000000000000000000000,0.3860341600000000000000000000000000000000,1.210184973390411960255634572901984952366e-122,1.936295957424659136409015316643175923785e-121,1.940074099470759108584346399935172402720e-121,FINITE
887,9.875000000000000000000000000000000000000,-0.002690838176920932181004287800404486840433,-0.006435532281668373811305922788099651188650,0.08022176937507906781899571219959551315957,0.08291260755200000000000000000000000000000,0.3860341600000000000000000000000000000000,0.0,0.0,0.0,FINITE
888,9.900000000000000000000000000000000000000,-0.002851404461177016401851154513038155453693,-0.006409796240350003662082944635164186386999,0.08006120309082298359814884548696184454631,0.08291260755200000000000000000000000000000,0.3860341600000000000000000000000000000000,0.0,4.840739893561647841022538291607939809463e-122,4.840739893561647841022538291607939809463e-122,FINITE
889,9.925000000000000000000000000000000000000,-0.003011329272865071019354330869349461814133,-0.006384214270639759197901961034438355399135,0.07990127827913492898064566913065053818587,0.08291260755200000000000000000000000000000,0.3860341600000000000000000000000000000000,1.210184973390411960255634572901984952366e-122,2.420369946780823920511269145803969904731e-121,2.423393520660234813589757934644048122701e-121,FINITE
890,9.950000000000000000000000000000000000000,-0.003170616448407582009654714078526333283932,-0.006358785145165412336840092818771573323126,0.07974199110359241799034528592147366671607,0.08291260755200000000000000000000000000000,0.3860341600000000000000000000000000000000,0.0,1.452221968068494352306761487482381942839e-121,1.452221968068494352306761487482381942839e-121,FINITE
891,9.975000000000000000000000000000000000000,-0.003329269793695504700393860153128797298099,-0.006333507648752373971112650380995748881167,0.07958333775830449529960613984687120270190,0.08291260755200000000000000000000000000000,0.3860341600000000000000000000000000000000,1.210184973390411960255634572901984952366e-122,3.872591914849318272818030633286351847570e-121,3.874482367446586931133676462565053406497e-121,FINITE
892,10.00000000000000000000000000000000000000,-0.003487293084391385823580795226409600510384,-0.006308380578278518238791709521536708459142,0.07942531446760861417641920477359039948962,0.08291260755200000000000000000000000000000,0.3860341600000000000000000000000000000000,1.210184973390411960255634572901984952366e-122,0.0,1.210184973390411960255634572901984952366e-122,FINITE
893,10.02500000000000000000000000000000000000,-0.003644690066228881390377612277096969809802,-0.006283402742531018657862985337965614847938,0.07926791748577111860962238772290303019020,0.08291260755200000000000000000000000000000,0.3860341600000000000000000000000000000000,1.210184973390411960255634572901984952366e-122,3.388517925493153488715776804125557866624e-121,3.390678281419017792636480950462244399136e-121,FINITE
894,10.05000000000000000000000000000000000000,-0.003801464455308720285667240823660629745358,-0.006258572962065164322016359694363230016480,0.07911114309669127971433275917633937025464,0.08291260755200000000000000000000000000000,0.3860341600000000000000000000000000000000,0.0,-9.681479787123295682045076583215879618926e-122,9.681479787123295682045076583215879618926e-122,FINITE
895,10.07500000000000000000000000000000000000,-0.003957619938391162692329740007981135662338,-0.006233890069065124921940245977983888996111,0.07895498761360883730767025999201886433766,0.08291260755200000000000000000000000000000,0.3860341600000000000000000000000000000000,1.210184973390411960255634572901984952366e-122,1.936295957424659136409015316643175923785e-121,1.940074099470759108584346399935172402720e-121,FINITE
896,10.10000000000000000000000000000000000000,-0.004113160173185001681186454042863664587821,-0.006209352907206633909157677186345567518066,0.07879944737881499831881354595713633541218,0.08291260755200000000000000000000000000000,0.3860341600000000000000000000000000000000,0.0,9.681479787123295682045076583215879618926e-122,9.681479787123295682045076583215879618926e-122,FINITE
897,10.12500000000000000000000000000000000000,-0.004268088788633155542299716761974947430333,-0.006184960331521559661842559544742696698656,0.07864451876336684445770028323802505256967,0.08291260755200000000000000000000000000000,0.3860341600000000000000000000000000000000,0.0,9.681479787123295682045076583215879618926e-122,9.681479787123295682045076583215879618926e-122,FINITE
898,10.15000000000000000000000000000000000000,-0.004422409385194897686470761119953932591691,-0.006160711208264335043822278234795185601037,0.07849019816680510231352923888004606740831,0.08291260755200000000000000000000000000000,0.3860341600000000000000000000000000000000,0.0,1.452221968068494352306761487482381942839e-121,1.452221968068494352306761487482381942839e-121,FINITE
899,10.17500000000000000000000000000000000000,-0.004576125535124770212097131374267373216903,-0.006136604414780216269336607152090661606037,0.07833648201687522978790286862573262678310,0.08291260755200000000000000000000000000000,0.3860341600000000000000000000000000000000,0.0,2.904443936136988704613522974964763885678e-121,2.904443936136988704613522974964763885678e-121,FINITE
900,10.20000000000000000000000000000000000000,-0.004729240782748226511775915274708134751518,-0.006112638839375342497306131626963021545918,0.07818336676925177348822408472529186524848,0.08291260755200000000000000000000000000000,0.3860341600000000000000000000000000000000,0.0,4.840739893561647841022538291607939809463e-122,4.840739893561647841022538291607939809463e-122,FINITE
901,10.22500000000000000000000000000000000000,-0.004881758644734047584918736988999476500976,-0.006088813381188568080084386294963307012514,0.07803084890726595241508126301100052349902,0.08291260755200000000000000000000000000000,0.3860341600000000000000000000000000000000,1.210184973390411960255634572901984952366e-122,1.452221968068494352306761487482381942839e-121,1.457255681491388302233693980639066144224e-121,FINITE
902,10.25000000000000000000000000000000000000,-0.005033682610363576026932296968735875480795,-0.006065126950065039883139790335239689139948,0.07787892494163642397306770303126412451921,0.08291260755200000000000000000000000000000,0.3860341600000000000000000000000000000000,1.210184973390411960255634572901984952366e-122,4.840739893561647841022538291607939809463e-121,4.842252388487968229159425880408151368205e-121,FINITE
903,10.27500000000000000000000000000000000000,-0.005185016141796810981973197205001908432116,-0.006041578466431492574044414189933562002628,0.07772759141020318901802680279499809156788,0.08291260755200000000000000000000000000000,0.3860341600000000000000000000000000000000,1.210184973390411960255634572901984952366e-122,9.681479787123295682045076583215879618926e-122,9.756823178591322958587864469266398797597e-122,FINITE
904,10.30000000000000000000000000000000000000,-0.005335762674335406674671877898851450001009,-0.006018166861173235251739980331021103424752,0.07757684487766459332532812210114854999899,0.08291260755200000000000000000000000000000,0.3860341600000000000000000000000000000000,0.0,1.452221968068494352306761487482381942839e-121,1.452221968068494352306761487482381942839e-121,FINITE
905,10.32500000000000000000000000000000000000,-0.005485925616682616476306767423305070847146,-0.005994891075512803250505911642756589478815,0.07742668193531738352369323257669492915285,0.08291260755200000000000000000000000000000,0.3860341600000000000000000000000000000000,0.0,1.452221968068494352306761487482381942839e-121,1.452221968068494352306761487482381942839e-121,FINITE
906,10.35000000000000000000000000000000000000,-0.005635508351200223812470172428122961013472,-0.005971750060890249407563720218411813889848,0.07727709920079977618752982757187703898653,0.08291260755200000000000000000000000000000,0.3860341600000000000000000000000000000000,1.210184973390411960255634572901984952366e-122,-4.840739893561647841022538291607939809463e-122,4.989720471823966390447213452878918686828e-122,FINITE
907,10.37500000000000000000000000000000000000,-0.005784514234162500582080764225256192008190,-0.005948742778845049529006117402882545487861,0.07712809331783749941791923577474380799181,0.08291260755200000000000000000000000000000,0.3860341600000000000000000000000000000000,0.0,2.904443936136988704613522974964763885678e-121,2.904443936136988704613522974964763885678e-121,FINITE
908,10.40000000000000000000000000000000000000,-0.005932946596007233131447190001892782299495,-0.005925868200899597225923090316388951772972,0.07697966095599276686855280999810721770050,0.08291260755200000000000000000000000000000,0.3860341600000000000000000000000000000000,0.0,9.681479787123295682045076583215879618926e-122,9.681479787123295682045076583215879618926e-122,FINITE
909,10.42500000000000000000000000000000000000,-0.006080808741583855211761367415801717642921,-0.005903125308444263721391734522442043806770,0.07683179881041614478823863258419828235708,0.08291260755200000000000000000000000000000,0.3860341600000000000000000000000000000000,0.0,-4.840739893561647841022538291607939809463e-122,4.840739893561647841022538291607939809463e-122,FINITE
910,10.45000000000000000000000000000000000000,-0.006228103950398726743690893611920767113638,-0.005880513092623998649578602859100260631840,0.07668450360160127325630910638807923288636,0.08291260755200000000000000000000000000000,0.3860341600000000000000000000000000000000,1.210184973390411960255634572901984952366e-122,4.840739893561647841022538291607939809463e-122,4.989720471823966390447213452878918686828e-122,FINITE
911,10.47500000000000000000000000000000000000,-0.006374835476857596618444567292427457910406,-0.005858030554226448280745418213823453128116,0.07653777207514240338155543270757254208959,0.08291260755200000000000000000000000000000,0.3860341600000000000000000000000000000000,0.0,-9.681479787123295682045076583215879618926e-122,9.681479787123295682045076583215879618926e-122,FINITE
912,10.50000000000000000000000000000000000000,-0.006521006550505287180604405464446469887232,-0.005835676703571568010619940804248036700240,0.07639160100149471281939559453555353011277,0.08291260755200000000000000000000000000000,0.3860341600000000000000000000000000000000,0.0,9.681479787123295682045076583215879618926e-122,9.681479787123295682045076583215879618926e-122,FINITE
913,10.52500000000000000000000000000000000000,-0.006666620376262637463957025209109550928213,-0.005813450560402706349558459965819722700813,0.07624598717573736253604297479089044907179,0.08291260755200000000000000000000000000000,0.3860341600000000000000000000000000000000,1.210184973390411960255634572901984952366e-122,2.420369946780823920511269145803969904731e-121,2.423393520660234813589757934644048122701e-121,FINITE
914,10.55000000000000000000000000000000000000,-0.006811680134660741687326220428222367327935,-0.005791351153779138036345917476984532191267,0.07610092741733925831267377957177763267207,0.08291260755200000000000000000000000000000,0.3860341600000000000000000000000000000000,0.0,1.452221968068494352306761487482381942839e-121,1.452221968068494352306761487482381942839e-121,FINITE
915,10.57500000000000000000000000000000000000,-0.006956188982072518962820341178939548307183,-0.005769377521970024283511517054404489338132,0.07595641856992748103717965882106045169282,0.08291260755200000000000000000000000000000,0.3860341600000000000000000000000000000000,0.0,1.452221968068494352306761487482381942839e-121,1.452221968068494352306761487482381942839e-121,FINITE
916,10.60000000000000000000000000000000000000,-0.007100150050941649623779917469362089297061,-0.005747528712349778535835708140519803296345,0.07581245750105835037622008253063791070294,0.08291260755200000000000000000000000000000,0.3860341600000000000000000000000000000000,1.210184973390411960255634572901984952366e-122,3.388517925493153488715776804125557866624e-121,3.390678281419017792636480950462244399136e-121,FINITE
917,10.62500000000000000000000000000000000000,-0.007243566450008913043863901905768841205407,-0.005725803781294816491439037035038913767674,0.07566904110199108695613609809423115879459,0.08291260755200000000000000000000000000000,0.3860341600000000000000000000000000000000,0.0,1.452221968068494352306761487482381942839e-121,1.452221968068494352306761487482381942839e-121,FINITE
918,10.65000000000000000000000000000000000000,-0.007386441264535961291971694912736302193805,-0.005704201794081669495621516155769440751235,0.07552616628746403870802830508726369780620,0.08291260755200000000000000000000000000000,0.3860341600000000000000000000000000000000,0.0,4.840739893561647841022538291607939809463e-122,4.840739893561647841022538291607939809463e-122,FINITE
919,10.67500000000000000000000000000000000000,-0.007528777556526562449891153800204572751152,-0.005682721824786440771606533254455813649267,0.07538382999547343755010884619979542724885,0.08291260755200000000000000000000000000000,0.3860341600000000000000000000000000000000,0.0,9.681479787123295682045076583215879618926e-122,9.681479787123295682045076583215879618926e-122,FINITE
920,10.70000000000000000000000000000000000000,-0.007670578364945346910522014985236192808993,-0.005661362956185584299676327529109803501790,0.07524202918705465308947798501476380719101,0.08291260755200000000000000000000000000000,0.3860341600000000000000000000000000000000,1.210184973390411960255634572901984952366e-122,1.936295957424659136409015316643175923785e-121,1.940074099470759108584346399935172402720e-121,FINITE
921,10.72500000000000000000000000000000000000,-0.007811846705934089474084990297079646316196,-0.005640124279657986497003958802239008372752,0.07510076084606591052591500970292035368380,0.08291260755200000000000000000000000000000,0.3860341600000000000000000000000000000000,0.0,0.0,0.0,FINITE
922,10.75000000000000000000000000000000000000,-0.007952585573025559567728039403703305577653,-0.005619004895088331184923665507699146764042,0.07496002197897444043227196059629669442235,0.08291260755200000000000000000000000000000,0.3860341600000000000000000000000000000000,0.0,-9.681479787123295682045076583215879618926e-122,9.681479787123295682045076583215879618926e-122,FINITE
923,10.77500000000000000000000000000000000000,-0.008092797937354971430225093538455157662851,-0.005598003910771728658568714494430712893352,0.07481980961464502856977490646154484233715,0.08291260755200000000000000000000000000000,0.3860341600000000000000000000000000000000,1.210184973390411960255634572901984952366e-122,3.388517925493153488715776804125557866624e-121,3.390678281419017792636480950462244399136e-121,FINITE
924,10.80000000000000000000000000000000000000,-0.008232486747869065627874175753770219985351,-0.005577120443319589995871522033802828409894,0.07468012080413093437212582424622978001465,0.08291260755200000000000000000000000000000,0.3860341600000000000000000000000000000000,0.0,2.904443936136988704613522974964763885678e-121,2.904443936136988704613522974964763885678e-121,FINITE
925,10.82500000000000000000000000000000000000,-0.008371654931532852800089964590314450142803,-0.005556353617566728058990337461978169508595,0.07454095262046714719991003540968554985720,0.08291260755200000000000000000000000000000,0.3860341600000000000000000000000000000000,1.210184973390411960255634572901984952366e-122,3.872591914849318272818030633286351847570e-121,3.874482367446586931133676462565053406497e-121,FINITE
926,10.85000000000000000000000000000000000000,-0.008510305393534050073402015105863268491667,-0.005535702566479666951422699495509058148010,0.07440230215846594992659798489413673150833,0.08291260755200000000000000000000000000000,0.3860341600000000000000000000000000000000,1.210184973390411960255634572901984952366e-122,9.681479787123295682045076583215879618926e-122,9.756823178591322958587864469266398797597e-122,FINITE
927,10.87500000000000000000000000000000000000,-0.008648441017485240130468747470540554834166,-0.005515166431066141998508043078454049785716,0.07426416653451475986953125252945944516583,0.08291260755200000000000000000000000000000,0.3860341600000000000000000000000000000000,1.210184973390411960255634572901984952366e-122,1.452221968068494352306761487482381942839e-121,1.457255681491388302233693980639066144224e-121,FINITE
928,10.90000000000000000000000000000000000000,-0.008786064665623782476156565264789155307208,-0.005494744360285772617827431724523544352129,0.07412654288637621752384343473521084469279,0.08291260755200000000000000000000000000000,0.3860341600000000000000000000000000000000,0.0,-4.840739893561647841022538291607939809463e-122,4.840739893561647841022538291607939809463e-122,FINITE
929,10.92500000000000000000000000000000000000,-0.008923179179009506005573596562216228333640,-0.005474435510961890739291998167123948636389,0.07398942837299049399442640343778377166636,0.08291260755200000000000000000000000000000,0.3860341600000000000000000000000000000000,0.0,-1.936295957424659136409015316643175923785e-121,1.936295957424659136409015316643175923785e-121,FINITE
930,10.95000000000000000000000000000000000000,-0.009059787377720211549051916894480606451527,-0.005454239047694507722585339884381146405116,0.07385282017427978845094808310551939354847,0.08291260755200000000000000000000000000000,0.3860341600000000000000000000000000000000,0.0,-9.681479787123295682045076583215879618926e-122,9.681479787123295682045076583215879618926e-122,FINITE
931,10.97500000000000000000000000000000000000,-0.009195892061045012646306840392199895329006,-0.005434154142774403002198405295980434465575,0.07371671549095498735369315960780010467099,0.08291260755200000000000000000000000000000,0.3860341600000000000000000000000000000000,0.0,4.840739893561647841022538291607939809463e-122,4.840739893561647841022538291607939809463e-122,FINITE
932,11.00000000000000000000000000000000000000,-0.009331496007675542386235788799085180280720,-0.005414179976098317967675474260922504655268,0.07358111154432445761376421120091481971928,0.08291260755200000000000000000000000000000,0.3860341600000000000000000000000000000000,1.210184973390411960255634572901984952366e-122,2.904443936136988704613522974964763885678e-121,2.906964061501470238272911111291786442461e-121,FINITE
933,11.02500000000000000000000000000000000000,-0.009466601975895053739923851915259727412027,-0.005394315735085238858981477250550375532529,0.07344600557610494626007614808474027258797,0.08291260755200000000000000000000000000000,0.3860341600000000000000000000000000000000,0.0,1.452221968068494352306761487482381942839e-121,1.452221968068494352306761487482381942839e-121,FINITE
934,11.05000000000000000000000000000000000000,-0.009601212703765440412272512548047312342526,-0.005374560614593752724206602873426332715826,0.07331139484823455958772748745195268765747,0.08291260755200000000000000000000000000000,0.3860341600000000000000000000000000000000,1.210184973390411960255634572901984952366e-122,4.840739893561647841022538291607939809463e-122,4.989720471823966390447213452878918686828e-122,FINITE
935,11.07500000000000000000000000000000000000,-0.009735330909312204842138733521655488725428,-0.005354913816840460749244156978463772211918,0.07317727664268779515786126647834451127457,0.08291260755200000000000000000000000000000,0.3860341600000000000000000000000000000000,0.0,-9.681479787123295682045076583215879618926e-122,9.681479787123295682045076583215879618926e-122,FINITE
936,11.10000000000000000000000000000000000000,-0.009868959290707399591842781558010059413714,-0.005335374551319433526710007413128565076995,0.07304364826129260040815721844198994058629,0.08291260755200000000000000000000000000000,0.3860341600000000000000000000000000000000,0.0,1.452221968068494352306761487482381942839e-121,1.452221968068494352306761487482381942839e-121,FINITE
937,11.12500000000000000000000000000000000000,-0.01000210052645056798425630506235768091996,-0.005315942034722693084312583036240778664286,0.07291050702554943201574369493764231908004,0.08291260755200000000000000000000000000000,0.3860341600000000000000000000000000000000,1.210184973390411960255634572901984952366e-122,2.904443936136988704613522974964763885678e-121,2.906964061501470238272911111291786442461e-121,FINITE
938,11.15000000000000000000000000000000000000,-0.01013475727554770946930117360655216764724,-0.005296615490861706741225108104546686646793,0.07277785027645229053069882639344783235276,0.08291260755200000000000000000000000000000,0.3860341600000000000000000000000000000000,0.0,-4.840739893561647841022538291607939809463e-122,4.840739893561647841022538291607939809463e-122,FINITE
939,11.17500000000000000000000000000000000000,-0.01026693217768829483146062950046875442193,-0.005277394150589878104848315294206612328238,0.07264567537431170516853937049953124557807,0.08291260755200000000000000000000000000000,0.3860341600000000000000000000000000000000,1.210184973390411960255634572901984952366e-122,3.872591914849318272818030633286351847570e-121,3.874482367446586931133676462565053406497e-121,FINITE
940,11.20000000000000000000000000000000000000,-0.01039862785342035598571586883722381816670,-0.005258277251726020759772069405465537787608,0.07251397969857964401428413116277618183330,0.08291260755200000000000000000000000000000,0.3860341600000000000000000000000000000000,0.0,9.681479787123295682045076583215879618926e-122,9.681479787123295682045076583215879618926e-122,FINITE
941,11.22500000000000000000000000000000000000,-0.01052984690432367475106395333289897769834,-0.005239264038978800435835978530472739178753,0.07238276064767632524893604666710102230166,0.08291260755200000000000000000000000000000,0.3860341600000000000000000000000000000000,0.0,9.681479787123295682045076583215879618926e-122,9.681479787123295682045076583215879618926e-122,FINITE
942,11.25000000000000000000000000000000000000,-0.01066059191318109463833981956150538389910,-0.005220353763872131673038097411359385190323,0.07225201563881890536166018043849461610090,0.08291260755200000000000000000000000000000,0.3860341600000000000000000000000000000000,0.0,1.452221968068494352306761487482381942839e-121,1.452221968068494352306761487482381942839e-121,FINITE
943,11.27500000000000000000000000000000000000,-0.01079086544414797934235108808778129138468,-0.005201545684671515227731308662965456334227,0.07212174210785202065764891191221870861532,0.08291260755200000000000000000000000000000,0.3860341600000000000000000000000000000000,0.0,1.936295957424659136409015316643175923785e-121,1.936295957424659136409015316643175923785e-121,FINITE
944,11.30000000000000000000000000000000000000,-0.01092067004291984128723644978038963992612,-0.005182839066311302687161157201625576446884,0.07199193750908015871276355021961036007388,0.08291260755200000000000000000000000000000,0.3860341600000000000000000000000000000000,1.210184973390411960255634572901984952366e-122,0.0,1.210184973390411960255634572901984952366e-122,FINITE
945,11.32500000000000000000000000000000000000,-0.01105000823689816323837572266169835892533,-0.005164233180322874978017295592603629190197,0.07186259931510183676162427733830164107467,0.08291260755200000000000000000000000000000,0.3860341600000000000000000000000000000000,0.0,9.681479787123295682045076583215879618926e-122,9.681479787123295682045076583215879618926e-122,FINITE
946,11.35000000000000000000000000000000000000,-0.01117888253535443566401332281699479400986,-0.005145727304763721669372026621482411829412,0.07173372501664556433598667718300520599014,0.08291260755200000000000000000000000000000,0.3860341600000000000000000000000000000000,0.0,9.681479787123295682045076583215879618926e-122,9.681479787123295682045076583215879618926e-122,FINITE
947,11.37500000000000000000000000000000000000,-0.01130729542959243220490991757238397231552,-0.005127320724147408181240767494179900860852,0.07160531212240756779509008242761602768448,0.08291260755200000000000000000000000000000,0.3860341600000000000000000000000000000000,1.210184973390411960255634572901984952366e-122,2.420369946780823920511269145803969904731e-121,2.423393520660234813589757934644048122701e-121,FINITE
948,11.40000000000000000000000000000000000000,-0.01143524939310874529071437464731637350355,-0.005109012729374418217096019958266369079661,0.07147735815889125470928562535268362649645,0.08291260755200000000000000000000000000000,0.3860341600000000000000000000000000000000,0.0,9.681479787123295682045076583215879618926e-122,9.681479787123295682045076583215879618926e-122,FINITE
949,11.42500000000000000000000000000000000000,-0.01156274688175160362725659865420660318395,-0.005090802617663858942072411844126490785642,0.07134986067024839637274340134579339681605,0.08291260755200000000000000000000000000000,0.3860341600000000000000000000000000000000,0.0,2.420369946780823920511269145803969904731e-121,2.420369946780823920511269145803969904731e-121,FINITE
950,11.45000000000000000000000000000000000000,-0.01168979033387799296951009273177659921309,-0.005072689692486016628387802122432378912834,0.07122281721812200703048990726822340078691,0.08291260755200000000000000000000000000000,0.3860341600000000000000000000000000000000,0.0,9.681479787123295682045076583215879618926e-122,9.681479787123295682045076583215879618926e-122,FINITE
951,11.47500000000000000000000000000000000000,-0.01181638217050910129047152112689724406363,-0.005054673263495750685744998553943437595523,0.07109622538149089870952847887310275593637,0.08291260755200000000000000000000000000000,0.3860341600000000000000000000000000000000,1.210184973390411960255634572901984952366e-122,1.452221968068494352306761487482381942839e-121,1.457255681491388302233693980639066144224e-121,FINITE
952,11.50000000000000000000000000000000000000,-0.01194252479548410915656534930468452798861,-0.005036752646466714187239505741611323695628,0.07097008275651589084343465069531547201139,0.08291260755200000000000000000000000000000,0.3860341600000000000000000000000000000000,0.0,4.840739893561647841022538291607939809463e-122,4.840739893561647841022538291607939809463e-122,FINITE
953,11.52500000000000000000000000000000000000,-0.01206822059561234582531868389161791881935,-0.005018927163226389190648614228490300240860,0.07084438695638765417468131610838208118065,0.08291260755200000000000000000000000000000,0.3860341600000000000000000000000000000000,0.0,-9.681479787123295682045076583215879618926e-122,9.681479787123295682045076583215879618926e-122,FINITE
954,11.55000000000000000000000000000000000000,-0.01219347194082383129088028246272921882494,-0.005001196141591925340982335269318607549143,0.07071913561117616870911971753727078117506,0.08291260755200000000000000000000000000000,0.3860341600000000000000000000000000000000,1.210184973390411960255634572901984952366e-122,1.936295957424659136409015316643175923785e-121,1.940074099470759108584346399935172402720e-121,FINITE
955,11.57500000000000000000000000000000000000,-0.01231828118431822421739554922138036517540,-0.004983558915306770422902055697283069444453,0.07059432636768177578260445077861963482460,0.08291260755200000000000000000000000000000,0.3860341600000000000000000000000000000000,0.0,4.840739893561647841022538291607939809463e-122,4.840739893561647841022538291607939809463e-122,FINITE
956,11.60000000000000000000000000000000000000,-0.01244265066271219541921497801038292640994,-0.004966014823978081711121837266247185205268,0.07046995688928780458078502198961707359006,0.08291260755200000000000000000000000000000,0.3860341600000000000000000000000000000000,0.0,1.936295957424659136409015316643175923785e-121,1.936295957424659136409015316643175923785e-121,FINITE
957,11.62500000000000000000000000000000000000,-0.01256658269618524627032732066475754123337,-0.004948563213014907143262180326702837305133,0.07034602485581475372967267933524245876663,0.08291260755200000000000000000000000000000,0.3860341600000000000000000000000000000000,1.210184973390411960255634572901984952366e-122,3.388517925493153488715776804125557866624e-121,3.390678281419017792636480950462244399136e-121,FINITE
958,11.65000000000000000000000000000000000000,-0.01269007958862399115319265601299686072465,-0.004931203433567125512887669575455053101343,0.07022252796337600884680734398700313927535,0.08291260755200000000000000000000000000000,0.3860341600000000000000000000000000000000,0.0,1.452221968068494352306761487482381942839e-121,1.452221968068494352306761487482381942839e-121,FINITE
959,11.67500000000000000000000000000000000000,-0.01281314362776492278922792777624831014001,-0.004913934842465135050687798103366232455819,0.07009946392423507721077207222375168985999,0.08291260755200000000000000000000000000000,0.3860341600000000000000000000000000000000,0.0,-9.681479787123295682045076583215879618926e-122,9.681479787123295682045076583215879618926e-122,FINITE
960,11.70000000000000000000000000000000000000,-0.01293577708533567902949329689914102579818,-0.004896756802160279929012753620362664841282,0.06997683046666432097050670310085897420182,0.08291260755200000000000000000000000000000,0.3860341600000000000000000000000000000000,0.0,-1.452221968068494352306761487482381942839e-121,1.452221968068494352306761487482381942839e-121,FINITE
961,11.72500000000000000000000000000000000000,-0.01305798221719482942456814705761676502033,-0.004879668680666004389310154844734673998285,0.06985462533480517057543185294238323497967,0.08291260755200000000000000000000000000000,0.3860341600000000000000000000000000000000,0.0,-1.452221968068494352306761487482381942839e-121,1.452221968068494352306761487482381942839e-121,FINITE
962,11.75000000000000000000000000000000000000,-0.01317976126347019963711853551841994699696,-0.004862669851499724353480560255341216218303,0.06973284628852980036288146448158005300304,0.08291260755200000000000000000000000000000,0.3860341600000000000000000000000000000000,1.210184973390411960255634572901984952366e-122,1.452221968068494352306761487482381942839e-121,1.457255681491388302233693980639066144224e-121,FINITE
963,11.77500000000000000000000000000000000000,-0.01330111644869575150917242266480471131381,-0.004845759693625406538833782720696153432703,0.06961149110330424849082757733519528868619,0.08291260755200000000000000000000000000000,0.3860341600000000000000000000000000000000,0.0,-1.452221968068494352306761487482381942839e-121,1.452221968068494352306761487482381942839e-121,FINITE
964,11.80000000000000000000000000000000000000,-0.01342204998194703634856562421323308423391,-0.004828937591396845252238238612523054070485,0.06949055757005296365143437578676691576609,0.08291260755200000000000000000000000000000,0.3860341600000000000000000000000000000000,1.210184973390411960255634572901984952366e-122,2.904443936136988704613522974964763885678e-121,2.906964061501470238272911111291786442461e-121,FINITE
965,11.82500000000000000000000000000000000000,-0.01354256405697523875533191846708849344316,-0.004812202934501627192264230918671792480264,0.06937004349502476124466808153291150655684,0.08291260755200000000000000000000000000000,0.3860341600000000000000000000000000000000,0.0,4.840739893561647841022538291607939809463e-122,4.840739893561647841022538291607939809463e-122,FINITE
966,11.85000000000000000000000000000000000000,-0.01366266085233982806891821355605844203852,-0.004795555117905774738680615052283895535598,0.06924994669966017193108178644394155796148,0.08291260755200000000000000000000000000000,0.3860341600000000000000000000000000000000,1.210184973390411960255634572901984952366e-122,4.356665904205483056920284462447145828516e-121,4.358346392562754848678542168176086176100e-121,FINITE
967,11.87500000000000000000000000000000000000,-0.01378234253153983428094451486143657188352,-0.004778993541799058356623060855916116267222,0.06913026502046016571905548513856342811648,0.08291260755200000000000000000000000000000,0.3860341600000000000000000000000000000000,1.210184973390411960255634572901984952366e-122,4.356665904205483056920284462447145828516e-121,4.358346392562754848678542168176086176100e-121,FINITE
968,11.90000000000000000000000000000000000000,-0.01390161124314376502573425446465890125827,-0.004762517611540968888160400818631739959492,0.06901099630885623497426574553534109874173,0.08291260755200000000000000000000000000000,0.3860341600000000000000000000000000000000,0.0,1.452221968068494352306761487482381942839e-121,1.452221968068494352306761487482381942839e-121,FINITE
969,11.92500000000000000000000000000000000000,-0.01402046912091818003195019584549857120551,-0.004746126737607340646891620904335874359567,0.06889213843108181996804980415450142879449,0.08291260755200000000000000000000000000000,0.3860341600000000000000000000000000000000,0.0,-9.681479787123295682045076583215879618926e-122,9.681479787123295682045076583215879618926e-122,FINITE
970,11.95000000000000000000000000000000000000,-0.01413891828395493919332264603061245953403,-0.004729820335537616371657189553322508598422,0.06877368926804506080667735396938754046597,0.08291260755200000000000000000000000000000,0.3860341600000000000000000000000000000000,0.0,4.840739893561647841022538291607939809463e-122,4.840739893561647841022538291607939809463e-122,FINITE
971,11.97500000000000000000000000000000000000,-0.01425696083679714019458930165015183668551,-0.004713597825882745233490942254877869215222,0.06865564671520285980541069834984816331449,0.08291260755200000000000000000000000000000,0.3860341600000000000000000000000000000000,0.0,9.681479787123295682045076583215879618926e-122,9.681479787123295682045076583215879618926e-122,FINITE
972,12.00000000000000000000000000000000000000,-0.01437459886956376141032007840792951376664,-0.004697458634153705225618002107463938422629,0.06853800868243623858967992159207048623336,0.08291260755200000000000000000000000000000,0.3860341600000000000000000000000000000000,0.0,9.681479787123295682045076583215879618926e-122,9.681479787123295682045076583215879618926e-122,FINITE
973,12.02500000000000000000000000000000000000,-0.01449183445807302557921720110844024027877,-0.004681402190770641399664649254370510070969,0.06842077309392697442078279889155975972123,0.08291260755200000000000000000000000000000,0.3860341600000000000000000000000000000000,1.210184973390411960255634572901984952366e-122,3.388517925493153488715776804125557866624e-121,3.390678281419017792636480950462244399136e-121,FINITE
974,12.05000000000000000000000000000000000000,-0.01460866966396449954470323870529934971410,-0.004665427931012611542331172668443917638710,0.06830393788803550045529676129470065028590,0.08291260755200000000000000000000000000000,0.3860341600000000000000000000000000000000,0.0,9.681479787123295682045076583215879618926e-122,9.681479787123295682045076583215879618926e-122,FINITE
975,12.07500000000000000000000000000000000000,-0.01472510653481994514408130774057720898995,-0.004649535294967931015631175653568543080690,0.06818750101718005485591869225942279101005,0.08291260755200000000000000000000000000000,0.3860341600000000000000000000000000000000,1.210184973390411960255634572901984952366e-122,2.420369946780823920511269145803969904731e-121,2.423393520660234813589757934644048122701e-121,FINITE
976,12.10000000000000000000000000000000000000,-0.01484114710428293612321704475004253454995,-0.004633723727485108610462321020405888216860,0.06807146044771706387678295524995746545005,0.08291260755200000000000000000000000000000,0.3860341600000000000000000000000000000000,0.0,-1.452221968068494352306761487482381942839e-121,1.452221968068494352306761487482381942839e-121,FINITE
977,12.12500000000000000000000000000000000000,-0.01495679339217725575149690374498267956938,-0.004617992678124365387785001954182536721624,0.06795581415982274424850309625501732043062,0.08291260755200000000000000000000000000000,0.3860341600000000000000000000000000000000,1.210184973390411960255634572901984952366e-122,3.872591914849318272818030633286351847570e-121,3.874482367446586931133676462565053406497e-121,FINITE
978,12.15000000000000000000000000000000000000,-0.01507204740462408961270862105890810498330,-0.004602341601109728604086987023554701301979,0.06784056014737591038729137894109189501670,0.08291260755200000000000000000000000000000,0.3860341600000000000000000000000000000000,1.210184973390411960255634572901984952366e-122,1.452221968068494352306761487482381942839e-121,1.457255681491388302233693980639066144224e-121,FINITE
979,12.17500000000000000000000000000000000000,-0.01518691113415802785141505069404539795371,-0.004586769955281692938142975902759825213093,0.06772569641784197214858494930595460204629,0.08291260755200000000000000000000000000000,0.3860341600000000000000000000000000000000,1.210184973390411960255634572901984952366e-122,2.904443936136988704613522974964763885678e-121,2.906964061501470238272911111291786442461e-121,FINITE
980,12.20000000000000000000000000000000000000,-0.01530138655984189096130072444484098711360,-0.004571277204050441354376683798048437420942,0.06761122099215810903869927555515901288640,0.08291260755200000000000000000000000000000,0.3860341600000000000000000000000000000000,0.0,9.681479787123295682045076583215879618926e-122,9.681479787123295682045076583215879618926e-122,FINITE
981,12.22500000000000000000000000000000000000,-0.01541547564738039301181110006622760571697,-0.004555862815349618054437236610616796842053,0.06749713190461960698818889993377239428303,0.08291260755200000000000000000000000000000,0.3860341600000000000000000000000000000000,0.0,-4.840739893561647841022538291607939809463e-122,4.840739893561647841022538291607939809463e-122,FINITE
982,12.25000000000000000000000000000000000000,-0.01552918034923265602212812782816252546209,-0.004540526261590646082948233611529296428451,0.06738342720276734397787187217183747453791,0.08291260755200000000000000000000000000000,0.3860341600000000000000000000000000000000,1.210184973390411960255634572901984952366e-122,2.904443936136988704613522974964763885678e-121,2.906964061501470238272911111291786442461e-121,FINITE
983,12.27500000000000000000000000000000000000,-0.01564250260472358900708400504997368060021,-0.004525267019617582265813003310723389859083,0.06727010494727641099291599495002631939979,0.08291260755200000000000000000000000000000,0.3860341600000000000000000000000000000000,0.0,2.420369946780823920511269145803969904731e-121,2.420369946780823920511269145803969904731e-121,FINITE
984,12.30000000000000000000000000000000000000,-0.01575544434015414503796020918174406293896,-0.004510084570662502269998796353532633743122,0.06715716321184585496203979081825593706104,0.08291260755200000000000000000000000000000,0.3860341600000000000000000000000000000000,0.0,3.388517925493153488715776804125557866624e-121,3.388517925493153488715776804125557866624e-121,FINITE
985,12.32500000000000000000000000000000000000,-0.01586800746891046948220438967658417965862,-0.004494978400301408682410669233446256680703,0.06704460008308953051779561032341582034138,0.08291260755200000000000000000000000000000,0.3860341600000000000000000000000000000000,0.0,1.936295957424659136409015316643175923785e-121,1.936295957424659136409015316643175923785e-121,FINITE
986,12.35000000000000000000000000000000000000,-0.01598019389157195240987760407759569978612,-0.004479947998410655112336659892556733358015,0.06693241366042804759012239592240430021388,0.08291260755200000000000000000000000000000,0.3860341600000000000000000000000000000000,0.0,0.0,0.0,FINITE
987,12.37500000000000000000000000000000000000,-0.01609200549601819798107369381008623572867,-0.004464992859123879427032904503778989565182,0.06682060205598180201892630618991376427133,0.08291260755200000000000000000000000000000,0.3860341600000000000000000000000000000000,1.210184973390411960255634572901984952366e-122,2.904443936136988704613522974964763885678e-121,2.906964061501470238272911111291786442461e-121,FINITE
988,12.40000000000000000000000000000000000000,-0.01620344415753492345758712522728254644509,-0.004450112480789439333353290364635241159688,0.06670916339446507654241287477271745355491,0.08291260755200000000000000000000000000000,0.3860341600000000000000000000000000000000,1.210184973390411960255634572901984952366e-122,2.420369946780823920511269145803969904731e-121,2.423393520660234813589757934644048122701e-121,FINITE
989,12.42500000000000000000000000000000000000,-0.01631451173891880031370199583376477231003,-0.004435306365928343619945126642856268640670,0.06659809581308119968629800416623522768997,0.08291260755200000000000000000000000000000,0.3860341600000000000000000000000000000000,1.210184973390411960255634572901984952366e-122,2.420369946780823920511269145803969904731e-121,2.423393520660234813589757934644048122701e-121,FINITE
990,12.45000000000000000000000000000000000000,-0.01642521009058124975509054171475154587484,-0.004420574021192672474461547841706638696405,0.06648739746141875024490945828524845412516,0.08291260755200000000000000000000000000000,0.3860341600000000000000000000000000000000,1.210184973390411960255634572901984952366e-122,1.936295957424659136409015316643175923785e-121,1.940074099470759108584346399935172402720e-121,FINITE
991,12.47500000000000000000000000000000000000,-0.01653554105065120479140257473039265772318,-0.004405914957324480388513724586213749346340,0.06637706650134879520859742526960734227682,0.08291260755200000000000000000000000000000,0.3860341600000000000000000000000000000000,0.0,1.936295957424659136409015316643175923785e-121,1.936295957424659136409015316643175923785e-121,FINITE
992,12.50000000000000000000000000000000000000,-0.01664550644507685084715678352848640966576,-0.004391328689115175259731611550926466467310,0.06626710110692314915284321647151359033424,0.08291260755200000000000000000000000000000,0.3860341600000000000000000000000000000000,0.0,1.452221968068494352306761487482381942839e-121,1.452221968068494352306761487482381942839e-121,FINITE
993,12.52500000000000000000000000000000000000,-0.01675510808772635673697045413920538925512,-0.004376814735365367395350483663238767215157,0.06615749946427364326302954586079461074488,0.08291260755200000000000000000000000000000,0.3860341600000000000000000000000000000000,1.210184973390411960255634572901984952366e-122,5.324813882917812625124792120768733790409e-121,5.326188915576734615808460146479341508466e-121,FINITE
994,12.55000000000000000000000000000000000000,-0.01686434778048760767494633901491942438332,-0.004362372618845182215220884290409113123973,0.06604825977151239232505366098508057561668,0.08291260755200000000000000000000000000000,0.3860341600000000000000000000000000000000,0.0,1.452221968068494352306761487482381942839e-121,1.452221968068494352306761487482381942839e-121,FINITE
995,12.57500000000000000000000000000000000000,-0.01697322731336695183413528048251955823564,-0.004348001866255030544080245214645030159890,0.06593938023863304816586471951748044176436,0.08291260755200000000000000000000000000000,0.3860341600000000000000000000000000000000,1.210184973390411960255634572901984952366e-122,2.420369946780823920511269145803969904731e-121,2.423393520660234813589757934644048122701e-121,FINITE
996,12.60000000000000000000000000000000000000,-0.01708174846458697182037263157333527718864,-0.004333702008186830473353189422405962819296,0.06583085908741302817962736842666472281136,0.08291260755200000000000000000000000000000,0.3860341600000000000000000000000000000000,0.0,-4.840739893561647841022538291607939809463e-122,4.840739893561647841022538291607939809463e-122,FINITE
997,12.62500000000000000000000000000000000000,-0.01718991300068329227540805938215302581442,-0.004319472579085674861691696992468990011825,0.06572269455131670772459194061784697418558,0.08291260755200000000000000000000000000000,0.3860341600000000000000000000000000000000,1.210184973390411960255634572901984952366e-122,3.872591914849318272818030633286351847570e-121,3.874482367446586931133676462565053406497e-121,FINITE
998,12.65000000000000000000000000000000000000,-0.01729772267660043467707518461352803274106,-0.004305313117211938630952667572175257540221,0.06561488487539956532292481538647196725894,0.08291260755200000000000000000000000000000,0.3860341600000000000000000000000000000000,0.0,4.840739893561647841022538291607939809463e-122,4.840739893561647841022538291607939809463e-122,FINITE
999,12.67500000000000000000000000000000000000,-0.01740517923578673025924358948657394204338,-0.004291223164603820100365190414633774800867,0.06550742831621326974075641051342605795662,0.08291260755200000000000000000000000000000,0.3860341600000000000000000000000000000000,0.0,-1.452221968068494352306761487482381942839e-121,1.452221968068494352306761487482381942839e-121,FINITE
1000,12.70000000000000000000000000000000000000,-0.01751228441028830183142554792987199481088,-0.004277202267040310686288760627689928094401,0.06540032314171169816857445207012800518912,0.08291260755200000000000000000000000000000,0.3860341600000000000000000000000000000000,0.0,2.904443936136988704613522974964763885678e-121,2.904443936136988704613522974964763885678e-121,FINITE
1001,12.72500000000000000000000000000000000000,-0.01761903992084212513713856707880456756476,-0.004263249974004587378231980565715611238409,0.06529356763115787486286143292119543243524,0.08291260755200000000000000000000000000000,0.3860341600000000000000000000000000000000,0.0,-1.936295957424659136409015316643175923785e-121,1.936295957424659136409015316643175923785e-121,FINITE
1002,12.75000000000000000000000000000000000000,-0.01772544747696818025141827193883978007636,-0.004249365838647822483713687735182341097154,0.06518716007503181974858172806116021992364,0.08291260755200000000000000000000000000000,0.3860341600000000000000000000000000000000,0.0,0.0,0.0,FINITE
1003,12.77500000000000000000000000000000000000,-0.01783150877706070338120072233748535366945,-0.004235549417753405215129202307806022825655,0.06508109877493929661879927766251464633055,0.08291260755200000000000000000000000000000,0.3860341600000000000000000000000000000000,0.0,4.840739893561647841022538291607939809463e-122,4.840739893561647841022538291607939809463e-122,FINITE
1004,12.80000000000000000000000000000000000000,-0.01793722550847854929761592984613295146432,-0.004221800271701569771057263209164667384976,0.06497538204352145070238407015386704853568,0.08291260755200000000000000000000000000000,0.3860341600000000000000000000000000000000,0.0,1.452221968068494352306761487482381942839e-121,1.452221968068494352306761487482381942839e-121,FINITE
1005,12.82500000000000000000000000000000000000,-0.01804259934763467449652273767455894938621,-0.004208117964434424642431534337881133057678,0.06487000820436532550347726232544105061379,0.08291260755200000000000000000000000000000,0.3860341600000000000000000000000000000000,0.0,1.936295957424659136409015316643175923785e-121,1.936295957424659136409015316643175923785e-121,FINITE
1006,12.85000000000000000000000000000000000000,-0.01814763196008475105283751122588921806218,-0.004194502063421377950727171748967474654034,0.06476497559191524894716248877411078193782,0.08291260755200000000000000000000000000000,0.3860341600000000000000000000000000000000,0.0,-4.840739893561647841022538291607939809463e-122,4.840739893561647841022538291607939809463e-122,FINITE
1007,12.87500000000000000000000000000000000000,-0.01825232500061492100533399959020733379330,-0.004180952139624953700800265502572684146078,0.06466028255138507899466600040979266620670,0.08291260755200000000000000000000000000000,0.3860341600000000000000000000000000000000,0.0,-1.936295957424659136409015316643175923785e-121,1.936295957424659136409015316643175923785e-121,FINITE
1008,12.90000000000000000000000000000000000000,-0.01835668011332870098158856227343785961451,-0.004167467767466993905287989442182522599654,0.06455592743867129901841143772656214038549,0.08291260755200000000000000000000000000000,0.3860341600000000000000000000000000000000,0.0,2.904443936136988704613522974964763885678e-121,2.904443936136988704613522974964763885678e-121,FINITE
1009,12.92500000000000000000000000000000000000,-0.01846069893173304664758354867746220589940,-0.004154048524795241610551566817742134485794,0.06445190862026695335241645132253779410060,0.08291260755200000000000000000000000000000,0.3860341600000000000000000000000000000000,0.0,1.936295957424659136409015316643175923785e-121,1.936295957424659136409015316643175923785e-121,FINITE
1010,12.95000000000000000000000000000000000000,-0.01856438307882358644313234178400325519062,-0.004140693992850299926043831965016649207341,0.06434822447317641355686765821599674480938,0.08291260755200000000000000000000000000000,0.3860341600000000000000000000000000000000,0.0,9.681479787123295682045076583215879618926e-122,9.681479787123295682045076583215879618926e-122,FINITE
1011,12.97500000000000000000000000000000000000,-0.01866773416716903394272332712152475056728,-0.004127403756232962229728973586457204376357,0.06424487338483096605727667287847524943272,0.08291260755200000000000000000000000000000,0.3860341600000000000000000000000000000000,0.0,-4.840739893561647841022538291607939809463e-122,4.840739893561647841022538291607939809463e-122,FINITE
1012,13.00000000000000000000000000000000000000,-0.01877075379899478806156823176796884021227,-0.004114177402871908791794320263380570259030,0.06414185375300521193843176823203115978773,0.08291260755200000000000000000000000000000,0.3860341600000000000000000000000000000000,0.0,-2.420369946780823920511269145803969904731e-121,2.420369946780823920511269145803969904731e-121,FINITE
1013,13.02500000000000000000000000000000000000,-0.01887344356626573020855480774019276584936,-0.004101014523991765127392719986657925350660,0.06403916398573426979144519225980723415064,0.08291260755200000000000000000000000000000,0.3860341600000000000000000000000000000000,1.210184973390411960255634572901984952366e-122,2.904443936136988704613522974964763885678e-121,2.906964061501470238272911111291786442461e-121,FINITE
1014,13.05000000000000000000000000000000000000,-0.01897580505076822737141711538385822480408,-0.004087914714081517456558736760973615974417,0.06393680250123177262858288461614177519592,0.08291260755200000000000000000000000000000,0.3860341600000000000000000000000000000000,0.0,9.681479787123295682045076583215879618926e-122,9.681479787123295682045076583215879618926e-122,FINITE
1015,13.07500000000000000000000000000000000000,-0.01907783982419135000472158545078611365872,-0.004074877570863280715771728393706635469949,0.06383476772780864999527841454921388634128,0.08291260755200000000000000000000000000000,0.3860341600000000000000000000000000000000,0.0,1.936295957424659136409015316643175923785e-121,1.936295957424659136409015316643175923785e-121,FINITE
1016,13.10000000000000000000000000000000000000,-0.01917954944820731347819696872325796931476,-0.004061902695261414630912703489286100415989,0.06373305810379268652180303127674203068524,0.08291260755200000000000000000000000000000,0.3860341600000000000000000000000000000000,0.0,2.420369946780823920511269145803969904731e-121,2.420369946780823920511269145803969904731e-121,FINITE
1017,13.12500000000000000000000000000000000000,-0.01928093547455115173148505067834796829811,-0.004048989691371983425598146462783420222357,0.06363167207744884826851494932165203170189,0.08291260755200000000000000000000000000000,0.3860341600000000000000000000000000000000,1.210184973390411960255634572901984952366e-122,3.872591914849318272818030633286351847570e-121,3.874482367446586931133676462565053406497e-121,FINITE
1018,13.15000000000000000000000000000000000000,-0.01938199944509963167153090433214015788813,-0.004036138166432554802090859462740962171236,0.06353060810690036832846909566785984211187,0.08291260755200000000000000000000000000000,0.3860341600000000000000000000000000000000,0.0,9.681479787123295682045076583215879618926e-122,9.681479787123295682045076583215879618926e-122,FINITE
1019,13.17500000000000000000000000000000000000,-0.01948274289194941674054121410591678965771,-0.004023347730792333894203067466885367728432,0.06342986466005058325945878589408321034229,0.08291260755200000000000000000000000000000,0.3860341600000000000000000000000000000000,0.0,0.0,0.0,FINITE
1020,13.20000000000000000000000000000000000000,-0.01958316733749448797569200432585401964042,-0.004010617997882627952837998195942716944990,0.06332944021450551202430799567414598035958,0.08291260755200000000000000000000000000000,0.3860341600000000000000000000000000000000,0.0,1.452221968068494352306761487482381942839e-121,1.452221968068494352306761487482381942839e-121,FINITE
1021,13.22500000000000000000000000000000000000,-0.01968327429450283077653855643996352792236,-0.003997948584187637585079982213132442414944,0.06322933325749716922346144356003647207764,0.08291260755200000000000000000000000000000,0.3860341600000000000000000000000000000000,0.0,-1.452221968068494352306761487482381942839e-121,1.452221968068494352306761487482381942839e-121,FINITE
1022,13.25000000000000000000000000000000000000,-0.01978306526619239549234643129581599276562,-0.003985339109215570427056597368324656245359,0.06312954228580760450765356870418400723438,0.08291260755200000000000000000000000000000,0.3860341600000000000000000000000000000000,0.0,1.452221968068494352306761487482381942839e-121,1.452221968068494352306761487482381942839e-121,FINITE
1023,13.27500000000000000000000000000000000000,-0.01988254174630633983929977439711715775969,-0.003972789195470073189175965353674645351032,0.06303006580569366016070022560288284224031,0.08291260755200000000000000000000000000000,0.3860341600000000000000000000000000000000,0.0,9.681479787123295682045076583215879618926e-122,9.681479787123295682045076583215879618926e-122,FINITE
1024,13.30000000000000000000000000000000000000,-0.01998170521918756105672832807267328548234,-0.003960298468421978069804145806238431737287,0.06293090233281243894327167192732671451766,0.08291260755200000000000000000000000000000,0.3860341600000000000000000000000000000000,0.0,9.681479787123295682045076583215879618926e-122,9.681479787123295682045076583215879618926e-122,FINITE
1025,13.32500000000000000000000000000000000000,-0.02008055715985252561210505998984018825960,-0.003947866556481359590007510199735441553721,0.06283205039214747438789494001015981174040,0.08291260755200000000000000000000000000000,0.3860341600000000000000000000000000000000,0.0,4.840739893561647841022538291607939809463e-122,4.840739893561647841022538291607939809463e-122,FINITE
1026,13.35000000000000000000000000000000000000,-0.02017909903406440416657968985788561363805,-0.003935493090969897957658560818645742119175,0.06273350851793559583342031014211438636195,0.08291260755200000000000000000000000000000,0.3860341600000000000000000000000000000000,0.0,9.681479787123295682045076583215879618926e-122,9.681479787123295682045076583215879618926e-122,FINITE
1027,13.37500000000000000000000000000000000000,-0.02027733229840551941620768794279433965262,-0.003923177706093545124006144599741200483933,0.06263527525359448058379231205720566034738,0.08291260755200000000000000000000000000000,0.3860341600000000000000000000000000000000,1.210184973390411960255634572901984952366e-122,9.681479787123295682045076583215879618926e-122,9.756823178591322958587864469266398797597e-122,FINITE
1028,13.40000000000000000000000000000000000000,-0.02037525840034911432878794039482404116132,-0.003910920038915489749757366773938413462730,0.06253734915165088567121205960517595883868,0.08291260755200000000000000000000000000000,0.3860341600000000000000000000000000000000,0.0,-1.452221968068494352306761487482381942839e-121,1.452221968068494352306761487482381942839e-121,FINITE
1029,13.42500000000000000000000000000000000000,-0.02047287877833044820231400833063588729359,-0.003898719729329417350823424077323049924655,0.06243972877366955179768599166936411270641,0.08291260755200000000000000000000000000000,0.3860341600000000000000000000000000000000,0.0,-9.681479787123295682045076583215879618926e-122,9.681479787123295682045076583215879618926e-122,FINITE
1030,13.45000000000000000000000000000000000000,-0.02057019486181722787845289485287627893598,-0.003886576420033061946159466346362035199901,0.06234241269018277212154710514712372106402,0.08291260755200000000000000000000000000000,0.3860341600000000000000000000000000000000,0.0,9.681479787123295682045076583215879618926e-122,9.681479787123295682045076583215879618926e-122,FINITE
1031,13.47500000000000000000000000000000000000,-0.02066720807137938135317097846107516852516,-0.003874489756502045581593604129400592895453,0.06224539948062061864682902153892483147484,0.08291260755200000000000000000000000000000,0.3860341600000000000000000000000000000000,1.210184973390411960255634572901984952366e-122,1.936295957424659136409015316643175923785e-121,1.940074099470759108584346399935172402720e-121,FINITE
1032,13.50000000000000000000000000000000000000,-0.02076391981875818093660912467172216850825,-0.003862459386964002154206190562256764868274,0.06214868773324181906339087532827783149175,0.08291260755200000000000000000000000000000,0.3860341600000000000000000000000000000000,1.210184973390411960255634572901984952366e-122,2.420369946780823920511269145803969904731e-121,2.423393520660234813589757934644048122701e-121,FINITE
1033,13.52500000000000000000000000000000000000,-0.02086033150693472302554814599742392614633,-0.003850484962372982011701141975343170939760,0.06205227604506527697445185400257607385367,0.08291260755200000000000000000000000000000,0.3860341600000000000000000000000000000000,0.0,-4.840739893561647841022538291607939809463e-122,4.840739893561647841022538291607939809463e-122,FINITE
1034,13.55000000000000000000000000000000000000,-0.02095644453019777146428227703176329579423,-0.003838566136384133850319694301541498303293,0.06195616302180222853571772296823670420577,0.08291260755200000000000000000000000000000,0.3860341600000000000000000000000000000000,1.210184973390411960255634572901984952366e-122,2.904443936136988704613522974964763885678e-121,2.906964061501470238272911111291786442461e-121,FINITE
1035,13.57500000000000000000000000000000000000,-0.02105226027421097138341303070418445567286,-0.003826702565328660483196744172381964576622,0.06186034727778902861658696929581554432714,0.08291260755200000000000000000000000000000,0.3860341600000000000000000000000000000000,1.210184973390411960255634572901984952366e-122,2.420369946780823920511269145803969904731e-121,2.423393520660234813589757934644048122701e-121,FINITE
1036,13.60000000000000000000000000000000000000,-0.02114778011607944032096989328770736848144,-0.003814893908189045098663674488631435171024,0.06176482743592055967903010671229263151856,0.08291260755200000000000000000000000000000,0.3860341600000000000000000000000000000000,0.0,-9.681479787123295682045076583215879618926e-122,9.681479787123295682045076583215879618926e-122,FINITE
1037,13.62500000000000000000000000000000000000,-0.02124300542441574334633930795157568368887,-0.003803139826574544674871955989208947198218,0.06166960212758425665366069204842431631113,0.08291260755200000000000000000000000000000,0.3860341600000000000000000000000000000000,1.210184973390411960255634572901984952366e-122,1.452221968068494352306761487482381942839e-121,1.457255681491388302233693980639066144224e-121,FINITE
1038,13.65000000000000000000000000000000000000,-0.02133793755940525882472111115848148456977,-0.003791439984696947263261257335027479665528,0.06157466999259474117527888884151851543023,0.08291260755200000000000000000000000000000,0.3860341600000000000000000000000000000000,1.210184973390411960255634572901984952366e-122,1.936295957424659136409015316643175923785e-121,1.940074099470759108584346399935172402720e-121,FINITE
1039,13.67500000000000000000000000000000000000,-0.02143257787287094137821415196143712133948,-0.003779794049346589898836466202913916695682,0.06148002967912905862178584803856287866052,0.08291260755200000000000000000000000000000,0.3860341600000000000000000000000000000000,0.0,0.0,0.0,FINITE
1040,13.70000000000000000000000000000000000000,-0.02152692770833748851914267189063588269012,-0.003768201689868633939961878454425928160824,0.06138567984366251148085732810936411730988,0.08291260755200000000000000000000000000000,0.3860341600000000000000000000000000000000,0.0,9.681479787123295682045076583215879618926e-122,9.681479787123295682045076583215879618926e-122,FINITE
1041,13.72500000000000000000000000000000000000,-0.02162098840109491735185487940284565263179,-0.003756662578139594684439587545743183049490,0.06129161915090508264814512059715434736821,0.08291260755200000000000000000000000000000,0.3860341600000000000000000000000000000000,0.0,9.681479787123295682045076583215879618926e-122,9.681479787123295682045076583215879618926e-122,FINITE
1042,13.75000000000000000000000000000000000000,-0.02171476127826155766093803526037862864180,-0.003745176388544122152024322619401509618905,0.06119784627373844233906196473962137135820,0.08291260755200000000000000000000000000000,0.3860341600000000000000000000000000000000,1.210184973390411960255634572901984952366e-122,2.904443936136988704613522974964763885678e-121,2.906964061501470238272911111291786442461e-121,FINITE
1043,13.77500000000000000000000000000000000000,-0.02180824765884646762658357654824104524718,-0.003733742797952029966249950781296015870295,0.06110435989315353237341642345175895475282,0.08291260755200000000000000000000000000000,0.3860341600000000000000000000000000000000,0.0,1.936295957424659136409015316643175923785e-121,1.936295957424659136409015316643175923785e-121,FINITE
1044,13.80000000000000000000000000000000000000,-0.02190144885381127833168493030763949173081,-0.003722361485695569310514679686399165639659,0.06101115869818872166831506969236050826919,0.08291260755200000000000000000000000000000,0.3860341600000000000000000000000000000000,0.0,0.0,0.0,FINITE
1045,13.82500000000000000000000000000000000000,-0.02199436616613147315014356096893523798131,-0.003711032133546944974803570749870798921833,0.06091824138586852684985643903106476201869,0.08291260755200000000000000000000000000000,0.3860341600000000000000000000000000000000,1.210184973390411960255634572901984952366e-122,4.840739893561647841022538291607939809463e-122,4.989720471823966390447213452878918686828e-122,FINITE
1046,13.85000000000000000000000000000000000000,-0.02208700089085710803177958692251202609481,-0.003699754425696070550229002334119029932971,0.06082560666114289196822041307748797390519,0.08291260755200000000000000000000000000000,0.3860341600000000000000000000000000000000,0.0,-4.840739893561647841022538291607939809463e-122,4.840739893561647841022538291607939809463e-122,FINITE
1047,13.87500000000000000000000000000000000000,-0.02217935431517297862617638377522433338673,-0.003688528048728559868752712575905918817001,0.06073325323682702137382361622477566661327,0.08291260755200000000000000000000000000000,0.3860341600000000000000000000000000000000,0.0,1.936295957424659136409015316643175923785e-121,1.936295957424659136409015316643175923785e-121,FINITE
1048,13.90000000000000000000000000000000000000,-0.02227142771845824011571861847216240518398,-0.003677352691603951825027318558178784341616,0.06064117983354175988428138152783759481602,0.08291260755200000000000000000000000000000,0.3860341600000000000000000000000000000000,1.210184973390411960255634572901984952366e-122,1.936295957424659136409015316643175923785e-121,1.940074099470759108584346399935172402720e-121,FINITE
1049,13.92500000000000000000000000000000000000,-0.02236322237234548555699503842544166128288,-0.003666228045634165756270880510328156450672,0.06054938517965451444300496157455833871712,0.08291260755200000000000000000000000000000,0.3860341600000000000000000000000000000000,0.0,4.840739893561647841022538291607939809463e-122,4.840739893561647841022538291607939809463e-122,FINITE
1050,13.95000000000000000000000000000000000000,-0.02245473954077928845961623289384099991552,-0.003655153804462184594475101289566307079832,0.06045786801122071154038376710615900008448,0.08291260755200000000000000000000000000000,0.3860341600000000000000000000000000000000,0.0,1.936295957424659136409015316643175923785e-121,1.936295957424659136409015316643175923785e-121,FINITE
1051,13.97500000000000000000000000000000000000,-0.02254598048007421526232889626897585191520,-0.003644129664040963043055887245347887635013,0.06036662707192578473767110373102414808480,0.08291260755200000000000000000000000000000,0.3860341600000000000000000000000000000000,0.0,1.452221968068494352306761487482381942839e-121,1.452221968068494352306761487482381942839e-121,FINITE
1052,14.00000000000000000000000000000000000000,-0.02263694643897231329807750271940966107490,-0.003633155322612558067293834949904518028476,0.06027566111302768670192249728059033892510,0.08291260755200000000000000000000000000000,0.3860341600000000000000000000000000000000,0.0,3.388517925493153488715776804125557866624e-121,3.388517925493153488715776804125557866624e-121,FINITE
1053,14.02500000000000000000000000000000000000,-0.02272763865870007977235763443460247886305,-0.003622230480687479024591164452707717381995,0.06018496889329992022764236556539752113695,0.08291260755200000000000000000000000000000,0.3860341600000000000000000000000000000000,1.210184973390411960255634572901984952366e-122,-9.681479787123295682045076583215879618926e-122,9.756823178591322958587864469266398797597e-122,FINITE
1054,14.05000000000000000000000000000000000000,-0.02281805837302491721280861036119663792693,-0.003611354841024254796699939332736333527198,0.06009454917897508278719138963880336207307,0.08291260755200000000000000000000000000000,0.3860341600000000000000000000000000000000,0.0,4.840739893561647841022538291607939809463e-122,4.840739893561647841022538291607939809463e-122,FINITE
1055,14.07500000000000000000000000000000000000,-0.02290820680831108078249288675569716650851,-0.003600528108609215321663176218816710778155,0.06000440074368891921750711324430283349149,0.08291260755200000000000000000000000000000,0.3860341600000000000000000000000000000000,0.0,-4.840739893561647841022538291607939809463e-122,4.840739893561647841022538291607939809463e-122,FINITE
1056,14.10000000000000000000000000000000000000,-0.02299808518357512278469251794936432200946,-0.003589749990636484958264567891289227115626,0.05991452236842487721530748205063567799054,0.08291260755200000000000000000000000000000,0.3860341600000000000000000000000000000000,0.0,-4.840739893561647841022538291607939809463e-122,4.840739893561647841022538291607939809463e-122,FINITE
1057,14.12500000000000000000000000000000000000,-0.02308769471054083962330556919366242255717,-0.003579020196488185150312780929610028013478,0.05982491284145916037669443080633757744283,0.08291260755200000000000000000000000000000,0.3860341600000000000000000000000000000000,0.0,0.0,0.0,FINITE
1058,14.15000000000000000000000000000000000000,-0.02317703659369372642003477403108764254364,-0.003568338437714843892101240689582721577501,0.05973557095830627357996522596891235745636,0.08291260755200000000000000000000000000000,0.3860341600000000000000000000000000000000,1.210184973390411960255634572901984952366e-122,1.936295957424659136409015316643175923785e-121,1.940074099470759108584346399935172402720e-121,FINITE
1059,14.17500000000000000000000000000000000000,-0.02326611203033494442751415008047165426776,-0.003557704428016009529892428975036545849878,0.05964649552166505557248584991952834573224,0.08291260755200000000000000000000000000000,0.3860341600000000000000000000000000000000,0.0,1.936295957424659136409015316643175923785e-121,1.936295957424659136409015316643175923785e-121,FINITE
1060,14.20000000000000000000000000000000000000,-0.02335492221063480631630416245561151200590,-0.003547117883221066467285288115266898711871,0.05955768534136519368369583754438848799410,0.08291260755200000000000000000000000000000,0.3860341600000000000000000000000000000000,1.210184973390411960255634572901984952366e-122,2.420369946780823920511269145803969904731e-121,2.423393520660234813589757934644048122701e-121,FINITE
1061,14.22500000000000000000000000000000000000,-0.02344346831768578435328999178958836708338,-0.003536578521270250374843496396045142521437,0.05946913923431421564671000821041163291662,0.08291260755200000000000000000000000000000,0.3860341600000000000000000000000000000000,1.210184973390411960255634572901984952366e-122,2.420369946780823920511269145803969904731e-121,2.423393520660234813589757934644048122701e-121,FINITE
1062,14.25000000000000000000000000000000000000,-0.02353175152755504642942836441208699089217,-0.003526086062195860536399156016128078424428,0.05938085602444495357057163558791300910783,0.08291260755200000000000000000000000000000,0.3860341600000000000000000000000000000000,0.0,9.681479787123295682045076583215879618926e-122,9.681479787123295682045076583215879618926e-122,FINITE
1063,14.27500000000000000000000000000000000000,-0.02361977300933652483599427428984753722818,-0.003515640228103666996008675816238663274076,0.05929283454266347516400572571015246277182,0.08291260755200000000000000000000000000000,0.3860341600000000000000000000000000000000,0.0,-4.840739893561647841022538291607939809463e-122,4.840739893561647841022538291607939809463e-122,FINITE
1064,14.30000000000000000000000000000000000000,-0.02370753392520252263046800330470285780398,-0.003505240743154510200633057317170627656136,0.05920507362679747736953199669529714219602,0.08291260755200000000000000000000000000000,0.3860341600000000000000000000000000000000,1.210184973390411960255634572901984952366e-122,9.681479787123295682045076583215879618926e-122,9.756823178591322958587864469266398797597e-122,FINITE
1065,14.32500000000000000000000000000000000000,-0.02379503543045486237596355301641636596997,-0.003494887333546090864250987650398336878231,0.05911757212154513762403644698358363403003,0.08291260755200000000000000000000000000000,0.3860341600000000000000000000000000000000,0.0,0.0,0.0,FINITE
1066,14.35000000000000000000000000000000000000,-0.02388227867357558198162054985134729075308,-0.003484579727494947809297556112397875970187,0.05903032887842441801837945014865270924692,0.08291260755200000000000000000000000000000,0.3860341600000000000000000000000000000000,0.0,1.936295957424659136409015316643175923785e-121,1.936295957424659136409015316643175923785e-121,FINITE
1067,14.37500000000000000000000000000000000000,-0.02396926479627718231565167386837899331862,-0.003474317655218621571061360037378127157589,0.05894334275572281768434832613162100668138,0.08291260755200000000000000000000000000000,0.3860341600000000000000000000000000000000,1.210184973390411960255634572901984952366e-122,3.388517925493153488715776804125557866624e-121,3.390678281419017792636480950462244399136e-121,FINITE
1068,14.40000000000000000000000000000000000000,-0.02405599493355243120774566739985718172921,-0.003464100848918001579975439063381269094810,0.05885661261844756879225433260014281827079,0.08291260755200000000000000000000000000000,0.3860341600000000000000000000000000000000,1.210184973390411960255634572901984952366e-122,1.936295957424659136409015316643175923785e-121,1.940074099470759108584346399935172402720e-121,FINITE
1069,14.42500000000000000000000000000000000000,-0.02414247021372372840326116059363558458243,-0.003453929042759854765609936615656690798634,0.05877013733827627159673883940636441541757,0.08291260755200000000000000000000000000000,0.3860341600000000000000000000000000000000,1.210184973390411960255634572901984952366e-122,4.840739893561647841022538291607939809463e-122,4.989720471823966390447213452878918686828e-122,FINITE
1070,14.45000000000000000000000000000000000000,-0.02422869175849203597809823782973203252078,-0.003443801972859533454623571265284183277509,0.05868391579350796402190176217026796747922,0.08291260755200000000000000000000000000000,0.3860341600000000000000000000000000000000,0.0,-2.420369946780823920511269145803969904731e-121,2.420369946780823920511269145803969904731e-121,FINITE
1071,14.47500000000000000000000000000000000000,-0.02431466068298537867029236570321907778932,-0.003433719377263860462963724385436183734218,0.05859794686901462132970763429678092221068,0.08291260755200000000000000000000000000000,0.3860341600000000000000000000000000000000,0.0,-4.840739893561647841022538291607939809463e-122,4.840739893561647841022538291607939809463e-122,FINITE
1072,14.50000000000000000000000000000000000000,-0.02440037809580691853222868220238464678441,-0.003423680995934189310227910512272328960392,0.05851222945619308146777131779761535321559,0.08291260755200000000000000000000000000000,0.3860341600000000000000000000000000000000,0.0,4.840739893561647841022538291607939809463e-122,4.840739893561647841022538291607939809463e-122,FINITE
1073,14.52500000000000000000000000000000000000,-0.02448584509908260825591354625295747240721,-0.003413686570729637511319172025271196099855,0.05842676245291739174408645374704252759279,0.08291260755200000000000000000000000000000,0.3860341600000000000000000000000000000000,0.0,-9.681479787123295682045076583215879618926e-122,9.681479787123295682045076583215879618926e-122,FINITE
1074,14.55000000000000000000000000000000000000,-0.02457106278850842747295466836254297749331,-0.003403735845390490927350994131263103665430,0.05834154476349157252704533163745702250669,0.08291260755200000000000000000000000000000,0.3860341600000000000000000000000000000000,0.0,4.840739893561647841022538291607939809463e-122,4.840739893561647841022538291607939809463e-122,FINITE
1075,14.57500000000000000000000000000000000000,-0.02465603225339720628078124828447869772290,-0.003393828565521777184190020718365596418140,0.05825657529860279371921875171552130227710,0.08291260755200000000000000000000000000000,0.3860341600000000000000000000000000000000,1.210184973390411960255634572901984952366e-122,3.388517925493153488715776804125557866624e-121,3.390678281419017792636480950462244399136e-121,FINITE
1076,14.60000000000000000000000000000000000000,-0.02474075457672504019717165341465166530337,-0.003383964478577006193073406736343624633498,0.05817185297527495980282834658534833469663,0.08291260755200000000000000000000000000000,0.3860341600000000000000000000000000000000,1.210184973390411960255634572901984952366e-122,3.388517925493153488715776804125557866624e-121,3.390678281419017792636480950462244399136e-121,FINITE
1077,14.62500000000000000000000000000000000000,-0.02482523083517730069633875567075045329838,-0.003374143333842075833408199988949119009966,0.05808737671682269930366124432924954670162,0.08291260755200000000000000000000000000000,0.3860341600000000000000000000000000000000,0.0,1.936295957424659136409015316643175923785e-121,1.936295957424659136409015316643175923785e-121,FINITE
1078,14.65000000000000000000000000000000000000,-0.02490946209919424543164273046708352204449,-0.003364364882419340883158729603263073754982,0.05800314545280575456835726953291647795551,0.08291260755200000000000000000000000000000,0.3860341600000000000000000000000000000000,0.0,1.936295957424659136409015316643175923785e-121,1.936295957424659136409015316643175923785e-121,FINITE
1079,14.67500000000000000000000000000000000000,-0.02499344943301623220244868398910858615270,-0.003354628877211843307160510369587108584585,0.05791915811898376779755131601089141384730,0.08291260755200000000000000000000000000000,0.3860341600000000000000000000000000000000,1.210184973390411960255634572901984952366e-122,9.681479787123295682045076583215879618926e-122,9.756823178591322958587864469266398797597e-122,FINITE
1080,14.70000000000000000000000000000000000000,-0.02507719389472854067571283591262185806669,-0.003344935072907702038271469373462641906300,0.05783541365727145932428716408737814193331,0.08291260755200000000000000000000000000000,0.3860341600000000000000000000000000000000,1.210184973390411960255634572901984952366e-122,1.452221968068494352306761487482381942839e-121,1.457255681491388302233693980639066144224e-121,FINITE
1081,14.72500000000000000000000000000000000000,-0.02516069653630580582655720980634277411171,-0.003335283225964660410489080896465255372498,0.05775191101569419417344279019365722588829,0.08291260755200000000000000000000000000000,0.3860341600000000000000000000000000000000,0.0,9.681479787123295682045076583215879618926e-122,9.681479787123295682045076583215879618926e-122,FINITE
1082,14.75000000000000000000000000000000000000,-0.02524395840365606701637008019293254485814,-0.003325673094594789427030875635555526421377,0.05766864914834393298362991980706745514186,0.08291260755200000000000000000000000000000,0.3860341600000000000000000000000000000000,0.0,1.936295957424659136409015316643175923785e-121,1.936295957424659136409015316643175923785e-121,FINITE
1083,14.77500000000000000000000000000000000000,-0.02532698053666443658183914035044973827392,-0.003316104438749345069901292084909137768460,0.05758562701533556341816085964955026172608,0.08291260755200000000000000000000000000000,0.3860341600000000000000000000000000000000,1.210184973390411960255634572901984952366e-122,1.936295957424659136409015316643175923785e-121,1.940074099470759108584346399935172402720e-121,FINITE
1084,14.80000000000000000000000000000000000000,-0.02540976396923639176377797197864716650419,-0.003306577020103777880655387465407771997632,0.05750284358276360823622202802135283349581,0.08291260755200000000000000000000000000000,0.3860341600000000000000000000000000000000,0.0,9.681479787123295682045076583215879618926e-122,9.681479787123295682045076583215879618926e-122,FINITE
1085,14.82500000000000000000000000000000000000,-0.02549230972934069376063553487659361180967,-0.003297090602042893064924855499496718499433,0.05742029782265930623936446512340638819033,0.08291260755200000000000000000000000000000,0.3860341600000000000000000000000000000000,0.0,1.452221968068494352306761487482381942839e-121,1.452221968068494352306761487482381942839e-121,FINITE
1086,14.85000000000000000000000000000000000000,-0.02557461883905193764817480199033667800112,-0.003287644949646159395799349574373429172916,0.05733798871294806235182519800966332199888,0.08291260755200000000000000000000000000000,0.3860341600000000000000000000000000000000,0.0,-4.840739893561647841022538291607939809463e-122,4.840739893561647841022538291607939809463e-122,FINITE
1087,14.87500000000000000000000000000000000000,-0.02565669231459273686396222269822825665086,-0.003278239829673165213361433417702226339341,0.05725591523740726313603777730177174334914,0.08291260755200000000000000000000000000000,0.3860341600000000000000000000000000000000,0.0,9.681479787123295682045076583215879618926e-122,9.681479787123295682045076583215879618926e-122,FINITE
1088,14.90000000000000000000000000000000000000,-0.02573853116637554591301641278166850360494,-0.003268875010549219839561640042631139799797,0.05717407638562445408698358721833149639506,0.08291260755200000000000000000000000000000,0.3860341600000000000000000000000000000000,0.0,4.840739893561647841022538291607939809463e-122,4.840739893561647841022538291607939809463e-122,FINITE
1089,14.92500000000000000000000000000000000000,-0.02582013639904412490921447643631723783911,-0.003259550262351098749196089467346732900016,0.05709247115295587509078552356368276216089,0.08291260755200000000000000000000000000000,0.3860341600000000000000000000000000000000,0.0,0.0,0.0,FINITE
1090,14.95000000000000000000000000000000000000,-0.02590150901151464952583992050442609384986,-0.003250265356792930859017787596795562328750,0.05701109854048535047416007949557390615014,0.08291260755200000000000000000000000000000,0.3860341600000000000000000000000000000000,1.210184973390411960255634572901984952366e-122,0.0,1.210184973390411960255634572901984952366e-122,FINITE
1091,14.97500000000000000000000000000000000000,-0.02598264999701646988796960167279604856276,-0.003241020067212226317978910214532137645530,0.05692995755498353011203039832720395143724,0.08291260755200000000000000000000000000000,0.3860341600000000000000000000000000000000,0.0,4.840739893561647841022538291607939809463e-122,4.840739893561647841022538291607939809463e-122,FINITE
1092,15.00000000000000000000000000000000000000,-0.02606356034313252189923105066415901103428,-0.003231814168556043202269792882042882959606,0.05684904720886747810076894933584098896572,0.08291260755200000000000000000000000000000,0.3860341600000000000000000000000000000000,0.0,9.681479787123295682045076583215879618926e-122,9.681479787123295682045076583215879618926e-122,FINITE
1093,15.02500000000000000000000000000000000000,-0.02614424103183939445580845756559832144289,-0.003222647437367291539195644870141320151957,0.05676836652016060554419154243440167855711,0.08291260755200000000000000000000000000000,0.3860341600000000000000000000000000000000,1.210184973390411960255634572901984952366e-122,4.840739893561647841022538291607939809463e-121,4.842252388487968229159425880408151368205e-121,FINITE
1094,15.05000000000000000000000000000000000000,-0.02622469303954705596142830863893531702848,-0.003213519651771173104018749299220644981015,0.05668791451245294403857169136106468297152,0.08291260755200000000000000000000000000000,0.3860341600000000000000000000000000000000,1.210184973390411960255634572901984952366e-122,4.840739893561647841022538291607939809463e-122,4.989720471823966390447213452878918686828e-122,FINITE
1095,15.07500000000000000000000000000000000000,-0.02630491733713824351840697968234534936819,-0.003204430591461755453696591198966372257570,0.05660769021486175648159302031765465063181,0.08291260755200000000000000000000000000000,0.3860341600000000000000000000000000000000,1.210184973390411960255634572901984952366e-122,1.936295957424659136409015316643175923785e-121,1.940074099470759108584346399935172402720e-121,FINITE
1096,15.10000000000000000000000000000000000000,-0.02638491489000751813168546796248974319635,-0.003195380037688678680969382902451768944576,0.05652769266199248186831453203751025680365,0.08291260755200000000000000000000000000000,0.3860341600000000000000000000000000000000,1.210184973390411960255634572901984952366e-122,9.681479787123295682045076583215879618926e-122,9.756823178591322958587864469266398797597e-122,FINITE
1097,15.12500000000000000000000000000000000000,-0.02646468665809998922510394699575267129270,-0.003186367773243993391498170079958305401545,0.05644792089390001077489605300424732870730,0.08291260755200000000000000000000000000000,0.3860341600000000000000000000000000000000,0.0,0.0,0.0,FINITE
1098,15.15000000000000000000000000000000000000,-0.02654423359594971173197412664058827614203,-0.003177393582449128425731366503723537127271,0.05636837395605028826802587335941172385797,0.08291260755200000000000000000000000000000,0.3860341600000000000000000000000000000000,1.210184973390411960255634572901984952366e-122,4.840739893561647841022538291607939809463e-122,4.989720471823966390447213452878918686828e-122,FINITE
1099,15.17500000000000000000000000000000000000,-0.02662355665271775898528377140074061827909,-0.003168457251141986865887374059320449669152,0.05628905089928224101471622859925938172091,0.08291260755200000000000000000000000000000,0.3860341600000000000000000000000000000000,0.0,9.681479787123295682045076583215879618926e-122,9.681479787123295682045076583215879618926e-122,FINITE
1100,15.20000000000000000000000000000000000000,-0.02670265677222997459660855279413961924761,-0.003159558566664168886888018673343846325870,0.05620995077977002540339144720586038075239,0.08291260755200000000000000000000000000000,0.3860341600000000000000000000000000000000,0.0,0.0,0.0,FINITE
1101,15.22500000000000000000000000000000000000,-0.02678153489301440647700516956010152395920,-0.003150697317848320028265925436953232282939,0.05613107265898559352299483043989847604080,0.08291260755200000000000000000000000000000,0.3860341600000000000000000000000000000000,1.210184973390411960255634572901984952366e-122,3.388517925493153488715776804125557866624e-121,3.390678281419017792636480950462244399136e-121,FINITE
1102,15.25000000000000000000000000000000000000,-0.02686019194833842611780994526785916814709,-0.003141873295005603482002651895360145518309,0.05605241560366157388219005473214083185291,0.08291260755200000000000000000000000000000,0.3860341600000000000000000000000000000000,1.210184973390411960255634572901984952366e-122,4.356665904205483056920284462447145828516e-121,4.358346392562754848678542168176086176100e-121,FINITE
1103,15.27500000000000000000000000000000000000,-0.02693862886624553621436258823947161432806,-0.003133086289913295008937315005648606702281,0.05597397868575446378563741176052838567194,0.08291260755200000000000000000000000000000,0.3860341600000000000000000000000000000000,1.210184973390411960255634572901984952366e-122,2.420369946780823920511269145803969904731e-121,2.423393520660234813589757934644048122701e-121,FINITE
1104,15.30000000000000000000000000000000000000,-0.02701684656959186968120925241777091095441,-0.003124336095802499113821436750615859341369,0.05589576098240813031879074758222908904559,0.08291260755200000000000000000000000000000,0.3860341600000000000000000000000000000000,0.0,4.840739893561647841022538291607939809463e-122,4.840739893561647841022538291607939809463e-122,FINITE
1105,15.32500000000000000000000000000000000000,-0.02709484597608238307330634419773113815496,-0.003115622507345985126288583486096472059113,0.05581776157591761692669365580226886184504,0.08291260755200000000000000000000000000000,0.3860341600000000000000000000000000000000,0.0,-9.681479787123295682045076583215879618926e-122,9.681479787123295682045076583215879618926e-122,FINITE
1106,15.35000000000000000000000000000000000000,-0.02717262799830674739414064749774597795122,-0.003106945320646141851960809152114447933569,0.05573997955369325260585935250225402204878,0.08291260755200000000000000000000000000000,0.3860341600000000000000000000000000000000,1.210184973390411960255634572901984952366e-122,2.420369946780823920511269145803969904731e-121,2.423393520660234813589757934644048122701e-121,FINITE
1107,15.37500000000000000000000000000000000000,-0.02725019354377493923849634800577726460548,-0.003098304333223049474631594704159130047115,0.05566241400822506076150365199422273539452,0.08291260755200000000000000000000000000000,0.3860341600000000000000000000000000000000,0.0,4.840739893561647841022538291607939809463e-122,4.840739893561647841022538291607939809463e-122,FINITE
1108,15.40000000000000000000000000000000000000,-0.02732754351495253518482957891429036817461,-0.003089699344002667406950506703143529063440,0.05558506403704746481517042108570963182539,0.08291260755200000000000000000000000000000,0.3860341600000000000000000000000000000000,0.0,9.681479787123295682045076583215879618926e-122,9.681479787123295682045076583215879618926e-122,FINITE
1109,15.42500000000000000000000000000000000000,-0.02740467880929571231985042515565430690661,-0.003081130153305136803291718197859483417525,0.05550792874270428768014957484434569309339,0.08291260755200000000000000000000000000000,0.3860341600000000000000000000000000000000,0.0,4.840739893561647841022538291607939809463e-122,4.840739893561647841022538291607939809463e-122,FINITE
1110,15.45000000000000000000000000000000000000,-0.02748160031928595774595523955818141210560,-0.003072596562833196464520327250944868643823,0.05543100723271404225404476044181858789440,0.08291260755200000000000000000000000000000,0.3860341600000000000000000000000000000000,0.0,2.420369946780823920511269145803969904731e-121,2.420369946780823920511269145803969904731e-121,FINITE
1111,15.47500000000000000000000000000000000000,-0.02755830893246448989059305718980833894427,-0.003064098375660710880180497317691685521264,0.05535429861953551010940694281019166105573,0.08291260755200000000000000000000000000000,0.3860341600000000000000000000000000000000,1.210184973390411960255634572901984952366e-122,4.840739893561647841022538291607939809463e-122,4.989720471823966390447213452878918686828e-122,FINITE
1112,15.50000000000000000000000000000000000000,-0.02763480553146639440548334307310749692718,-0.003055635396221309169221197053324550272252,0.05527780202053360559451665692689250307282,0.08291260755200000000000000000000000000000,0.3860341600000000000000000000000000000000,0.0,-2.420369946780823920511269145803969904731e-121,2.420369946780823920511269145803969904731e-121,FINITE
1113,15.52500000000000000000000000000000000000,-0.02771109099405447741282285657128315089722,-0.003047207430297133695752047130707415948819,0.05520151655794552258717714342871684910278,0.08291260755200000000000000000000000000000,0.3860341600000000000000000000000000000000,0.0,4.840739893561647841022538291607939809463e-122,4.840739893561647841022538291607939809463e-122,FINITE
1114,15.55000000000000000000000000000000000000,-0.02778716619315283882522172830649705503082,-0.003038814285007697151486745691841627586397,0.05512544135884716117477827169350294496918,0.08291260755200000000000000000000000000000,0.3860341600000000000000000000000000000000,0.0,-4.840739893561647841022538291607939809463e-122,4.840739893561647841022538291607939809463e-122,FINITE
1115,15.57500000000000000000000000000000000000,-0.02786303199688016843608766848660972299999,-0.003030455768798846911487945769688880771022,0.05504957555511983156391233151339027700001,0.08291260755200000000000000000000000000000,0.3860341600000000000000000000000000000000,0.0,0.0,0.0,FINITE
1116,15.60000000000000000000000000000000000000,-0.02793868926858276744752738442049559296748,-0.003022131691431835484578448239928738737601,0.05497391828341723255247261557950440703252,0.08291260755200000000000000000000000000000,0.3860341600000000000000000000000000000000,0.0,0.0,0.0,FINITE
1117,15.62500000000000000000000000000000000000,-0.02801413886686729807355068335257039154539,-0.003013841863972495894332251576218410450820,0.05489846868513270192644931664742960845461,0.08291260755200000000000000000000000000000,0.3860341600000000000000000000000000000000,0.0,0.0,0.0,FINITE
1118,15.65000000000000000000000000000000000000,-0.02808938164563326382744035493708037567397,-0.003005586098780520840908412934507503994454,0.05482322590636673617255964506291962432603,0.08291260755200000000000000000000000000000,0.3860341600000000000000000000000000000000,0.0,1.936295957424659136409015316643175923785e-121,1.936295957424659136409015316643175923785e-121,FINITE
1119,15.67500000000000000000000000000000000000,-0.02816441845410522307358482166902706116656,-0.002997364209498844508143821900938211607944,0.05474818909789477692641517833097293883344,0.08291260755200000000000000000000000000000,0.3860341600000000000000000000000000000000,1.210184973390411960255634572901984952366e-122,-4.840739893561647841022538291607939809463e-122,4.989720471823966390447213452878918686828e-122,FINITE
1120,15.70000000000000000000000000000000000000,-0.02823925013686473839585584569271194162675,-0.002989176011043125894280817482952099159506,0.05467335741513526160414415430728805837325,0.08291260755200000000000000000000000000000,0.3860341600000000000000000000000000000000,0.0,-4.840739893561647841022538291607939809463e-122,4.840739893561647841022538291607939809463e-122,FINITE
1121,15.72500000000000000000000000000000000000,-0.02831387753388206430674549003898211703673,-0.002981021319591332558474991215072757614629,0.05459873001811793569325450996101788296327,0.08291260755200000000000000000000000000000,0.3860341600000000000000000000000000000000,1.210184973390411960255634572901984952366e-122,2.904443936136988704613522974964763885678e-121,2.906964061501470238272911111291786442461e-121,FINITE
1122,15.75000000000000000000000000000000000000,-0.02838830148054757579395032683736915864754,-0.002972899952573423688810367786359816784090,0.05452430607145242420604967316263084135246,0.08291260755200000000000000000000000000000,0.3860341600000000000000000000000000000000,1.210184973390411960255634572901984952366e-122,2.904443936136988704613522974964763885678e-121,2.906964061501470238272911111291786442461e-121,FINITE
1123,15.77500000000000000000000000000000000000,-0.02846252280770294017390191049447172115779,-0.002964811728661131410946245997405305106073,0.05445008474429705982609808950552827884221,0.08291260755200000000000000000000000000000,0.3860341600000000000000000000000000000000,1.210184973390411960255634572901984952366e-122,2.904443936136988704613522974964763885678e-121,2.906964061501470238272911111291786442461e-121,FINITE
1124,15.80000000000000000000000000000000000000,-0.02853654234167203469488620590210470344743,-0.002956756467757839269735077989916693922247,0.05437606521032796530511379409789529655257,0.08291260755200000000000000000000000000000,0.3860341600000000000000000000000000000000,1.210184973390411960255634572901984952366e-122,3.388517925493153488715776804125557866624e-121,3.390678281419017792636480950462244399136e-121,FINITE
1125,15.82500000000000000000000000000000000000,-0.02861036090429161230586646457312749327820,-0.002948733990988556829186579484533486411003,0.05430224664770838769413353542687250672180,0.08291260755200000000000000000000000000000,0.3860341600000000000000000000000000000000,0.0,0.0,0.0,FINITE
1126,15.85000000000000000000000000000000000000,-0.02868397931294171798091952667919148723366,-0.002940744120689989349012469981470313340081,0.05422862823905828201908047332080851276634,0.08291260755200000000000000000000000000000,0.3860341600000000000000000000000000000000,0.0,-4.840739893561647841022538291607939809463e-122,4.840739893561647841022538291607939809463e-122,FINITE
1127,15.87500000000000000000000000000000000000,-0.02875739838057585796331031201303334883312,-0.002932786680400701508671467915173097108118,0.05415520917142414203668968798696665116688,0.08291260755200000000000000000000000000000,0.3860341600000000000000000000000000000000,1.210184973390411960255634572901984952366e-122,1.936295957424659136409015316643175923785e-121,1.940074099470759108584346399935172402720e-121,FINITE
1128,15.90000000000000000000000000000000000000,-0.02883061891575092426765903082402024803800,-0.002924861494851374162347997384025567649669,0.05408198863624907573234096917597975196200,0.08291260755200000000000000000000000000000,0.3860341600000000000000000000000000000000,0.0,2.420369946780823920511269145803969904731e-121,2.420369946780823920511269145803969904731e-121,FINITE
1129,15.92500000000000000000000000000000000000,-0.02890364172265687675339614330455707005870,-0.002916968389955153120643044206689940097494,0.05400896582934312324660385669544292994130,0.08291260755200000000000000000000000000000,0.3860341600000000000000000000000000000000,0.0,4.840739893561647841022538291607939809463e-122,4.840739893561647841022538291607939809463e-122,FINITE
1130,15.95000000000000000000000000000000000000,-0.02897646760114618505774713434381188332720,-0.002909107192798088966934232460597035953098,0.05393613995085381494225286565618811667280,0.08291260755200000000000000000000000000000,0.3860341600000000000000000000000000000000,0.0,-2.420369946780823920511269145803969904731e-121,2.420369946780823920511269145803969904731e-121,FINITE
1131,15.97500000000000000000000000000000000000,-0.02904909734676303265183862018376635213170,-0.002901277731629666928376940692961258869835,0.05386351020523696734816137981623364786830,0.08291260755200000000000000000000000000000,0.3860341600000000000000000000000000000000,0.0,0.0,0.0,FINITE
1132,16.00000000000000000000000000000000000000,-0.02912153175077228525916509904173184936461,-0.002893479835853425833371562308948252763135,0.05379107580122771474083490095826815063539,0.08291260755200000000000000000000000000000,0.3860341600000000000000000000000000000000,0.0,9.681479787123295682045076583215879618926e-122,9.681479787123295682045076583215879618926e-122,FINITE
1133,16.02500000000000000000000000000000000000,-0.02919377160018822585159779191114773903148,-0.002885713336017665199016220867450453807848,0.05371883595181177414840220808885226096852,0.08291260755200000000000000000000000000000,0.3860341600000000000000000000000000000000,0.0,0.0,0.0,FINITE
1134,16.05000000000000000000000000000000000000,-0.02926581767780305841434954503684929561108,-0.002877978063806239503601723448029451018183,0.05364678987419694158565045496315070438892,0.08291260755200000000000000000000000000000,0.3860341600000000000000000000000000000000,0.0,0.0,0.0,FINITE
1135,16.07500000000000000000000000000000000000,-0.02933767076221518264782879256036081715312,-0.002870273852029438710588581519245220533021,0.05357493678978481735217120743963918284688,0.08291260755200000000000000000000000000000,0.3860341600000000000000000000000000000000,1.210184973390411960255634572901984952366e-122,1.452221968068494352306761487482381942839e-121,1.457255681491388302233693980639066144224e-121,FINITE
1136,16.10000000000000000000000000000000000000,-0.02940933162785724175111727435005711376775,-0.002862600534614954121736819450249797016089,0.05350327592414275824888272564994288623225,0.08291260755200000000000000000000000000000,0.3860341600000000000000000000000000000000,0.0,-1.452221968068494352306761487482381942839e-121,1.452221968068494352306761487482381942839e-121,FINITE
1137,16.12500000000000000000000000000000000000,-0.02948080104502394540888679418447027279505,-0.002854957946598928648140260203118309795205,0.05343180650697605459111320581552972720495,0.08291260755200000000000000000000000000000,0.3860341600000000000000000000000000000000,1.210184973390411960255634572901984952366e-122,-4.840739893561647841022538291607939809463e-122,4.989720471823966390447213452878918686828e-122,FINITE
1138,16.15000000000000000000000000000000000000,-0.02955207977989967008092606676672083777511,-0.002847345924117090598850224319723994363052,0.05336052777210032991907393323327916222489,0.08291260755200000000000000000000000000000,0.3860341600000000000000000000000000000000,0.0,-9.681479787123295682045076583215879618926e-122,9.681479787123295682045076583215879618926e-122,FINITE
1139,16.17500000000000000000000000000000000000,-0.02962316859458583867107597255824486784756,-0.002839764304395970097561265447302382092007,0.05328943895741416132892402744175513215244,0.08291260755200000000000000000000000000000,0.3860341600000000000000000000000000000000,1.210184973390411960255634572901984952366e-122,1.936295957424659136409015316643175923785e-121,1.940074099470759108584346399935172402720e-121,FINITE
1140,16.20000000000000000000000000000000000000,-0.02969406824712808163026670482651555794716,-0.002832212925744197248475822188018508923268,0.05321853930487191836973329517348444205284,0.08291260755200000000000000000000000000000,0.3860341600000000000000000000000000000000,0.0,0.0,0.0,FINITE
1141,16.22500000000000000000000000000000000000,-0.02976477949154318152650979409634802804558,-0.002824691627543881182967586946040305784981,0.05314782806045681847349020590365197195442,0.08291260755200000000000000000000000000000,0.3860341600000000000000000000000000000000,1.210184973390411960255634572901984952366e-122,3.388517925493153488715776804125557866624e-121,3.390678281419017792636480950462244399136e-121,FINITE
1142,16.25000000000000000000000000000000000000,-0.02983530307784580309311832382515567632644,-0.002817200250242069129027039281133459530657,0.05307730447415419690688167617484432367356,0.08291260755200000000000000000000000000000,0.3860341600000000000000000000000000000000,0.0,1.452221968068494352306761487482381942839e-121,1.452221968068494352306761487482381942839e-121,FINITE
1143,16.27500000000000000000000000000000000000,-0.02990563975207501074510635116602155210398,-0.002809738635342284655698992898946287677022,0.05300696779992498925489364883397844789602,0.08291260755200000000000000000000000000000,0.3860341600000000000000000000000000000000,1.210184973390411960255634572901984952366e-122,1.452221968068494352306761487482381942839e-121,1.457255681491388302233693980639066144224e-121,FINITE
1144,16.30000000000000000000000000000000000000,-0.02997579025632057553265021203279552966164,-0.002802306625396144254813158454560618539514,0.05293681729567942446734978796720447033836,0.08291260755200000000000000000000000000000,0.3860341600000000000000000000000000000000,0.0,1.936295957424659136409015316643175923785e-121,1.936295957424659136409015316643175923785e-121,FINITE
1145,16.32500000000000000000000000000000000000,-0.03004575532874907347967666375204085618501,-0.002794904063995051432266593811316992260496,0.05286685222325092652032333624795914381499,0.08291260755200000000000000000000000000000,0.3860341600000000000000000000000000000000,0.0,9.681479787123295682045076583215879618926e-122,9.681479787123295682045076583215879618926e-122,FINITE
1146,16.35000000000000000000000000000000000000,-0.03011553570362977723507239352587948460475,-0.002787530795761967490943433171961292249630,0.05279707184837022276492760647412051539525,0.08291260755200000000000000000000000000000,0.3860341600000000000000000000000000000000,1.210184973390411960255634572901984952366e-122,9.681479787123295682045076583215879618926e-122,9.756823178591322958587864469266398797597e-122,FINITE
1147,16.37500000000000000000000000000000000000,-0.03018513211136034294368303685000542464442,-0.002780186666343258197054359903843144098956,0.05272747544063965705631696314999457535558,0.08291260755200000000000000000000000000000,0.3860341600000000000000000000000000000000,1.210184973390411960255634572901984952366e-122,1.452221968068494352306761487482381942839e-121,1.457255681491388302233693980639066144224e-121,FINITE
1148,16.40000000000000000000000000000000000000,-0.03025454527849229422418429425105553539558,-0.002772871522400615531247788186553520069981,0.05265806227350770577581570574894446460442,0.08291260755200000000000000000000000000000,0.3860341600000000000000000000000000000000,0.0,1.936295957424659136409015316643175923785e-121,1.936295957424659136409015316643175923785e-121,FINITE
1149,16.42500000000000000000000000000000000000,-0.03032377592775630512105984100742191643463,-0.002765585211603053735288489556858978263331,0.05258883162424369487894015899257808356537,0.08291260755200000000000000000000000000000,0.3860341600000000000000000000000000000000,0.0,1.452221968068494352306761487482381942839e-121,1.452221968068494352306761487482381942839e-121,FINITE
1150,16.45000000000000000000000000000000000000,-0.03039282477808728387830737240725586702806,-0.002758327582618978874419256719211813180694,0.05251978277391271612169262759274413297194,0.08291260755200000000000000000000000000000,0.3860341600000000000000000000000000000000,0.0,0.0,0.0,FINITE
1151,16.47500000000000000000000000000000000000,-0.03046169254464925936311224109660258139912,-0.002751098485108331144718924801475975483897,0.05245091500735074063688775890339741860088,0.08291260755200000000000000000000000000000,0.3860341600000000000000000000000000000000,1.210184973390411960255634572901984952366e-122,4.840739893561647841022538291607939809463e-121,4.842252388487968229159425880408151368205e-121,FINITE
1152,16.50000000000000000000000000000000000000,-0.03053037993886007194857469200170988685566,-0.002743897769714799163847427685129699926708,0.05238222761313992805142530799829011314434,0.08291260755200000000000000000000000000000,0.3860341600000000000000000000000000000000,0.0,2.904443936136988704613522974964763885678e-121,2.904443936136988704613522974964763885678e-121,FINITE
1153,16.52500000000000000000000000000000000000,-0.03059888766841587064564869660231345485538,-0.002736725288058105492527284673347655016437,0.05231371988358412935435130339768654514462,0.08291260755200000000000000000000000000000,0.3860341600000000000000000000000000000000,0.0,1.936295957424659136409015316643175923785e-121,1.936295957424659136409015316643175923785e-121,FINITE
1154,16.55000000000000000000000000000000000000,-0.03066721643731541825574488734071866320875,-0.002729580892726362642952694019121139498114,0.05224539111468458174425511265928133679125,0.08291260755200000000000000000000000000000,0.3860341600000000000000000000000000000000,1.210184973390411960255634572901984952366e-122,4.356665904205483056920284462447145828516e-121,4.358346392562754848678542168176086176100e-121,FINITE
1155,16.57500000000000000000000000000000000000,-0.03073536694588420629696419228034826975702,-0.002722464437268498839043931512225303791650,0.05217724060611579370303580771965173024298,0.08291260755200000000000000000000000000000,0.3860341600000000000000000000000000000000,1.210184973390411960255634572901984952366e-122,3.388517925493153488715776804125557866624e-121,3.390678281419017792636480950462244399136e-121,FINITE
1156,16.60000000000000000000000000000000000000,-0.03080333989079838143865960897413110388152,-0.002715375776186752802077665015839086334884,0.05210926766120161856134039102586889611848,0.08291260755200000000000000000000000000000,0.3860341600000000000000000000000000000000,1.210184973390411960255634572901984952366e-122,2.420369946780823920511269145803969904731e-121,2.423393520660234813589757934644048122701e-121,FINITE
1157,16.62500000000000000000000000000000000000,-0.03087113596510848516096831500680501336275,-0.002708314764929236843724724395362332692084,0.05204147158689151483903168499319498663725,0.08291260755200000000000000000000000000000,0.3860341600000000000000000000000000000000,0.0,9.681479787123295682045076583215879618926e-122,9.681479787123295682045076583215879618926e-122,FINITE
1158,16.65000000000000000000000000000000000000,-0.03093875585826300833811221127876560128204,-0.002701281259882567556917410219520001642405,0.05197385169373699166188778872123439871796,0.08291260755200000000000000000000000000000,0.3860341600000000000000000000000000000000,0.0,0.0,0.0,FINITE
1159,16.67500000000000000000000000000000000000,-0.03100620025613176242662929292150589152995,-0.002694275118364563403250158571760722112966,0.05190640729586823757337070707849410847005,0.08291260755200000000000000000000000000000,0.3860341600000000000000000000000000000000,1.210184973390411960255634572901984952366e-122,3.872591914849318272818030633286351847570e-121,3.874482367446586931133676462565053406497e-121,FINITE
1160,16.70000000000000000000000000000000000000,-0.03107346984102906892226824095404991287343,-0.002687296198617008503791853450404794923809,0.05183913771097093107773175904595008712657,0.08291260755200000000000000000000000000000,0.3860341600000000000000000000000000000000,0.0,-9.681479787123295682045076583215879618926e-122,9.681479787123295682045076583215879618926e-122,FINITE
1161,16.72500000000000000000000000000000000000,-0.03114056529173676873205166303661741337603,-0.002680344359798481948256818660230352383659,0.05177204226026323126794833696338258662397,0.08291260755200000000000000000000000000000,0.3860341600000000000000000000000000000000,0.0,-9.681479787123295682045076583215879618926e-122,9.681479787123295682045076583215879618926e-122,FINITE
1162,16.75000000000000000000000000000000000000,-0.03120748728352705309098685943858635451874,-0.002673419461977251945446030250619308243266,0.05170512026847294690901314056141364548126,0.08291260755200000000000000000000000000000,0.3860341600000000000000000000000000000000,0.0,-9.681479787123295682045076583215879618926e-122,9.681479787123295682045076583215879618926e-122,FINITE
1163,16.77500000000000000000000000000000000000,-0.03127423648818511763607426336870360839535,-0.002666521366124234145731847620352026573505,0.05163837106381488236392573663129639160465,0.08291260755200000000000000000000000000000,0.3860341600000000000000000000000000000000,0.0,-1.452221968068494352306761487482381942839e-121,1.452221968068494352306761487482381942839e-121,FINITE
1164,16.80000000000000000000000000000000000000,-0.03134081357403164123363025256541467230982,-0.002659649934106013474120022700504322747225,0.05157179397796835876636974743458532769018,0.08291260755200000000000000000000000000000,0.3860341600000000000000000000000000000000,1.210184973390411960255634572901984952366e-122,2.420369946780823920511269145803969904731e-121,2.423393520660234813589757934644048122701e-121,FINITE
1165,16.82500000000000000000000000000000000000,-0.03140721920594509113950033708908068605279,-0.002652805028677928820083345970640945508888,0.05150538834605490886049966291091931394721,0.08291260755200000000000000000000000000000,0.3860341600000000000000000000000000000000,-1.210184973390411960255634572901984952366e-122,-2.904443936136988704613522974964763885678e-121,2.906964061501470238272911111291786442461e-121,FINITE
1166,16.85000000000000000000000000000000000000,-0.03147345404538385605548831773913762121264,-0.002645986513477219937923437173413952491755,0.05143915350661614394451168226086237878736,0.08291260755200000000000000000000000000000,0.3860341600000000000000000000000000000000,1.210184973390411960255634572901984952366e-122,2.420369946780823920511269145803969904731e-121,2.423393520660234813589757934644048122701e-121,FINITE
1167,16.87500000000000000000000000000000000000,-0.03153951875040820862926443660163313772454,-0.002639194253016235918882277439332609385149,0.05137308880159179137073556339836686227546,0.08291260755200000000000000000000000000000,0.3860341600000000000000000000000000000000,0.0,9.681479787123295682045076583215879618926e-122,9.681479787123295682045076583215879618926e-122,FINITE
1168,16.90000000000000000000000000000000000000,-0.03160541397570209892913839656101121062074,-0.002632428112675704603594476706547910734825,0.05130719357629790107086160343898878937926,0.08291260755200000000000000000000000000000,0.3860341600000000000000000000000000000000,1.210184973390411960255634572901984952366e-122,1.936295957424659136409015316643175923785e-121,1.940074099470759108584346399935172402720e-121,FINITE
1169,16.92500000000000000000000000000000000000,-0.03167114037259478040938903478065714217057,-0.002625687958698062310746323384605550089082,0.05124146717940521959061096521934285782943,0.08291260755200000000000000000000000000000,0.3860341600000000000000000000000000000000,1.210184973390411960255634572901984952366e-122,3.872591914849318272818030633286351847570e-121,3.874482367446586931133676462565053406497e-121,FINITE
1170,16.95000000000000000000000000000000000000,-0.03173669858908226986632905419566893252284,-0.002618973658180843264989699055292012841093,0.05117590896291773013367094580433106747716,0.08291260755200000000000000000000000000000,0.3860341600000000000000000000000000000000,1.210184973390411960255634572901984952366e-122,9.681479787123295682045076583215879618926e-122,9.756823178591322958587864469266398797597e-122,FINITE
1171,16.97500000000000000000000000000000000000,-0.03180208926984864286994823791205053935556,-0.002612285079070128114249266184585728306342,0.05111051828215135713005176208794946064444,0.08291260755200000000000000000000000000000,0.3860341600000000000000000000000000000000,0.0,0.0,0.0,FINITE
1172,17.00000000000000000000000000000000000000,-0.03186731305628716614081971742577314268984,-0.002605622090154050933561237898708247111598,0.05104529449571283385918028257422685731016,0.08291260755200000000000000000000000000000,0.3860341600000000000000000000000000000000,0.0,-4.840739893561647841022538291607939809463e-122,4.840739893561647841022538291607939809463e-122,FINITE
1173,17.02500000000000000000000000000000000000,-0.03193237058652126832696889203721544821313,-0.002598984561056364119492782751533272866335,0.05098023696547873167303110796278455178687,0.08291260755200000000000000000000000000000,0.3860341600000000000000000000000000000000,0.0,2.420369946780823920511269145803969904731e-121,2.420369946780823920511269145803969904731e-121,FINITE
1174,17.05000000000000000000000000000000000000,-0.03199726249542535062059129044568719075895,-0.002592372362230060586013951638328296125961,0.05091534505657464937940870955431280924105,0.08291260755200000000000000000000000000000,0.3860341600000000000000000000000000000000,0.0,0.0,0.0,FINITE
1175,17.07500000000000000000000000000000000000,-0.03206198941464543863986184391992500257605,-0.002585785364951052679430167130540499995869,0.05085061813735456136013815608007499742395,0.08291260755200000000000000000000000000000,0.3860341600000000000000000000000000000000,0.0,2.420369946780823920511269145803969904731e-121,2.420369946780823920511269145803969904731e-121,FINITE
1176,17.10000000000000000000000000000000000000,-0.03212655197261967698660155178748323378335,-0.002579223441311907236633997350780979861315,0.05078605557938032301339844821251676621665,0.08291260755200000000000000000000000000000,0.3860341600000000000000000000000000000000,0.0,-9.681479787123295682045076583215879618926e-122,9.681479787123295682045076583215879618926e-122,FINITE
1177,17.12500000000000000000000000000000000000,-0.03219095079459866787625624241789007699929,-0.002572686464215636217501338511275940191320,0.05072165675740133212374375758210992300071,0.08291260755200000000000000000000000000000,0.3860341600000000000000000000000000000000,0.0,1.936295957424659136409015316643175923785e-121,1.936295957424659136409015316643175923785e-121,FINITE
1178,17.15000000000000000000000000000000000000,-0.03225518650266565522249397409942882376674,-0.002566174307369542348740425742790112522046,0.05065742104933434477750602590057117623326,0.08291260755200000000000000000000000000000,0.3860341600000000000000000000000000000000,0.0,1.936295957424659136409015316643175923785e-121,1.936295957424659136409015316643175923785e-121,FINITE
1179,17.17500000000000000000000000000000000000,-0.03231925971575655554474051704597652019681,-0.002559686845279119222903436386663642005186,0.05059334783624344445525948295402347980319,0.08291260755200000000000000000000000000000,0.3860341600000000000000000000000000000000,0.0,3.388517925493153488715776804125557866624e-121,3.388517925493153488715776804125557866624e-121,FINITE
1180,17.20000000000000000000000000000000000000,-0.03238317104967983705314427570616298729245,-0.002553223953242005302590981546833851588425,0.05052943650232016294685572429383701270755,0.08291260755200000000000000000000000000000,0.3860341600000000000000000000000000000000,1.210184973390411960255634572901984952366e-122,1.936295957424659136409015316643175923785e-121,1.940074099470759108584346399935172402720e-121,FINITE
1181,17.22500000000000000000000000000000000000,-0.03244692111713624825179094330496920403597,-0.002546785507341991286120621219583239231864,0.05046568643486375174820905669503079596403,0.08291260755200000000000000000000000000000,0.3860341600000000000000000000000000000000,1.210184973390411960255634572901984952366e-122,2.904443936136988704613522974964763885678e-121,2.906964061501470238272911111291786442461e-121,FINITE
1182,17.25000000000000000000000000000000000000,-0.03251051052773839738747214965869192651242,-0.002540371384443080297092789617536403466591,0.05040209702426160261252785034130807348758,0.08291260755200000000000000000000000000000,0.3860341600000000000000000000000000000000,1.210184973390411960255634572901984952366e-122,4.356665904205483056920284462447145828516e-121,4.358346392562754848678542168176086176100e-121,FINITE
1183,17.27500000000000000000000000000000000000,-0.03257393988803018405794941768709936491140,-0.002533981462183600366372267602530917352964,0.05033866766396981594205058231290063508860,0.08291260755200000000000000000000000000000,0.3860341600000000000000000000000000000000,0.0,0.0,0.0,FINITE
1184,17.30000000000000000000000000000000000000,-0.03263720980150608428044295959585474444677,-0.002527615618970368681011659273000472492413,0.05027539775049391571955704040414525555323,0.08291260755200000000000000000000000000000,0.3860341600000000000000000000000000000000,0.0,0.0,0.0,FINITE
1185,17.32500000000000000000000000000000000000,-0.03270032086863029030801232288093554546223,-0.002521273733972907080576274428467757455098,0.05021228668336970969198767711906445453777,0.08291260755200000000000000000000000000000,0.3860341600000000000000000000000000000000,0.0,1.936295957424659136409015316643175923785e-121,1.936295957424659136409015316643175923785e-121,FINITE
1186,17.35000000000000000000000000000000000000,-0.03276327368685570646858076774692998928449,-0.002514955687117708287188426711705577710148,0.05014933386514429353141923225307001071551,0.08291260755200000000000000000000000000000,0.3860341600000000000000000000000000000000,0.0,-1.936295957424659136409015316643175923785e-121,1.936295957424659136409015316643175923785e-121,FINITE
1187,17.37500000000000000000000000000000000000,-0.03282606885064280228858567564069639958036,-0.002508661359082552361394451963141093254600,0.05008653870135719771141432435930360041964,0.08291260755200000000000000000000000000000,0.3860341600000000000000000000000000000000,0.0,-4.840739893561647841022538291607939809463e-122,4.840739893561647841022538291607939809463e-122,FINITE
1188,17.40000000000000000000000000000000000000,-0.03288870695147832415061143317789409447366,-0.002502390631290872881670740620662802684100,0.05002390060052167584938856682210590552634,0.08291260755200000000000000000000000000000,0.3860341600000000000000000000000000000000,0.0,-4.840739893561647841022538291607939809463e-122,4.840739893561647841022538291607939809463e-122,FINITE
1189,17.42500000000000000000000000000000000000,-0.03295118857789386672187731158778484608872,-0.002496143385906172351026754672148597315917,0.04996141897410613327812268841221515391128,0.08291260755200000000000000000000000000000,0.3860341600000000000000000000000000000000,0.0,-4.840739893561647841022538291607939809463e-122,4.840739893561647841022538291607939809463e-122,FINITE
1190,17.45000000000000000000000000000000000000,-0.03301351431548430537810909836101965989747,-0.002489919505826486339734341675950217605502,0.04989909323651569462189090163898034010253,0.08291260755200000000000000000000000000000,0.3860341600000000000000000000000000000000,1.210184973390411960255634572901984952366e-122,3.872591914849318272818030633286351847570e-121,3.874482367446586931133676462565053406497e-121,FINITE
1191,17.47500000000000000000000000000000000000,-0.03307568474692609083511788876122777409996,-0.002483718874678895878714629052028882261421,0.04983692280507390916488211123877222590004,0.08291260755200000000000000000000000000000,0.3860341600000000000000000000000000000000,0.0,9.681479787123295682045076583215879618926e-122,9.681479787123295682045076583215879618926e-122,FINITE
1192,17.50000000000000000000000000000000000000,-0.03313770045199540718834078786292914776989,-0.002477541376814087623547330183057707208738,0.04977490710000459281165921213707085223011,0.08291260755200000000000000000000000000000,0.3860341600000000000000000000000000000000,1.210184973390411960255634572901984952366e-122,1.936295957424659136409015316643175923785e-121,1.940074099470759108584346399935172402720e-121,FINITE
1193,17.52500000000000000000000000000000000000,-0.03319956200758619454866460996137471530348,-0.002471386897300961314433354676169920280389,0.04971304554441380545133539003862528469652,0.08291260755200000000000000000000000000000,0.3860341600000000000000000000000000000000,0.0,-4.840739893561647841022538291607939809463e-122,4.840739893561647841022538291607939809463e-122,FINITE
1194,17.55000000000000000000000000000000000000,-0.03326126998772803745105331591637595735726,-0.002465255321921284062741109331776996268978,0.04965133756427196254894668408362404264274,0.08291260755200000000000000000000000000000,0.3860341600000000000000000000000000000000,1.210184973390411960255634572901984952366e-122,9.681479787123295682045076583215879618926e-122,9.756823178591322958587864469266398797597e-122,FINITE
1195,17.57500000000000000000000000000000000000,-0.03332282496360392020083124744514306220118,-0.002459146537164391000000711163844359737131,0.04958978258839607979916875255485693779882,0.08291260755200000000000000000000000000000,0.3860341600000000000000000000000000000000,0.0,1.452221968068494352306761487482381942839e-121,1.452221968068494352306761487482381942839e-121,FINITE
1196,17.60000000000000000000000000000000000000,-0.03338422750356785031093557028333203349519,-0.002453060430221931830379402962484790493840,0.04952838004843214968906442971666796650481,0.08291260755200000000000000000000000000000,0.3860341600000000000000000000000000000000,1.210184973390411960255634572901984952366e-122,1.452221968068494352306761487482381942839e-121,1.457255681491388302233693980639066144224e-121,FINITE
1197,17.62500000000000000000000000000000000000,-0.03344547817316235117204111738114994791284,-0.002446996888982662832776645875900922866087,0.04946712937883764882795888261885005208716,0.08291260755200000000000000000000000000000,0.3860341600000000000000000000000000000000,0.0,1.936295957424659136409015316643175923785e-121,1.936295957424659136409015316643175923785e-121,FINITE
1198,17.65000000000000000000000000000000000000,-0.03350657753513582508617744263353909765555,-0.002440955802027283863719529763372178730291,0.04940603001686417491382255736646090234445,0.08291260755200000000000000000000000000000,0.3860341600000000000000000000000000000000,0.0,0.0,0.0,FINITE
1199,17.67500000000000000000000000000000000000,-0.03356752614945978778329979032658099949215,-0.002434937058623319917219145249569728985722,0.04934508140254021221670020967341900050785,0.08291260755200000000000000000000000000000,0.3860341600000000000000000000000000000000,1.210184973390411960255634572901984952366e-122,1.936295957424659136409015316643175923785e-121,1.940074099470759108584346399935172402720e-121,FINITE
1200,17.70000000000000000000000000000000000000,-0.03362832457334597552924131198986861185382,-0.002428940548720046802667243480495013310661,0.04928428297865402447075868801013138814618,0.08291260755200000000000000000000000000000,0.3860341600000000000000000000000000000000,0.0,1.452221968068494352306761487482381942839e-121,1.452221968068494352306761487482381942839e-121,FINITE
1201,17.72500000000000000000000000000000000000,-0.03368897336126332592256169804417299819150,-0.002422966162943460506710700104233149325199,0.04922363419073667407743830195582700180850,0.08291260755200000000000000000000000000000,0.3860341600000000000000000000000000000000,1.210184973390411960255634572901984952366e-122,3.388517925493153488715776804125557866624e-121,3.390678281419017792636480950462244399136e-121,FINITE
1202,17.75000000000000000000000000000000000000,-0.03374947306495483346701593447854400810369,-0.002417013792591289809839816309334423227979,0.04916313448704516653298406552145599189631,0.08291260755200000000000000000000000000000,0.3860341600000000000000000000000000000000,0.0,2.420369946780823920511269145803969904731e-121,2.420369946780823920511269145803969904731e-121,FINITE
1203,17.77500000000000000000000000000000000000,-0.03380982423345428099569466301683394370167,-0.002411083329628051733166137151222409360464,0.04910278331854571900430533698316605629833,0.08291260755200000000000000000000000000000,0.3860341600000000000000000000000000000000,0.0,1.936295957424659136409015316643175923785e-121,1.936295957424659136409015316643175923785e-121,FINITE
1204,17.80000000000000000000000000000000000000,-0.03387002741310284801233315506044262438165,-0.002405174666680149395547039342876699290718,0.04904258013889715198766684493955737561835,0.08291260755200000000000000000000000000000,0.3860341600000000000000000000000000000000,0.0,1.936295957424659136409015316643175923785e-121,1.936295957424659136409015316643175923785e-121,FINITE
1205,17.82500000000000000000000000000000000000,-0.03393008314756559700484776303223726369251,-0.002399287697031011865838618987899455619341,0.04898252440443440299515223696776273630749,0.08291260755200000000000000000000000000000,0.3860341600000000000000000000000000000000,0.0,0.0,0.0,FINITE
1206,17.85000000000000000000000000000000000000,-0.03398999197784783877583546490795548658373,-0.002393422314616275599626164732303192121018,0.04892261557415216122416453509204451341627,0.08291260755200000000000000000000000000000,0.3860341600000000000000000000000000000000,0.0,-4.840739893561647841022538291607939809463e-122,4.840739893561647841022538291607939809463e-122,FINITE
1207,17.87500000000000000000000000000000000000,-0.03404975444231137782456236513487452062014,-0.002387578414019007054293492560910511112353,0.04886285310968862217543763486512547937986,0.08291260755200000000000000000000000000000,0.3860341600000000000000000000000000000000,0.0,9.681479787123295682045076583215879618926e-122,9.681479787123295682045076583215879618926e-122,FINITE
1208,17.90000000000000000000000000000000000000,-0.03410937107669063880486937306921708400700,-0.002381755890464966080749392913585056862025,0.04880323647530936119513062693078291599300,0.08291260755200000000000000000000000000000,0.3860341600000000000000000000000000000000,0.0,4.840739893561647841022538291607939809463e-122,4.840739893561647841022538291607939809463e-122,FINITE
1209,17.92500000000000000000000000000000000000,-0.03416884241410867507343638234147245367438,-0.002375954639817909694532135963397378805094,0.04874376513789132492656361765852754632562,0.08291260755200000000000000000000000000000,0.3860341600000000000000000000000000000000,1.210184973390411960255634572901984952366e-122,1.452221968068494352306761487482381942839e-121,1.457255681491388302233693980639066144224e-121,FINITE
1210,17.95000000000000000000000000000000000000,-0.03422816898509306033296877330096201174484,-0.002370174558574935833362123043225502533370,0.04868443856690693966703122669903798825516,0.08291260755200000000000000000000000000000,0.3860341600000000000000000000000000000000,0.0,2.420369946780823920511269145803969904731e-121,2.420369946780823920511269145803969904731e-121,FINITE
1211,17.97500000000000000000000000000000000000,-0.03428735131759166436510062603979357041616,-0.002364415543861866712509077001233178590926,0.04862525623440833563489937396020642958384,0.08291260755200000000000000000000000000000,0.3860341600000000000000000000000000000000,0.0,-4.840739893561647841022538291607939809463e-122,4.840739893561647841022538291607939809463e-122,FINITE
1212,18.00000000000000000000000000000000000000,-0.03434638993698831383814635135524392144157,-0.002358677493428671393584336960292325949398,0.04856621761501168616185364864475607855843,0.08291260755200000000000000000000000000000,0.3860341600000000000000000000000000000000,1.210184973390411960255634572901984952366e-122,9.681479787123295682045076583215879618926e-122,9.756823178591322958587864469266398797597e-122,FINITE
1213,18.02500000000000000000000000000000000000,-0.03440528536611833916527522678473053360347,-0.002352960305644927186561558546135756320051,0.04850732218588166083472477321526946639653,0.08291260755200000000000000000000000000000,0.3860341600000000000000000000000000000000,0.0,-1.452221968068494352306761487482381942839e-121,1.452221968068494352306761487482381942839e-121,FINITE
1214,18.05000000000000000000000000000000000000,-0.03446403812528400837923028719336287309036,-0.002347263879495319508971104032941892753581,0.04844856942671599162076971280663712690964,0.08291260755200000000000000000000000000000,0.3860341600000000000000000000000000000000,0.0,-1.936295957424659136409015316643175923785e-121,1.936295957424659136409015316643175923785e-121,FINITE
1215,18.07500000000000000000000000000000000000,-0.03452264873226984898036290396302487316534,-0.002341588114575179830305312995619426068716,0.04838995881973015101963709603697512683466,0.08291260755200000000000000000000000000000,0.3860341600000000000000000000000000000000,0.0,-4.840739893561647841022538291607939809463e-122,4.840739893561647841022538291607939809463e-122,FINITE
1216,18.10000000000000000000000000000000000000,-0.03458111770235785870550595002793698528457,-0.002335932911086061333714338137073419152827,0.04833148984964214129449404997206301471543,0.08291260755200000000000000000000000000000,0.3860341600000000000000000000000000000000,1.210184973390411960255634572901984952366e-122,1.452221968068494352306761487482381942839e-121,1.457255681491388302233693980639066144224e-121,FINITE
1217,18.12500000000000000000000000000000000000,-0.03463944554834260615606046273747020107238,-0.002330298169831351931065968530687961851169,0.04827316200365739384393953726252979892762,0.08291260755200000000000000000000000000000,0.3860341600000000000000000000000000000000,0.0,9.681479787123295682045076583215879618926e-122,9.681479787123295682045076583215879618926e-122,FINITE
1218,18.15000000000000000000000000000000000000,-0.03469763278054622221462197198552081454339,-0.002324683792211924271388489661110192886646,0.04821497477145377778537802801447918545661,0.08291260755200000000000000000000000000000,0.3860341600000000000000000000000000000000,-1.210184973390411960255634572901984952366e-122,-9.681479787123295682045076583215879618926e-122,9.756823178591322958587864469266398797597e-122,FINITE
1219,18.17500000000000000000000000000000000000,-0.03475567990683328317052196244492771763224,-0.002319089680221822386613783109813648418511,0.04815692764516671682947803755507228236776,0.08291260755200000000000000000000000000000,0.3860341600000000000000000000000000000000,0.0,3.872591914849318272818030633286351847570e-121,3.872591914849318272818030633286351847570e-121,FINITE
1220,18.20000000000000000000000000000000000000,-0.03481358743262558646580610710680586322000,-0.002313515736443984622389176082927939367711,0.04809902011937441353419389289319413678000,0.08291260755200000000000000000000000000000,0.3860341600000000000000000000000000000000,-1.210184973390411960255634572901984952366e-122,-7.745183829698636545636061266572703695140e-121,7.746129229010024572800011704531298297993e-121,FINITE
1221,18.22500000000000000000000000000000000000,-0.03487135586091681996441278124575206221916,-0.002307961864046002505531630745229321599672,0.04804125169108318003558721875424793778084,0.08291260755200000000000000000000000000000,0.3860341600000000000000000000000000000000,1.210184973390411960255634572901984952366e-122,1.936295957424659136409015316643175923785e-121,1.940074099470759108584346399935172402720e-121,FINITE
1222,18.25000000000000000000000000000000000000,-0.03492898569228712563865179336179779824932,-0.002302427966775915203457325135365643758263,0.04798362185971287436134820663820220175068,0.08291260755200000000000000000000000000000,0.3860341600000000000000000000000000000000,0.0,2.420369946780823920511269145803969904731e-121,2.420369946780823920511269145803969904731e-121,FINITE
1223,18.27500000000000000000000000000000000000,-0.03498647742491755855851311966883306853051,-0.002296913948958039234634122162820840857446,0.04792613012708244144148688033116693146949,0.08291260755200000000000000000000000000000,0.3860341600000000000000000000000000000000,0.0,9.681479787123295682045076583215879618926e-122,9.681479787123295682045076583215879618926e-122,FINITE
1224,18.30000000000000000000000000000000000000,-0.03504383155460444206085758330075973643536,-0.002291419715488833092774443072597547189151,0.04786877599739555793914241669924026356464,0.08291260755200000000000000000000000000000,0.3860341600000000000000000000000000000000,1.210184973390411960255634572901984952366e-122,-1.452221968068494352306761487482381942839e-121,1.457255681491388302233693980639066144224e-121,FINITE
1225,18.32500000000000000000000000000000000000,-0.03510104857477361996715477528435277982500,-0.002285945171832796451112240565129241249267,0.04781155897722638003284522471564722017500,0.08291260755200000000000000000000000000000,0.3860341600000000000000000000000000000000,0.0,4.840739893561647841022538291607939809463e-122,4.840739893561647841022538291607939809463e-122,FINITE
1226,18.35000000000000000000000000000000000000,-0.03515812897649460671013698266436572597714,-0.002280490224018403616690679874456239609582,0.04775447857550539328986301733563427402286,0.08291260755200000000000000000000000000000,0.3860341600000000000000000000000000000000,1.210184973390411960255634572901984952366e-122,-9.681479787123295682045076583215879618926e-122,9.756823178591322958587864469266398797597e-122,FINITE
1227,18.37500000000000000000000000000000000000,-0.03521507324849463622153039542628832882257,-0.002275054778634070908127350706543505331601,0.04769753430350536377846960457371167117743,0.08291260755200000000000000000000000000000,0.3860341600000000000000000000000000000000,0.0,9.681479787123295682045076583215879618926e-122,9.681479787123295682045076583215879618926e-122,FINITE
1228,18.40000000000000000000000000000000000000,-0.03527188187717261042490534758753035437907,-0.002269638742824157633821908089842672677222,0.04764072567482738957509465241246964562093,0.08291260755200000000000000000000000000000,0.3860341600000000000000000000000000000000,1.210184973390411960255634572901984952366e-122,7.261109840342471761533807437411909714194e-121,7.262118257796169713676219133093883698609e-121,FINITE
1229,18.42500000000000000000000000000000000000,-0.03532855534661294816965476243758745413694,-0.002264242024285000351027526983805304654751,0.04758405220538705183034523756241254586306,0.08291260755200000000000000000000000000000,0.3860341600000000000000000000000000000000,0.0,-9.681479787123295682045076583215879618926e-122,9.681479787123295682045076583215879618926e-122,FINITE
1230,18.45000000000000000000000000000000000000,-0.03538509413859933543416328449974974004541,-0.002258864531260980089622997167106335593426,0.04752751341340066456583671550025025995459,0.08291260755200000000000000000000000000000,0.3860341600000000000000000000000000000000,0.0,0.0,0.0,FINITE
1231,18.47500000000000000000000000000000000000,-0.03544149873262837761836777194302546624731,-0.002253506172540622227797216993054656056724,0.04747110881937162238163222805697453375269,0.08291260755200000000000000000000000000000,0.3860341600000000000000000000000000000000,0.0,1.452221968068494352306761487482381942839e-121,1.452221968068494352306761487482381942839e-121,FINITE
1232,18.50000000000000000000000000000000000000,-0.03549776960592315473813188676733061266994,-0.002248166857452728710192794949497865965397,0.04741483794607684526186811323266938733006,0.08291260755200000000000000000000000000000,0.3860341600000000000000000000000000000000,0.0,-9.681479787123295682045076583215879618926e-122,9.681479787123295682045076583215879618926e-122,FINITE
1233,18.52500000000000000000000000000000000000,-0.03555390723344668032616246309522294045139,-0.002242846495862542302350956993246659809750,0.04735870031855331967383753690477705954861,0.08291260755200000000000000000000000000000,0.3860341600000000000000000000000000000000,1.210184973390411960255634572901984952366e-122,-9.681479787123295682045076583215879618926e-122,9.756823178591322958587864469266398797597e-122,FINITE
1234,18.55000000000000000000000000000000000000,-0.03560991208791526483658217622459420779108,-0.002237544998167942578556498362923197289061,0.04730269546408473516341782377540579220892,0.08291260755200000000000000000000000000000,0.3860341600000000000000000000000000000000,1.210184973390411960255634572901984952366e-122,2.904443936136988704613522974964763885678e-121,2.906964061501470238272911111291786442461e-121,FINITE
1235,18.57500000000000000000000000000000000000,-0.03566578463981178434274080935821692978259,-0.002232262275295673343399616760207182202086,0.04724682291218821565725919064178307021741,0.08291260755200000000000000000000000000000,0.3860341600000000000000000000000000000000,0.0,-1.936295957424659136409015316643175923785e-121,1.936295957424659136409015316643175923785e-121,FINITE
1236,18.60000000000000000000000000000000000000,-0.03572152535739885531039516631141005935769,-0.002226998238697601190551618022893736269467,0.04719108219460114468960483368858994064231,0.08291260755200000000000000000000000000000,0.3860341600000000000000000000000000000000,1.210184973390411960255634572901984952366e-122,4.840739893561647841022538291607939809463e-121,4.842252388487968229159425880408151368205e-121,FINITE
1237,18.62500000000000000000000000000000000000,-0.03577713470673191622101446456845347410888,-0.002221752800347004905394187242875448420398,0.04713547284526808377898553543154652589112,0.08291260755200000000000000000000000000000,0.3860341600000000000000000000000000000000,0.0,3.872591914849318272818030633286351847570e-121,3.872591914849318272818030633286351847570e-121,FINITE
1238,18.65000000000000000000000000000000000000,-0.03583261315167221681267293357362416680546,-0.002216525872734895421247652318462298768909,0.04707999440032778318732706642637583319454,0.08291260755200000000000000000000000000000,0.3860341600000000000000000000000000000000,0.0,2.420369946780823920511269145803969904731e-121,2.420369946780823920511269145803969904731e-121,FINITE
1239,18.67500000000000000000000000000000000000,-0.03588796115389971569877341989536017855997,-0.002211317368866366042012910951140091388191,0.04702464639810028430122658010463982144003,0.08291260755200000000000000000000000000000,0.3860341600000000000000000000000000000000,0.0,-9.681479787123295682045076583215879618926e-122,9.681479787123295682045076583215879618926e-122,FINITE
1240,18.70000000000000000000000000000000000000,-0.03594317917292588711770415754371934638136,-0.002206127202256972647074917151398805395126,0.04696942837907411288229584245628065361864,0.08291260755200000000000000000000000000000,0.3860341600000000000000000000000000000000,0.0,2.420369946780823920511269145803969904731e-121,2.420369946780823920511269145803969904731e-121,FINITE
1241,18.72500000000000000000000000000000000000,-0.03599826766610643755946460359682878307896,-0.002200955286929143597313293830298297498799,0.04691433988589356244053539640317121692104,0.08291260755200000000000000000000000000000,0.3860341600000000000000000000000000000000,0.0,-4.840739893561647841022538291607939809463e-122,4.840739893561647841022538291607939809463e-122,FINITE
1242,18.75000000000000000000000000000000000000,-0.03605322708865393300830448327507888460994,-0.002195801537408619064028211921691657704292,0.04685938046334606699169551672492111539006,0.08291260755200000000000000000000000000000,0.3860341600000000000000000000000000000000,0.0,-3.388517925493153488715776804125557866624e-121,3.388517925493153488715776804125557866624e-121,FINITE
1243,18.77500000000000000000000000000000000000,-0.03610805789365033753350206293300469443471,-0.002190665868720919505517605177453958725329,0.04680454965834966246649793706699530556529,0.08291260755200000000000000000000000000000,0.3860341600000000000000000000000000000000,0.0,2.420369946780823920511269145803969904731e-121,2.420369946780823920511269145803969904731e-121,FINITE
1244,18.80000000000000000000000000000000000000,-0.03616276053205946395356231356623985711581,-0.002185548196387843018935518449443805347402,0.04674984701994053604643768643376014288419,0.08291260755200000000000000000000000000000,0.3860341600000000000000000000000000000000,0.0,4.840739893561647841022538291607939809463e-121,4.840739893561647841022538291607939809463e-121,FINITE
1245,18.82500000000000000000000000000000000000,-0.03621733545273933729234219185326499957090,-0.002180448436423991297921354829834623026922,0.04669527209926066270765780814673500042910,0.08291260755200000000000000000000000000000,0.3860341600000000000000000000000000000000,0.0,-2.420369946780823920511269145803969904731e-121,2.420369946780823920511269145803969904731e-121,FINITE
1246,18.85000000000000000000000000000000000000,-0.03627178310245447173890791186344105804517,-0.002175366505333323929316426240683812458795,0.04664082444954552826109208813655894195483,0.08291260755200000000000000000000000000000,0.3860341600000000000000000000000000000000,1.210184973390411960255634572901984952366e-122,2.904443936136988704613522974964763885678e-121,2.906964061501470238272911111291786442461e-121,FINITE
1247,18.87500000000000000000000000000000000000,-0.03632610392588806181629698050217320264118,-0.002170302320105740765077949674042284319493,0.04658650362611193818370301949782679735882,0.08291260755200000000000000000000000000000,0.3860341600000000000000000000000000000000,0.0,2.904443936136988704613522974964763885678e-121,2.904443936136988704613522974964763885678e-121,FINITE
1248,18.90000000000000000000000000000000000000,-0.03638029836565408845779510626278590485244,-0.002165255798213692108261888061879673187348,0.04653230918634591154220489373721409514756,0.08291260755200000000000000000000000000000,0.3860341600000000000000000000000000000000,0.0,-4.840739893561647841022538291607939809463e-122,4.840739893561647841022538291607939809463e-122,FINITE
1249,18.92500000000000000000000000000000000000,-0.03643436686230934068284405709052446787473,-0.002160226857608816454675225613279067755085,0.04647824068969065931715594290947553212527,0.08291260755200000000000000000000000000000,0.3860341600000000000000000000000000000000,0.0,-4.840739893561647841022538291607939809463e-121,4.840739893561647841022538291607939809463e-121,FINITE
1250,18.95000000000000000000000000000000000000,-0.03648830985436535355827034261519648569744,-0.002155215416718605534495801532157865779074,0.04642429769763464644172965738480351430256,0.08291260755200000000000000000000000000000,0.3860341600000000000000000000000000000000,0.0,1.936295957424659136409015316643175923785e-121,1.936295957424659136409015316643175923785e-121,FINITE
1251,18.97500000000000000000000000000000000000,-0.03654212777830026312416544231064412630732,-0.002150221394443096400824106771352759024135,0.04637047977369973687583455768935587369268,0.08291260755200000000000000000000000000000,0.3860341600000000000000000000000000000000,0.0,-4.840739893561647841022538291607939809463e-122,4.840739893561647841022538291607939809463e-122,FINITE
1252,19.00000000000000000000000000000000000000,-0.03659582106857057895745541794282918000348,-0.002145244710151590314766873734732687613427,0.04631678648342942104254458205717081999652,0.08291260755200000000000000000000000000000,0.3860341600000000000000000000000000000000,1.210184973390411960255634572901984952366e-122,2.904443936136988704613522974964763885678e-121,2.906964061501470238272911111291786442461e-121,FINITE
1253,19.02500000000000000000000000000000000000,-0.03664939015762287503997036950215825979756,-0.002140285283679398179257250936041767099986,0.04626321739437712496002963049784174020244,0.08291260755200000000000000000000000000000,0.3860341600000000000000000000000000000000,1.210184973390411960255634572901984952366e-122,5.324813882917812625124792120768733790409e-121,5.326188915576734615808460146479341508466e-121,FINITE
1254,19.05000000000000000000000000000000000000,-0.03670283547590539959166156194819835679500,-0.002135343035324612276391240453724456626550,0.04620977207609460040833843805180164320500,0.08291260755200000000000000000000000000000,0.3860341600000000000000000000000000000000,1.210184973390411960255634572901984952366e-122,3.388517925493153488715776804125557866624e-121,3.390678281419017792636480950462244399136e-121,FINITE
1255,19.07500000000000000000000000000000000000,-0.03675615745187960452351541839976800941839,-0.002130417885844904065605267123171729992849,0.04615645010012039547648458160023199058161,0.08291260755200000000000000000000000000000,0.3860341600000000000000000000000000000000,1.210184973390411960255634572901984952366e-122,1.936295957424659136409015316643175923785e-121,1.940074099470759108584346399935172402720e-121,FINITE
1256,19.10000000000000000000000000000000000000,-0.03680935651203159515867820622653396323203,-0.002125509756454347802535621045776479069086,0.04610325103996840484132179377346603676797,0.08291260755200000000000000000000000000000,0.3860341600000000000000000000000000000000,0.0,5.808887872273977409227045949929527771355e-121,5.808887872273977409227045949929527771355e-121,FINITE
1257,19.12500000000000000000000000000000000000,-0.03686243308088350086433240752719596857667,-0.002120618568820269740887440236914915235390,0.04605017447111649913566759247280403142333,0.08291260755200000000000000000000000000000,0.3860341600000000000000000000000000000000,1.210184973390411960255634572901984952366e-122,2.420369946780823920511269145803969904731e-121,2.423393520660234813589757934644048122701e-121,FINITE
1258,19.15000000000000000000000000000000000000,-0.03691538758100476723095474561419821895355,-0.002115744245060122682099244034001245019879,0.04599721997099523276904525438580178104645,0.08291260755200000000000000000000000000000,0.3860341600000000000000000000000000000000,1.210184973390411960255634572901984952366e-122,-2.420369946780823920511269145803969904731e-121,2.423393520660234813589757934644048122701e-121,FINITE
1259,19.17500000000000000000000000000000000000,-0.03696822043302337042973592435137602113674,-0.002110886707738385640019151151495148250896,0.04594438711897662957026407564862397886326,0.08291260755200000000000000000000000000000,0.3860341600000000000000000000000000000000,1.210184973390411960255634572901984952366e-122,3.872591914849318272818030633286351847570e-121,3.874482367446586931133676462565053406497e-121,FINITE
1260,19.20000000000000000000000000000000000000,-0.03702093205563695437315262645527172437032,-0.002106045879863488390211174946596303535781,0.04589167549636304562684737354472827562968,0.08291260755200000000000000000000000000000,0.3860341600000000000000000000000000000000,0.0,-9.681479787123295682045076583215879618926e-122,9.681479787123295682045076583215879618926e-122,FINITE
1261,19.22500000000000000000000000000000000000,-0.03707352286562389129795251795658305812769,-0.002101221684884760675884733599718262896207,0.04583908468637610870204748204341694187231,0.08291260755200000000000000000000000000000,0.3860341600000000000000000000000000000000,0.0,2.904443936136988704613522974964763885678e-121,2.904443936136988704613522974964763885678e-121,FINITE
1262,19.25000000000000000000000000000000000000,-0.03712599327785426638414223542480628146438,-0.002096414046689405844788090750791383497327,0.04578661427414573361585776457519371853562,0.08291260755200000000000000000000000000000,0.3860341600000000000000000000000000000000,0.0,4.840739893561647841022538291607939809463e-121,4.840739893561647841022538291607939809463e-121,FINITE
1263,19.27500000000000000000000000000000000000,-0.03717834370530078701795591538240565642957,-0.002091622889599498693727194151403478426693,0.04573426384669921298204408461759434357043,0.08291260755200000000000000000000000000000,0.3860341600000000000000000000000000000000,0.0,-1.452221968068494352306761487482381942839e-121,1.452221968068494352306761487482381942839e-121,FINITE
1264,19.30000000000000000000000000000000000000,-0.03723057455904961730122709514910333238209,-0.002086848138369007299665642901902803691808,0.04568203299295038269877290485089666761791,0.08291260755200000000000000000000000000000,0.3860341600000000000000000000000000000000,0.0,-9.681479787123295682045076583215879618926e-122,9.681479787123295682045076583215879618926e-122,FINITE
1265,19.32500000000000000000000000000000000000,-0.03728268624831113840408911309892494777877,-0.002082089718180838618629620042092297251936,0.04562992130368886159591088690107505222123,0.08291260755200000000000000000000000000000,0.3860341600000000000000000000000000000000,0.0,3.388517925493153488715776804125557866624e-121,3.388517925493153488715776804125557866624e-121,FINITE
1266,19.35000000000000000000000000000000000000,-0.03733467918043063535248781416735977044328,-0.002077347554643907635883904314561271428719,0.04557792837156936464751218583264022955672,0.08291260755200000000000000000000000000000,0.3860341600000000000000000000000000000000,0.0,0.0,0.0,FINITE
1267,19.37500000000000000000000000000000000000,-0.03738655376089891083660478173377083930650,-0.002072621573790229853061846008980025002067,0.04552605379110108916339521826622916069350,0.08291260755200000000000000000000000000000,0.3860341600000000000000000000000000000000,0.0,-5.324813882917812625124792120768733790409e-121,5.324813882917812625124792120768733790409e-121,FINITE
1268,19.40000000000000000000000000000000000000,-0.03743831039336282662095883606987196074315,-0.002067911702072036900123775705260625947070,0.04547429715863717337904116393012803925685,0.08291260755200000000000000000000000000000,0.3860341600000000000000000000000000000000,0.0,-4.840739893561647841022538291607939809463e-122,4.840739893561647841022538291607939809463e-122,FINITE
1269,19.42500000000000000000000000000000000000,-0.03748994947963577313167753664865898519556,-0.002063217866358915062185025903301036225321,0.04542265807236422686832246335134101480444,0.08291260755200000000000000000000000000000,0.3860341600000000000000000000000000000000,0.0,6.777035850986306977431553608251115733248e-121,6.777035850986306977431553608251115733248e-121,FINITE
1270,19.45000000000000000000000000000000000000,-0.03754147141970806779120828281702422221076,-0.002058539993934966513396894119500205144624,0.04537113613229193220879171718297577778924,0.08291260755200000000000000000000000000000,0.3860341600000000000000000000000000000000,1.210184973390411960255634572901984952366e-122,-2.420369946780823920511269145803969904731e-121,2.423393520660234813589757934644048122701e-121,FINITE
1271,19.47500000000000000000000000000000000000,-0.03759287661175728266556971441802532219129,-0.002053878012495993052181767993229340367462,0.04531973094024271733443028558197467780871,0.08291260755200000000000000000000000000000,0.3860341600000000000000000000000000000000,0.0,1.936295957424659136409015316643175923785e-121,1.936295957424659136409015316643175923785e-121,FINITE
1272,19.50000000000000000000000000000000000000,-0.03764416545215850198412786827071508282738,-0.002049231850146702134217570075260386765870,0.04526844209984149801587213172928491717262,0.08291260755200000000000000000000000000000,0.3860341600000000000000000000000000000000,0.0,1.936295957424659136409015316643175923785e-121,1.936295957424659136409015316643175923785e-121,FINITE
1273,19.52500000000000000000000000000000000000,-0.03769533833549451008681735283546940727657,-0.002044601435397935001636959968488567115054,0.04521726921650548991318264716453059272343,0.08291260755200000000000000000000000000000,0.3860341600000000000000000000000000000000,0.0,-3.388517925493153488715776804125557866624e-121,3.388517925493153488715776804125557866624e-121,FINITE
1274,19.55000000000000000000000000000000000000,-0.03774639565456591034871507416185397626841,-0.002039986697163916708953648031280619935494,0.04516621189743408965128492583814602373159,0.08291260755200000000000000000000000000000,0.3860341600000000000000000000000000000000,0.0,-3.872591914849318272818030633286351847570e-121,3.872591914849318272818030633286351847570e-121,FINITE
1275,19.57500000000000000000000000000000000000,-0.03779733780040117562691220087724834762013,-0.002035387564759527848252017635089487912636,0.04511526975159882437308779912275165237987,0.08291260755200000000000000000000000000000,0.3860341600000000000000000000000000000000,0.0,2.904443936136988704613522974964763885678e-121,2.904443936136988704613522974964763885678e-121,FINITE
1276,19.60000000000000000000000000000000000000,-0.03784816516226663076971852126414342141475,-0.002030803967897597778177307775919398317031,0.04506444238973336923028147873585657858525,0.08291260755200000000000000000000000000000,0.3860341600000000000000000000000000000000,0.0,-3.872591914849318272818030633286351847570e-121,3.872591914849318272818030633286351847570e-121,FINITE
1277,19.62500000000000000000000000000000000000,-0.03789887812767636772337155522498967600608,-0.002026235836686219163242156602018958272340,0.04501372942432363227662844477501032399392,0.08291260755200000000000000000000000000000,0.3860341600000000000000000000000000000000,1.210184973390411960255634572901984952366e-122,3.388517925493153488715776804125557866624e-121,3.390678281419017792636480950462244399136e-121,FINITE
1278,19.65000000000000000000000000000000000000,-0.03794947708240209376661017897902379808148,-0.002021683101626083631921627265269349908339,0.04496313046959790623338982102097620191852,0.08291260755200000000000000000000000000000,0.3860341600000000000000000000000000000000,1.210184973390411960255634572901984952366e-122,5.324813882917812625124792120768733790409e-121,5.326188915576734615808460146479341508466e-121,FINITE
1279,19.67500000000000000000000000000000000000,-0.03799996241048291339870854841521978784358,-0.002017145693607838363943204813241266634740,0.04491264514151708660129145158478021215642,0.08291260755200000000000000000000000000000,0.3860341600000000000000000000000000000000,1.210184973390411960255634572901984952366e-122,4.840739893561647841022538291607939809463e-121,4.842252388487968229159425880408151368205e-121,FINITE
1280,19.70000000000000000000000000000000000000,-0.03805033449423504440185022269228269716817,-0.002012623543909463419090937304192252589594,0.04486227305776495559814977730771730283183,0.08291260755200000000000000000000000000000,0.3860341600000000000000000000000000000000,1.210184973390411960255634572901984952366e-122,1.936295957424659136409015316643175923785e-121,1.940074099470759108584346399935172402720e-121,FINITE
1281,19.72500000000000000000000000000000000000,-0.03810059371426146859405405420502473680203,-0.002008116584193669621734163002714535414380,0.04481201383773853140594594579497526319797,0.08291260755200000000000000000000000000000,0.3860341600000000000000000000000000000000,1.210184973390411960255634572901984952366e-122,5.808887872273977409227045949929527771355e-121,5.810148344866066843033609567421268505693e-121,FINITE
1282,19.75000000000000000000000000000000000000,-0.03815074044946151778424209233257806028710,-0.002003624746505316817161381869526142906600,0.04476186710253848221575790766742193971290,0.08291260755200000000000000000000000000000,0.3860341600000000000000000000000000000000,1.210184973390411960255634572901984952366e-122,3.872591914849318272818030633286351847570e-121,3.874482367446586931133676462565053406497e-121,FINITE
1283,19.77500000000000000000000000000000000000,-0.03820077507704039543646492089624594653350,-0.001999147963268852317649053533137135955854,0.04471183247495960456353507910375405346650,0.08291260755200000000000000000000000000000,0.3860341600000000000000000000000000000000,1.210184973390411960255634572901984952366e-122,4.840739893561647841022538291607939809463e-122,4.989720471823966390447213452878918686828e-122,FINITE
1284,19.80000000000000000000000000000000000000,-0.03825069797251863454577099388675045197972,-0.001994686167285769358023691981078504192468,0.04466190957948136545422900611324954802028,0.08291260755200000000000000000000000000000,0.3860341600000000000000000000000000000000,0.0,-4.840739893561647841022538291607939809463e-122,4.840739893561647841022538291607939809463e-122,FINITE
1285,19.82500000000000000000000000000000000000,-0.03830050950974149222372313804402308601583,-0.001990239291732085382283832360902679557214,0.04461209804225850777627686195597691398417,0.08291260755200000000000000000000000000000,0.3860341600000000000000000000000000000000,0.0,-4.840739893561647841022538291607939809463e-122,4.840739893561647841022538291607939809463e-122,FINITE
1286,19.85000000000000000000000000000000000000,-0.03835021006088828148712694784263800410902,-0.001985807270155839984636517182343599252063,0.04456239749111171851287305215736199589098,0.08291260755200000000000000000000000000000,0.3860341600000000000000000000000000000000,1.210184973390411960255634572901984952366e-122,6.292961861630142193329299779090321752302e-121,6.294125393462518587487778784256071957182e-121,FINITE
1287,19.87500000000000000000000000000000000000,-0.03839979999648164073914180810703974255572,-0.001981390036474612330071134176076519648791,0.04451280755551835926085819189296025744428,0.08291260755200000000000000000000000000000,0.3860341600000000000000000000000000000000,0.0,3.872591914849318272818030633286351847570e-121,3.872591914849318272818030633286351847570e-121,FINITE
1288,19.90000000000000000000000000000000000000,-0.03844927968539674142759524772411375020831,-0.001976987524973057881341979121903659840162,0.04446332786660325857240475227588624979169,0.08291260755200000000000000000000000000000,0.3860341600000000000000000000000000000000,1.210184973390411960255634572901984952366e-122,6.292961861630142193329299779090321752302e-121,6.294125393462518587487778784256071957182e-121,FINITE
1289,19.92500000000000000000000000000000000000,-0.03849864949487043436101476664284082476878,-0.001972599670300464260960053903989255470606,0.04441395805712956563898523335715917523122,0.08291260755200000000000000000000000000000,0.3860341600000000000000000000000000000000,0.0,-1.936295957424659136409015316643175923785e-121,1.936295957424659136409015316643175923785e-121,FINITE
1290,19.95000000000000000000000000000000000000,-0.03854790979051033515862770541310269447499,-0.001968226407468326078504579487310386775145,0.04436469776148966484137229458689730552501,0.08291260755200000000000000000000000000000,0.3860341600000000000000000000000000000000,0.0,3.388517925493153488715776804125557866624e-121,3.388517925493153488715776804125557866624e-121,FINITE
1291,19.97500000000000000000000000000000000000,-0.03859706093630384930635866565521762327296,-0.001963867671847938555255738898282265106702,0.04431554661569615069364133434478237672704,0.08291260755200000000000000000000000000000,0.3860341600000000000000000000000000000000,0.0,0.0,0.0,FINITE
1292,20.00000000000000000000000000000000000000,-0.03864610329462713728667497060322062840214,-0.001959523399168009779822496995437356492907,0.04426650425737286271332502939677937159786,0.08291260755200000000000000000000000000000,0.3860341600000000000000000000000000000000,0.0,-4.356665904205483056920284462447145828516e-121,4.356665904205483056920284462447145828516e-121,FINITE
1293,25.00000000000000000000000000000000000000,-0.04666817494593855178185711680960043204047,-0.001313658894935330262838480808429447749600,0.03624443260606144821814288319039956795953,0.08291260755200000000000000000000000000000,0.3860341600000000000000000000000000000000,0.0,2.420369946780823920511269145803969904731e-121,2.420369946780823920511269145803969904731e-121,FINITE
1294,50.00000000000000000000000000000000000000,-0.06389774633933749889418171121365749128103,-0.0003615649469368168421043014816424879042503,0.01901486121266250110581828878634250871897,0.08291260755200000000000000000000000000000,0.3860341600000000000000000000000000000000,1.210184973390411960255634572901984952366e-122,9.681479787123295682045076583215879618926e-121,9.682236123188441131870463078487281120205e-121,FINITE
1295,100.0000000000000000000000000000000000000,-0.07316511102291271116612768959122112092553,-0.00009501368858456874305138922601808417761880,0.009747496529087288833872310408778879074472,0.08291260755200000000000000000000000000000,0.3860341600000000000000000000000000000000,0.0,1.452221968068494352306761487482381942839e-120,1.452221968068494352306761487482381942839e-120,FINITE
1296,250.0000000000000000000000000000000000000,-0.07895362959991498262613715680698326526066,-0.00001567350642509527812132710250023160085304,0.003958977952085017373862843193016734739337,0.08291260755200000000000000000000000000000,0.3860341600000000000000000000000000000000,0.0,4.937554691432880797842989057440098605652e-120,4.937554691432880797842989057440098605652e-120,FINITE
1297,500.0000000000000000000000000000000000000,-0.08092291592278879859443302620573405186801,-0.000003958872779353124978423889548340115745150,0.001989691629211201405566973794265948131989,0.08291260755200000000000000000000000000000,0.3860341600000000000000000000000000000000,0.0,8.713331808410966113840568924894291657033e-121,8.713331808410966113840568924894291657033e-121,FINITE
1298,1000.000000000000000000000000000000000000,-0.08191519130326371274308190264135858188848,-0.0000009948391732431672510330403462096435670910,0.0009974162487362872569180973586414181115176,0.08291260755200000000000000000000000000000,0.3860341600000000000000000000000000000000,0.0,-3.582147521235619402356678335789875459002e-120,3.582147521235619402356678335789875459002e-120,FINITE
